BondCode,BondName,Issuer,Term,CreditRating,BondType,IssueDate,CouponRate,_priority
111015,01三峡10,中国长江电力股份有限公司,10,AAA,03,2002-04-19,4,130
111016,01广核债,中国广核集团有限公司,7,AAA,03,2002-06-06,4.12,130
111017,02电网3,国家电力公司,3,AAA,03,2002-12-10,3.5,130
111018,02电网15,国家电力公司,15,AAA,03,2002-12-10,4.86,130
111019,02广核债,中国广核集团有限公司,15,AAA,03,2003-08-18,4.5,130
111020,03华能1,中国华能集团公司,10,AAA,03,2004-11-19,4.6,130
111021,03华能2,中国华能集团公司,10,AAA,03,2004-11-19,3.78,130
111022,04首旅债,北京首都旅游集团有限责任公司,10,AAA,03,2004-11-16,3.73,130
111024,04华电1,中国华电集团公司,10,AAA,03,2005-09-07,5.4,130
111025,04华电2,中国华电集团公司,10,AAA,03,2005-09-07,4.28,130
111026,05粤交通,广东省交通集团有限公司,15,AAA,03,2005-10-18,5.3,130
111027,03石油债,中国石油天然气股份有限公司,10,AAA,03,2005-12-12,4.11,130
111028,05神华债,神华集团有限责任公司,7,AAA,03,2006-05-18,5.25,130
111029,06豫投债,河南投资集团有限公司,10,AAA,03,2006-12-25,4.3,130
111030,05泰达债,天津泰达投资控股有限公司,10,AAA,03,2006-06-30,4.65,130
111031,06鄂能债,湖北省能源集团有限公司,10,AAA,03,2006-08-29,4.05,130
111032,06鲁能债,鲁能集团有限公司,15,AAA,03,2006-08-15,4.4,130
111035,06节能债,中国节能环保集团公司,10,AAA,03,2007-02-12,4.05,130
111037,08昆建债,昆明市城建投资开发有限责任公司,5,AA,03,2008-04-30,6.12,130
111038,08西基投,西安城市基础设施建设投资集团有限公司,5,AA,03,2008-04-28,6.7,130
111039,ST奈伦债,内蒙古奈伦集团股份有限公司,7,AA,03,2008-06-25,8,130
111040,08甬交投,宁波交通投资控股有限公司,5,AA,03,2008-09-04,6.9,130
111041,08铁岭债,铁岭公共资产投资运营有限公司,7,AA,03,2008-09-12,8.35,130
111042,08嘉城投,嘉兴城市建设投资有限公司,7,AA+,03,2008-09-26,7.05,130
111043,08湘有色,湖南有色金属控股集团有限公司,10,AA+,03,2008-11-03,5.8,130
111044,08吉高速,吉林省高速公路集团有限公司,5,AA,03,2008-12-01,5.65,130
111045,08西城投,西宁城市投资管理有限公司,7,AA,03,2009-01-21,6.38,130
111046,08东特债,东北特殊钢集团有限责任公司,7,AA,03,2009-01-12,7.1,130
111047,08长兴债,长兴交通投资集团有限公司,7,AA,03,2009-02-16,8.13,130
111048,09渝水投,重庆市水利投资(集团)有限公司,7,AA,03,2009-03-09,5.92,130
111049,09绍水务,绍兴市水务集团有限公司,7,AA+,03,2009-05-11,5.78,130
111050,09华菱债,湖南华菱钢铁集团有限责任公司,10,AA+,03,2009-03-09,5.2,130
111051,09怀化债,怀化市城市建设投资有限公司,10,AA,03,2009-03-25,8.1,130
111052,09哈城投,哈尔滨市城市建设投资集团有限公司,10,AA,03,2009-04-20,7.08,130
111053,09许继债,许继集团有限公司,6,AA,03,2009-05-04,4.6,130
111055,09华西债,江苏华西集团公司,7,AA,03,2009-06-23,6.05,130
111056,09湖交投,湖州市交通投资集团有限公司,7,AA+,03,2009-07-15,5.48,130
111057,09兖城投,济宁市兖州区惠民城建投资有限公司,7,AA,03,2009-11-20,6.8,130
111058,09黄城投,黄石市城市建设投资开发有限责任公司,8,AA+,03,2010-04-22,6.98,130
111059,09宿建投,宿州市城市建设投资集团(控股)有限公司,7,AA+,03,2010-03-11,7.48,130
111060,10佳城投,佳木斯市新时代城市基础设施建设投资(集团)有限公司,7,AA+,03,2010-05-10,7.88,130
111062,10并高铁,太原市高速铁路投资有限公司,10,AA+,03,2010-11-10,5.18,130
111063,11富阳债,富阳市城市建设投资集团有限公司,7,AA,03,2011-04-18,7.33,130
111064,ST长交债,长兴交通投资集团有限公司,7,AA,03,2011-05-26,7.2,130
111068,16清新G1,北京清新环境技术股份有限公司,5,AA,03,2017-02-14,3.7,100
111069,16格林G1,格林美股份有限公司,7,AA,03,2017-02-14,4.47,130
111070,17恒逸01,浙江恒逸集团有限公司,7,AA,03,2018-07-17,7.8,130
111071,18河钢G1,河钢股份有限公司,5,AAA,03,2018-05-18,5.42,100
111072,18美尚01,美尚生态景观股份有限公司,7,AAA,03,2018-12-14,7.2,100
111073,18投控01,深圳市投资控股有限公司,10,AAA,03,2018-12-21,4.17,130
111074,18投控02,深圳市投资控股有限公司,5,AAA,03,2018-12-21,4.15,130
111075,18亚迪G1,比亚迪股份有限公司,5,AAA,03,2019-01-29,4.98,100
111076,19新兴G1,新兴铸管股份有限公司,5,AA+,03,2019-02-28,4.25,100
111077,19深能G1,深圳能源集团股份有限公司,10,AAA,03,2019-03-07,4.05,100
111078,19新兴G2,新兴铸管股份有限公司,5,AA+,03,2019-04-19,4.25,100
111079,19恒逸债,浙江恒逸集团有限公司,7,AA+,03,2019-06-24,7.2,130
111080,18恒逸债,浙江恒逸集团有限公司,7,AA+,03,2019-04-26,7.45,130
111081,19兴蓉G1,成都市兴蓉环境股份有限公司,5,AAA,03,2019-05-14,4.26,100
111082,19木森G1,木林森股份有限公司,5,AA,03,2019-06-24,7,130
111083,19亚迪G1,比亚迪股份有限公司,5,AAA,03,2019-07-11,4.86,100
111084,19深能G2,深圳能源集团股份有限公司,10,AAA,03,2019-07-11,4.15,100
111085,19芜专01,芜湖市投资控股集团有限公司,7,AA+,03,2019-11-06,4.58,100
111086,19华发债,珠海华发集团有限公司,10,AAA,03,2019-11-15,4.43,130
111087,19兴蓉G2,成都市兴蓉环境股份有限公司,5,AAA,03,2019-12-09,3.58,100
111088,20华发债,珠海华发集团有限公司,10,AAA,03,2020-02-03,4.05,130
111089,20芜专01,芜湖市投资控股集团有限公司,7,AA+,03,2020-03-05,3.79,100
111090,20SZMC01,深圳市地铁集团有限公司,7,AAA,03,2020-05-08,3.46,130
111091,20SZMC02,深圳市地铁集团有限公司,3,AAA,03,2020-05-08,2.39,130
111092,20SZMC03,深圳市地铁集团有限公司,3,AAA,03,2020-07-09,3.2,130
111093,20珠华02,珠海华发集团有限公司,10,AAA,03,2020-08-17,4.03,130
111094,20SZMC04,深圳市地铁集团有限公司,3,AAA,03,2020-08-17,3.54,130
111095,20SZMC05,深圳市地铁集团有限公司,3,AAA,03,2020-09-03,3.6,130
111096,20SZMC06,深圳市地铁集团有限公司,3,AAA,03,2020-09-08,3.7,130
111097,20SZMC07,深圳市地铁集团有限公司,3,AAA,03,2020-09-29,3.78,130
111098,20桂资01,广西投资集团有限公司,5,AAA,03,2020-11-17,4.3,130
111099,20SZMC08,深圳市地铁集团有限公司,3,AAA,03,2020-12-22,3.79,130
111100,20川交01,蜀道投资集团有限责任公司,5,AAA,03,2020-12-15,4.35,130
111101,21SZMC01,深圳市地铁集团有限公司,3,AAA,03,2021-02-05,3.59,130
111102,21SZMC02,深圳市地铁集团有限公司,5,AAA,03,2021-02-05,3.8,130
111103,21粤能01,广东省能源集团有限公司,3,AAA,03,2021-05-18,3.45,100
111104,21SZMC03,深圳市地铁集团有限公司,3,AAA,03,2021-07-22,3.25,130
111105,21SZMC04,深圳市地铁集团有限公司,5,AAA,03,2021-07-22,3.53,130
111106,21SZMC05,深圳市地铁集团有限公司,3,AAA,03,2021-08-31,3.05,130
111107,21SZMC06,深圳市地铁集团有限公司,5,AAA,03,2021-08-31,3.36,130
111108,22SZMC01,深圳市地铁集团有限公司,3,AAA,03,2022-03-02,2.7,100
111109,22横琴01,珠海大横琴集团有限公司,5,AAA,03,2022-04-25,3.57,130
111110,22横琴02,珠海大横琴集团有限公司,10,AAA,03,2022-04-25,4.28,130
111111,22仲恺债,惠州仲恺城市发展集团有限公司,7,AA,03,2022-06-20,3.52,130
111112,22珠华01,珠海华发集团有限公司,5,AAA,03,2022-10-26,3.78,130
111113,23杭高01,杭州高新国有控股集团有限公司,7,AAA,03,2023-03-27,3.3,130
111114,24穗铁01,广州地铁集团有限公司,15,AAA,03,2024-06-26,2.6,130
111115,24杭高02,杭州高新国有控股集团有限公司,7,,03,2024-07-25,2.12,130
111116,24穗铁02,广州地铁集团有限公司,15,AAA,03,2024-09-25,2.43,130
112001,08粤电债,广东电力发展股份有限公司,7,AAA,02,2008-03-27,5.5,190
112002,08中联债,中联重科股份有限公司,8,AA,02,2008-05-09,6.5,190
112003,08泰达债,天津泰达股份有限公司,5,AA+,02,2008-09-01,7.1,190
112004,08中粮债,中粮地产(集团)股份有限公司,10,AAA,02,2008-09-04,6.06,190
112005,08万科G1,万科企业股份有限公司,5,AAA,02,2008-09-18,5.5,190
112006,08万科G2,万科企业股份有限公司,5,AA+,02,2008-09-18,7,190
112007,09金街01,金融街控股股份有限公司,3,AA+,02,2009-09-15,4.7,190
112008,09金街02,金融街控股股份有限公司,5,AA+,02,2009-09-15,5.7,190
112009,09粤高债,广东省高速公路发展股份有限公司,5,AAA,02,2009-10-16,5.1,190
112010,09西煤债,山西西山煤电股份有限公司,5,AAA,02,2009-11-09,5.38,190
112011,09东药债,东北制药集团股份有限公司,5,AA,02,2009-12-03,7.05,190
112012,09美好债,美好置业集团股份有限公司,5,AA+,02,2009-11-20,7.05,190
112013,09亿城债,亿城投资集团股份有限公司,5,AA-,02,2009-12-03,8.5,190
112014,ST银基债,银基烯碳新材料股份有限公司,6,AA,02,2009-11-20,8,190
112015,09泛海债,泛海控股股份有限公司,5,AA,02,2009-12-18,7.2,190
112016,09宏润债,宏润建设集团股份有限公司,5,AA,02,2009-12-11,7.8,190
112017,09希望债,新希望六和股份有限公司,5,AA+,02,2009-12-25,6.1,190
112018,09津滨债,天津津滨发展股份有限公司,5,AA,02,2009-12-25,7.2,190
112019,09宜化债,湖北宜化化工股份有限公司,10,AA,02,2010-03-01,5.75,190
112020,10大亚债,大亚科技股份有限公司,5,AA,02,2010-03-10,6.3,190
112021,10南玻01,中国南玻集团股份有限公司,5,AA+,02,2010-11-10,5.33,190
112022,10南玻02,中国南玻集团股份有限公司,7,AA+,02,2010-11-10,5.33,190
112023,10煤气01,太原煤气化股份有限公司,5,AA+,02,2010-12-20,5.35,190
112024,10煤气02,太原煤气化股份有限公司,7,AA+,02,2010-12-20,5.5,190
112025,11珠海债,珠海港股份有限公司,8,AA,02,2011-03-25,6.8,190
112026,11新兴01,新兴铸管股份有限公司,5,AAA,02,2011-04-18,5.25,190
112027,11新兴02,新兴铸管股份有限公司,10,AAA,02,2011-04-18,5.39,190
112028,11冀能债,冀中能源股份有限公司,5,AAA,02,2011-06-03,4.9,190
112029,11软控债,软控股份有限公司,5,AA,02,2011-07-25,5.48,190
112030,11鲁西债,鲁西化工集团股份有限公司,7,AA,02,2011-08-05,6.18,190
112031,11晨鸣债,山东晨鸣纸业集团股份有限公司,5,AA+,02,2011-08-08,5.95,190
112032,11柳工01,广西柳工机械股份有限公司,5,AAA,02,2011-08-26,5.4,190
112033,11柳工02,广西柳工机械股份有限公司,7,AAA,02,2011-08-26,5.85,190
112034,11陕气债,陕西省天然气股份有限公司,8,AA+,02,2011-08-26,6.2,190
112035,11国脉债,国脉科技股份有限公司,7,AA,02,2011-08-26,6.8,190
112036,11三钢01,福建三钢闽光股份有限公司,7,AA,02,2011-08-26,6.7,190
112037,11万方债,焦作万方铝业股份有限公司,5,AA,02,2011-09-19,6.7,190
112038,11锡业债,云南锡业股份有限公司,7,AA+,02,2011-09-19,6.6,190
112039,11黔轮债,贵州轮胎股份有限公司,6,AA,02,2011-09-30,6.8,190
112040,11建能债,河北建投能源投资股份有限公司,6,AAA,02,2011-10-21,6.2,190
112041,11冀东01,唐山冀东水泥股份有限公司,7,AA+,02,2011-10-21,6.28,190
112042,11东控01,东莞发展控股股份有限公司,3,AA,02,2011-10-31,7.25,190
112043,11东控02,东莞发展控股股份有限公司,5,AA+,02,2011-10-31,7.4,190
112044,11中泰01,新疆中泰化学股份有限公司,7,AA+,02,2011-11-28,7.3,190
112045,11宗申债,重庆宗申动力机械股份有限公司,6,AA,02,2011-12-19,7.45,190
112046,11华孚01,华孚色纺股份有限公司,5,AA,02,2011-12-19,7.8,190
112047,11海大债,广东海大集团股份有限公司,5,AA,02,2011-12-19,7,190
112048,11凯迪债,凯迪生态环境科技股份有限公司,7,AA,02,2011-12-19,8.5,190
112049,11安泰01,安泰科技股份有限公司,5,AA,02,2011-12-19,6.4,190
112050,11报喜01,浙江报喜鸟服饰股份有限公司,5,AA,02,2011-12-19,7,190
112051,11报喜02,浙江报喜鸟服饰股份有限公司,7,AA,02,2011-12-19,7.4,190
112052,11许继债,许继电气股份有限公司,7,AA,02,2011-12-29,6.75,190
112053,11新筑债,成都市新筑路桥机械股份有限公司,5,AA,02,2011-12-29,8.5,190
112054,11鄂能债,湖北能源集团股份有限公司,3,AA+,02,2012-01-19,5.83,190
112055,11徐工01,徐工集团工程机械股份有限公司,5,AAA,02,2012-01-19,5.38,190
112056,11远兴债,内蒙古远兴能源股份有限公司,5,AA,02,2012-02-24,8,190
112057,11东磁债,横店集团东磁股份有限公司,5,AA+,02,2012-03-16,7,190
112058,11中粮01,中粮生物化学(安徽)股份有限公司,5,AA,02,2012-04-20,6.8,190
112059,11联化债,联化科技股份有限公司,7,AA,02,2012-03-16,7.3,190
112060,12金风01,新疆金风科技股份有限公司,3,AA+,02,2012-03-16,6.63,190
112061,11超日债,协鑫集成科技股份有限公司,5,AA,02,2012-04-20,8.98,190
112062,12新都债,成都云图控股股份有限公司,5,AA,02,2012-04-13,7.35,190
112063,11常山债,石家庄常山纺织股份有限公司,3,AA,02,2012-04-13,8.2,190
112064,12隆平债,袁隆平农业高科技股份有限公司,5,AA,02,2012-06-01,7.18,190
112065,12柳工债,广西柳工机械股份有限公司,5,AAA,02,2012-04-26,5.2,190
112066,11西建债,新疆西部建设股份有限公司,5,AA,02,2012-04-26,7.5,190
112067,11冀东02,唐山冀东水泥股份有限公司,8,AA+,02,2012-04-26,5.58,190
112068,11棕榈债,棕榈生态城镇发展股份有限公司,5,AA,02,2012-04-26,7.3,190
112069,12明牌债,浙江明牌珠宝股份有限公司,5,AA,02,2012-04-26,7.2,190
112070,12中泰债,新疆中泰化学股份有限公司,7,AA+,02,2012-04-26,6.5,190
112071,11智光债,广州智光电气股份有限公司,5,AA,02,2012-06-01,7.98,190
112072,ST湘鄂债,中科云网科技集团股份有限公司,5,AA,02,2012-05-15,6.78,190
112073,ST三钢02,福建三钢闽光股份有限公司,7,AA,02,2012-05-15,6.88,190
112074,12华茂债,安徽华茂纺织股份有限公司,5,AA,02,2012-05-15,6.3,190
112075,12雅致01,深圳市新南山控股(集团)股份有限公司,5,AA+,02,2012-05-15,6.5,190
112076,12雅致02,深圳市新南山控股(集团)股份有限公司,7,AA+,02,2012-05-15,6.7,190
112077,12天沃债,苏州天沃科技股份有限公司,5,AA,02,2012-05-15,7,190
112078,12太钢01,山西太钢不锈钢股份有限公司,5,AAA,02,2012-05-15,5.2,190
112079,12长安债,重庆长安汽车股份有限公司,5,AAA,02,2012-06-01,5.3,190
112080,12万向债,万向钱潮股份有限公司,5,AA+,02,2012-06-01,6,190
112081,11新野01,河南新野纺织股份有限公司,5,AA,02,2012-06-21,7.1,190
112082,11赤湾01,深圳赤湾港航股份有限公司,5,AA+,02,2012-06-01,5.28,190
112083,11国星债,佛山市国星光电股份有限公司,5,AA,02,2012-06-21,6.8,190
112084,ST万家债,广东万家乐股份有限公司,5,AA,02,2012-06-21,7.4,190
112086,12圣农01,福建圣农发展股份有限公司,6,AA,02,2012-06-21,5.5,190
112087,12中富01,珠海中富实业股份有限公司,3,AA,02,2012-06-21,5.28,190
112088,12富春01,浙江富春江环保热电股份有限公司,5,AA,02,2012-08-02,6.7,190
112089,12万丰01,浙江万丰奥威汽轮股份有限公司,5,AA,02,2012-06-21,5.4,190
112090,12中兴01,中兴通讯股份有限公司,3,AAA,02,2012-07-16,4.2,190
112092,12海药债,海南海药股份有限公司,5,AA,02,2012-07-16,5.2,190
112093,11亚迪01,比亚迪股份有限公司,5,AA+,02,2012-07-16,5.25,190
112094,11中利债,江苏中利集团股份有限公司,5,AA+,02,2012-08-02,6.7,190
112095,12康盛债,浙江康盛股份有限公司,5,AA-,02,2012-08-02,7.8,190
112096,12国创债,湖北国创高新材料股份有限公司,5,AA+,02,2012-08-02,6.2,190
112097,12亚厦债,浙江亚厦装饰股份有限公司,5,AA,02,2012-08-22,5.2,190
112098,11新野02,河南新野纺织股份有限公司,5,AA,02,2012-08-22,5.88,190
112099,12乐视02,乐视网信息技术(北京)股份有限公司,3,AA-,02,2012-08-22,8.5,190
112100,12盾安债,浙江盾安人工环境股份有限公司,5,AA,02,2012-09-21,5.7,190
112101,12安泰债,安泰科技股份有限公司,5,AA,02,2012-08-22,5.5,190
112102,12大康债,湖南大康国际农业食品股份有限公司,5,AA,02,2012-09-21,7.3,190
112103,12海型债,芜湖海螺型材科技股份有限公司,5,AAA,02,2012-09-21,5,190
112104,12太钢02,山西太钢不锈钢股份有限公司,3,AAA,02,2012-09-21,4.8,190
112106,12太钢03,山西太钢不锈钢股份有限公司,5,AAA,02,2012-09-21,5.1,190
112107,12云内债,昆明云内动力股份有限公司,6,AA+,02,2012-10-23,6.05,190
112108,12舜天债,江苏舜天船舶股份有限公司,7,AAA,02,2012-10-23,6.6,190
112109,ST南糖债,南宁糖业股份有限公司,7,AA,02,2012-10-23,7.25,190
112110,ST东锆债,广东东方锆业科技股份有限公司,7,AA,02,2012-11-20,7.46,190
112111,12深机01,深圳市机场股份有限公司,3,AAA,02,2012-11-20,4.99,190
112112,12江泥01,江西万年青水泥股份有限公司,5,AA,02,2012-11-20,7.05,190
112113,12冀东01,唐山冀东水泥股份有限公司,5,AA+,02,2012-12-11,5.65,190
112114,12冀东02,唐山冀东水泥股份有限公司,7,AA+,02,2012-12-11,5.9,190
112115,12冀东03,唐山冀东水泥股份有限公司,10,AA+,02,2012-12-11,6,190
112116,12中桥债,江苏中泰桥梁钢构股份有限公司,5,AA,02,2012-11-20,7.2,190
112117,12福发债,航天工业发展股份有限公司,6,AA,02,2012-11-20,7,190
112118,12金螳01,苏州金螳螂建筑装饰股份有限公司,5,AA+,02,2012-11-27,5,190
112119,12恒邦债,山东恒邦冶炼股份有限公司,5,AA,02,2012-11-27,6.3,190
112120,12联发债,江苏联发纺织股份有限公司,5,AA,02,2012-11-20,6.2,190
112121,12景兴债,浙江景兴纸业股份有限公司,7,AA,02,2012-12-11,7.38,190
112122,12建峰债,重庆建峰化工股份有限公司,7,AA,02,2012-12-11,6.39,190
112123,12中山01,中山公用事业集团股份有限公司,7,AA+,02,2012-12-11,5.5,190
112124,11徐工02,徐工集团工程机械股份有限公司,5,AAA,02,2012-12-25,4.89,190
112125,ST海翔债,浙江海翔药业股份有限公司,3,AA-,02,2012-11-27,5.6,190
112126,12科伦01,四川科伦药业股份有限公司,5,AA+,02,2012-11-27,5.6,190
112127,12华西债,华西能源工业股份有限公司,5,AA,02,2012-12-11,6,190
112128,12湘金01,湖南辰州矿业股份有限公司,7,AA+,02,2012-12-24,5.7,190
112129,ST华锦债,北方华锦化学工业股份有限公司,5,AA+,02,2012-12-24,5.6,190
112130,12华包债,佛山华新包装股份有限公司,5,AA,02,2013-01-09,5.8,190
112131,ST露笑债,露笑科技股份有限公司,3,AA,02,2012-12-11,6.8,190
112133,12亚夏债,亚夏汽车股份有限公司,5,AA,02,2013-01-09,6.88,190
112134,12合兴债,厦门合兴包装印刷股份有限公司,5,AA,02,2012-12-24,6.25,190
112135,12蓝标01,北京蓝色光标品牌管理顾问股份有限公司,3,AA,02,2012-12-24,7.9,190
112136,12勤上01,东莞勤上光电股份有限公司,7,AA,02,2013-02-04,6.38,190
112137,12康得债,康得新复合材料集团股份有限公司,5,AA,02,2013-02-08,5.9,190
112138,12苏宁01,苏宁云商集团股份有限公司,5,AAA,02,2013-01-24,5.2,190
112139,12北新债,新疆北新路桥集团股份有限公司,6,AA,02,2013-02-04,5.78,190
112140,12基地债,深圳赤湾石油基地股份有限公司,7,AA+,02,2013-01-09,5.78,190
112141,12金王债,青岛金王应用化学股份有限公司,5,AA-,02,2013-02-04,7.5,190
112142,12格林债,深圳市格林美高新技术股份有限公司,8,AA,02,2013-01-24,6.65,190
112143,12粤电01,广东水电二局股份有限公司,6,AA,02,2013-02-08,5.5,190
112144,12晨鸣债,山东晨鸣纸业集团股份有限公司,5,AA+,02,2013-02-04,5.65,190
112145,13荣信01,梦网荣信科技集团股份有限公司,5,AA,02,2013-02-08,5.9,190
112146,12希努01,希努尔男装股份有限公司,5,AA,02,2013-02-08,5.85,190
112148,12光电债,中航光电科技股份有限公司,5,AA+,02,2013-02-28,5.08,190
112149,12芭田债,深圳市芭田生态工程股份有限公司,5,AA,02,2013-03-08,5.8,190
112150,12银轮债,浙江银轮机械股份有限公司,5,AA,02,2013-03-21,5.89,190
112151,13秦川债,陕西秦川机械发展股份有限公司,5,AA,02,2013-03-21,5.65,190
112152,12亚达债,飞亚达(集团)股份有限公司,5,AA+,02,2013-03-29,5.04,190
112153,12科伦02,四川科伦药业股份有限公司,5,AA+,02,2013-04-11,5.4,190
112154,12盐湖01,青海盐湖工业股份有限公司,7,AAA,02,2013-04-24,4.99,190
112155,ST正邦债,江西正邦科技股份有限公司,5,AA,02,2013-05-22,5.69,190
112156,12中顺债,中顺洁柔纸业股份有限公司,5,AA,02,2013-04-11,5.53,190
112157,12科陆01,深圳市科陆电子科技股份有限公司,5,AA,02,2013-04-11,5.89,190
112158,12民生债,西安民生集团股份有限公司,3,AA,02,2013-05-24,5.7,190
112159,12金刚债,广东金刚玻璃科技股份有限公司,3,A+,02,2013-03-29,8.5,190
112160,ST毅昌01,广州毅昌科技股份有限公司,5,AA,02,2013-05-09,5.95,190
112161,13传化债,传化智联股份有限公司,5,AA,02,2013-04-11,5.6,190
112162,12粤电债,广东电力发展股份有限公司,7,AAA,02,2013-05-24,4.95,190
112163,ST黑牛债,黑牛食品股份有限公司,5,AA,02,2013-05-22,5.8,190
112164,12河钢01,河北钢铁股份有限公司,3,AAA,02,2013-05-09,4.9,190
112165,12德豪债,广东德豪润达电气股份有限公司,5,AA,02,2013-05-13,5.95,190
112166,12河钢02,河钢股份有限公司,5,AAA,02,2013-05-09,5.16,190
112167,12莱士债,上海莱士血液制品股份有限公司,5,AA,02,2013-04-24,5.6,190
112168,ST三维债,三维通信股份有限公司,5,AA,02,2013-04-24,6.4,190
112169,ST中财债,北京中科金财科技股份有限公司,5,AA,02,2013-05-09,6.7,190
112170,12濮耐01,濮阳濮耐高温材料(集团)股份有限公司,5,AA,02,2013-05-22,5.8,190
112171,12久联债,贵州久联民爆器材发展股份有限公司,7,AA,02,2013-05-24,5.8,190
112172,13普邦债,广州普邦园林股份有限公司,5,AA,02,2013-07-12,5.5,190
112173,ST南港债,南京港股份有限公司,5,AA,02,2013-06-07,6.15,190
112174,13广田01,深圳广田集团股份有限公司,5,AA,02,2013-05-22,5.7,190
112175,13三九01,华润三九医药股份有限公司,5,AA+,02,2013-05-24,4.6,190
112176,ST大立债,浙江大立科技股份有限公司,3,AA+,02,2013-06-07,6.19,190
112177,13围海债,浙江省围海建设集团股份有限公司,5,AA-,02,2013-07-05,6.9,190
112178,ST墨龙01,山东墨龙石油机械股份有限公司,3,AA,02,2013-07-23,5.2,190
112179,13南洋债,南洋天融信科技集团股份有限公司,7,AA,02,2013-07-23,6,190
112180,12奥飞债,奥飞娱乐股份有限公司,5,AA,02,2013-07-23,5.2,190
112188,13渤租债,渤海金控投资股份有限公司,5,AA+,02,2013-10-11,6,190
112189,12瑞泽债,海南瑞泽新型建材股份有限公司,5,AA+,02,2013-11-15,7,190
112190,11亚迪02,比亚迪股份有限公司,5,AA+,02,2013-11-15,6.35,190
112192,13赤湾01,深圳赤湾港航股份有限公司,5,AA+,02,2013-11-26,5.6,190
112193,13美邦01,上海美特斯邦威服饰股份有限公司,5,AA,02,2013-12-09,7.2,190
112196,13苏宁债,苏宁易购集团股份有限公司,6,AAA,02,2013-12-09,5.95,190
112198,14欧菲债,深圳欧菲光科技股份有限公司,3,AA,02,2014-04-21,7.9,190
112199,14铁岭债,铁岭新城投资控股股份有限公司,5,AA,02,2014-07-07,8.45,190
112201,14机电01,中航工业机电系统股份有限公司,5,AAA,02,2014-05-23,6.2,190
112202,14嘉杰债,上海嘉麟杰纺织品股份有限公司,5,AAA,02,2014-04-21,7.5,190
112203,14北农债,北京大北农科技集团股份有限公司,5,AA+,02,2014-06-13,7.24,190
112204,14好想债,好想你健康食品股份有限公司,5,AA,02,2014-07-01,8.5,190
112207,14锦龙债,广东锦龙发展股份有限公司,3,AA,02,2014-08-01,6.68,190
112208,14华邦01,华邦生命健康股份有限公司,5,AA,02,2014-08-20,6.58,190
112209,14雏鹰债,雏鹰农牧集团股份有限公司,5,AA-,02,2014-09-10,8.8,190
112210,14金禾债,安徽金禾实业股份有限公司,3,AA,02,2014-08-20,7.18,190
112211,14搜特01,搜于特集团股份有限公司,5,AA,02,2014-08-08,7.8,190
112212,14中山债,中山公用事业集团股份有限公司,3,AA+,02,2014-09-10,5.75,190
112213,14中超债,江苏中超控股股份有限公司,5,AA,02,2014-08-08,7.2,190
112214,14杰赛债,广州杰赛科技股份有限公司,5,AA,02,2014-08-20,6.93,190
112215,14万马01,浙江万马股份有限公司,5,AA,02,2014-10-23,7.2,190
112216,14欣旺01,欣旺达电子股份有限公司,5,AA-,02,2014-10-17,8.2,190
112217,14东江01,东江环保股份有限公司,5,AA,02,2014-09-10,6.5,190
112219,14渝发债,重庆渝开发股份有限公司,5,AAA,02,2014-10-17,6.3,190
112220,14福星01,湖北福星科技股份有限公司,5,AA,02,2014-10-17,9.2,190
112221,14万里债,浙江万里扬股份有限公司,5,AA,02,2014-10-17,7.4,190
112222,14荣盛债,荣盛石化股份有限公司,3,AA,02,2015-02-05,7,190
112223,14江泥01,江西万年青水泥股份有限公司,5,AA,02,2014-10-23,6.85,190
112224,14兴蓉01,成都市兴蓉环境股份有限公司,5,AA+,02,2014-10-23,5.49,190
112225,14恒运01,广州恒运企业集团股份有限公司,5,AA,02,2014-11-03,5.78,190
112226,14科陆01,深圳市科陆电子科技股份有限公司,5,AA,02,2014-11-21,7,190
112227,14利源债,吉林利源精制股份有限公司,5,AA,02,2014-12-03,6.5,190
112228,14怡亚债,深圳市怡亚通供应链股份有限公司,5,AA,02,2014-11-21,7,190
112229,14白药01,云南白药集团股份有限公司,7,AAA,02,2015-01-14,5.08,190
112230,14司尔01,安徽省司尔特肥业股份有限公司,5,AA,02,2014-11-21,6.5,190
112231,14金贵债,郴州市金贵银业股份有限公司,5,AA,02,2014-12-12,7.05,190
112233,14漳发债,福建漳州发展股份有限公司,5,AA,02,2015-01-14,7.2,190
112234,14中弘债,中弘控股股份有限公司,3,AA-,02,2015-03-23,9.9,190
112235,15福星01,湖北福星科技股份有限公司,5,AA,02,2015-02-09,7.5,190
112236,15本钢01,本钢板材股份有限公司,3,AAA,02,2015-05-26,5.17,190
112237,15辉煌01,河南辉煌科技股份有限公司,3,AA-,02,2015-05-14,9,190
112238,15振业债,深圳市振业(集团)股份有限公司,3,AA,02,2015-04-09,5.2,190
112239,15沃尔债,深圳市沃尔核材股份有限公司,3,AA+,02,2015-05-29,6.5,190
112240,15华联债,新华联文化旅游发展股份有限公司,7,AA+,02,2015-05-14,7.5,190
112241,15广田债,深圳广田集团股份有限公司,5,AA,02,2015-05-26,5.99,190
112242,15岭南债,岭南园林股份有限公司,5,AA+,02,2015-07-29,6.8,190
112243,15东旭债,东旭光电科技股份有限公司,5,AA,02,2015-07-08,6,190
112245,15顺鑫01,北京顺鑫农业股份有限公司,5,AA,02,2015-06-30,4.5,190
112246,15金一债,北京金一文化发展股份有限公司,3,AA,02,2015-07-15,6.78,190
112247,15华东债,华东医药股份有限公司,5,AA+,02,2015-07-20,4.7,190
112249,15博彦债,博彦科技股份有限公司,3,AA,02,2015-07-29,6.5,190
112250,15云旅债,云南旅游股份有限公司,3,AA,02,2015-07-08,5.9,190
112251,15恒运债,广州恒运企业集团股份有限公司,5,AA,02,2015-09-30,4.19,190
112252,15鄂能01,湖北能源集团股份有限公司,5,AAA,02,2015-08-12,4.25,190
112253,15荣盛01,荣盛房地产发展股份有限公司,5,AA+,02,2015-07-23,5.78,190
112254,15湘金01,湖南黄金股份有限公司,3,AA+,02,2015-07-23,4.5,190
112255,15濮耐01,濮阳濮耐高温材料(集团)股份有限公司,5,AA,02,2015-10-19,5.88,190
112256,15天保01,天津天保基建股份有限公司,5,AA+,02,2015-08-21,4.5,190
112257,15荣盛02,荣盛房地产发展股份有限公司,4,AA+,02,2015-08-28,5.1,190
112258,15荣盛03,荣盛房地产发展股份有限公司,5,AA+,02,2015-08-28,5.3,190
112259,15甘电债,甘肃电投能源发展股份有限公司,5,AAA,02,2015-10-21,4.23,190
112260,15阳房01,阳光城集团股份有限公司,5,AA,02,2015-10-09,5.18,190
112261,15星辉债,星辉互动娱乐股份有限公司,5,AA,02,2016-02-03,6.3,190
112262,15荣安债,荣安地产股份有限公司,5,AA,02,2015-09-30,8,190
112263,15中房债,中房地产股份有限公司,5,AAA,02,2015-09-30,4.22,190
112264,15亚迪01,比亚迪股份有限公司,3,AA+,02,2015-09-16,4.1,190
112265,15中环债,天津中环半导体股份有限公司,5,AA,02,2015-09-24,6.1,190
112266,15利尔01,北京利尔高温材料股份有限公司,5,AA,02,2015-09-15,5.25,190
112267,15阳房02,阳光城集团股份有限公司,5,AA,02,2015-10-09,7.3,190
112268,15东华01,东华能源股份有限公司,5,AA,02,2015-10-15,7,190
112269,15涪陵01,重庆市涪陵国有资产投资经营集团有限公司,5,AA+,02,2015-11-13,6,190
112270,15华邦债,华邦生命健康股份有限公司,5,AA,02,2015-10-14,5.72,190
112271,15中粮01,大悦城控股集团股份有限公司,5,AA+,02,2015-09-18,4.4,190
112272,15金科01,金科地产集团股份有限公司,5,AA,02,2015-10-22,6.4,190
112273,15金街01,金融街控股股份有限公司,6,AAA,02,2015-11-19,3.84,190
112274,15金街02,金融街控股股份有限公司,10,AAA,02,2015-11-19,4.2,190
112275,15搜特债,搜于特集团股份有限公司,5,AA,02,2015-09-24,5.95,190
112276,15金鸿债,金鸿控股集团股份有限公司,5,AA,02,2015-10-23,5,190
112277,15金街03,金融街控股股份有限公司,7,AAA,02,2015-11-19,4.24,190
112279,15渤租01,渤海租赁股份有限公司,5,AA+,02,2015-11-17,4.62,190
112280,15东华02,东华能源股份有限公司,5,AA,02,2015-11-23,5.78,190
112281,15中洲债,深圳市中洲投资控股股份有限公司,3,AA,02,2015-11-16,6.3,190
112284,15渤租02,渤海租赁股份有限公司,5,AA+,02,2015-11-17,4.5,190
112285,15万科01,万科企业股份有限公司,5,AAA,02,2015-11-09,3.5,190
112286,15海伟01,河北海伟交通设施集团有限公司,5,AA,02,2015-11-12,6.4,190
112287,15海投债,海航投资集团股份有限公司,3,AA+,02,2015-12-09,5.99,190
112288,15证通01,深圳市证通电子股份有限公司,5,AA+,02,2016-01-11,6.4,190
112289,15顺鑫02,北京顺鑫农业股份有限公司,5,AA,02,2016-01-20,4,190
112290,15证通02,深圳市证通电子股份有限公司,5,AA+,02,2016-01-21,6,190
112291,15渝外贸,重庆对外经贸(集团)有限公司,5,AA,02,2015-12-31,5.4,190
112292,16冀中01,冀中能源股份有限公司,5,AAA,02,2016-04-08,5.4,190
112293,15深爱01,深圳市爱施德股份有限公司,3,AA,02,2016-02-02,5.95,190
112294,15海伟02,河北海伟交通设施集团有限公司,5,AA,02,2015-12-18,6.4,190
112295,15司尔债,安徽省司尔特肥业股份有限公司,5,AA,02,2015-12-23,4.98,190
112297,15粤科债,广东省粤科金融集团有限公司,7,AA+,02,2016-05-24,4.72,190
112299,15中利债,江苏中利集团股份有限公司,5,AA,02,2016-01-05,6.5,190
112300,15立业债,深圳市立业集团有限公司,5,AA,02,2016-03-10,4.98,190
112301,15中武债,中国武夷实业股份有限公司,7,AA,02,2016-01-26,5.58,190
112302,15东网债,东方网力科技股份有限公司,3,AA+,02,2016-02-05,6,190
112303,15京威债,北京威卡威汽车零部件股份有限公司,2,AA,02,2016-01-05,4.5,190
112304,15长影01,长影集团有限责任公司,5,AA,02,2016-04-19,4.18,190
112305,15长影02,长影集团有限责任公司,5,AA,02,2016-04-19,4.19,190
112306,15泛控01,泛海控股股份有限公司,5,AA,02,2016-02-05,5.35,190
112307,15投资01,信达投资有限公司,8,AA+,02,2016-02-25,3.8,190
112308,15银亿01,银亿股份有限公司,5,AA,02,2016-03-30,7.28,190
112309,15花样02,花样年集团(中国)有限公司,5,AA,02,2016-03-07,7.29,190
112310,16美的债,美的置业集团有限公司,3,AA+,02,2016-04-15,4.28,190
112311,16昆仑01,浙江昆仑控股集团有限公司,3,AA,02,2016-03-11,8,190
112312,16徐工01,徐工集团工程机械股份有限公司,5,AAA,02,2016-02-25,3.54,190
112313,16铁汉01,深圳市铁汉生态环境股份有限公司,5,AA,02,2016-02-26,5.3,190
112314,16华南01,华南国际工业原料城深圳有限公司,3,AA+,02,2016-04-06,5.98,190
112315,16宝龙债,上海宝龙实业发展(集团)有限公司,5,AA,02,2016-03-23,6.2,190
112316,16航空债,海航航空集团有限公司,5,AA+,02,2016-03-10,5.58,190
112317,16太安01,太安堂集团有限公司,5,AA,02,2016-05-09,4,190
112318,16白药01,云南白药控股有限公司,5,AAA,02,2016-03-17,2.95,190
112320,16蓝标债,北京蓝色光标数据科技股份有限公司,5,AA,02,2016-04-07,3.99,190
112321,16龙基01,龙光交通集团有限公司,5,AA,02,2016-04-18,5.5,190
112322,16涪陵01,重庆市涪陵国有资产投资经营集团有限公司,5,AA+,02,2016-04-06,3.6,190
112323,16投资01,信达投资有限公司,8,AA+,02,2016-04-06,3.7,190
112324,16高鸿债,大唐高鸿数据网络技术股份有限公司,5,AA,02,2016-03-07,4.3,190
112325,16中南01,江苏中南建设集团股份有限公司,5,AA+,02,2016-04-05,6.5,190
112326,16中弘01,中弘控股股份有限公司,5,AA,02,2016-03-07,6.89,190
112327,央宝06A1,华宝证券股份有限公司,3.04,AAA,10,2022-12-30,2.99,-200
112328,16曲文01,西安曲江文化产业投资(集团)有限公司,3,AA,02,2016-03-30,4.28,190
112329,16太安02,太安堂集团有限公司,5,AA,02,2016-05-23,4.6,190
112330,16巨轮01,巨轮智能装备股份有限公司,5,AA,02,2016-03-03,5.49,190
112331,16宝德01,深圳市宝德投资控股有限公司,5,AA,02,2016-04-25,6.8,190
112332,16劲嘉01,深圳市劲嘉创业投资有限公司,5,AA,02,2016-04-13,6.98,190
112333,16鲁焦01,中融新大集团有限公司,3,AA,02,2016-03-24,6.8,190
112334,16国购01,国购投资有限公司,5,AA,02,2016-04-22,7.2,190
112335,16海资01,海航资本集团有限公司,5,AA+,02,2016-06-16,6,190
112336,16太安债,广东太安堂药业股份有限公司,5,AA,02,2016-04-07,4.98,190
112337,16双星01,青岛双星股份有限公司,3,AA,02,2016-03-22,3.9,190
112338,16迪科01,深圳天源迪科信息技术股份有限公司,3,AA+,02,2016-04-08,5.5,190
112339,16积余债,招商局积余产业运营服务股份有限公司,5,AAA,02,2016-04-15,3.29,190
112340,16泛控01,泛海控股股份有限公司,5,AA,02,2016-04-29,5.6,190
112341,16宝龙02,上海宝龙实业发展(集团)有限公司,5,AA,02,2016-04-14,6,190
112342,16厦贸01,厦门国贸控股集团有限公司,5,AAA,02,2016-05-27,3.55,190
112343,16魏桥01,山东魏桥铝电有限公司,5,AA+,02,2016-05-23,6.5,190
112344,16魏桥02,山东魏桥铝电有限公司,5,AA+,02,2016-05-23,4.83,190
112345,16劲嘉02,深圳市劲嘉创业投资有限公司,5,AA,02,2016-04-25,6.98,190
112346,16惠誉01,福星惠誉房地产有限公司,5,AA,02,2016-04-28,5.28,190
112347,16惠誉02,福星惠誉房地产有限公司,5,AA,02,2016-04-28,6.11,190
112348,16华美01,石榴置业集团股份有限公司,3,AA,02,2016-05-20,6.08,190
112349,16红楼债,红楼集团有限公司,5,AA,02,2016-06-21,6.95,190
112350,16软控01,软控股份有限公司,5,AA,02,2016-04-14,4.78,190
112351,16步高01,步步高投资集团股份有限公司,5,AA,02,2016-04-18,5.59,190
112352,16TCL01,TCL科技集团股份有限公司,3,AAA,02,2016-04-19,3.08,190
112353,16TCL02,TCL科技集团股份有限公司,5,AAA,02,2016-04-19,3.56,190
112354,16国购02,国购投资有限公司,5,AA,02,2016-05-24,7.3,190
112355,16桂资01,广西投资集团有限公司,7,AAA,02,2016-05-13,3.4,190
112357,16海资02,海航资本集团有限公司,5,AA+,02,2016-06-21,6.4,190
112358,16BOE01,京东方科技集团股份有限公司,5,AAA,02,2016-04-26,3.15,190
112359,16魏桥03,山东魏桥铝电有限公司,5,AA+,02,2016-05-23,4.2,190
112361,16新大02,中融新大集团有限公司,3,AA,02,2016-05-23,6.6,190
112362,16泛控02,泛海控股股份有限公司,5,AA,02,2016-04-29,5.29,190
112363,16三湘债,三湘印象股份有限公司,3,AA,02,2016-04-14,6.25,190
112364,16云白01,云南白药集团股份有限公司,5,AAA,02,2016-07-04,2.95,190
112365,16广业01,广东省环保集团有限公司,7,AA+,02,2016-04-27,3.5,190
112366,16宝安01,中国宝安集团股份有限公司,5,AA,02,2016-04-26,5.6,190
112367,16华西01,江苏华西村股份有限公司,5,AA,02,2016-04-29,5.3,190
112368,二局16优,中信证券股份有限公司,1.01,AAA,10,2022-12-30,3,-200
112369,16峨旅01,四川省峨眉山乐山大佛旅游集团总公司,5,AA+,02,2016-06-24,3.01,190
112370,16新纶债,深圳市新纶科技股份有限公司,5,AA+,02,2016-04-22,5.8,190
112371,16太阳01,山东太阳纸业股份有限公司,3,AA,02,2016-04-29,4.7,190
112372,16棕榈01,棕榈生态城镇发展股份有限公司,5,AA,02,2016-05-12,5.98,190
112373,16奥瑞金,奥瑞金包装股份有限公司,5,AA+,02,2016-05-23,4,190
112374,16华油01,华油惠博普科技股份有限公司,3,AA,02,2016-10-14,5.5,190
112375,16昆投01,昆明产业开发投资有限责任公司,5,AA+,02,2016-06-29,3.89,190
112376,16侨城01,深圳华侨城股份有限公司,5,AAA,02,2016-05-12,2.98,190
112377,16侨城02,深圳华侨城股份有限公司,7,AAA,02,2016-05-12,3.4,190
112378,16盛润债,河南盛润控股集团有限公司,5,AA,02,2016-05-12,7.5,190
112379,16新国都,深圳市新国都股份有限公司,3,AA+,02,2016-05-13,5.6,190
112380,16东林01,北京东方园林环境股份有限公司,5,AA,02,2016-07-06,5.78,190
112381,16华联债,新华联文化旅游发展股份有限公司,3,AA+,02,2016-06-28,7,190
112382,16南都01,浙江南都电源动力股份有限公司,5,AA,02,2016-05-26,4.8,190
112383,16当代债,当代节能置业股份有限公司,5,AA,02,2016-06-23,6.4,190
112384,16歌尔01,歌尔集团有限公司,5,AA,02,2016-06-30,4.28,190
112385,16奥燃01,奥德集团有限公司,5,AA+,02,2016-06-03,5.1,190
112386,16申宏01,申万宏源集团股份有限公司,5,AAA,02,2016-06-15,3.45,190
112387,16华南02,华南国际工业原料城深圳有限公司,3,AA+,02,2016-07-01,6.85,190
112388,16聚龙债,聚龙股份有限公司,5,AA,02,2016-06-06,5.3,190
112389,16华西02,江苏华西村股份有限公司,5,AA,02,2016-07-06,6,190
112390,16三聚债,北京三聚环保新材料股份有限公司,5,AA,02,2016-07-01,5.5,190
112391,16龙基02,龙光交通集团有限公司,5,AA,02,2016-09-05,7,190
112392,16掌趣01,北京掌趣科技股份有限公司,5,AA,02,2016-06-20,0.1,190
112393,16万维01,北京昆仑万维科技股份有限公司,3,AA,02,2016-06-29,6.5,190
112394,H6泰禾02,泰禾集团股份有限公司,5,AA+,02,2016-07-06,6,190
112395,H6泰禾03,泰禾集团股份有限公司,5,AA+,02,2016-07-06,7.2,190
112396,16华美02,石榴置业集团有限公司,5,AA,02,2016-08-17,7.8,190
112397,16胜通01,山东胜通集团股份有限公司,5,AA+,02,2016-07-20,6.2,190
112399,16凯迪债,阳光凯迪新能源集团有限公司,5,AA,02,2016-08-02,6.8,190
112400,16中南债,中南红文化集团股份有限公司,4,AA-,02,2016-07-22,7.5,190
112401,16新野02,河南新野纺织股份有限公司,4,AA,02,2016-08-25,5.63,190
112403,16农四01,新疆可克达拉市国有资本投资运营有限责任公司,7,AA+,02,2016-07-04,4,190
112404,16银亿04,银亿股份有限公司,5,AA,02,2016-08-10,7.03,190
112405,16天顺01,天顺风能(苏州)股份有限公司,5,AA,02,2016-08-05,5,190
112406,16力合债,力合股份有限公司,5,AA+,02,2016-08-04,4.9,190
112407,16厦港01,厦门港务发展股份有限公司,5,AA+,02,2016-08-16,3.25,190
112408,16新兴01,新兴铸管股份有限公司,5,AA+,02,2016-09-07,4.75,190
112409,16TCL03,TCL科技集团股份有限公司,5,AAA,02,2016-08-11,3.5,190
112410,16中房债,中交地产股份有限公司,5,AAA,02,2016-08-18,3.69,190
112411,16光线01,北京光线传媒股份有限公司,3,AA,02,2016-08-22,3.5,190
112412,16银亿05,银亿股份有限公司,5,AA,02,2016-08-15,7.05,190
112413,16兴蓉01,成都市兴蓉环境股份有限公司,5,AAA,02,2016-09-01,4.05,190
112414,16沃尔01,深圳市沃尔核材股份有限公司,3,AA+,02,2016-08-26,5.29,190
112415,16奋达01,深圳市奋达科技股份有限公司,5,AA,02,2016-09-28,3.8,190
112416,16奥燃02,奥德集团有限公司,5,AA+,02,2016-09-29,4,190
112417,16国购03,国购投资有限公司,5,AA,02,2016-10-19,8,190
112418,16中南02,江苏中南建设集团股份有限公司,5,AA+,02,2016-09-06,6,190
112419,16河钢01,河钢股份有限公司,3,AAA,02,2016-08-22,3.8,190
112420,16潮宏01,广东潮宏基实业股份有限公司,5,AA,02,2016-08-17,3.91,190
112421,16信利01,信利光电股份有限公司,5,AA,02,2016-10-10,5.8,190
112422,16飞马债,深圳市飞马国际供应链股份有限公司,3,AA+,02,2016-08-24,6,190
112423,16株国投,株洲市国有资产投资控股集团有限公司,5,AA,02,2016-11-08,4.2,190
112424,16文化01,上海新文化传媒集团股份有限公司,5.25,AA,02,2016-11-15,4.49,190
112425,16河钢02,河钢股份有限公司,3,AAA,02,2016-08-29,3.56,190
112426,16东林02,北京东方园林环境股份有限公司,5,AA,02,2016-09-09,4.7,190
112427,16滨房01,杭州滨江房产集团股份有限公司,5,AA+,02,2016-10-25,3.46,190
112428,16桂资03,广西投资集团有限公司,7,AAA,02,2016-11-03,3.21,190
112430,16宝龙03,上海宝龙实业发展(集团)有限公司,5,AA+,02,2016-11-21,5.25,190
112431,16步高02,步步高投资集团股份有限公司,5,AA,02,2016-09-29,5.6,190
112432,16冀中02,冀中能源股份有限公司,5,AAA,02,2016-09-07,4.77,190
112433,16银亿07,银亿股份有限公司,5,AA,02,2016-10-20,6.8,190
112434,16正商03,河南宏光正商置业有限公司,5,AA,02,2016-09-30,5.58,190
112435,16绿景01,正兴隆房地产(深圳)有限公司,5,AA,02,2016-11-08,6.5,190
112436,16阳城01,阳光城集团股份有限公司,5,AA+,02,2016-10-13,4.8,190
112437,16铁汉02,深圳市铁汉生态环境股份有限公司,5,AA,02,2016-10-13,4.49,190
112438,16广宇01,广宇集团股份有限公司,3,AA-,02,2016-10-14,8,190
112439,16康缘01,江苏康缘集团有限责任公司,5,AA,02,2016-11-08,3.95,190
112440,16吉保01,吉林省信用融资担保投资集团有限公司,5,AA,02,2016-11-25,4.98,190
112441,16凯迪01,凯迪生态环境科技股份有限公司,3,AA,02,2016-10-27,6.1,190
112442,H6凯迪02,凯迪生态环境科技股份有限公司,5,AA,02,2016-10-27,6.7,190
112443,16胜通03,山东胜通集团股份有限公司,5,AA+,02,2016-12-19,5.18,190
112444,16万集01,万达集团股份有限公司,5,AA+,02,2016-12-29,5.2,190
112445,16申宏02,申万宏源集团股份有限公司,3,AAA,02,2016-10-27,2.9,190
112446,16申宏03,申万宏源集团股份有限公司,5,AAA,02,2016-10-27,3.2,190
112447,16顺发债,顺发恒业股份公司,5,AA,02,2016-10-28,4.7,190
112448,16莱蒙01,深圳深国投房地产开发有限公司,5,AA,02,2016-11-25,5.8,190
112449,16棕榈02,棕榈生态城镇发展股份有限公司,5,AA,02,2016-11-15,5.85,190
112450,16格林01,格林美股份有限公司,5,AA,02,2016-10-19,4,190
112451,16利德01,利亚德光电股份有限公司,5,AA,02,2016-11-24,4,190
112452,16阳城02,阳光城集团股份有限公司,5,AA+,02,2016-11-03,4.5,190
112453,16迪安01,浙江迪安诊断技术股份有限公司,5,AA,02,2016-12-15,3.25,190
112454,16宜化债,湖北宜化化工股份有限公司,5,AA+,02,2016-11-09,4.95,190
112455,16金街01,金融街控股股份有限公司,5,AAA,02,2016-11-29,2.9,190
112456,16金街02,金融街控股股份有限公司,7,AAA,02,2016-11-29,3.2,190
112457,16魏桥05,山东魏桥铝电有限公司,7,AAA,02,2016-12-12,4,190
112458,16盐港01,深圳市盐田港股份有限公司,5,AA+,02,2016-12-08,3.12,190
112459,16宜华01,宜华企业(集团)有限公司,5,AA+,02,2016-12-14,3.8,190
112460,16安控债,北京安控科技股份有限公司,5,AAA,02,2016-11-22,4.3,190
112461,16龙控02,深圳市龙光控股有限公司,5,AA+,02,2016-12-21,3.4,190
112462,16徐工02,徐工集团工程机械股份有限公司,5,AAA,02,2016-11-22,3.1,190
112463,16天保01,天津天保基建股份有限公司,5,AA+,02,2016-11-22,3.18,190
112464,16东林03,北京东方园林环境股份有限公司,5,AA,02,2016-12-05,4,190
112465,16厦港02,厦门港务发展股份有限公司,5,AA+,02,2017-01-18,3.02,190
112466,16彩塑01,江苏双星彩塑新材料股份有限公司,5,AA,02,2016-12-14,4.09,190
112467,16天广01,天广中茂股份有限公司,5,AA,02,2016-12-22,5,190
112468,16景峰01,湖南景峰医药股份有限公司,7.68,AA,02,2016-12-22,3.78,190
112469,16涪陵02,重庆市涪陵国有资产投资经营集团有限公司,5,AA+,02,2017-01-24,3.14,190
112470,16江控01,江东控股集团有限责任公司,5,AA+,02,2016-12-19,3.86,190
112471,16宝德02,深圳市宝德投资控股有限公司,5,AA,02,2017-01-06,6.2,190
112472,16裕同01,深圳市裕同包装科技股份有限公司,5,AA,02,2016-12-07,4,190
112473,16海普瑞,深圳市海普瑞药业股份有限公司,5,AA+,02,2016-12-15,3.19,190
112474,16合泰01,合肥华泰集团股份有限公司,5,AA,02,2016-12-19,5.2,190
112475,16万丰01,万丰奥特控股集团有限公司,3,AA,02,2016-12-19,3.7,190
112476,16鄂能01,湖北能源集团股份有限公司,5,AAA,02,2016-12-14,3.07,190
112477,16浙富01,浙富控股集团股份有限公司,3,AA,02,2016-12-22,4.5,190
112478,16奥燃03,奥德集团有限公司,5,AA+,02,2017-01-26,4.1,190
112479,16珠海债,珠海港股份有限公司,5,AA,02,2016-12-26,3.73,190
112480,16腾晖01,苏州腾晖光伏技术有限公司,3,AA,02,2017-01-18,6.38,190
112481,16广联01,广联达科技股份有限公司,5,AA,02,2016-12-26,3.97,190
112482,16金旗01,金世旗国际控股股份有限公司,5,AA+,02,2017-04-25,5.5,190
112483,16宝新01,广东宝丽华新能源股份有限公司,5,AA+,02,2016-12-29,3.73,190
112484,16一创02,第一创业证券股份有限公司,5,AA+,02,2017-01-24,3.7,190
112485,16国盛金,国盛金融控股集团股份有限公司,5,AA,02,2016-12-26,4.27,190
112486,16远大01,远大医药(中国)有限公司,5,AA+,02,2017-01-06,5.49,190
112487,16合力01,合力泰科技股份有限公司,3,AA,02,2017-02-22,4.7,190
112488,16峨旅02,四川省峨眉山乐山大佛旅游集团有限公司,5,AA+,02,2017-02-22,3.92,190
112489,16嘉美债,嘉美食品包装(滁州)股份有限公司,5,AA,02,2017-02-22,6.25,190
112490,16捷成01,北京捷成世纪科技股份有限公司,3,AA,02,2017-01-12,4.5,190
112491,16宝新02,广东宝丽华新能源股份有限公司,5,AA+,02,2017-03-10,4.14,190
112492,16一创03,第一创业证券股份有限公司,4,AA+,02,2017-01-24,4.25,190
112493,16华能资,华能资本服务有限公司,5,AAA,02,2017-01-26,4,190
112494,16凯迪03,凯迪生态环境科技股份有限公司,3,AA,02,2017-03-03,7,190
112496,17天神01,大连天神娱乐股份有限公司,5,AA,02,2017-03-03,7.79,190
112497,17金旗01,金世旗国际控股股份有限公司,5,AA+,02,2017-05-26,5.7,190
112498,17万集01,万达集团股份有限公司,5,AA+,02,2017-03-24,6.5,190
112499,17欧菲01,深圳欧菲光科技股份有限公司,3,AA,02,2017-03-24,4.8,190
112500,17山路01,山东高速路桥集团股份有限公司,5,AA,02,2017-04-12,5.05,190
112501,17东江G1,东江环保股份有限公司,3,AA,02,2017-04-12,4.9,190
112502,17科伦01,四川科伦药业股份有限公司,5,AA+,02,2017-04-12,4.89,190
112503,17山证01,山西证券股份有限公司,3,AA+,02,2017-04-12,4.76,190
112504,17山证02,山西证券股份有限公司,5,AA+,02,2017-04-12,5.1,190
112505,17金洲01,金洲慈航集团股份有限公司,3,AA,02,2017-05-26,6.9,190
112506,17温氏01,温氏食品集团股份有限公司,5,AAA,02,2017-05-11,4.6,190
112507,17科陆01,深圳市科陆电子科技股份有限公司,5,AA,02,2017-05-17,5.5,190
112508,17华昌01,湖北华昌达智能装备股份有限公司,3,AAA,02,2017-06-20,5.96,190
112509,17余投01,余姚市城市建设投资发展有限公司,5,AA+,02,2017-05-17,5.18,190
112510,17盛运01,安徽盛运环保(集团)股份有限公司,3,AA,02,2017-05-11,6.98,190
112511,17正通01,武汉正通联合实业投资集团有限公司,5,AA,02,2017-04-24,6,190
112512,17华茂01,安徽华茂纺织股份有限公司,5,AA,02,2017-05-22,5.42,190
112513,17华股01,华西证券股份有限公司,5,AA+,02,2017-06-02,4.75,190
112514,17游族01,游族网络股份有限公司,3,AA,02,2017-05-22,5.5,190
112515,17昆投01,昆明产业开发投资有限责任公司,6,AA+,02,2017-06-07,5.1,190
112516,17国信01,国信证券股份有限公司,3,AAA,02,2017-06-02,4.39,190
112517,17西航01,西部航空有限责任公司,5,AA,02,2017-07-07,6.2,190
112518,17TCL01,TCL科技集团股份有限公司,5,AAA,02,2017-06-09,4.8,190
112519,17物美01,物美科技集团有限公司,3,AA+,02,2017-07-04,5.5,190
112520,17广发01,广发证券股份有限公司,3,AAA,02,2017-06-02,4.6,190
112521,17昆仑01,浙江昆仑控股集团有限公司,3,AA,02,2017-06-02,7.8,190
112522,17阳普S1,阳普医疗科技股份有限公司,5,AAA,02,2017-05-26,5.65,190
112523,17株国01,株洲市国有资产投资控股集团有限公司,7,AA,02,2017-06-27,5.93,190
112525,17盾安01,浙江盾安人工环境股份有限公司,3,AA,02,2017-06-20,6.8,190
112526,H7腾邦01,腾邦集团有限公司,3,AA,02,2017-07-26,7.5,190
112527,17华讯01,华讯方舟科技有限公司,3,AA,02,2017-07-04,7,190
112528,17欣旺01,欣旺达电子股份有限公司,3,AAA,02,2017-08-15,6.05,190
112529,17广证01,广州证券股份有限公司,3,AA+,02,2017-07-27,5.25,190
112530,17亚迪01,比亚迪股份有限公司,5,AAA,02,2017-07-14,4.87,190
112531,17岸资01,武汉市江岸国有资产经营管理有限责任公司,5,AA,02,2017-07-14,5.8,190
112532,17凯撒03,凯撒同盛发展股份有限公司,5,AA,02,2017-07-07,7.2,190
112533,17海药01,海南海药股份有限公司,5,AA,02,2017-08-18,7,190
112534,17湘粮债,湖南粮食集团有限责任公司,5,AA,02,2017-08-24,7,190
112535,17海王01,深圳市海王生物工程股份有限公司,3,AA,02,2017-08-09,6.48,190
112536,17中能01,中能电气股份有限公司,3,AAA,02,2017-08-08,6.2,190
112537,17牡资01,牡丹江市国有资产投资控股有限公司,5,AA,02,2017-08-17,7,190
112538,17汇通01,沃顿科技股份有限公司,5,AAA,02,2017-08-07,4.8,190
112539,17温氏02,温氏食品集团股份有限公司,5,AAA,02,2017-08-21,4.87,190
112540,17凯文01,凯撒(中国)文化股份有限公司,3,AAA,02,2017-08-02,6,190
112541,17立思01,北京立思辰科技股份有限公司,3,AA,02,2017-08-23,7.45,190
112542,17TCL02,TCL科技集团股份有限公司,5,AAA,02,2017-08-11,4.93,190
112543,17深投01,深圳市投资控股有限公司,5,AAA,02,2017-07-17,4.51,190
112544,17国信02,国信证券股份有限公司,3,AAA,02,2017-08-23,4.58,190
112545,17宝鹰01,深圳市宝鹰建设控股集团股份有限公司,3,AA,02,2017-08-11,6.8,190
112546,17万科01,万科企业股份有限公司,5,AAA,02,2017-08-15,4.5,190
112547,17曲文01,西安曲江文化产业投资(集团)有限公司,3,AA+,02,2017-08-08,5.5,190
112548,17兴森01,深圳市兴森快捷电路科技股份有限公司,5,AAA,02,2017-08-04,5.9,190
112549,17余投02,余姚市城市建设投资发展有限公司,5,AA+,02,2017-08-23,5.2,190
112550,17科伦02,四川科伦药业股份有限公司,3,AA+,02,2017-08-17,5.38,190
112551,17合泰01,合肥华泰集团股份有限公司,5,AA,02,2017-11-01,7.5,190
112552,17厦贸Y1,厦门国贸控股集团有限公司,1.82,AAA,02,2017-08-14,5.3,190
112553,17华讯02,华讯方舟科技有限公司,3,AA,02,2017-08-28,7,190
112554,17前海01,新疆前海集团有限责任公司,5,AA,02,2017-08-14,6.9,190
112555,17新野01,河南新野纺织股份有限公司,5,AA,02,2017-10-09,6.72,190
112556,17广发02,广发证券股份有限公司,3,AAA,02,2017-08-01,4.5,190
112557,17冀中01,冀中能源股份有限公司,5,AAA,02,2017-08-14,5.17,190
112558,17美晨01,山东美晨科技股份有限公司,5,AAA,02,2017-11-23,5.78,190
112559,17恒通债,山东阳煤恒通化工股份有限公司,3,AAA,02,2017-09-11,6,190
112560,17国水01,湛江国联水产开发股份有限公司,3,AA+,02,2017-08-18,6.2,190
112561,17万科02,万科企业股份有限公司,5,AAA,02,2017-09-05,4.54,190
112562,17招路01,招商局公路网络科技控股股份有限公司,5,AAA,02,2017-08-28,4.78,190
112563,17招路02,招商局公路网络科技控股股份有限公司,10,AAA,02,2017-08-28,4.98,190
112564,17广业01,广东省环保集团有限公司,7,AAA,02,2017-08-29,4.97,190
112565,17万集02,万达集团股份有限公司,5,AA+,02,2017-09-01,6.9,190
112566,17涪陵01,重庆市涪陵国有资产投资经营集团有限公司,5,AAA,02,2017-09-08,4.85,190
112567,17天顺债,天顺风能(苏州)股份有限公司,3,AAA,02,2017-09-21,5.4,190
112568,17欣旺02,欣旺达电子股份有限公司,3,AAA,02,2017-10-10,5.8,190
112569,17欣旺03,欣旺达电子股份有限公司,3,AA+,02,2017-10-10,6.1,190
112570,17晨债01,山东晨鸣纸业集团股份有限公司,5,AA+,02,2017-09-29,6.5,190
112571,17深投02,深圳市投资控股有限公司,5,AAA,02,2017-09-18,4.63,190
112572,17华讯03,华讯方舟科技有限公司,3,AA,02,2017-10-23,7,190
112573,17西煤01,山西焦煤能源集团股份有限公司,5,AAA,02,2017-09-28,4.9,190
112574,17南都01,浙江南都电源动力股份有限公司,3,AA,02,2017-10-25,5.98,190
112575,17格林债,格林美股份有限公司,5,AA,02,2017-09-27,6.27,190
112576,17齐科01,山东齐悦科技有限公司,5,AA,02,2017-09-11,7.1,190
112577,17宝安02,中国宝安集团股份有限公司,5,AAA,02,2017-09-27,6.08,190
112578,17胜通01,山东胜通集团股份有限公司,5,AA+,02,2017-09-19,7,190
112579,17蒙草G1,内蒙古蒙草生态环境(集团)股份有限公司,3,AAA,02,2017-10-23,5.5,190
112580,17欧菲02,深圳欧菲光科技股份有限公司,3,AA+,02,2017-10-09,5.57,190
112581,17西煤02,山西焦煤能源集团股份有限公司,5,AAA,02,2017-10-25,4.88,190
112582,17深爱债,深圳市爱施德股份有限公司,3,AA,02,2017-09-29,5.98,190
112583,17心化01,河南心连心化学工业集团股份有限公司,3,AA,02,2017-10-11,7,190
112584,17创维P1,创维数码控股有限公司,5,AAA,02,2017-10-23,5.36,190
112585,17桂建01,广西建工集团有限责任公司,5,AAA,02,2017-10-10,6,190
112586,17航技01,中国航空技术深圳有限公司,3,AAA,02,2017-10-09,4.75,190
112587,17越租01,广州越秀融资租赁有限公司,5,AAA,02,2017-10-23,4.92,190
112588,17万维S1,昆仑万维科技股份有限公司,5,AA,02,2017-10-23,7,190
112590,17厦港01,厦门国际港务股份有限公司,5,AAA,02,2017-10-23,4.69,190
112591,17牡资02,牡丹江市国有资产投资控股有限公司,5,AA,02,2017-10-20,6.3,190
112592,17徐工Y1,徐工集团工程机械股份有限公司,18.43,AAA,02,2017-10-23,5.3,190
112593,17未名债,山东未名生物医药股份有限公司,5,AA,02,2017-10-20,6.7,190
112594,17万集03,万达集团股份有限公司,5,AA+,02,2017-10-23,6.98,190
112595,17国信03,国信证券股份有限公司,3,AAA,02,2017-10-31,4.8,190
112596,17瑞康01,瑞康医药集团股份有限公司,3,AA+,02,2017-11-15,5.7,190
112597,17顺丰01,深圳顺丰泰森控股(集团)有限公司,5,AAA,02,2017-11-02,4.6,190
112598,17物美02,物美科技集团有限公司,3,AA+,02,2017-12-05,5.93,190
112599,17昆投02,昆明产业开发投资有限责任公司,6,AA+,02,2017-12-07,5.8,190
112600,H7巴安债,上海巴安水务股份有限公司,5,AA,02,2017-11-08,6.5,190
112601,17正通02,武汉正通联合实业投资集团有限公司,5,AA,02,2017-11-08,7.9,190
112602,17步高01,步步高投资集团股份有限公司,3,AA,02,2017-11-07,7.22,190
112603,17普邦债,广州普邦园林股份有限公司,5,AA,02,2017-12-29,7.5,190
112604,17美尚01,美尚生态景观股份有限公司,5,AAA,02,2017-12-01,5.8,190
112605,17光线01,北京光线传媒股份有限公司,3,AAA,02,2017-11-10,5.3,190
112606,17中利G1,江苏中利集团股份有限公司,3,AA,02,2017-11-08,6.5,190
112607,17滨房01,杭州滨江房产集团股份有限公司,5,AA+,02,2017-11-23,5.8,190
112608,17三圣债,重庆三圣实业股份有限公司,3,AAA,02,2017-11-20,7.33,190
112609,17余投03,余姚市城市建设投资发展有限公司,5,AA+,02,2017-11-17,5.47,190
112610,17制药01,广州市香雪制药股份有限公司,3,AAA,02,2017-12-07,5.6,190
112611,17青信Y1,青岛国信发展(集团)有限责任公司,18.26,AAA,02,2017-12-12,5.7,190
112612,17正邦01,江西正邦科技股份有限公司,5,AAA,02,2017-12-04,5.6,190
112613,17蛇口01,招商局蛇口工业区控股股份有限公司,5,AAA,02,2017-12-04,5.4,190
112614,17蛇口02,招商局蛇口工业区控股股份有限公司,3,AAA,02,2017-12-04,5.2,190
112615,17深能01,深圳能源集团股份有限公司,5,AAA,02,2017-12-01,5.25,190
112616,17深能02,深圳能源集团股份有限公司,3,AAA,02,2017-12-01,5.2,190
112617,17深能G1,深圳能源集团股份有限公司,5,AAA,02,2017-12-04,5.25,190
112618,17四维01,北京四维图新科技股份有限公司,3,AAA,02,2017-12-12,6,190
112619,17中南01,江苏中南建设集团股份有限公司,5,AA+,02,2018-01-02,7.5,190
112620,17制药02,广州市香雪制药股份有限公司,5,AAA,02,2017-12-26,6.1,190
112621,17昆投03,昆明产业开发投资有限责任公司,6,AA+,02,2017-12-18,6.5,190
112622,17千方01,北京千方科技股份有限公司,5,AA,02,2017-12-08,6.5,190
112623,17丽鹏G1,山东中锐产业发展股份有限公司,5,AAA,02,2017-12-20,6.5,190
112624,17鑫能G1,协鑫智慧能源(苏州)有限公司,5,AA,02,2017-12-21,6.5,190
112625,17信邦01,贵州信邦制药股份有限公司,5,AA,02,2018-01-08,6.18,190
112626,17传化01,传化智联股份有限公司,5,AA,02,2017-12-26,6.53,190
112627,17创投S1,深圳市创新投资集团有限公司,5,AAA,02,2017-12-29,5.2,190
112628,17拓日债,深圳市拓日新能源科技股份有限公司,5,AAA,02,2018-01-05,6.5,190
112629,17电科01,中国电子科技集团有限公司,3,AAA,02,2018-01-16,5.28,190
112630,17中南02,江苏中南建设集团股份有限公司,4,AA+,02,2018-01-23,7.2,190
112631,18英唐01,深圳市英唐智能控制股份有限公司,4,AAA,02,2018-02-05,7,190
112632,18一创01,第一创业证券股份有限公司,2,AA+,02,2018-02-12,5.95,190
112633,18一创02,第一创业证券股份有限公司,5,AA+,02,2018-02-12,6.25,190
112634,18侨城01,深圳华侨城股份有限公司,5,AAA,02,2018-03-05,5.59,190
112635,18侨城02,深圳华侨城股份有限公司,7,AAA,02,2018-03-05,5.7,190
112636,18国际P1,深圳国际控股有限公司,5,AAA,02,2018-03-14,5.2,190
112637,18华联01,北京华联商厦股份有限公司,5,AA,02,2018-03-07,7,190
112638,18湘电01,湖南电广传媒股份有限公司,5,AA+,02,2018-03-06,5.95,190
112639,18天齐01,天齐锂业股份有限公司,5,AA+,02,2018-03-15,6.3,190
112640,18万维S1,昆仑万维科技股份有限公司,5,AA,02,2018-03-02,7.5,190
112641,18晨债01,山东晨鸣纸业集团股份有限公司,5,AA+,02,2018-06-05,7.28,190
112642,18侨城03,深圳华侨城股份有限公司,5,AAA,02,2018-04-20,5.54,190
112643,18侨城04,深圳华侨城股份有限公司,7,AAA,02,2018-04-20,5.74,190
112644,18GLPR1,普洛斯中国控股有限公司,9,AAA,02,2018-03-15,5.65,190
112645,18棕榈01,棕榈生态城镇发展股份有限公司,3,AAA,02,2018-03-09,6.26,190
112646,18棕榈02,棕榈生态城镇发展股份有限公司,5,AAA,02,2018-03-09,6.48,190
112647,18招商R1,招商局港口控股有限公司,3,AAA,02,2018-05-09,5.15,190
112648,18桂投01,广西投资集团有限公司,5,AAA,02,2018-05-11,5.87,190
112650,18金科01,金科地产集团股份有限公司,4,AA+,02,2018-03-14,7.2,190
112651,18金科02,金科地产集团股份有限公司,5,AA+,02,2018-03-14,7.5,190
112652,18奥飞01,奥飞娱乐股份有限公司,2,AA,02,2018-03-14,7.5,190
112653,18恒逸R1,恒逸石化股份有限公司,3,AA+,02,2018-03-21,6.47,190
112654,18新泰01,新疆中泰(集团)有限责任公司,5,AA+,02,2018-04-24,6.69,190
112655,18侨城05,深圳华侨城股份有限公司,5,AAA,02,2018-05-11,5.35,190
112656,18侨城06,深圳华侨城股份有限公司,7,AAA,02,2018-05-11,5.5,190
112657,18美年01,美年大健康产业控股股份有限公司,3,AA,02,2018-04-27,6.57,190
112658,18朗姿01,朗姿股份有限公司,5,AAA,02,2018-05-04,7,190
112659,18创投S1,深圳市创新投资集团有限公司,5,AAA,02,2018-04-20,5.58,190
112660,18恒逸01,恒逸石化股份有限公司,3,AA+,02,2018-04-20,6.78,190
112661,18传化01,传化智联股份有限公司,3,AA,02,2018-04-27,7.15,190
112662,18盾安01,浙江盾安人工环境股份有限公司,3,AA,02,2018-04-17,7.3,190
112663,18农四01,新疆可克达拉市国有资本投资运营有限责任公司,5,AA+,02,2018-05-15,6.05,190
112664,18合和01,云南合和(集团)股份有限公司,5,AAA,02,2018-04-20,5.3,190
112665,长兴12A2,中银国际证券股份有限公司,0.67,AAA,10,2023-06-06,3.23,-200
112666,18科伦01,四川科伦药业股份有限公司,2,AA+,02,2018-04-27,5.84,190
112667,18河钢Y1,河钢股份有限公司,2.11,AAA,02,2018-05-10,5.96,190
112668,18中材Y1,中材科技股份有限公司,2.36,AA+,02,2018-05-04,6.48,190
112669,18国购01,国购投资有限公司,5,AA,02,2018-05-24,7.8,190
112670,18GLPR2,普洛斯中国控股有限公司,9,AAA,02,2018-05-18,5.45,190
112671,18九州01,九州证券股份有限公司,2,AA+,02,2018-05-22,6.8,190
112672,18深建01,深圳市特区建设发展集团有限公司,5,AAA,02,2018-06-27,4.85,190
112673,18华明01,华明电力装备股份有限公司,5,AAA,02,2018-06-06,6.38,190
112674,18亚迪01,比亚迪股份有限公司,5,AAA,02,2018-06-04,5.17,190
112675,18厦贸Y1,厦门国贸控股集团有限公司,2.81,AAA,02,2018-05-18,5.8,190
112676,18瑞康01,瑞康医药集团股份有限公司,3,AA+,02,2018-05-28,6.8,190
112677,18创投S2,深圳市创新投资集团有限公司,5,AAA,02,2018-05-14,5.2,190
112678,18蛇口01,招商局蛇口工业区控股股份有限公司,5,AAA,02,2018-05-07,5,190
112679,18蛇口02,招商局蛇口工业区控股股份有限公司,3,AAA,02,2018-05-07,4.83,190
112680,18物美01,物美科技集团有限公司,3,AA+,02,2018-06-06,6.5,190
112681,18恒逸02,恒逸石化股份有限公司,3,AA+,02,2018-05-04,6.43,190
112682,18苏宁01,苏宁易购集团股份有限公司,3,AAA,02,2018-06-08,5.2,190
112683,18圆融01,厦门金圆投资集团有限公司,5,AAA,02,2018-06-05,4.68,190
112684,18联创债,联创电子科技股份有限公司,5,AA,02,2018-06-21,6.7,190
112685,18粤科01,广东省粤科金融集团有限公司,7,AAA,02,2018-05-29,4.97,190
112686,18万维S2,昆仑万维科技股份有限公司,5,AA,02,2018-05-18,7.1,190
112687,18青信Y1,青岛国信发展(集团)有限责任公司,7.03,AAA,02,2018-05-24,5.64,190
112688,18象屿Y1,厦门象屿集团有限公司,0.84,AAA,02,2018-06-08,5.8,190
112689,18厦港01,厦门国际港务有限公司,5,AAA,02,2018-05-17,4.67,190
112690,18广发01,广发证券股份有限公司,3,AAA,02,2018-05-28,4.6,190
112691,18爱康01,江苏爱康科技股份有限公司,3,AA,02,2018-05-17,7.4,160
112692,18GLPR3,普洛斯中国控股有限公司,9,AAA,02,2018-06-01,5.09,190
112693,22温技2C,兴证证券资产管理有限公司,2.9,,10,2023-01-19,,-200
112694,18合和02,云南合和(集团)股份有限公司,5,AAA,02,2018-05-24,4.8,190
112695,18制药01,广州市香雪制药股份有限公司,3,AAA,02,2018-06-13,6.38,190
112697,18苏宁02,苏宁易购集团股份有限公司,3,AAA,02,2018-06-14,5.5,190
112698,18南方01,沃顿科技股份有限公司,5,AAA,02,2018-06-05,5.17,190
112699,18二三01,上海二三四五网络控股集团股份有限公司,3,AAA,02,2018-07-31,6,190
112701,18航技01,中国航空技术深圳有限公司,3,AAA,02,2018-06-04,4.85,190
112703,18深投01,深圳市投资控股有限公司,5,AAA,02,2018-06-05,4.8,190
112705,18东林01,北京东方园林环境股份有限公司,3,AA+,02,2018-06-11,7,190
112707,18岸资01,武汉市江岸国有资产经营管理有限责任公司,5,AA+,02,2018-06-19,5.79,190
112708,18国微01,紫光国芯微电子股份有限公司,5,AAA,02,2018-06-05,5.28,190
112709,18国购02,国购投资有限公司,5,AA,02,2018-06-22,7.8,190
112711,18新泰03,新疆中泰(集团)有限责任公司,5,AA+,02,2018-06-21,7,190
112712,18中山01,中山公用事业集团股份有限公司,5,AA+,02,2018-06-14,5.3,190
112713,18深能01,深圳能源集团股份有限公司,5,AAA,02,2018-06-26,4.8,190
112714,18英唐02,深圳市英唐智能控制股份有限公司,4,AAA,02,2018-07-04,7.5,190
112715,18蛇口03,招商局蛇口工业区控股股份有限公司,5,AAA,02,2018-07-02,5.25,190
112716,18金王01,青岛金王应用化学股份有限公司,5,AAA,02,2018-06-14,7,190
112717,18TCL01,TCL科技集团股份有限公司,5,AAA,02,2018-07-02,5.48,190
112718,18蛇口04,招商局蛇口工业区控股股份有限公司,3,AAA,02,2018-07-02,4.97,190
112719,18电科01,中国电子科技集团有限公司,3,AAA,02,2018-08-10,4.78,160
112720,18信产债,国网信息通信产业集团有限公司,3,AA+,02,2018-08-01,5.1,190
112721,18苏宁03,苏宁易购集团股份有限公司,5,AAA,02,2018-07-11,5.75,190
112722,18通裕01,通裕重工股份有限公司,3,AA,02,2018-07-16,7.5,190
112723,18渤金01,渤海租赁股份有限公司,3,AAA,02,2018-07-06,7,190
112724,18万集01,万达集团股份有限公司,3,AA+,02,2018-08-08,7.5,190
112726,18木森01,木林森股份有限公司,3,AA,02,2018-07-26,7,190
112727,18GLPR5,普洛斯中国控股有限公司,9,AAA,02,2018-08-07,5.2,190
112728,18申宏01,申万宏源集团股份有限公司,5,AAA,02,2018-08-15,4.4,190
112729,18申宏02,申万宏源集团股份有限公司,5,AAA,02,2018-08-15,4.8,190
112730,18粤科02,广东省粤科金融集团有限公司,7,AAA,02,2018-08-27,4.8,190
112731,18粤科03,广东省粤科金融集团有限公司,5,AAA,02,2018-08-27,4.67,190
112732,18航技03,中国航空技术深圳有限公司,3,AAA,02,2018-08-01,4.5,190
112733,18苏宁04,苏宁易购集团股份有限公司,3,AAA,02,2018-08-16,5.7,190
112734,18招路01,招商局公路网络科技控股股份有限公司,3,AAA,02,2018-08-16,4.5,190
112735,18河钢Y2,河钢股份有限公司,1,AAA,02,2018-08-23,5.5,190
112736,18象屿Y2,厦门象屿集团有限公司,2.02,AAA,02,2018-08-16,6,190
112737,18侨集01,华侨城集团有限公司,5,AAA,02,2018-09-03,4.4,190
112738,18侨集02,华侨城集团有限公司,5,AAA,02,2018-09-03,4.77,190
112739,18顺丰01,深圳顺丰泰森控股(集团)有限公司,3,AAA,02,2018-09-03,4.29,190
112740,18国信03,国信证券股份有限公司,3,AAA,02,2018-08-21,3.97,190
112741,19BOEY1,京东方科技集团股份有限公司,,AAA,02,2019-11-08,4,190
112742,18万科01,万科企业股份有限公司,5,AAA,02,2018-08-31,4.05,190
112743,18苏宁05,苏宁易购集团股份有限公司,3,AAA,02,2018-09-12,5.5,190
112744,18圆融02,厦门金圆投资集团有限公司,5,AAA,02,2018-09-05,4.48,190
112745,18英唐03,深圳市英唐智能控制股份有限公司,4,AAA,02,2018-10-30,7.5,190
112746,18国购03,国购投资有限公司,5,AA,02,2018-10-15,7.8,190
112747,18TCL02,TCL科技集团股份有限公司,5,AAA,02,2018-09-26,5.3,190
112748,18亚迪02,比亚迪股份有限公司,4,AAA,02,2018-09-25,5.75,190
112750,18深建02,深圳市特区建设发展集团有限公司,5,AAA,02,2018-09-26,4.39,190
112751,18广发02,广发证券股份有限公司,3,AAA,02,2018-09-11,4.3,190
112752,18智光01,广州智光电气股份有限公司,5,AAA,02,2018-09-17,6.3,190
112753,18牡资01,牡丹江市国有资产投资控股有限公司,5,AA,02,2018-09-21,8.5,190
112754,18穗控Y1,广州金融控股集团有限公司,,AAA,02,2018-09-21,5.28,190
112755,18立业债,深圳市立业集团有限公司,3,AA,02,2018-10-16,6.8,190
112756,18国购04,国购投资有限公司,5,AA,02,2018-10-15,7.8,190
112757,18新化01,新疆中泰化学股份有限公司,5,AA+,02,2018-09-17,6.8,190
112759,18东旭01,东旭集团有限公司,3,AA+,02,2018-09-19,8.18,190
112760,18通裕02,通裕重工股份有限公司,5,AA,02,2018-11-21,7.5,190
112761,18物美02,物美科技集团有限公司,3,AA+,02,2018-10-16,6,190
112763,18青信Y2,青岛国信发展(集团)有限责任公司,3.04,AAA,02,2018-10-15,5.39,190
112764,18恒集01,浙江恒逸集团有限公司,3,AA+,02,2018-10-10,7.5,190
112765,18渤金02,渤海租赁股份有限公司,3,AAA,02,2018-10-08,7,190
112766,18远致01,深圳市资本运营集团有限公司,5,AAA,02,2018-10-10,4.5,190
112767,18美置01,美的置业集团有限公司,3,AA+,02,2018-11-21,7.5,190
112768,18新化03,新疆中泰化学股份有限公司,5,AA+,02,2018-11-12,6.96,190
112770,18阳城01,阳光城集团股份有限公司,3,AA+,02,2018-11-15,7.5,190
112771,18渤金03,渤海租赁股份有限公司,3,AAA,02,2018-10-26,7,190
112772,18航技04,中国航空技术深圳有限公司,3,AAA,02,2018-10-26,4.14,190
112773,18东北债,东北证券股份有限公司,3,AAA,02,2018-11-02,4.5,190
112774,18克明01,克明面业股份有限公司,2,AAA,02,2018-11-02,6.5,190
112775,18华股01,华西证券股份有限公司,4,AAA,02,2018-11-15,4,190
112776,18中海01,中海企业发展集团有限公司,6,AAA,02,2018-11-09,4,190
112777,18顺丰02,深圳顺丰泰森控股(集团)有限公司,3,AAA,02,2018-11-08,4.17,190
112778,2美好4B,招商证券资产管理有限公司,1.99,AA+,10,2023-03-13,4.14,-200
112779,18科伦02,四川科伦药业股份有限公司,5,AA+,02,2018-11-15,5.45,190
112781,18华锦01,北方华锦化学工业股份有限公司,5,AAA,02,2018-12-07,4.18,190
112782,18东旭02,东旭集团有限公司,3,AA+,02,2018-11-12,8.18,190
112783,18渤金04,渤海租赁股份有限公司,3,AAA,02,2018-11-08,7,190
112784,18万科02,万科企业股份有限公司,5,AAA,02,2018-11-19,4.18,190
112785,18恒集02,浙江恒逸集团有限公司,3,AA+,02,2018-11-15,7.35,190
112786,18涪陵01,重庆市涪陵国有资产投资经营集团有限公司,5,AA+,02,2018-11-15,5,190
112787,工鑫18B,中信建投证券股份有限公司,1.01,AAA,10,2023-02-13,3.19,-200
112788,18深纾01,深圳市投资控股有限公司,5,AAA,02,2018-11-09,3.97,160
112789,18深投03,深圳市投资控股有限公司,3,AAA,02,2018-11-09,4.05,190
112791,18翰宇02,深圳翰宇药业股份有限公司,5,AAA,02,2018-11-27,6.3,190
112792,18海能01,海能达通信股份有限公司,3,AAA,02,2018-11-29,6.5,190
112793,18恒集03,浙江恒逸集团有限公司,3,AA+,02,2018-11-28,6.9,190
112794,18厦港02,厦门国际港务有限公司,5,AAA,02,2018-12-07,4.08,190
112795,18捷成01,北京捷成世纪科技股份有限公司,3,AA,02,2018-11-29,7.5,190
112796,19伊犁01,新疆可克达拉市国有资本投资运营有限责任公司,5,AA+,02,2019-03-15,4.78,190
112797,18圆纾01,厦门金圆投资集团有限公司,5,AAA,02,2018-12-07,4.15,160
112798,18国际P2,深圳国际控股有限公司,5,AAA,02,2018-12-12,4.15,190
112799,18苏宁06,苏宁易购集团股份有限公司,3,AAA,02,2018-12-20,4.7,190
112800,18苏宁07,苏宁易购集团股份有限公司,5,AAA,02,2018-12-20,4.9,190
112801,H8龙控05,深圳市龙光控股有限公司,4,AAA,02,2018-12-28,5.98,190
112802,18电科02,中国电子科技集团有限公司,3,AAA,02,2019-01-08,3.97,190
112803,18恒集04,浙江恒逸集团有限公司,3,AA+,02,2018-12-07,7.3,190
112804,18清PGY1,山高新能源集团有限公司,3.04,AA+,02,2018-12-14,6.5,190
112805,18中联01,中联重科股份有限公司,5,AAA,02,2018-12-24,4.65,190
112806,18深能Y1,深圳能源集团股份有限公司,1.96,AAA,02,2018-12-17,4.65,190
112807,18宜健01,宜华健康医疗股份有限公司,3,AAA,02,2018-12-19,6.5,190
112808,18海集Y1,中国国际海运集装箱集团股份有限公司,3.99,AAA,02,2019-01-04,4.85,190
112809,18航空01,海航航空集团有限公司,5,AA,02,2018-12-19,7.8,190
112810,18渤租05,渤海租赁股份有限公司,3,AAA,02,2018-12-19,7,190
112811,18通裕03,通裕重工股份有限公司,5,AA,02,2018-12-24,7.5,190
112812,18申证03,申万宏源证券有限公司,5,AAA,02,2018-12-24,4.08,190
112813,GC曹03A2,华泰证券(上海)资产管理有限公司,1.78,AAA,10,2023-04-03,3.7,-200
112814,18徐工Y1,徐工集团工程机械股份有限公司,2.88,AAA,02,2018-12-24,4.8,190
112815,18穗控Y2,广州金融控股集团有限公司,2.88,AAA,02,2019-01-18,4.61,190
112816,18穗控Y3,广州金融控股集团有限公司,1.68,AAA,02,2019-01-18,4.99,190
112817,18怡亚01,深圳市怡亚通供应链股份有限公司,3,AAA,02,2018-12-24,5.8,190
112818,18怡亚02,深圳市怡亚通供应链股份有限公司,3,AAA,02,2018-12-24,6.4,190
112819,18涪陵Y1,重庆市涪陵国有资产投资经营集团有限公司,3.04,AA+,02,2019-01-17,5.48,190
112820,葛洲坝1A,中信证券股份有限公司,1,AAA,10,2023-02-06,2.9,-200
112821,18天马01,天马微电子股份有限公司,5,AAA,02,2019-01-09,4.05,190
112822,18南集01,中国南山开发(集团)股份有限公司,5,AAA,02,2018-12-27,4.03,190
112823,19深投02,深圳市投资控股有限公司,3,AAA,02,2019-08-15,3.48,190
112824,19中环02,TCL中环新能源科技股份有限公司,6,AA+,02,2019-08-19,5.75,190
112825,18鲁西01,鲁西化工集团股份有限公司,5,AA+,02,2019-01-16,4.58,190
112826,18海能02,海能达通信股份有限公司,3,AAA,02,2019-01-04,5.5,190
112827,18卓越06,深圳市卓越商业管理有限公司,3,AAA,02,2019-01-25,6.64,190
112828,18智光02,广州智光电气股份有限公司,4,AA,02,2019-01-08,6.8,190
112829,19东林02,北京东方园林环境股份有限公司,2,AA+,02,2019-02-28,7.5,190
112830,18越租01,广州越秀融资租赁有限公司,5,AAA,02,2019-01-22,4.68,190
112831,18天健Y1,深圳市天健(集团)股份有限公司,3,AAA,02,2019-01-08,5.96,190
112832,诚17微A1,上海国泰君安证券资产管理有限公司,1.69,AAA,10,2023-01-10,5,-200
112833,18电科03,中国电子科技集团有限公司,3,AAA,02,2019-02-01,3.95,190
112834,18航新S,广州航新航空科技股份有限公司,3,AAA,02,2019-01-11,6.3,190
112835,18阳城02,阳光城集团股份有限公司,3,AA+,02,2019-01-22,7.5,190
112836,18赛格01,深圳赛格股份有限公司,3,AAA,02,2019-01-18,4.6,190
112837,18赛格02,深圳赛格股份有限公司,1.5,AAA,02,2019-01-18,4.15,190
112838,19美置01,美的置业集团有限公司,3,AA+,02,2019-01-18,7,190
112839,19越租01,广州越秀融资租赁有限公司,5,AAA,02,2019-02-14,4.1,190
112840,19申证01,申万宏源证券有限公司,3,AAA,02,2019-01-21,3.55,190
112842,19东林01,北京东方园林环境股份有限公司,2,AA+,02,2019-01-29,7.5,190
112843,19岸资01,武汉市江岸国有资产经营管理有限责任公司,5,AA+,02,2019-01-30,4.35,190
112844,19万科01,万科企业股份有限公司,5,AAA,02,2019-03-12,3.65,190
112845,19中海01,中海企业发展集团有限公司,6,AAA,02,2019-02-15,3.47,190
112846,19中海02,中海企业发展集团有限公司,7,AAA,02,2019-02-15,3.75,190
112847,19长城01,长城证券股份有限公司,3,AAA,02,2019-02-25,3.67,190
112849,19牧原01,牧原食品股份有限公司,3,AA+,02,2019-02-13,7,190
112850,19珠控01,珠海华发投资控股集团有限公司,5,AAA,02,2019-02-22,4.59,190
112851,19山证01,山西证券股份有限公司,3,AA+,02,2019-03-05,4.1,190
112852,19航空01,海航航空集团有限公司,5,AA,02,2019-02-01,7.8,190
112853,19潍投01,潍坊市投资集团有限公司,5,AA+,02,2019-04-10,5.1,190
112854,19亚迪01,比亚迪股份有限公司,5,AAA,02,2019-03-13,4.6,190
112856,19美置02,美的置业集团有限公司,3,AA+,02,2019-03-18,6.5,190
112857,19广发03,广发证券股份有限公司,3,AAA,02,2019-03-25,3.7,190
112859,19阳城01,阳光城集团股份有限公司,3,AA+,02,2019-03-21,7.5,190
112860,19中环01,TCL中环新能源科技股份有限公司,6,AA+,02,2019-03-25,6,190
112861,19中山01,中山公用事业集团股份有限公司,5,AA+,02,2019-03-18,4,190
112862,19天马01,天马微电子股份有限公司,5,AAA,02,2019-04-03,3.94,190
112863,19华股01,华西证券股份有限公司,5,AAA,02,2019-04-10,3.88,190
112864,19申证03,申万宏源证券有限公司,3,AAA,02,2019-03-22,3.68,190
112866,19金科01,金科地产集团股份有限公司,4,AAA,02,2019-03-27,6.9,190
112868,19穗控Y1,广州金融控股集团有限公司,1.01,AAA,02,2019-03-29,4.6,190
112871,19珠纾02,珠海华发投资控股集团有限公司,5,AAA,02,2019-04-03,4.19,160
112872,19GLPR1,普洛斯中国控股有限公司,9,AAA,02,2019-04-15,4.35,190
112874,19物美01,物美科技集团有限公司,3,AA+,02,2019-06-19,4.3,190
112875,H9龙控01,深圳市龙光控股有限公司,5,AAA,02,2019-04-10,5.5,190
112876,19太阳G1,中节能太阳能股份有限公司,5,AAA,02,2019-04-17,4.2,190
112878,19侨城01,深圳华侨城股份有限公司,5,AAA,02,2019-04-09,3.88,190
112880,19桂投01,广西投资集团有限公司,5,AAA,02,2019-04-03,4.5,190
112882,19魏桥01,山东魏桥铝电有限公司,5,AAA,02,2019-04-10,6,190
112883,19恒逸01,恒逸石化股份有限公司,3,AA+,02,2019-04-09,6.38,190
112884,19宝龙01,上海宝龙实业发展(集团)有限公司,2,AA+,02,2019-04-10,7.2,190
112885,19阳城02,阳光城集团股份有限公司,3,AA+,02,2019-04-18,7.5,190
112886,19侨集01,华侨城集团有限公司,5,AAA,02,2019-04-26,3.93,190
112888,19华菱01,湖南钢铁集团有限公司,3,AAA,02,2019-04-25,4.57,190
112890,19涪陵Y1,重庆市涪陵国有资产投资经营集团有限公司,0.95,AA+,02,2019-05-09,5.35,190
112891,铁保16A3,中银国际证券股份有限公司,2.99,AAA,10,2023-02-16,3.88,-200
112892,19宝德01,深圳市宝德投资控股有限公司,3,AAA,02,2019-11-29,6,190
112893,19深投03,深圳市投资控股有限公司,3,AAA,02,2019-11-11,3.65,190
112894,19科伦01,四川科伦药业股份有限公司,5,AA+,02,2019-04-30,4.5,190
112896,盈峰01优,长城证券股份有限公司,3,AA+,10,2023-01-20,4.5,-200
112897,19润租02,华润融资租赁有限公司,3,AA+,02,2019-05-23,4.5,190
112898,19莞纾01,东莞金融控股集团有限公司,5,AA+,02,2019-05-16,4.55,160
112899,19三聚Y1,北京三聚环保新材料股份有限公司,3,AAA,02,2019-05-20,7,190
112900,19七狼01,福建七匹狼集团有限公司,3,AA+,02,2019-05-23,5.99,190
112901,19申证05,申万宏源证券有限公司,3,AAA,02,2019-05-17,3.88,190
112903,19电科01,苏州电器科学研究院股份有限公司,3,AAA,02,2019-05-27,5,190
112904,22申证07,申万宏源证券有限公司,3,AAA,02,2022-05-30,2.78,190
112905,19TCL01,TCL科技集团股份有限公司,5,AAA,02,2019-06-06,4.33,190
112906,19广基01,广州产业投资基金管理有限公司,5,AAA,02,2019-06-10,4.06,190
112907,19深湾01,深圳市投资控股有限公司,5,AAA,02,2019-06-03,3.72,190
112908,19沃尔01,深圳市沃尔核材股份有限公司,3,AAA,02,2019-06-06,5.29,190
112909,19石榴03,石榴置业集团有限公司,5,AA,02,2019-06-13,7.8,190
112910,19恒逸02,恒逸石化股份有限公司,3,AA+,02,2019-06-17,6.5,190
112911,星惠10A,财通证券资产管理有限公司,1.07,AAA,10,2023-02-16,3.75,-200
112912,19恒达01,珠海恒基达鑫国际化工仓储股份有限公司,3,AAA,02,2019-06-19,5.5,190
112913,19英唐01,深圳市英唐智能控制股份有限公司,4,AAA,02,2019-07-12,6.6,190
112914,19荣盛G1,荣盛石化股份有限公司,2,AA+,02,2019-12-02,5.42,190
112915,19深投01,深圳市投资控股有限公司,3,AAA,02,2019-06-26,3.75,190
112916,19潍投02,潍坊市投资集团有限公司,5,AA+,02,2019-07-22,5.48,190
112917,19润资01,华润资产管理有限公司,3,AAA,02,2019-07-03,3.9,190
112918,19亚迪Y1,比亚迪股份有限公司,12.16,AAA,02,2019-07-04,6.2,190
112920,19泛控01,泛海控股股份有限公司,3,AA+,02,2019-08-01,7.5,190
112921,19蛇口01,招商局蛇口工业区控股股份有限公司,5,AAA,02,2019-07-04,4.21,190
112922,19蛇口02,招商局蛇口工业区控股股份有限公司,3,AAA,02,2019-07-04,3.75,190
112923,H9国厚01,国厚资产管理股份有限公司,6,AA+,02,2019-07-04,7,190
112924,H9金科03,金科地产集团股份有限公司,3,AAA,02,2019-07-16,6.5,190
112926,19万集01,万达集团股份有限公司,3,AA+,02,2019-07-22,6.8,190
112927,19中联01,中联重科股份有限公司,5,AAA,02,2019-07-19,4,190
112928,19华菱03,湖南钢铁集团有限公司,5,AAA,02,2019-07-22,4.14,190
112929,19蛇口03,招商局蛇口工业区控股股份有限公司,5,AAA,02,2019-07-24,4.13,190
112930,19蛇口04,招商局蛇口工业区控股股份有限公司,3,AAA,02,2019-07-24,3.58,190
112931,19渝债01,重庆渝开发股份有限公司,5,AAA,02,2019-07-26,3.95,190
112932,19长城03,长城证券股份有限公司,3,AAA,02,2019-07-26,3.69,190
112934,19新兴01,新兴铸管股份有限公司,5,AAA,02,2019-07-29,3.98,190
112935,19物美02,物美科技集团有限公司,3,AAA,02,2019-07-30,4.2,190
112937,19皖能01,安徽省皖能股份有限公司,3,AAA,02,2019-08-01,3.67,190
112938,19TCL02,TCL科技集团股份有限公司,5,AAA,02,2019-08-06,4.3,190
112939,19电建01,中国电建地产集团有限公司,5,AA+,02,2019-08-02,4.27,190
112940,19昆仑01,中国石油集团资本股份有限公司,3,AAA,02,2019-08-05,3.55,190
112942,19中骏01,厦门中骏集团有限公司,4,AA+,02,2019-08-06,6.95,190
112943,19华南01,华南国际工业原料城深圳有限公司,3,AA+,02,2019-08-08,8,190
112944,19华南02,华南国际工业原料城深圳有限公司,3,AA+,02,2019-08-09,8,190
112945,19桂纾01,广西投资集团有限公司,5,AAA,02,2019-08-12,3.89,190
112946,19亚迪03,比亚迪股份有限公司,5,AAA,02,2019-08-15,4.8,190
112947,19太钢01,太原钢铁(集团)有限公司,3,AAA,02,2019-08-20,3.5,190
112948,19太钢02,太原钢铁(集团)有限公司,5,AAA,02,2019-08-20,3.88,190
112949,19特发01,深圳市特发集团有限公司,5,AA+,02,2019-08-21,3.78,190
112950,19石榴04,石榴置业集团有限公司,5,AA,02,2019-08-26,7.8,190
112951,19投资01,信达投资有限公司,5,AAA,02,2019-08-30,3.89,190
112952,19投资02,信达投资有限公司,5,AAA,02,2019-08-30,4.27,190
112953,19南集01,中国南山开发(集团)股份有限公司,5,AAA,02,2019-09-03,3.6,190
112954,19珠控02,珠海华发投资控股集团有限公司,5,AAA,02,2019-08-30,3.83,190
112955,19广基02,广州产业投资基金管理有限公司,5,AAA,02,2019-09-04,3.88,190
112957,19物美04,物美科技集团有限公司,3,AAA,02,2019-09-03,4.19,190
112959,19老窖01,泸州老窖股份有限公司,5,AAA,02,2019-09-04,3.58,190
112960,19深能Y1,深圳能源集团股份有限公司,0.86,AAA,02,2019-09-06,3.95,190
112961,19苏投S1,江苏高科技投资集团有限公司,5,AAA,02,2019-09-06,3.84,190
112962,19深建01,深圳市特区建设发展集团有限公司,5,AAA,02,2019-09-10,3.55,190
112963,19温氏01,温氏食品集团股份有限公司,5,AAA,02,2019-09-16,3.8,190
112964,19海康01,中电海康集团有限公司,3,AAA,02,2019-09-11,3.4,190
112965,19粤控01,广东粤海控股集团有限公司,5,AAA,02,2019-09-19,3.7,190
112966,19粤控02,广东粤海控股集团有限公司,10,AAA,02,2019-09-19,4.4,190
112967,19福投01,福建省投资开发集团有限责任公司,10,AAA,02,2019-09-25,4.42,190
112968,19信利S1,信利光电股份有限公司,3,AAA,02,2019-09-19,5.2,190
112969,19中电科,中国电子科技集团有限公司,7,AAA,02,2019-09-25,3.88,190
112970,19鲁机场,山东省机场管理集团有限公司,5,AA+,02,2019-09-23,3.8,190
112971,19物美06,物美科技集团有限公司,3,AAA,02,2019-09-30,4,190
112972,19物美07,物美科技集团有限公司,3,AAA,02,2019-09-30,4.5,190
112973,19顺丰01,深圳顺丰泰森控股(集团)有限公司,3,AAA,02,2019-09-26,3.69,190
112974,19华菱04,湖南钢铁集团有限公司,5,AAA,02,2019-10-08,4.28,190
112975,19华媒01,浙江华媒控股股份有限公司,5,AA+,02,2019-10-10,4.5,190
112976,19万科02,万科企业股份有限公司,5,AAA,02,2019-10-10,3.55,190
112977,19宜运01,湖北三峡旅游集团股份有限公司,5,AA,02,2019-10-09,5.2,190
112978,19启迪G2,启迪环境科技发展股份有限公司,8,AA+,02,2019-10-15,6.5,190
112979,19海集01,中国国际海运集装箱集团股份有限公司,3,AAA,02,2019-10-22,3.63,190
112980,19燃投01,中燃投资有限公司,5,AAA,02,2019-10-25,3.85,190
112982,19长城05,长城证券股份有限公司,2,AAA,02,2019-10-28,3.4,190
112983,19TCL03,TCL科技集团股份有限公司,5,AAA,02,2019-10-29,4.2,190
112984,19海普01,深圳市海普瑞药业集团股份有限公司,3,AA+,02,2019-11-01,6.5,190
112985,19恒集01,浙江恒逸集团有限公司,3,AA+,02,2019-11-04,7.45,190
112986,19华股02,华西证券股份有限公司,4,AAA,02,2019-10-29,3.48,190
112988,19CATL01,宁德时代新能源科技股份有限公司,5,AAA,02,2019-11-04,3.68,190
112989,禾昱三3D,平安证券股份有限公司,2.03,,10,2023-03-01,,-200
112990,19北港01,广西北部湾国际港务集团有限公司,5,AAA,02,2019-11-11,4.24,190
112992,19物美08,物美科技集团有限公司,3,AAA,02,2019-11-15,3.99,190
112993,19物美09,物美科技集团有限公司,3,AAA,02,2019-11-15,4.5,190
112994,19山路01,山东高速路桥集团股份有限公司,5,AA+,02,2019-11-21,3.98,190
112995,19泛控02,泛海控股股份有限公司,3,AA+,02,2020-01-15,7.5,190
112996,19海康02,中电海康集团有限公司,3,AAA,02,2019-11-25,3.6,190
112997,H9中南03,江苏中南建设集团股份有限公司,9,AA+,02,2019-11-28,7.6,190
112998,19海控02,海南省发展控股有限公司,5,AAA,02,2019-11-29,3.69,190
112999,19河钢01,河钢股份有限公司,5,AAA,02,2019-12-09,4.08,190
114699,20华昌置,华昌达智能装备集团股份有限公司,1,,02,2020-03-23,8.5,190
115000,23漳九02,漳州市九龙江集团有限公司,5,AAA,02,2023-03-13,3.7,90
115002,国安债1,中信国安信息产业股份有限公司,6,AA+,06,2007-09-25,1.2,130
115003,中兴债1,中兴通讯股份有限公司,5,AAA,06,2008-02-22,0.8,130
115004,23海通04,海通证券股份有限公司,3,AAA,02,2023-03-09,3.26,90
115005,23财通G1,无锡财通融资租赁有限公司,5,AAA,02,2023-03-16,3.78,90
115007,23国创G1,昆山国创投资集团有限公司,3,,02,2023-03-10,3.59,90
115009,23咸金01,咸阳金融控股集团有限公司,5,AAA,02,2023-03-17,6.5,90
115010,23中铁01,中国铁建房地产集团有限公司,5,,02,2023-03-20,3.84,90
115011,23陆债01,上海陆家嘴金融贸易区开发股份有限公司,5,,02,2023-03-22,3.24,90
115012,23粤港01,广州港股份有限公司,3,AAA,02,2023-03-20,3,90
115014,23秦发01,秦皇岛城市发展投资控股集团有限公司,5,AAA,02,2023-03-16,3.8,90
115015,23黄发02,黄石市城市发展投资集团有限公司,5,,02,2023-04-24,5.08,90
115016,23中原01,中原证券股份有限公司,3,,02,2023-03-16,3.68,90
115017,23惠控01,无锡市惠山国有投资控股集团有限公司,5,,02,2023-03-23,3.85,90
115018,23象金01,厦门象屿金象控股集团有限公司,2,AAA,02,2023-03-16,3.98,90
115019,23红塔03,红塔证券股份有限公司,2,,02,2023-03-16,3.25,90
115020,23中证G4,中信证券股份有限公司,2,AAA,02,2023-03-16,3.01,90
115021,23中证G5,中信证券股份有限公司,5,AAA,02,2023-03-16,3.32,90
115023,23浙交K1,浙江省交通投资集团有限公司,2,,02,2023-03-24,2.9,90
115024,23巴中G1,巴中市国有资本运营集团有限公司,3,AAA,02,2023-03-20,6,90
115026,23穗建04,广州市城市建设开发有限公司,7,AAA,02,2023-03-29,3.4,90
115027,23安租03,平安国际融资租赁有限公司,2,AAA,02,2023-03-22,3.3,90
115028,23安租04,平安国际融资租赁有限公司,4,AAA,02,2023-03-20,4.2,90
115029,23渝合G1,重庆市合川城市建设投资(集团)有限公司,5,,02,2023-03-20,6,90
115030,23创元01,苏州创元投资发展(集团)有限公司,3,,02,2023-03-31,3.49,90
115031,23航租01,中航国际融资租赁有限公司,3,AAA,02,2023-04-13,3.22,90
115032,23江公01,南京江北新区公用控股集团有限公司,3,AA+,02,2023-03-23,3.7,90
115034,23财券G2,财通证券股份有限公司,3,AAA,02,2023-03-17,3.24,90
115035,23中邮01,中邮证券有限责任公司,3,AAA,02,2023-03-23,3,90
115037,23江宁01,南京江宁国有资产经营集团有限公司,3,,02,2023-03-21,3.5,90
115039,23诚通01,中国诚通控股集团有限公司,3,AAA,02,2023-03-22,3.35,90
115040,23诚通02,中国诚通控股集团有限公司,5,AAA,02,2023-03-22,3.55,90
115041,23宁安01,南京安居建设集团有限责任公司,5,,02,2023-03-15,3.29,90
115042,G23粤风2,广东省风力发电有限公司,5,AAA,02,2023-03-27,3.15,90
115043,23沿海G1,南通沿海开发集团有限公司,5,AAA,02,2023-03-17,3.55,90
115044,23金坛01,江苏金坛国发国际投资发展有限公司,3,AA+,02,2023-03-20,4.59,90
115045,中色YK02,中国有色矿业集团有限公司,,AAA,02,2023-03-15,3.54,90
115046,中色YK03,中国有色矿业集团有限公司,,AAA,02,2023-03-15,4.03,90
115047,23渝富01,重庆渝富控股集团有限公司,5,AAA,02,2023-03-20,3.48,90
115048,23渝富02,重庆渝富控股集团有限公司,10,AAA,02,2023-03-20,4.19,90
115050,中核YK01,中国核工业集团有限公司,,AAA,02,2023-03-20,3.3,90
115051,中核YK02,中国核工业集团有限公司,,AAA,02,2023-03-20,3.65,90
115052,23沪控01,上海城投控股股份有限公司,5,,02,2023-03-22,3.23,90
115053,23佛建Y1,佛山市建设发展集团有限公司,,AA+,02,2023-03-21,3.9,90
115054,23渝物02,重庆国际物流枢纽园区建设有限责任公司,3,,02,2023-03-20,5.8,90
115056,建工KY01,北京建工集团有限责任公司,,AAA,02,2023-03-24,3.4,90
115058,23蓉投01,成都城建投资管理集团有限责任公司,5,,02,2023-03-23,3.1,90
115059,23咸金02,咸阳金融控股集团有限公司,4,,02,2023-04-11,7.5,90
115060,23开源01,开源证券股份有限公司,2,,02,2023-03-16,3.07,90
115061,23动能01,山东省新动能基金管理有限公司,5,AAA,02,2023-03-22,3.65,90
115062,23首股03,北京首都开发股份有限公司,5,,02,2023-03-20,4.1,90
115064,23浙商01,浙商证券股份有限公司,3,AAA,02,2023-03-21,3.27,90
115065,23津投05,天津城市基础设施建设投资集团有限公司,1.02,AAA,02,2023-03-24,7.7,90
115066,23产投01,陕西省产业投资有限公司,3,AAA,02,2023-03-27,4.2,90
115067,交筑YK01,中交建筑集团有限公司,,AAA,02,2023-03-17,3.39,90
115069,23安控05,厦门安居控股集团有限公司,3,,02,2023-03-23,3.7,90
115070,23知投Y1,知识城(广州)投资集团有限公司,,AAA,02,2023-03-27,3.93,90
115072,23联发01,联发集团有限公司,6,AAA,02,2023-03-23,4.18,90
115073,23联发02,联发集团有限公司,6,AAA,02,2023-03-23,4.68,90
115076,23厦贸04,厦门国贸控股集团有限公司,5,,02,2023-03-23,3.72,90
115077,23京投02,北京市基础设施投资有限公司,3,AAA,02,2023-03-30,3.08,90
115078,23大众01,大众交通(集团)股份有限公司,2,AAA,02,2023-03-22,3.35,90
115079,23港务Y1,厦门港务控股集团有限公司,,AAA,02,2023-03-23,3.56,90
115080,23发展Y1,五矿发展股份有限公司,,AA+,02,2023-03-28,4.7,90
115082,23沪城01,上海城建(集团)有限公司,5,,02,2023-03-23,3.12,90
115085,23老窖01,泸州老窖集团有限责任公司,3,AAA,02,2023-03-24,3.18,90
115088,23株国03,株洲市国有资产投资控股集团有限公司,2,,02,2023-03-22,4.97,90
115089,GY天成01,华能天成融资租赁有限公司,,AAA,02,2023-03-30,3.9,90
115090,GC融和06,中电投融和融资租赁有限公司,2,AAA,02,2023-04-20,3.14,90
115092,23东证03,东方证券股份有限公司,5,AAA,02,2023-03-28,3.32,90
115093,23鄂旅01,湖北文化旅游集团有限公司,5,AAA,02,2023-04-19,3.63,90
115094,23中银01,中银国际证券股份有限公司,3,AAA,02,2023-03-27,3.14,90
115095,23环球Y1,中国环球租赁有限公司,,AAA,02,2023-03-30,4.8,90
115096,23延长Y2,陕西延长石油(集团)有限责任公司,,AAA,02,2023-03-28,3.54,90
115097,23漳九03,漳州市九龙江集团有限公司,5,AAA,02,2023-04-12,3.46,90
115098,23张江K1,上海张江高科技园区开发股份有限公司,4,,02,2023-03-27,3,90
115100,H23番雅1,广州番禺雅居乐房地产开发有限公司,2,AAA,02,2023-03-31,7.5,90
115101,H23番雅2,广州番禺雅居乐房地产开发有限公司,2,AAA,02,2023-03-31,5,90
115102,GC风电K1,中节能风力发电股份有限公司,5,AA+,02,2023-03-29,3.18,90
115103,23江建01,江门市交通建设投资集团有限公司,3,AA,02,2023-03-30,3.56,90
115104,23海通05,海通证券股份有限公司,2,AAA,02,2023-03-29,2.97,90
115105,23海通06,海通证券股份有限公司,3,AAA,02,2023-03-29,3.1,90
115106,23陕广01,陕西广电融媒体集团有限公司,3,AA+,02,2023-03-29,4.15,90
115107,23相城01,苏州市相城城市建设投资(集团)有限公司,3,AAA,02,2023-04-12,3.33,90
115108,23平煤02,平顶山天安煤业股份有限公司,5,AA,02,2023-03-30,4.48,90
115109,23光证G2,光大证券股份有限公司,1.03,AAA,02,2023-03-28,2.75,90
115110,23蓉高01,成都高新投资集团有限公司,6,AAA,02,2023-03-27,3.2,90
115111,23天信Y1,天府信用增进股份有限公司,,AAA,02,2023-04-07,3.95,90
115114,23赣交K1,江西省交通投资集团有限责任公司,3,AAA,02,2023-03-28,3.07,90
115115,23伟驰02,伟驰控股集团有限公司,3,AA+,02,2023-03-30,4.2,90
115116,23扬子G1,南京扬子国资投资集团有限责任公司,3,AAA,02,2023-04-14,3,90
115118,23创控01,昆山创业控股集团有限公司,3,AA+,02,2023-03-28,3.29,90
115120,H23汽车1,广汇汽车服务有限责任公司,2,AA+,02,2023-04-06,7.7,90
115121,23国发K1,苏州国际发展集团有限公司,3,,02,2023-04-14,3.1,90
115122,23珠江01,广州珠江实业集团有限公司,3,AA+,02,2023-04-03,3.65,90
115123,23珠江02,广州珠江实业集团有限公司,5,AAA,02,2023-04-03,4.18,90
115124,23三友01,唐山三友化工股份有限公司,3,AAA,02,2023-05-31,3.68,90
115125,23方程01,中建方程投资发展集团有限公司,3,AA+,02,2023-03-31,3.38,90
115126,23济金01,济南金投控股集团有限公司,5,,02,2023-04-13,4.2,90
115128,23贵控01,贵阳产业发展控股集团有限公司,5,,02,2023-03-31,6,90
115130,23津投06,天津城市基础设施建设投资集团有限公司,1.02,AAA,02,2023-04-03,7.68,90
115131,23浦房01,上海市浦东新区房地产(集团)有限公司,5,,02,2023-03-30,3.2,90
115133,华电YK04,中国华电集团有限公司,,AAA,02,2023-03-31,3.4,90
115134,23苏资01,江苏资产管理有限公司,3,,02,2023-04-19,3.4,90
115136,23张投G2,张家港市城市投资发展集团有限公司,5,AAA,02,2023-04-20,3.7,90
115137,23宏洋02,中海宏洋地产集团有限公司,5,AAA,02,2023-04-07,3.8,90
115139,23杭租01,杭州金投融资租赁有限公司,3,AAA,02,2023-04-17,3.5,90
115140,23杭金01,杭州市金融投资集团有限公司,5,AAA,02,2023-04-13,3.28,90
115141,23保利01,保利发展控股集团股份有限公司,5,AAA,02,2023-03-31,3.2,90
115144,23山钢02,山东钢铁集团有限公司,3,,02,2023-04-12,2.95,90
115145,23浦开02,上海浦东开发(集团)有限公司,3,,02,2023-04-13,3.18,90
115146,23建集Y1,厦门建发集团有限公司,,AAA,02,2023-04-10,4.5,90
115148,路建YK01,中交路桥建设有限公司,,AAA,02,2023-04-14,3.31,90
115149,23元禾K1,苏州元禾控股股份有限公司,5,AAA,02,2023-04-19,3.3,90
115150,23元禾K2,苏州元禾控股股份有限公司,5,AAA,02,2023-04-19,3.5,90
115151,23永钢01,江苏永钢集团有限公司,5,,02,2023-04-18,5,90
115153,23渝物05,重庆国际物流枢纽园区建设有限责任公司,3,,02,2023-04-19,5.5,90
115155,GC国铁SK,中国铁路投资集团有限公司,1,A-1,02,2023-04-11,2.62,90
115156,23娄城G1,太仓娄城高新集团有限公司,5,,02,2023-04-11,3.5,90
115157,23宏河债,山东宏河控股集团有限公司,3,,02,2023-04-07,6.8,90
115159,GC华租02,华电融资租赁有限公司,2,AAA,02,2023-05-22,3.05,90
115160,23路桥Y1,厦门路桥建设集团有限公司,,AAA,02,2023-04-11,3.53,90
115161,23太新Y1,无锡市太湖新城发展集团有限公司,,AAA,02,2023-04-14,3.69,90
115162,23三峡Y1,重庆三峡融资担保集团股份有限公司,,AAA,02,2023-04-14,4.6,90
115163,23东财01,东营市财金投资集团有限公司,5,AA+,02,2023-04-24,5.8,90
115165,23建控G1,扬州建工控股集团有限公司,5,AAA,02,2023-04-11,3.86,90
115166,23昆租01,昆明市安居集团有限公司,2,AA+,02,2023-04-10,6.5,90
115168,23财金02,山东省财金投资集团有限公司,3,AAA,02,2023-04-13,3.57,90
115169,23光明01,光明食品(集团)有限公司,3,,02,2023-04-11,3.1,90
115170,23张江一,上海张江(集团)有限公司,5,,02,2023-04-13,3.1,90
115171,23保置03,保利置业集团有限公司,5,AAA,02,2023-04-11,3.47,90
115172,23保置04,保利置业集团有限公司,7,AAA,02,2023-04-11,3.88,90
115173,23山能01,山东能源集团有限公司,3,,02,2023-05-04,3.18,90
115174,23山能02,山东能源集团有限公司,5,,02,2023-05-04,3.49,90
115175,23住总01,北京住总集团有限责任公司,5,,02,2023-04-13,3.4,90
115176,23恒信K1,海通恒信国际融资租赁股份有限公司,3,AAA,02,2023-04-20,3.9,90
115177,23亦庄01,北京亦庄国际投资发展有限公司,5,AAA,02,2023-04-11,3.45,90
115179,23穗投01,广州产业投资控股集团有限公司,3,AAA,02,2023-04-12,3.09,90
115182,23先导01,长沙先导投资控股集团有限公司,5,,02,2023-04-11,3.6,90
115184,23唐山01,唐山控股发展集团股份有限公司,3,AAA,02,2023-04-12,5,90
115185,23国发01,苏州国际发展集团有限公司,3,,02,2023-04-19,3.05,90
115187,23狮桥01,狮桥融资租赁(中国)有限公司,2,AA+,02,2023-04-27,5.15,90
115188,23兴业02,兴业证券股份有限公司,3,AAA,02,2023-04-18,3.06,90
115189,23津投07,天津城市基础设施建设投资集团有限公司,2,AAA,02,2023-04-12,7.6,90
115190,23首钢01,首钢集团有限公司,5,AAA,02,2023-04-17,3.23,90
115191,23首钢02,首钢集团有限公司,10,AAA,02,2023-04-17,3.44,90
115192,23国金02,国金证券股份有限公司,2,AAA,02,2023-04-13,3.1,90
115194,23象屿G1,厦门象屿集团有限公司,3,,02,2023-04-13,3.79,90
115195,23象屿G2,厦门象屿集团有限公司,5,,02,2023-04-13,3.92,90
115196,二局YK01,中交第二公路工程局有限公司,,AAA,02,2023-04-13,3.29,90
115197,二局YK02,中交第二公路工程局有限公司,,AAA,02,2023-04-13,3.6,90
115198,23北汽01,北京汽车集团有限公司,3,,02,2023-04-18,3.5,90
115199,23知投Y3,知识城(广州)投资集团有限公司,,AAA,02,2023-04-13,3.99,90
115201,23中财G1,中国中金财富证券有限公司,3,AAA,02,2023-04-19,3.02,90
115202,23中财G2,中国中金财富证券有限公司,5,AAA,02,2023-04-19,3.28,90
115203,23扬州G1,扬州市城建国有资产控股(集团)有限责任公司,3,AAA,02,2023-04-18,3.25,90
115204,23首基01,北京首钢基金有限公司,5,AAA,02,2023-06-30,2.87,90
115205,23宁证01,南京证券股份有限公司,2,AAA,02,2023-04-18,3,90
115206,23江东03,江东控股集团有限责任公司,3,,02,2023-04-14,3.68,90
115207,23豫资02,河南省豫资城乡一体化建设发展集团有限公司,3,,02,2023-04-14,3.38,90
115208,23创投K1,深圳市创新投资集团有限公司,5,,02,2023-04-14,3.75,90
115210,23安租06,平安国际融资租赁有限公司,4,AAA,02,2023-04-20,4.35,90
115211,23中航G2,中航证券有限公司,3,AA+,02,2023-04-14,3.47,90
115216,23鄂交01,湖北交通投资集团有限公司,10,AAA,02,2023-04-19,3.7,90
115217,23远东三,远东国际融资租赁有限公司,2,AAA,02,2023-05-05,4.45,90
115218,GC三资K1,三峡资本控股有限责任公司,3,AAA,02,2023-04-13,3.1,90
115220,23国惠01,山东发展投资控股集团有限公司,5,,02,2023-06-15,3.3,90
115221,23华宝01,华宝投资有限公司,3,,02,2023-04-14,3.15,90
115222,一航YK01,中交第一航务工程局有限公司,,AAA,02,2023-04-25,3.57,90
115224,23财券G4,财通证券股份有限公司,3,AAA,02,2023-04-19,3.05,90
115225,23巨化01,巨化集团有限公司,3,,02,2023-04-18,3.32,90
115227,23兰创02,山西兰花科技创业股份有限公司,5,AA+,02,2023-04-27,3.61,90
115228,23外高01,上海外高桥集团股份有限公司,5,,02,2023-04-19,3.1,90
115229,23信达01,信达证券股份有限公司,3,AAA,02,2023-04-18,3.23,90
115231,23华资02,中国华电集团产融控股有限公司,2,AAA,02,2023-04-20,2.99,90
115232,23苏垦01,江苏省农垦集团有限公司,3,,02,2023-07-13,3,90
115233,23象金02,厦门象屿金象控股集团有限公司,2,AAA,02,2023-04-18,3.75,90
115234,23诚通03,中国诚通控股集团有限公司,5,AAA,02,2023-04-14,3.25,90
115235,23诚通04,中国诚通控股集团有限公司,7,AAA,02,2023-04-14,3.45,90
115236,23筑工01,贵阳市工业投资有限公司,3,AAA,02,2023-05-08,6,90
115237,23安租Y1,平安国际融资租赁有限公司,,AAA,02,2023-04-25,5,90
115238,23HBST01,湖北省科技投资集团有限公司,10,,02,2023-04-20,3.99,90
115239,23海资02,青岛海发国有资本投资运营集团有限公司,3,,02,2023-04-28,3.87,90
115242,23浙资01,浙江省国有资本运营有限公司,3,,02,2023-04-25,3.05,90
115243,23发控Y1,海南省发展控股有限公司,,AAA,02,2023-04-25,3.48,90
115244,23厦贸Y1,厦门国贸集团股份有限公司,,AAA,02,2023-04-21,4.25,90
115245,23唐租Y1,大唐融资租赁有限公司,,AAA,02,2023-04-21,3.78,90
115247,建工KY03,北京建工集团有限责任公司,,AAA,02,2023-04-24,3.3,90
115248,建工KY04,北京建工集团有限责任公司,,AAA,02,2023-04-24,3.65,90
115249,23平证06,平安证券股份有限公司,2,AAA,02,2023-04-25,3.02,90
115250,23平证07,平安证券股份有限公司,3,AAA,02,2023-04-25,3.15,90
115251,23招证G1,招商证券股份有限公司,2,AAA,02,2023-04-20,2.89,90
115252,23招证G2,招商证券股份有限公司,3,AAA,02,2023-04-20,3.03,90
115253,23首集K1,北京首都创业集团有限公司,3,,02,2023-04-24,3.28,90
115255,23苏交V1,苏州交通投资集团有限责任公司,3,,02,2023-05-05,2.98,90
115256,23津投08,天津城市基础设施建设投资集团有限公司,1.02,AAA,02,2023-04-25,7.6,90
115257,23诚通05,中国诚通控股集团有限公司,5,AAA,02,2023-04-20,3.25,90
115258,23诚通06,中国诚通控股集团有限公司,10,AAA,02,2023-04-20,3.8,90
115259,23豫管01,河南资产管理有限公司,3,AAA,02,2023-04-24,3.3,90
115260,23中证G6,中信证券股份有限公司,2,AAA,02,2023-04-24,2.87,90
115261,23中证G7,中信证券股份有限公司,5,AAA,02,2023-04-24,3.17,90
115262,23昆租03,昆明市安居集团有限公司,2,,02,2023-04-24,7.5,90
115263,G23锡交1,无锡市交通产业集团有限公司,10,AAA,02,2023-09-05,3.58,90
115264,23陕煤Y2,陕西煤业化工集团有限责任公司,,AAA,02,2023-04-20,3.6,90
115265,23联和K1,上海联和投资有限公司,5,AAA,02,2023-04-21,3.17,90
115266,23联和K2,上海联和投资有限公司,5,AAA,02,2023-04-21,3.46,90
115267,23赣融02,江西省金融控股集团有限公司,3,AAA,02,2023-04-25,3.87,90
115268,G23甬投1,宁波开发投资集团有限公司,3,AAA,02,2023-04-25,3.08,90
115269,23山钢03,山东钢铁集团有限公司,3,,02,2023-04-28,2.95,90
115270,23动能02,山东省新动能基金管理有限公司,5,AAA,02,2023-04-27,3.4,90
115271,23格力01,珠海格力集团有限公司,3,,02,2023-05-15,3.13,90
115272,23海通07,海通证券股份有限公司,2,AAA,02,2023-04-27,2.89,90
115273,23海通08,海通证券股份有限公司,3,AAA,02,2023-04-27,3.05,90
115274,23汉投01,汉江国有资本投资集团有限公司,5,,02,2023-04-27,3.36,90
115276,23鲁高Y2,山东高速集团有限公司,,AAA,02,2023-04-24,3.67,90
115277,23苏信K1,江苏省国信集团有限公司,3,,02,2023-04-27,3.03,90
115278,23环球01,中国环球租赁有限公司,4,,02,2023-05-04,3.5,90
115279,23桂垦V1,广西国控资本运营集团有限责任公司,3,AA+,02,2023-05-05,4.5,90
115281,23广越03,广州越秀集团股份有限公司,5,AAA,02,2023-04-27,3,90
115282,23广越04,广州越秀集团股份有限公司,10,AAA,02,2023-04-27,3.55,90
115285,金隅KY02,北京金隅集团股份有限公司,,AAA,02,2023-04-26,3.45,90
115287,23知投Y5,知识城(广州)投资集团有限公司,,AAA,02,2023-04-27,3.88,90
115290,23中化Y2,中国中化股份有限公司,,AAA,02,2023-04-26,3.12,90
115291,23财通G3,无锡财通融资租赁有限公司,5,AAA,02,2023-04-28,3.42,90
115293,23兴信02,兴业国信资产管理有限公司,3,AAA,02,2023-05-05,3.57,90
115295,华电YK06,中国华电集团有限公司,,AAA,02,2023-04-27,3.55,90
115296,23长产K1,长江产业投资集团有限公司,5,,02,2023-05-08,3.2,90
115297,23控租03,国耀融汇融资租赁有限公司,3,AAA,02,2023-05-09,3.4,90
115298,23发展Y3,五矿发展股份有限公司,,,02,2023-05-09,4.5,90
115302,23产业01,广东南海产业集团有限公司,5,,02,2023-05-09,3.28,90
115303,23吴金K1,苏州市吴中金融控股集团有限公司,5,AAA,02,2023-05-04,3.5,90
115304,23宁开控,宁波经济技术开发区控股有限公司,5,,02,2023-04-28,3.28,90
115305,G三航Y2,中交第三航务工程局有限公司,,AAA,02,2023-04-28,3.5,90
115306,23湘江01,湖南湘江新区发展集团有限公司,3,,02,2023-05-09,3,90
115307,23海陵G3,泰州海陵城市发展集团有限公司,3,,02,2023-04-24,4.79,90
115308,23咸金03,咸阳金融控股集团有限公司,4,,02,2023-05-09,7.5,90
115309,23国联02,国联民生证券股份有限公司,2.94,AAA,02,2023-04-28,3.15,90
115313,23建控G2,扬州建工控股集团有限公司,5,AAA,02,2023-05-05,3.77,90
115314,23招证G3,招商证券股份有限公司,3.1,AAA,02,2023-05-04,3.03,90
115315,23招证G4,招商证券股份有限公司,5,AAA,02,2023-05-04,3.17,90
115319,23吉高01,吉林省高速公路集团有限公司,5,AAA,02,2023-05-05,4.5,90
115320,23杭旅01,杭州市商贸旅游集团有限公司,1.02,,02,2023-05-09,2.8,90
115321,23濮阳01,濮阳投资集团有限公司,4,AAA,02,2023-05-05,4.8,90
115322,23贵控03,贵阳产业发展控股集团有限公司,5,AAA,02,2023-05-04,6,90
115323,23北控K1,北京控股集团有限公司,10,AAA,02,2023-05-05,3.45,90
115325,23甬投Y1,宁波开发投资集团有限公司,,AAA,02,2023-05-09,3.42,90
115326,23太新Y2,无锡市太湖新城发展集团有限公司,,AAA,02,2023-05-09,3.58,90
115327,23HBST02,湖北省科技投资集团有限公司,3,,02,2023-05-10,3.25,90
115328,23汉投03,汉江国有资本投资集团有限公司,7,,02,2023-05-08,3.89,90
115330,23农创G1,潍坊三农创新发展集团有限公司,2,,02,2023-05-04,5.5,90
115331,23陕旅01,陕西旅游集团有限公司,5,,02,2023-05-08,7,90
115332,23中化Y3,中国中化股份有限公司,,AAA,02,2023-05-16,3.05,90
115333,23交房01,中交房地产集团有限公司,3,AAA,02,2023-07-17,3.48,90
115334,23诚通07,中国诚通控股集团有限公司,5,AAA,02,2023-05-08,3.18,90
115335,23诚通08,中国诚通控股集团有限公司,10,AAA,02,2023-05-09,3.81,90
115338,23联发03,联发集团有限公司,6,AAA,02,2023-05-09,4,90
115340,23苏资G1,苏州资产管理有限公司,3,,02,2023-05-23,3.15,90
115341,23湖州01,湖州市城市投资发展集团有限公司,5,AAA,02,2023-05-17,3.1,90
115342,23乌江01,贵州乌江能源投资有限公司,3,,02,2023-05-19,3.6,90
115344,23国君G5,国泰海通证券股份有限公司,2,AAA,02,2023-05-16,2.79,90
115345,23国君G6,国泰海通证券股份有限公司,3.01,AAA,02,2023-05-16,2.92,90
115346,23华泰G8,华泰证券股份有限公司,2.17,AAA,02,2023-05-16,2.82,90
115347,23华泰G9,华泰证券股份有限公司,5,AAA,02,2023-05-16,3.07,90
115348,23润药01,华润医药商业集团有限公司,3,,02,2023-05-15,3.09,90
115349,23航租Y2,中航国际融资租赁有限公司,,AAA,02,2023-06-15,3.75,90
115350,23紫金K1,紫金矿业集团股份有限公司,5,,02,2023-05-16,2.96,90
115351,金隅KY03,北京金隅集团股份有限公司,,AAA,02,2023-05-16,3.36,90
115352,23中证G8,中信证券股份有限公司,1.02,AAA,02,2023-05-18,2.53,90
115353,23中证G9,中信证券股份有限公司,3,AAA,02,2023-05-18,2.9,90
115354,23福瑞Y1,福建华电福瑞能源发展有限公司,,AAA,02,2023-05-22,3,90
115356,23豫通Y1,河南交通投资集团有限公司,,,02,2023-05-19,3.35,90
115357,23苏资02,江苏资产管理有限公司,3,,02,2023-05-23,3.28,90
115359,23欣捷01,欣捷投资控股集团有限公司,3,AA,02,2023-05-19,6.5,90
115360,23绿发02,中国绿发投资集团有限公司,5,AAA,02,2023-06-15,3.2,90
115361,23陕增01,陕西信用增进投资股份有限公司,2,,02,2023-05-24,3.5,90
115362,23海通09,海通证券股份有限公司,3,AAA,02,2023-05-23,2.94,90
115363,23海通10,海通证券股份有限公司,5,AAA,02,2023-05-23,3.1,90
115364,23土地01,山东省土地发展集团有限公司,5,,02,2023-05-25,3.4,90
115365,23陕煤Y3,陕西煤业化工集团有限责任公司,,AAA,02,2023-05-30,3.32,90
115367,23华泰10,华泰证券股份有限公司,3,AAA,02,2023-08-29,2.64,90
115368,23华泰11,华泰证券股份有限公司,3,AAA,02,2023-09-26,2.89,90
115369,23太湖G1,苏州太湖国有资产投资发展集团有限公司,3,,02,2023-05-30,3.2,90
115370,23皖高01,安徽省高速地产集团有限公司,5,,02,2023-05-29,3.1,90
115371,23平证08,平安证券股份有限公司,2,AAA,02,2023-05-26,2.9,90
115372,23平证09,平安证券股份有限公司,3,AAA,02,2023-05-26,3.03,90
115373,23兴业03,兴业证券股份有限公司,3,AAA,02,2023-05-26,2.98,90
115374,23兴业04,兴业证券股份有限公司,5,AAA,02,2023-05-26,3.18,90
115375,23锡建Y1,无锡市建设发展投资有限公司,,,02,2023-05-25,3.36,90
115376,23诚通09,中国诚通控股集团有限公司,5,AAA,02,2023-05-30,3.1,90
115377,23诚通10,中国诚通控股集团有限公司,10,AAA,02,2023-05-30,3.74,90
115378,23洪轨01,南昌轨道交通集团有限公司,3,AAA,02,2023-05-29,3,90
115381,23洪轨02,南昌轨道交通集团有限公司,5,AAA,02,2023-05-29,3.3,90
115382,23张科K1,上海张江科技创业投资有限公司,5,AAA,02,2023-05-30,3,90
115385,23蒙资01,内蒙古金融资产管理有限公司,3,AAA,02,2023-06-07,3.6,90
115386,23上证01,上海证券有限责任公司,5,AAA,02,2023-05-29,2.99,90
115387,23红塔04,红塔证券股份有限公司,2,AAA,02,2023-05-25,3,90
115388,23红塔05,红塔证券股份有限公司,3,AAA,02,2023-05-25,3.15,90
115389,GC融和08,中电投融和融资租赁有限公司,2,,02,2023-06-15,2.85,90
115390,GC融和09,中电投融和融资租赁有限公司,3,,02,2023-06-15,3.1,90
115391,23广物01,广东省广物控股集团有限公司,3,,02,2023-05-31,3.2,90
115392,23陆债02,上海陆家嘴金融贸易区开发股份有限公司,5,,02,2023-06-12,3.1,90
115393,23津投09,天津城市基础设施建设投资集团有限公司,2,AAA,02,2023-05-26,7.46,90
115394,23兴泸01,泸州市兴泸投资集团有限公司,5,,02,2023-06-05,3.25,90
115395,23兴泸02,泸州市兴泸投资集团有限公司,7,,02,2023-06-05,3.87,90
115396,23西城02,杭州西湖城市建设投资集团有限公司,5,,02,2023-05-31,3,90
115397,23安租Y2,平安国际融资租赁有限公司,,AAA,02,2023-06-05,3.7,90
115398,23建租02,中建投租赁股份有限公司,2,,02,2023-06-07,3.18,90
115399,23镇投G1,镇江国有投资控股集团有限公司,3,,02,2023-06-05,3.76,90
115400,23首钢Y1,首钢集团有限公司,,AAA,02,2023-05-29,3.32,90
115401,GC宏洋01,中海宏洋地产集团有限公司,4,AAA,02,2023-06-12,3.05,90
115402,23唐租Y2,大唐融资租赁有限公司,,AAA,02,2023-06-01,3.65,90
115403,23东证04,东方证券股份有限公司,3,AAA,02,2023-05-29,2.9,90
115404,23先行02,江苏先行控股集团有限公司,3,,02,2023-06-02,3.4,90
115405,G南自K01,国电南京自动化股份有限公司,3,,02,2023-06-13,3.07,90
115406,23兖矿01,兖矿能源集团股份有限公司,5,,02,2023-05-31,3.34,90
115407,23兖矿02,兖矿能源集团股份有限公司,10,,02,2023-05-31,3.8,90
115408,23青信04,青岛国信发展(集团)有限责任公司,3,,02,2023-05-30,3.55,90
115409,23南控01,广东南海控股集团有限公司,3,,02,2023-06-05,3.05,90
115410,23电力Y1,国投电力控股股份有限公司,,AAA,02,2023-05-31,3,90
115411,23广物02,广东省广物控股集团有限公司,2,,02,2023-06-02,3.02,90
115412,23北电02,北京电子城高科技集团股份有限公司,3,AAA,02,2023-06-09,3.3,90
115413,23芜湖02,芜湖宜居投资集团有限公司,3,,02,2023-06-08,3.2,90
115414,23国金04,国金证券股份有限公司,3,AAA,02,2023-05-31,3.08,90
115415,23中证S7,中信证券股份有限公司,1,A-1,02,2023-06-02,2.47,90
115416,23中证10,中信证券股份有限公司,3,AAA,02,2023-06-02,2.89,90
115417,23大兴01,北京大兴发展国有资本投资运营集团有限公司,3,AAA,02,2023-06-05,2.95,90
115418,23浦房02,上海市浦东新区房地产(集团)有限公司,5,,02,2023-05-30,3.02,90
115419,23陆集02,上海陆家嘴(集团)有限公司,5,,02,2023-06-01,3.12,90
115421,23能源Y2,中化能源股份有限公司,,AAA,02,2023-06-05,3.15,90
115422,23保利02,保利发展控股集团股份有限公司,5,AAA,02,2023-06-01,3,90
115423,23上金K1,上海汽车集团金控管理有限公司,3,AA+,02,2023-06-05,3.1,90
115424,23浦集01,上海浦东发展(集团)有限公司,5,,02,2023-06-08,2.94,90
115425,23航租02,中航国际融资租赁有限公司,5,,02,2023-06-01,3.25,90
115426,23铁资Y1,中铁建资产管理有限公司,,AAA,02,2023-06-05,3.51,90
115428,23苏资03,江苏资产管理有限公司,3,,02,2023-06-12,3.27,90
115429,23海资03,青岛海发国有资本投资运营集团有限公司,3,,02,2023-06-15,3.63,90
115430,23牡丹01,黑牡丹(集团)股份有限公司,3,,02,2023-08-15,3.7,90
115431,23杭金02,杭州市金融投资集团有限公司,3,AAA,02,2023-06-09,3.02,90
115432,23中交K1,中国交通建设集团有限公司,3,AAA,02,2023-06-01,2.75,90
115433,23津投10,天津城市基础设施建设投资集团有限公司,2,AAA,02,2023-06-06,7.4,90
115434,23黄海K2,江苏黄海金融控股集团有限公司,5,,02,2023-08-21,4.2,90
115435,23贵控04,贵阳产业发展控股集团有限公司,5,,02,2023-06-20,6,90
115437,23湘财01,湘财证券股份有限公司,3,,02,2023-06-07,6,90
115438,23中飞01,中飞租融资租赁有限公司,3,AAA,02,2023-06-13,3.85,90
115439,建材YK01,中国建材股份有限公司,,AAA,02,2023-06-14,2.87,90
115440,建材YK02,中国建材股份有限公司,,AAA,02,2023-06-14,3.03,90
115441,23华综02,珠海华发综合发展有限公司,5,,02,2023-06-06,3.5,90
115442,23广越05,广州越秀集团股份有限公司,5,AAA,02,2023-06-08,2.96,90
115444,23华租Y1,华电融资租赁有限公司,,AAA,02,2023-06-13,3.4,90
115445,23鄂投01,湖北省联合发展投资集团有限公司,5,,02,2023-06-19,3.9,90
115446,金隅KY04,北京金隅集团股份有限公司,,AAA,02,2023-06-12,3.1,90
115447,金隅KY05,北京金隅集团股份有限公司,,AAA,02,2023-06-12,3.35,90
115448,23中金G3,中国国际金融股份有限公司,5,AAA,02,2023-06-12,2.87,90
115450,23国金05,国金证券股份有限公司,3,AAA,02,2023-06-14,3.05,90
115451,23赣融03,江西省金融控股集团有限公司,3,AAA,02,2023-06-15,3.66,90
115452,23义乌G1,义乌市国有资本运营有限公司,5,AA+,02,2023-06-27,3.29,90
115453,23电YK01,中国电力建设股份有限公司,,AAA,02,2023-06-08,2.9,90
115454,23电YK02,中国电力建设股份有限公司,,AAA,02,2023-06-08,3.06,90
115455,23海旅01,海南省旅游投资集团有限公司,5,AA+,02,2023-07-03,3.3,90
115456,23中化Y4,中国中化股份有限公司,,AAA,02,2023-06-09,2.98,90
115457,23穗港01,广州港集团有限公司,5,,02,2023-06-13,2.85,90
115458,23穗港02,广州港集团有限公司,5,,02,2023-06-13,2.65,90
115459,凯盛YK01,凯盛科技集团有限公司,,AAA,02,2023-06-15,3.09,90
115460,凯盛YK02,凯盛科技集团有限公司,,AAA,02,2023-06-15,3.38,90
115462,23交租01,中交融资租赁有限公司,3,,02,2023-06-13,3.08,90
115463,23渤海01,渤海证券股份有限公司,3,AAA,02,2023-06-14,3.47,90
115464,23产融05,中航工业产融控股股份有限公司,5,AAA,02,2023-06-13,3.05,90
115465,23首农Y1,北京首农食品集团有限公司,,AAA,02,2023-06-16,3.19,90
115468,23桂交01,广西交通投资集团有限公司,5,,02,2023-06-19,3.48,90
115469,23赣财01,江西省财政投资集团有限公司,3,AAA,02,2023-06-14,2.94,90
115470,23中保Y1,中国投融资担保股份有限公司,,AAA,02,2023-06-15,3.25,90
115471,23中保Y2,中国投融资担保股份有限公司,,AAA,02,2023-06-15,3.6,90
115472,23国联G1,无锡市国联发展(集团)有限公司,3,,02,2023-06-14,2.95,90
115474,延长KY03,陕西延长石油(集团)有限责任公司,,AAA,02,2023-06-13,3.59,90
115475,23国都G1,国都证券股份有限公司,3,AA+,02,2023-06-16,3.75,90
115476,23鄂担Y3,湖北省融资担保集团有限责任公司,,AAA,02,2023-06-15,4.15,90
115477,G23柳控1,广西柳州市投资控股集团有限公司,5,,02,2023-06-12,7,90
115478,23穗建05,广州市城市建设开发有限公司,5,AAA,02,2023-06-16,2.98,90
115479,23穗建06,广州市城市建设开发有限公司,10,AAA,02,2023-06-16,3.63,90
115480,23知投Y7,知识城(广州)投资集团有限公司,,AAA,02,2023-06-20,3.6,90
115484,23国管01,北京国有资本运营管理有限公司,10,AAA,02,2023-06-19,3.33,90
115485,23济城G5,济南城市投资集团有限公司,3,AAA,02,2023-06-16,3.18,90
115486,23济城G6,济南城市投资集团有限公司,5,AAA,02,2023-06-16,3.5,90
115487,23海通11,海通证券股份有限公司,3,AAA,02,2023-06-21,2.73,90
115488,23海通12,海通证券股份有限公司,5,AAA,02,2023-06-21,3.07,90
115489,23平证10,平安证券股份有限公司,2,AAA,02,2023-06-19,2.78,90
115490,23平证11,平安证券股份有限公司,3,AAA,02,2023-06-19,2.95,90
115491,23中证11,中信证券股份有限公司,2,AAA,02,2023-06-16,2.64,90
115492,23中证12,中信证券股份有限公司,3,AAA,02,2023-06-16,2.8,90
115493,23建集Y2,厦门建发集团有限公司,,AAA,02,2023-06-15,3.9,90
115494,长电SK01,中国长江电力股份有限公司,0.36,,02,2023-06-16,2.19,90
115495,23豫通Y2,河南交通投资集团有限公司,,AAA,02,2023-06-21,3.59,90
115496,23青租03,青岛城乡建设融资租赁有限公司,2,AAA,02,2023-08-30,3.3,90
115497,23安租07,平安国际融资租赁有限公司,2,AAA,02,2023-06-26,2.75,90
115498,23安租08,平安国际融资租赁有限公司,4,AAA,02,2023-06-26,3.75,90
115499,23唐山02,唐山控股发展集团股份有限公司,3,AAA,02,2023-06-14,5,90
115500,23华数01,华数数字电视传媒集团有限公司,3,,02,2023-06-28,2.9,90
115501,23中公Y1,中交一公局集团有限公司,,AAA,02,2023-06-19,2.94,90
115502,23国创G2,昆山国创投资集团有限公司,3,,02,2023-06-29,3.28,90
115503,23中公Y2,中交一公局集团有限公司,,AAA,02,2023-06-19,3.17,90
115504,23兴湘01,湖南兴湘投资控股集团有限公司,2,AAA,02,2023-06-16,3.02,90
115505,23武生01,武汉生态环境投资发展集团有限公司,3,,02,2023-06-27,3.2,90
115506,23中原02,中原证券股份有限公司,1.02,,02,2023-06-15,2.61,90
115507,23厦贸Y2,厦门国贸集团股份有限公司,,AAA,02,2023-06-27,3.5,90
115508,23诚通11,中国诚通控股集团有限公司,5,AAA,02,2023-06-19,3.03,90
115509,23诚通12,中国诚通控股集团有限公司,10,AAA,02,2023-06-19,3.7,90
115510,23唐新Y4,中国大唐集团新能源股份有限公司,,AAA,02,2023-07-05,3.2,90
115511,23津投11,天津城市基础设施建设投资集团有限公司,2,AAA,02,2023-06-27,7.7,90
115512,葛洲YK05,中国葛洲坝集团有限公司,,AAA,02,2023-06-20,3.03,90
115513,23陕增02,陕西信用增进投资股份有限公司,3,,02,2023-06-20,3.5,90
115514,23信地01,信达地产股份有限公司,5,AA+,02,2023-06-20,4,90
115515,23信地02,信达地产股份有限公司,5,AA+,02,2023-06-20,4.55,90
115516,23苏信01,江苏省国信集团有限公司,3,,02,2023-06-20,2.72,90
115517,23皖交01,安徽省交通控股集团有限公司,3,,02,2023-06-21,2.73,90
115518,23皖交02,安徽省交通控股集团有限公司,5,,02,2023-06-21,3,90
115519,23象屿G3,厦门象屿集团有限公司,3,,02,2023-06-16,3.7,90
115520,23东海02,东海证券股份有限公司,3,,02,2023-06-21,3.6,90
115521,23远东四,远东国际融资租赁有限公司,2,AAA,02,2023-06-28,4.1,90
115522,23国元G1,安徽国元金融控股集团有限责任公司,3,AAA,02,2023-06-21,2.85,90
115523,23财通G4,无锡财通融资租赁有限公司,5,AAA,02,2023-11-07,3.33,90
115524,华能YK05,中国华能集团有限公司,,AAA,02,2023-06-26,2.97,90
115525,建工KY05,北京建工集团有限责任公司,,AAA,02,2023-06-27,3.19,90
115526,G23华综1,珠海华发综合发展有限公司,5,AAA,02,2023-06-27,3.47,90
115529,23中新01,中新苏州工业园区开发集团股份有限公司,3,,02,2023-06-26,2.9,90
115532,23平煤04,平顶山天安煤业股份有限公司,5,,02,2023-06-29,4.13,90
115533,23兴信03,兴业国信资产管理有限公司,3,AAA,02,2023-06-27,3.41,90
115534,化学YK01,中国化学工程集团有限公司,,AAA,02,2023-06-29,2.95,90
115537,23广越08,广州越秀集团股份有限公司,10,AAA,02,2023-06-28,3.43,90
115538,23筑城01,贵阳市城市建设投资集团有限公司,5,AAA,02,2023-06-26,6,90
115539,23环球Y2,中国环球租赁有限公司,,AAA,02,2023-07-04,4.3,90
115540,23新城01,新城控股集团股份有限公司,3,AAA,02,2023-06-29,4.5,90
115541,23新城02,新城控股集团股份有限公司,2,AAA,02,2023-06-29,6.3,90
115543,23万联G1,万联证券股份有限公司,3,AA+,02,2023-06-28,3.3,90
115544,23兖矿04,兖矿能源集团股份有限公司,10,AAA,02,2023-06-21,3.75,90
115545,23盛泽G1,江苏盛泽投资有限公司,3,,02,2023-06-26,3.93,90
115546,23电YK03,中国电力建设股份有限公司,,AAA,02,2023-07-05,3.12,90
115547,23宁证02,南京证券股份有限公司,2,AAA,02,2023-06-28,2.9,90
115548,23厦贸Y3,厦门国贸控股集团有限公司,,AAA,02,2023-06-28,3.83,90
115549,陕煤KY04,陕西煤业化工集团有限责任公司,,AAA,02,2023-06-29,3.77,90
115550,23国地01,厦门国贸地产集团有限公司,5,AAA,02,2023-06-26,3.85,90
115551,铁建YK05,中国铁建股份有限公司,,AAA,02,2023-06-27,3.08,90
115552,铁建YK06,中国铁建股份有限公司,,AAA,02,2023-06-27,3.45,90
115554,23中化Y5,中国中化股份有限公司,,AAA,02,2023-06-29,2.9,90
115555,23吉利01,浙江吉利控股集团有限公司,3,AAA,02,2023-06-29,3.39,90
115556,23辽港01,辽宁港口股份有限公司,2,AAA,02,2023-06-28,2.98,90
115557,23港口01,福建省港口集团有限责任公司,10,AAA,02,2023-06-27,3.6,90
115558,23国发02,苏州国际发展集团有限公司,3,,02,2023-06-30,2.8,90
115559,23赣交K2,江西省交通投资集团有限责任公司,5,,02,2023-06-28,3.09,90
115560,23皖交03,安徽省交通控股集团有限公司,3,,02,2023-07-04,2.75,90
115561,23产融06,中航工业产融控股股份有限公司,5,AAA,02,2023-07-03,3.05,90
115563,23皖交04,安徽省交通控股集团有限公司,10,,02,2023-07-03,3.43,90
115565,23绿城03,绿城房地产集团有限公司,3,AAA,02,2023-07-18,4.3,90
115566,23张江K3,上海张江高科技园区开发股份有限公司,5,,02,2023-07-13,2.85,90
115567,建二YK01,中国建筑第二工程局有限公司,,AAA,02,2023-06-29,3.32,90
115569,23国联K1,无锡市国联发展(集团)有限公司,3,,02,2023-07-10,2.99,90
115570,23恒信G1,海通恒信国际融资租赁股份有限公司,5,AAA,02,2023-06-29,3.8,90
115571,23京城01,北京城建投资发展股份有限公司,5,AAA,02,2023-07-06,3.4,90
115572,23佛建Y2,佛山市建设发展集团有限公司,,AA+,02,2023-07-03,3.53,90
115573,23安控06,厦门安居控股集团有限公司,3,,02,2023-07-03,3.44,90
115576,23豫投01,河南投资集团有限公司,10,AAA,02,2023-07-10,3.55,90
115577,蓝星YK01,中国蓝星(集团)股份有限公司,,AAA,02,2023-07-05,3.28,90
115578,23洪政02,南昌市政公用集团有限公司,3,,02,2023-07-20,2.95,90
115579,23鲁高01,山东高速集团有限公司,10,AAA,02,2023-07-04,3.6,90
115580,23鄂投02,湖北省联合发展投资集团有限公司,5,,02,2023-07-12,3.94,90
115581,23海租01,海发宝诚融资租赁有限公司,3,AAA,02,2023-07-11,3.9,90
115582,23京资01,北京市国有资产经营有限责任公司,10,AAA,02,2023-07-17,3.32,90
115583,23芜湖03,芜湖宜居投资集团有限公司,3,,02,2023-07-18,3.2,90
115584,23中证13,中信证券股份有限公司,2,AAA,02,2023-07-12,2.64,90
115585,23中证14,中信证券股份有限公司,3,AAA,02,2023-07-12,2.75,90
115586,23中信01,中国中信有限公司,5,AAA,02,2023-10-27,3.16,90
115587,23中信02,中国中信有限公司,20,AAA,02,2023-10-27,3.35,90
115588,23鲁海洋,山东海洋集团有限公司,3,,02,2023-07-19,3.4,90
115589,23象屿Y1,厦门象屿股份有限公司,,AAA,02,2023-07-07,4.3,90
115590,能建YK01,中国能源建设股份有限公司,,AAA,02,2023-07-06,3.08,90
115593,23津投12,天津城市基础设施建设投资集团有限公司,2,AAA,02,2023-07-05,7.8,90
115594,23象地01,象屿地产集团有限公司,3,AAA,02,2023-07-13,3.7,90
115596,23珠江04,广州珠江实业集团有限公司,5,,02,2023-09-14,3.87,90
115597,23象屿G4,厦门象屿集团有限公司,3,,02,2023-07-13,3.8,90
115598,23二局Y3,中交第二公路工程局有限公司,,AAA,02,2023-07-24,2.93,90
115600,23路投01,台州市路桥公共资产投资管理集团有限公司,5,,02,2023-07-12,3.6,90
115601,23东兴G1,东兴证券股份有限公司,3,AAA,02,2023-07-17,2.89,90
115602,23控租04,国耀融汇融资租赁有限公司,3,AAA,02,2023-07-18,3.28,90
115603,23铁基01,安徽省铁路发展基金股份有限公司,5,,02,2023-07-11,3.28,90
115605,G23建租1,中建投租赁股份有限公司,3,AAA,02,2023-08-02,3.3,90
115606,23盛泽G2,江苏盛泽投资有限公司,1.02,,02,2023-07-13,3.18,90
115607,23安租Y3,平安国际融资租赁有限公司,,AAA,02,2023-07-17,4.8,90
115608,延长KY04,陕西延长石油(集团)有限责任公司,,AAA,02,2023-07-11,3.58,90
115609,23晋金01,山西金融投资控股集团有限公司,5,,02,2023-07-19,3.2,90
115610,23泉城01,泉州城建集团有限公司,3,,02,2023-07-13,2.97,90
115612,建材YK03,中国建材股份有限公司,,AAA,02,2023-07-13,2.85,90
115614,23芯鑫01,芯鑫融资租赁有限责任公司,2,AAA,02,2023-07-26,3.18,90
115615,GY天成02,华能天成融资租赁有限公司,,AAA,02,2023-07-20,3.33,90
115616,GY天成03,华能天成融资租赁有限公司,,AAA,02,2023-07-20,3.65,90
115617,23沪控02,上海城投控股股份有限公司,5,,02,2023-07-31,2.78,90
115618,23海通13,海通证券股份有限公司,3,AAA,02,2023-07-28,2.72,90
115619,23海通14,海通证券股份有限公司,5,AAA,02,2023-07-28,3.05,90
115620,凯盛YK03,凯盛科技集团有限公司,,AAA,02,2023-07-26,2.99,90
115622,23京城02,北京城建投资发展股份有限公司,5,AAA,02,2023-08-02,3.4,90
115623,23渝交01,重庆城市交通开发投资(集团)有限公司,5,,02,2023-07-28,3.23,90
115625,23诚通13,中国诚通控股集团有限公司,5,AAA,02,2023-07-17,3.02,90
115626,23诚通14,中国诚通控股集团有限公司,10,AAA,02,2023-07-17,3.66,90
115627,山能YK01,山东能源集团有限公司,,AAA,02,2023-07-18,3.29,90
115628,23成建工,成都建工集团有限公司,3,,02,2023-07-21,2.85,90
115629,23津投13,天津城市基础设施建设投资集团有限公司,2,AAA,02,2023-07-19,7.95,90
115630,23国金06,国金证券股份有限公司,3,AAA,02,2023-07-19,2.98,90
115632,23安租10,平安国际融资租赁有限公司,4,AAA,02,2023-08-01,3.65,90
115633,23隧道K1,上海隧道工程股份有限公司,3,,02,2023-08-01,2.69,90
115634,23唐租Y3,大唐融资租赁有限公司,,AAA,02,2023-07-20,3.4,90
115635,23渝高02,重庆高速公路集团有限公司,5,AAA,02,2023-07-17,3.29,90
115636,23市北01,青岛市北城市发展集团有限公司,2,,02,2023-07-24,3.7,90
115639,23小米S1,小米通讯技术有限公司,1,,02,2023-07-18,2.37,90
115640,23绿发03,中国绿发投资集团有限公司,3,AAA,02,2023-08-23,3.19,90
115641,23沪北01,上海市北高新(集团)有限公司,3,,02,2023-07-17,2.94,90
115642,23银河G1,中国银河证券股份有限公司,3,AAA,02,2023-07-24,2.74,90
115643,23银河G2,中国银河证券股份有限公司,5,AAA,02,2023-07-24,3.08,90
115644,23浙港01,浙江省海港投资运营集团有限公司,5,,02,2023-08-18,3.08,90
115645,23浙港02,浙江省海港投资运营集团有限公司,10,,02,2023-08-18,3.3,90
115646,23华数02,华数数字电视传媒集团有限公司,3,,02,2023-07-25,2.78,90
115647,23招证G5,招商证券股份有限公司,2,AAA,02,2023-07-18,2.58,90
115648,23招证G6,招商证券股份有限公司,3,AAA,02,2023-07-18,2.72,90
115650,铁工YK02,中国中铁股份有限公司,,AAA,02,2023-07-21,3.39,90
115651,23海宁G1,海宁市资产经营公司,5,,02,2023-07-25,3.13,90
115652,23平证12,平安证券股份有限公司,5,AAA,02,2023-07-21,3.25,90
115653,23首城01,北京首创城市发展集团有限公司,3,AAA,02,2023-07-21,3.62,90
115654,23首城02,北京首创城市发展集团有限公司,5,AAA,02,2023-07-21,3.98,90
115655,23宁证03,南京证券股份有限公司,2,AAA,02,2023-07-24,2.75,90
115658,23环球02,中国环球租赁有限公司,5,,02,2023-07-31,3.4,90
115659,一航YV01,中交第一航务工程局有限公司,,AAA,02,2023-07-27,3.23,90
115661,23东吴01,东吴证券股份有限公司,3,AAA,02,2023-07-21,2.8,90
115663,建工KY06,北京建工集团有限责任公司,,AAA,02,2023-07-21,3.27,90
115664,23温城05,温州市城市建设发展集团有限公司,5,,02,2023-11-21,3.29,90
115665,23温城06,温州市城市建设发展集团有限公司,5,,02,2023-11-21,2.99,90
115667,23津投14,天津城市基础设施建设投资集团有限公司,2,AAA,02,2023-07-27,8.03,90
115668,23兴业05,兴业证券股份有限公司,3,AAA,02,2023-07-27,2.77,90
115669,23兴业06,兴业证券股份有限公司,5,AAA,02,2023-07-27,3.15,90
115670,23铁资Y3,中铁建资产管理有限公司,,AAA,02,2023-07-31,3.26,90
115671,蓝星YK02,中国蓝星(集团)股份有限公司,,AAA,02,2023-07-25,3.24,90
115672,23五资01,五矿资本控股有限公司,3,AAA,02,2023-08-15,3.04,90
115673,23万联G2,万联证券股份有限公司,3,AA+,02,2023-07-25,3.27,90
115674,23浦土01,上海浦东土地控股(集团)有限公司,3,AAA,02,2023-07-28,2.89,90
115675,23国科01,中国科学院控股有限公司,3,,02,2023-07-27,2.85,90
115677,23知投Y8,知识城(广州)投资集团有限公司,,AAA,02,2023-07-27,3.62,90
115678,23洋河01,江苏洋河集团有限公司,9,,02,2023-07-27,2.88,90
115679,23安信G1,国投证券股份有限公司,3,AAA,02,2023-08-02,2.84,90
115681,23豫通01,河南交通投资集团有限公司,10,AAA,02,2023-08-01,3.57,90
115682,23京资02,北京市国有资产经营有限责任公司,5,AAA,02,2023-07-25,3.03,90
115683,23首钢Y2,首钢集团有限公司,,AAA,02,2023-07-26,3.19,90
115684,23首钢Y3,首钢集团有限公司,,AAA,02,2023-07-26,3.65,90
115685,23连城G1,连云港市城建控股集团有限公司,5,,02,2023-08-02,3.7,90
115687,23华综03,珠海华发综合发展有限公司,5,AAA,02,2023-07-25,3.43,90
115688,铁工YK03,中国中铁股份有限公司,,AAA,02,2023-07-28,2.95,90
115689,铁工YK04,中国中铁股份有限公司,,AAA,02,2023-07-28,3.3,90
115690,23中金G5,中国国际金融股份有限公司,5,AAA,02,2023-07-27,2.69,90
115691,23中金G6,中国国际金融股份有限公司,7,AAA,02,2023-07-27,3.03,90
115692,23武生02,武汉生态环境投资发展集团有限公司,3,,02,2023-07-28,3.18,90
115693,23象金03,厦门象屿金象控股集团有限公司,3,AAA,02,2023-07-28,3.78,90
115694,23建集Y3,厦门建发集团有限公司,,AAA,02,2023-07-31,3.95,90
115695,23中银02,中银国际证券股份有限公司,3,AAA,02,2023-07-27,2.7,90
115696,延长KY05,陕西延长石油(集团)有限责任公司,,AAA,02,2023-07-27,3.53,90
115697,23恒信G2,海通恒信国际融资租赁股份有限公司,5,AAA,02,2023-07-28,3.63,90
115698,23张江二,上海张江(集团)有限公司,5,,02,2023-07-31,2.72,90
115699,23BEHL01,北京控股有限公司,3,AAA,02,2023-07-28,2.86,90
115701,23财达01,财达证券股份有限公司,3,AAA,02,2023-08-10,3.08,90
115703,23招证G8,招商证券股份有限公司,2.94,AAA,02,2023-07-27,2.7,90
115704,23三局Y1,中交第三公路工程局有限公司,,AA+,02,2023-08-01,3.75,90
115705,23桂北02,广西北部湾投资集团有限公司,3,AAA,02,2023-08-01,3.45,90
115707,23华资03,中国华电集团产融控股有限公司,2,AAA,02,2023-07-27,2.67,90
115708,23产融K1,中航工业产融控股股份有限公司,5,AAA,02,2023-08-01,3.25,90
115709,23航租03,中航国际融资租赁有限公司,3,AAA,02,2023-08-07,3.12,90
115710,23远东五,远东国际融资租赁有限公司,2,AAA,02,2023-08-01,4.45,90
115711,华能YK06,中国华能集团有限公司,,AAA,02,2023-07-31,2.92,90
115712,23闽冶01,福建省冶金(控股)有限责任公司,5,,02,2023-08-02,2.9,90
115713,23闽冶02,福建省冶金(控股)有限责任公司,5,,02,2023-08-02,3.3,90
115714,23苏高G1,苏州苏高新科技产业发展有限公司,3,AAA,02,2023-07-28,3.15,90
115716,23迈瑞G2,重庆迈瑞城市建设投资有限责任公司,5,,02,2023-08-01,5.32,90
115717,23吉高02,吉林省高速公路集团有限公司,5,AAA,02,2023-08-01,4.26,90
115718,23国丰02,烟台国丰投资控股集团有限公司,3,AAA,02,2023-08-01,3.08,90
115719,23国丰03,烟台国丰投资控股集团有限公司,5,AAA,02,2023-08-01,3.52,90
115720,23杭金03,杭州市金融投资集团有限公司,3,AAA,02,2023-08-03,3.07,90
115723,23赣融K1,江西省金融控股集团有限公司,3,AAA,02,2023-08-02,3.5,90
115724,23津投15,天津城市基础设施建设投资集团有限公司,2,AAA,02,2023-08-03,7.91,90
115725,23海鸿G1,江苏海鸿投资控股集团有限公司,3,,02,2023-08-07,3.5,90
115726,23穗投02,广州产业投资控股集团有限公司,5,AAA,02,2023-08-03,3.05,90
115727,23浙金控,浙江省创新投资集团有限公司,3,AAA,02,2023-08-18,2.65,90
115728,23新业G1,新疆新业国有资产经营(集团)有限责任公司,5,,02,2023-08-01,4.2,90
115729,23山钢04,山东钢铁集团有限公司,5,,02,2023-08-10,3.37,90
115730,23宁德01,宁德市国有资产投资经营集团有限公司,5,,02,2023-08-03,3.39,90
115731,23泰山G1,泰安市泰山财金投资集团有限公司,5,,02,2023-08-18,4.5,90
115732,23狮桥02,狮桥融资租赁(中国)有限公司,2,AA+,02,2023-08-10,4.8,90
115733,23平证13,平安证券股份有限公司,3,AAA,02,2023-08-03,2.95,90
115734,23桂交02,广西交通投资集团有限公司,5,,02,2023-08-11,3.49,90
115735,23华鑫01,华鑫证券有限责任公司,3,,02,2023-08-09,3.19,90
115737,23安吉03,浙江安吉国控建设发展集团有限公司,5,,02,2023-08-09,4.24,90
115738,23先行03,江苏先行控股集团有限公司,3,,02,2023-08-17,3.42,90
115739,23华港02,华远国际陆港集团有限公司,5,AAA,02,2023-08-10,3.38,90
115741,23财信01,湖南财信金融控股集团有限公司,5,,02,2023-08-04,2.95,90
115742,建材YK05,中国建材股份有限公司,,AAA,02,2023-08-08,2.86,90
115743,建材YK06,中国建材股份有限公司,,AAA,02,2023-08-08,3.05,90
115744,23首城03,北京首创城市发展集团有限公司,3,AAA,02,2023-08-16,3.9,90
115745,23首城04,北京首创城市发展集团有限公司,5,AAA,02,2023-08-16,4.25,90
115746,23交资01,中交资本控股有限公司,5,AAA,02,2023-08-09,3.05,90
115748,23豫资03,河南省豫资城乡一体化建设发展集团有限公司,3,,02,2023-08-09,3.23,90
115750,23中公Y3,中交一公局集团有限公司,,AAA,02,2023-08-09,2.98,90
115751,23中公Y4,中交一公局集团有限公司,,AAA,02,2023-08-09,3.25,90
115753,23先导03,长沙先导投资控股集团有限公司,10,AAA,02,2023-08-09,3.98,90
115754,23鲁金03,山东省金融资产管理股份有限公司,5,AAA,02,2023-08-17,3.23,90
115755,23建发Y1,厦门建发股份有限公司,,AAA,02,2023-08-24,3.87,90
115756,23津投16,天津城市基础设施建设投资集团有限公司,2,AAA,02,2023-08-14,7.9,90
115758,23青信05,青岛国信发展(集团)有限责任公司,2,,02,2023-08-10,3.21,90
115759,23青信06,青岛国信发展(集团)有限责任公司,3,,02,2023-08-10,3.5,90
115760,23苏交01,江苏交通控股有限公司,3,,02,2023-08-24,2.64,90
115762,23广越10,广州越秀集团股份有限公司,10,AAA,02,2023-08-15,3.33,90
115764,23方正G2,方正证券股份有限公司,3,AAA,02,2023-08-17,3.23,90
115765,23哈城01,哈尔滨市城市建设投资集团有限公司,5,,02,2023-09-05,3.7,90
115766,23黔高01,贵州高速公路集团有限公司,3,AAA,02,2023-08-18,3.48,90
115767,23甘金01,甘肃金融控股集团有限公司,2,,02,2023-09-05,4.18,90
115768,23河西Y1,南京市河西新城区国有资产经营控股(集团)有限责任公司,,AAA,02,2023-08-23,3.08,90
115769,23河西Y2,南京市河西新城区国有资产经营控股(集团)有限责任公司,,AAA,02,2023-08-23,3.4,90
115770,23浙金02,浙江省创新投资集团有限公司,2,,02,2023-08-28,2.18,90
115771,23甬投Y2,宁波开发投资集团有限公司,,AAA,02,2023-08-16,3.13,90
115772,23甬投02,宁波开发投资集团有限公司,5,AAA,02,2023-08-21,3.08,90
115773,23皖担Y1,安徽省信用融资担保集团有限公司,,AAA,02,2023-08-16,3.5,90
115774,23光证G3,光大证券股份有限公司,3,AAA,02,2023-08-15,2.77,90
115775,23安租11,平安国际融资租赁有限公司,4,AAA,02,2023-08-31,3.37,90
115776,23招金01,招金矿业股份有限公司,5,,02,2023-08-15,2.99,90
115777,23华综04,珠海华发综合发展有限公司,5,AAA,02,2023-08-15,3.37,90
115778,23交租Y1,中交融资租赁有限公司,,AAA,02,2023-08-17,3.2,90
115779,23疏浚K1,中交疏浚(集团)股份有限公司,3,AAA,02,2023-08-16,2.85,90
115780,23中证15,中信证券股份有限公司,2,AAA,02,2023-08-17,2.54,90
115781,23中证16,中信证券股份有限公司,3,AAA,02,2023-08-17,2.72,90
115782,23中保Y3,中国投融资担保股份有限公司,,AAA,02,2023-08-17,3.2,90
115783,23中保Y4,中国投融资担保股份有限公司,,AAA,02,2023-08-17,3.59,90
115784,铁工YK05,中国中铁股份有限公司,,AAA,02,2023-08-17,2.94,90
115785,铁工YK06,中国中铁股份有限公司,,AAA,02,2023-08-17,3.3,90
115786,23航租04,中航国际融资租赁有限公司,3,AAA,02,2023-08-22,2.55,90
115787,23连城G3,连云港市城建控股集团有限公司,5,,02,2023-08-18,3.55,90
115790,23招证10,招商证券股份有限公司,3,AAA,02,2023-08-16,2.74,90
115792,23中化Y6,中国中化股份有限公司,,AAA,02,2023-08-24,2.88,90
115794,23融和01,中电投融和融资租赁有限公司,2,,02,2023-08-18,2.8,90
115795,23融和02,中电投融和融资租赁有限公司,3,,02,2023-08-18,3.07,90
115798,23津投17,天津城市基础设施建设投资集团有限公司,1.02,AAA,02,2023-08-22,6.85,90
115799,23恒信Y2,海通恒信国际融资租赁股份有限公司,,AAA,02,2023-08-22,4.3,90
115800,23京发01,京投发展股份有限公司,3,AAA,02,2023-08-23,3.07,90
115802,23兴泸04,泸州市兴泸投资集团有限公司,7,,02,2023-08-28,3.69,90
115803,23国君G7,国泰海通证券股份有限公司,2,AAA,02,2023-08-21,2.53,90
115804,23国君G8,国泰海通证券股份有限公司,3,AAA,02,2023-08-21,2.7,90
115805,23首钢03,首钢集团有限公司,3,AAA,02,2023-08-22,2.86,90
115806,23首钢04,首钢集团有限公司,5,AAA,02,2023-08-22,3.2,90
115807,23海连G1,江苏新海连发展集团有限公司,3,,02,2023-08-28,3.8,90
115808,23紫金G1,紫金矿业集团股份有限公司,5,,02,2023-08-23,2.83,90
115810,凯盛YK05,凯盛科技集团有限公司,,AAA,02,2023-08-25,3.13,90
115811,凯盛YK06,凯盛科技集团有限公司,,AAA,02,2023-08-25,3.37,90
115812,23唐租01,大唐融资租赁有限公司,3,,02,2023-08-22,2.89,90
115813,23川金01,四川金融控股集团有限公司,3,AAA,02,2023-08-22,2.85,90
115814,23电力01,国投电力控股股份有限公司,3,,02,2023-08-22,2.68,90
115815,23电力02,国投电力控股股份有限公司,5,,02,2023-08-22,2.92,90
115816,鲁高KY01,山东高速集团有限公司,,AAA,02,2023-08-22,3.24,90
115817,23银河G3,中国银河证券股份有限公司,3,AAA,02,2023-08-28,2.66,90
115818,23银河G4,中国银河证券股份有限公司,5,AAA,02,2023-08-28,2.98,90
115819,23杭金04,杭州市金融投资集团有限公司,3,,02,2023-09-04,2.93,90
115820,23铁基02,安徽省铁路发展基金股份有限公司,3,,02,2023-08-23,3.1,90
115821,23铁基03,安徽省铁路发展基金股份有限公司,5,,02,2023-08-23,3.6,90
115822,23产投G3,南京江北新区产业投资集团有限公司,5,,02,2023-09-15,3.36,90
115823,23宁安02,南京安居建设集团有限责任公司,5,AAA,02,2023-08-29,2.85,90
115824,23洪产01,南昌市产业投资集团有限公司,5,AAA,02,2023-08-22,3.04,90
115825,23华福G2,华福证券股份有限公司,3,AAA,02,2023-08-28,2.8,90
115827,23JTYK01,北京市基础设施投资有限公司,,AAA,02,2023-08-29,2.92,90
115828,23海通15,海通证券股份有限公司,3,AAA,02,2023-08-23,2.67,90
115830,23信投G2,中信建投证券股份有限公司,5,AAA,02,2023-08-28,2.97,90
115831,23信投G3,中信建投证券股份有限公司,10,AAA,02,2023-08-28,3.15,90
115832,23穗高Y3,广州高新区投资集团有限公司,,AA+,02,2023-08-28,3.31,90
115833,23穗高Y4,广州高新区投资集团有限公司,,AA+,02,2023-08-28,3.8,90
115834,23豫通02,河南交通投资集团有限公司,10,AAA,02,2023-08-25,3.43,90
115835,23安信G3,国投证券股份有限公司,3,AAA,02,2023-08-28,2.72,90
115836,23安信G4,国投证券股份有限公司,5,AAA,02,2023-08-28,3.05,90
115837,23三峡K1,中国长江三峡集团有限公司,10,AAA,02,2023-09-11,3.11,90
115838,23三峡K2,中国长江三峡集团有限公司,20,AAA,02,2023-09-11,3.15,90
115839,23国投K1,国家开发投资集团有限公司,3,,02,2023-08-24,2.55,90
115840,23国投K2,国家开发投资集团有限公司,10,,02,2023-08-24,3.12,90
115843,23中财G3,中国中金财富证券有限公司,3,AAA,02,2023-08-30,2.72,90
115844,23中财G4,中国中金财富证券有限公司,5,AAA,02,2023-08-30,3.08,90
115845,23鲁高Y4,山东高速集团有限公司,,AAA,02,2023-08-29,3.18,90
115846,23国泰01,国泰租赁有限公司,3,,02,2023-09-11,4.5,90
115847,葛洲YKV1,中国葛洲坝集团有限公司,,AAA,02,2023-08-28,2.87,90
115848,葛洲YKV2,中国葛洲坝集团有限公司,,AAA,02,2023-08-28,3.19,90
115849,23蓉轨01,成都轨道交通集团有限公司,5,,02,2023-09-01,3.05,90
115850,23五资02,五矿资本控股有限公司,3,AAA,02,2023-08-24,2.99,90
115851,建材YK07,中国建材股份有限公司,,AAA,02,2023-08-29,2.73,90
115852,建材YK08,中国建材股份有限公司,,AAA,02,2023-08-29,2.9,90
115853,23高科02,武汉高科国有控股集团有限公司,10,AA+,02,2023-08-29,4.13,90
115854,23中泰01,中泰证券股份有限公司,3,AAA,02,2023-08-30,2.74,90
115855,23太湖G2,苏州太湖国有资产投资发展集团有限公司,3,,02,2023-08-28,2.99,90
115856,23国联G2,无锡市国联发展(集团)有限公司,3,,02,2023-08-28,2.8,90
115857,23靖江港,靖江港口集团有限公司,3,AAA,02,2023-09-06,3.18,90
115858,河钢YK01,河钢集团有限公司,,AAA,02,2023-08-29,3.58,90
115859,河钢YK02,河钢集团有限公司,,AAA,02,2023-08-29,4,90
115860,23德达02,德州德达投资控股集团有限公司,5,,02,2023-09-08,3.8,90
115861,23德达03,德州德达投资控股集团有限公司,5,,02,2023-09-08,3.28,90
115862,23国创K1,昆山国创投资集团有限公司,3,,02,2023-09-13,3.15,90
115863,23津投18,天津城市基础设施建设投资集团有限公司,1.02,AAA,02,2023-09-01,3.34,90
115864,23景控02,景德镇市国资运营投资控股集团有限责任公司,3,AA+,02,2023-09-06,5.9,90
115865,23安租Y4,平安国际融资租赁有限公司,,AAA,02,2023-09-01,3.48,90
115869,23广越11,广州越秀集团股份有限公司,5,AAA,02,2023-08-25,2.95,90
115870,23广越12,广州越秀集团股份有限公司,10,AAA,02,2023-08-25,3.29,90
115871,23赣融04,江西省金融控股集团有限公司,3,AAA,02,2023-08-30,3.2,90
115872,23镇投G2,镇江国有投资控股集团有限公司,3,,02,2023-09-06,3.5,90
115873,23豫投02,河南投资集团有限公司,10,AAA,02,2023-08-30,3.4,90
115875,23财信02,湖南财信金融控股集团有限公司,5,,02,2023-08-28,2.83,90
115876,23山钢05,山东钢铁集团有限公司,5,,02,2023-09-04,3.15,90
115877,23海国04,北京市海淀区国有资本运营有限公司,3,AAA,02,2023-08-31,3.07,90
115878,铁工YK07,中国中铁股份有限公司,,AAA,02,2023-08-31,2.88,90
115879,铁工YK08,中国中铁股份有限公司,,AAA,02,2023-08-31,3.19,90
115880,23金城G1,张家港市金城投资发展集团有限公司,3,,02,2023-08-31,2.98,90
115881,23金城G2,张家港市金城投资发展集团有限公司,5,,02,2023-08-31,3.4,90
115882,23晋中01,晋中市公用基础设施投资控股(集团)有限公司,5,,02,2023-09-12,3.5,90
115883,23渝高03,重庆高速公路集团有限公司,5,AAA,02,2023-08-31,3.17,90
115884,23中证17,中信证券股份有限公司,2,AAA,02,2023-09-04,2.53,90
115885,23中证18,中信证券股份有限公司,3,AAA,02,2023-09-04,2.7,90
115886,23吉利K1,浙江吉利控股集团有限公司,3,,02,2023-09-15,3.54,90
115887,23光明02,光明食品(集团)有限公司,3,,02,2023-09-08,2.79,90
115888,23中交K2,中国交通建设集团有限公司,2,AAA,02,2023-09-04,2.3,90
115889,23二局Y5,中交第二公路工程局有限公司,,AAA,02,2023-09-04,2.85,90
115890,23二局Y6,中交第二公路工程局有限公司,,AAA,02,2023-09-04,3.15,90
115891,23洪轨03,南昌轨道交通集团有限公司,5,AAA,02,2023-09-21,3.43,90
115892,23兴城V2,成都兴城投资集团有限公司,5,AAA,02,2023-09-25,3.38,90
115893,23浙农01,浙江省农村发展集团有限公司,3,,02,2023-09-05,3.15,90
115894,23昆交G1,昆山交通发展控股集团有限公司,3,,02,2023-10-11,3.08,90
115895,23太新Y4,无锡市太湖新城发展集团有限公司,,AAA,02,2023-09-06,3.25,90
115897,23环球Y3,中国环球租赁有限公司,,AAA,02,2023-09-12,3.38,90
115898,23穗高Y5,广州高新区投资集团有限公司,,AA+,02,2023-09-13,3.6,90
115899,23穗高Y6,广州高新区投资集团有限公司,,AA+,02,2023-09-13,3.99,90
115900,23海鸿G2,江苏海鸿投资控股集团有限公司,3,,02,2023-09-04,3.25,90
115901,23泉金01,泉州发展集团有限公司,5,,02,2023-09-13,3.19,90
115902,23隧道K2,上海隧道工程股份有限公司,3,,02,2023-09-25,2.78,90
115903,23港口02,福建省港口集团有限责任公司,3,,02,2023-09-06,2.96,90
115904,23渝富03,重庆渝富控股集团有限公司,5,AAA,02,2023-09-08,3.17,90
115905,23津投19,天津城市基础设施建设投资集团有限公司,1.02,AAA,02,2023-09-13,3.67,90
115907,赣投YK01,江西省投资集团有限公司,,AAA,02,2023-09-14,3.5,90
115910,23方正G4,方正证券股份有限公司,3,AAA,02,2023-09-18,3.28,90
115911,23三投01,三门峡市投资集团有限公司,5,,02,2023-10-12,4.79,90
115912,23渝物07,重庆国际物流枢纽园区建设有限责任公司,3,,02,2023-09-13,4.16,90
115913,23疏浚K2,中交疏浚(集团)股份有限公司,3,AAA,02,2023-09-14,2.89,90
115914,23建房01,建发房地产集团有限公司,6,AAA,02,2023-12-20,3.77,90
115915,23国丰04,烟台国丰投资控股集团有限公司,3,AAA,02,2023-09-22,3.14,90
115916,23国丰05,烟台国丰投资控股集团有限公司,5,AAA,02,2023-09-22,3.55,90
115917,23三资01,三峡资本控股有限责任公司,3,AAA,02,2023-09-12,2.99,90
115918,23西证01,西南证券股份有限公司,3,AAA,02,2023-09-11,3.08,90
115919,23远东六,远东国际融资租赁有限公司,2,AAA,02,2023-10-30,4.4,90
115920,G23HXY1A,华电新能源集团股份有限公司,,AAA,02,2023-09-14,2.9,90
115923,23中化Y7,中国中化股份有限公司,,AAA,02,2023-09-22,3.08,90
115924,23海国05,北京市海淀区国有资本运营有限公司,5,AAA,02,2023-09-12,3.3,90
115925,23海国06,北京市海淀区国有资本运营有限公司,5,AAA,02,2023-09-12,3.67,90
115926,23安信G5,国投证券股份有限公司,3,AAA,02,2023-09-14,2.98,90
115927,23环球03,中国环球租赁有限公司,5,,02,2023-09-28,3.65,90
115928,23财信03,湖南财信金融控股集团有限公司,5,,02,2023-09-28,3.15,90
115930,23中证20,中信证券股份有限公司,3,AAA,02,2023-09-15,2.93,90
115932,建工KY07,北京建工集团有限责任公司,,AAA,02,2023-09-27,3.15,90
115933,23兵器K1,中国兵器工业集团有限公司,3,,02,2023-09-22,2.88,90
115934,23开福01,长沙开福城投集团有限责任公司,5,AA+,02,2023-09-14,3.5,90
115936,23沪开02,上海城开(集团)有限公司,3,,02,2023-09-21,3.5,90
115937,23济轨01,济南轨道交通集团有限公司,5,,02,2023-09-20,3.4,90
115938,23兴信04,兴业国信资产管理有限公司,3,AAA,02,2023-09-18,3.41,90
115939,GY锡铁01,无锡地铁集团有限公司,,AAA,02,2023-09-21,3.2,90
115940,GY锡铁02,无锡地铁集团有限公司,,AAA,02,2023-09-21,3.57,90
115941,23长产K3,长江产业投资集团有限公司,5,,02,2023-09-20,3,90
115943,23杭实K1,杭州市实业投资集团有限公司,3,,02,2023-09-15,3.12,90
115945,23陆债03,上海陆家嘴金融贸易区开发股份有限公司,5,,02,2023-10-18,3.08,90
115947,23航租05,中航国际融资租赁有限公司,3,AAA,02,2023-12-12,3.18,90
115951,23能投01,云南省能源投资集团有限公司,2,AAA,02,2023-09-22,4,90
115952,23国金07,国金证券股份有限公司,3,AAA,02,2023-10-24,3,90
115953,23厦贸Y4,厦门国贸控股集团有限公司,,AAA,02,2023-09-21,3.97,90
115954,23黔高02,贵州高速公路集团有限公司,3,AAA,02,2023-09-26,3.43,90
115957,23武生03,武汉生态环境投资发展集团有限公司,3,,02,2023-11-14,3.28,90
115958,23桂交03,广西交通投资集团有限公司,5,,02,2023-10-09,3.68,90
115959,23景控03,景德镇市国资运营投资控股集团有限责任公司,2,AA+,02,2023-10-16,4.2,90
115960,上科创K1,上海科技创业投资(集团)有限公司,5,,02,2023-09-22,2.86,90
115961,23扬子G2,南京扬子国资投资集团有限责任公司,3,AAA,02,2023-09-25,2.95,90
115965,23产融08,中航工业产融控股股份有限公司,3,AAA,02,2023-09-21,3.15,90
115966,23产融09,中航工业产融控股股份有限公司,5,AAA,02,2023-09-21,3.41,90
115967,23银河G5,中国银河证券股份有限公司,3,AAA,02,2023-09-21,2.95,90
115968,23银河G6,中国银河证券股份有限公司,5,AAA,02,2023-09-21,3.2,90
115969,23银河G7,中国银河证券股份有限公司,10,AAA,02,2023-09-21,3.33,90
115970,23赣交K3,江西省交通投资集团有限责任公司,3,AAA,02,2023-09-25,2.9,90
115971,23赣交K4,江西省交通投资集团有限责任公司,5,AAA,02,2023-09-25,3.2,90
115972,蓝星YK03,中国蓝星(集团)股份有限公司,,AAA,02,2023-09-21,3.33,90
115973,23甬投Y3,宁波开发投资集团有限公司,,AAA,02,2023-10-30,3.29,90
115974,23镇投G3,镇江国有投资控股集团有限公司,2,,02,2023-09-20,3.3,90
115975,23建集Y4,厦门建发集团有限公司,,AAA,02,2023-10-19,4.2,90
115976,23光证G4,光大证券股份有限公司,3,AAA,02,2023-09-20,2.98,90
115977,延长KY06,陕西延长石油(集团)有限责任公司,,AAA,02,2023-09-19,3.69,90
115978,铁工KY09,中国中铁股份有限公司,,AAA,02,2023-09-19,3.25,90
115979,铁工KY10,中国中铁股份有限公司,,AAA,02,2023-09-19,3.39,90
115980,23鄂旅Y1,湖北文化旅游集团有限公司,,AAA,02,2023-09-26,3.6,90
115981,23晋金02,山西金融投资控股集团有限公司,5,,02,2023-10-26,3.18,90
115983,23豫通Y3,河南交通投资集团有限公司,,AAA,02,2023-09-22,3.19,90
115984,23豫通Y4,河南交通投资集团有限公司,,AAA,02,2023-09-22,3.6,90
115985,23信投G4,中信建投证券股份有限公司,3,AAA,02,2023-10-23,2.91,90
115986,23信投G5,中信建投证券股份有限公司,5,AAA,02,2023-10-23,3.1,90
115987,23信投G6,中信建投证券股份有限公司,10,AAA,02,2023-10-23,3.34,90
115988,23开源02,开源证券股份有限公司,3,,02,2023-09-19,3.33,90
115989,23杭城01,杭州市城市建设投资集团有限公司,10,AAA,02,2023-09-25,3.28,90
115990,23青信07,青岛国信发展(集团)有限责任公司,4,,02,2023-10-27,3.4,90
115992,23桂垦V2,广西国控资本运营集团有限责任公司,2,AA+,02,2023-09-22,4.5,90
115993,23国管02,北京国有资本运营管理有限公司,10,AAA,02,2023-09-20,3.17,90
115994,23中证21,中信证券股份有限公司,3,AAA,02,2023-09-25,2.86,90
115995,23中证22,中信证券股份有限公司,5,AAA,02,2023-09-26,3.1,90
115996,23株国08,株洲市国有资产投资控股集团有限公司,2,,02,2023-09-28,4.19,90
115997,23京资03,北京市国有资产经营有限责任公司,15,AAA,02,2023-09-28,3.35,90
115998,23鲁资K3,山东省国有资产投资控股有限公司,3,,02,2023-09-28,3.17,90
120001,16以岭EB,以岭医药科技有限公司,5,AA,43,2016-06-16,1,130
120101,01中移动,中国移动通信集团广东有限公司,10,AAA,03,2001-10-23,4,30
120102,01三峡债,中国长江电力股份有限公司,15,AAA,03,2002-04-19,5.21,30
120201,02三峡债,中国长江电力股份有限公司,20,AAA,03,2003-01-13,4.76,30
120202,02中移⑸,中国移动通信集团广东有限公司,5,AAA,03,2003-01-22,3.5,30
120203,02中移⒂,中国移动通信集团广东有限公司,15,AAA,03,2003-01-22,4.5,30
120204,02苏交通,江苏交通控股有限公司,15,AAA,03,2003-04-18,4.51,30
120205,02渝城投,重庆市城市建设投资(集团)有限公司,10,AAA,03,2003-06-20,4.32,30
120206,02武钢(3),武汉钢铁(集团)公司,3,AAA,03,2003-09-25,3.5,30
120207,02武钢⑺,武汉钢铁(集团)公司,7,AAA,03,2003-09-25,4.02,30
120288,02金茂债,中国金茂(集团)有限公司,10,AAA,03,2003-04-21,4.22,30
120301,03沪轨道,上海久事公司,15,AAA,03,2003-09-04,4.51,0
120302,03苏园建,苏州工业园区地产经营管理公司,10,AAA,03,2003-12-05,4.3,30
120303,03三峡债,中国长江电力股份有限公司,30,AAA,03,2004-03-15,4.86,30
120304,03电网⑴,国家电网公司,10,AAA,03,2004-09-10,4.61,30
120305,03电网⑵,国家电网公司,10,AAA,03,2004-09-10,3.73,30
120306,03中电投,国家电力投资集团有限公司,15,AAA,03,2004-10-28,5.02,30
120307,03浦发债,上海浦东发展(集团)有限公司,10,AAA,03,2005-06-16,4.29,30
120308,03沪杭甬,浙江沪杭甬高速公路股份有限公司,10,AAA,03,2005-08-12,4.29,30
120309,03苏交通,江苏交通控股有限公司,10,AAA,03,2005-10-26,4.61,30
120310,03网通(1),中国联合网络通信集团有限公司,10,AAA,03,2006-06-29,4.6,30
120311,03网通(2),中国联合网络通信集团有限公司,10,AAA,03,2006-06-29,3.78,30
120482,04通用债,中国通用技术(集团)控股有限责任公司,10,AAA,03,2004-09-16,3.73,30
120483,04中石化,中国石油化工股份有限公司,10,AAA,03,2004-09-28,4.61,30
120485,04国电(1),中国国电集团公司,10,AAA,03,2005-09-08,5.3,30
120486,04国电(2),中国国电集团有限公司,15,AAA,03,2005-09-08,5.6,30
120488,04京地铁,北京市基础设施投资有限公司,10,AAA,03,2005-08-30,5.05,0
120489,04南网(1),中国南方电网有限责任公司,10,AAA,03,2005-10-26,5.3,0
120490,04南网(2),中国南方电网有限责任公司,15,AAA,03,2005-10-26,5.6,0
120501,05申能债,申能(集团)有限公司,10,AAA,03,2005-07-18,5.05,30
120502,05苏园建,苏州工业园区地产经营管理公司,10,AAA,03,2005-07-22,5.05,30
120503,05渝水务,重庆水务集团股份有限公司,10,AAA,03,2005-08-01,5.05,30
120505,05华电债,中国华电集团公司,10,AAA,03,2005-09-06,4.98,30
120506,05大唐债,中国大唐集团有限公司,15,AAA,03,2005-08-26,5.28,30
120509,05国网(1),国家电网公司,10,AAA,03,2005-09-12,4.98,30
120510,05国网(2),国家电网公司,10,AAA,03,2005-09-12,4.5,30
120511,05沪建(1),上海城投(集团)有限公司,10,AAA,03,2005-09-27,4.98,0
120512,05沪建(2),上海城投(集团)有限公司,15,AAA,03,2005-09-27,5.18,0
120516,05中电投,国家电力投资集团公司,10,AAA,03,2005-09-26,4.98,30
120517,05京能(1),北京能源投资(集团)有限公司,5,AAA,03,2005-11-25,4.8,30
120518,05京能(2),北京能源投资(集团)有限公司,7,AAA,03,2005-11-25,4.95,30
120519,05华能债,中国华能集团公司,10,AAA,03,2005-11-16,5.02,30
120520,05杭城建,杭州市城市建设发展有限公司,10,AAA,03,2005-12-29,5.02,30
120521,05国航债,中国国际航空股份有限公司,10,AAA,03,2005-12-15,4.5,30
120522,05铁通债,中国铁通集团有限公司,10,AAA,03,2005-12-20,4.6,30
120523,05闽高速,福建省高速公路有限责任公司,10,AAA,03,2006-02-17,5.05,30
120525,05中核(1),中国核工业集团公司,10,AAA,03,2006-01-11,4.98,30
120526,05中核(2),中国核工业集团有限公司,15,AAA,03,2005-11-08,5.2,30
120527,05武城投,武汉市城市建设投资开发集团有限公司,15,AAA,03,2006-05-22,4.7,30
120528,05世博债,上海世博(集团)有限公司,7,AAA,03,2006-01-18,4,0
120529,05宁煤债,国家能源集团宁夏煤业有限责任公司,15,AAA,03,2006-05-30,4.9,30
120601,06大唐债,中国大唐集团有限公司,20,AAA,03,2006-03-16,4.2,30
120602,06冀建投,河北建设投资集团有限责任公司,20,AAA,03,2006-04-18,4.18,30
120603,06航天债,中国航天科技集团有限公司,15,AAA,03,2006-08-30,4,30
120604,06国网(1),国家电网公司,10,AAA,03,2006-07-12,4.05,30
120605,06三峡债,中国长江三峡集团有限公司,20,AAA,03,2006-07-20,4.15,30
120606,06张江债,上海张江(集团)有限公司,7,AAA,03,2006-07-03,4,30
120607,06沪水务,上海水务资产经营发展有限公司,15,AAA,03,2006-08-08,4.25,30
120608,06鲁高速,山东高速集团有限公司,20,AAA,03,2007-01-08,4.1,30
120609,06赣投债,江西省投资集团有限公司,15,AAA,03,2006-10-19,4.38,30
120610,06合城投,合肥城建投资控股有限公司,10,AAA,03,2007-03-30,4.32,30
120701,07世博⑴,上海世博土地控股有限公司,10,AAA,03,2007-03-29,4.05,0
120702,07世博(2),上海世博土地控股有限公司,15,AAA,03,2007-03-29,4.15,0
122000,07长电债,中国长江电力股份有限公司,10,AAA,02,2007-10-12,5.35,90
122001,07海工债,海洋石油工程股份有限公司,10,AAA,02,2007-11-19,5.77,90
122002,07华能G1,华能国际电力股份有限公司,5,AAA,02,2008-01-15,5.67,90
122003,07华能G2,华能国际电力股份有限公司,7,AAA,02,2008-01-15,5.75,90
122004,07华能G3,华能国际电力股份有限公司,10,AAA,02,2008-01-15,5.9,90
122005,08钒钛债,承德新新钒钛股份有限公司,5,AA+,02,2008-03-18,6.8,90
122006,08金地债,金地(集团)股份有限公司,8,AAA,02,2008-03-20,5.5,90
122007,08莱钢债,山东钢铁股份有限公司,10,AA,02,2008-04-18,6.55,90
122008,08华能G1,华能国际电力股份有限公司,10,AAA,02,2008-05-21,5.2,90
122009,08新湖债,新湖中宝股份有限公司,8,AA-,02,2008-07-18,9,90
122010,08宁沪债,江苏宁沪高速公路股份有限公司,3,AAA,02,2008-08-12,5.4,90
122011,08金发债,金发科技股份有限公司,5,AA-,02,2008-08-12,8.2,90
122012,08保利债,保利房地产(集团)股份有限公司,5,AA+,02,2008-07-21,7,90
122013,08北辰债,北京北辰实业股份有限公司,5,AA,02,2008-07-30,8.2,90
122014,09豫园债,上海豫园旅游商城股份有限公司,5,AAA,02,2009-08-19,5.9,90
122015,09长电债,中国长江电力股份有限公司,10,AAA,02,2009-08-19,4.78,90
122016,09中材债,中国中材股份有限公司,7,AA+,02,2009-08-19,5.4,90
122017,09大唐债,大唐国际发电股份有限公司,10,AAA,02,2009-09-24,5,90
122018,09中交G1,中国交通建设股份有限公司,5,AAA,02,2009-09-30,4.7,90
122019,09中交G2,中国交通建设股份有限公司,10,AAA,02,2009-09-30,5.2,90
122020,09复地债,复地(集团)股份有限公司,5,AA,02,2009-11-03,7.3,90
122021,09广汇债,广汇能源股份有限公司,7,AA,02,2009-09-29,6.95,90
122022,09城控债,上海城投控股股份有限公司,5,AAA,02,2009-09-29,5,90
122023,09万业债,上海万业企业股份有限公司,5,AA,02,2009-09-30,7.3,90
122024,09国阳债,阳泉煤业(集团)股份有限公司,5,AA+,02,2009-09-30,5.38,90
122025,09首置债,首创置业股份有限公司,5,AA,02,2009-10-21,6.5,90
122026,09福田债,北汽福田汽车股份有限公司,5,AA+,02,2009-10-15,5.68,90
122027,09京城建,北京城建投资发展股份有限公司,7,AA,02,2009-10-21,6.8,90
122028,09华发债,珠海华发实业股份有限公司,8,AA,02,2009-11-11,7.6,90
122029,09万通债,北京万通地产股份有限公司,5,AA+,02,2009-11-03,7,90
122030,09京综超,北京华联综合超市股份有限公司,6,AA,02,2009-12-10,5.8,90
122031,09天房债,天津市房地产发展(集团)股份有限公司,3,AA,02,2009-11-03,7.3,90
122032,09隧道债,上海隧道工程股份有限公司,7,AA+,02,2009-11-09,5.55,90
122033,09富力债,广州富力地产股份有限公司,5,AA+,02,2009-11-12,6.85,90
122034,09中企债,中华企业股份有限公司,5,AA+,02,2009-12-10,7.1,90
122035,09苏高新,苏州新区高新技术产业股份有限公司,5,AA,02,2009-11-16,5.5,90
122036,09沪张江,上海张江高科技园区开发股份有限公司,5,AA+,02,2009-12-31,5.9,90
122037,09三友债,唐山三友化工股份有限公司,8,AA,02,2009-12-18,6.32,90
122038,09宁高科,南京高科股份有限公司,5,AA+,02,2010-01-21,5.36,90
122039,09皖通债,安徽皖通高速公路股份有限公司,5,AAA,02,2010-01-21,5,90
122040,09新黄浦,上海新黄浦置业股份有限公司,5,AA+,02,2010-06-30,5.9,90
122041,09招金债,招金矿业股份有限公司,7,AA+,02,2010-01-15,5,90
122042,09金丰债,上海金丰投资股份有限公司,3,AA+,02,2010-01-27,5.9,90
122043,09紫江债,上海紫江企业集团股份有限公司,8,AA,02,2010-01-20,6.1,90
122044,10连云债,江苏连云港港口股份有限公司,5,AA+,02,2010-02-09,5.5,90
122045,10中铁G1,中国中铁股份有限公司,5,AAA,02,2010-03-03,4.48,90
122046,10中铁G2,中国中铁股份有限公司,10,AAA,02,2010-03-03,4.88,90
122047,10首机01,北京首都国际机场股份有限公司,5,AAA,02,2010-03-10,4.45,90
122048,10首机02,北京首都国际机场股份有限公司,7,AAA,02,2010-03-10,4.65,90
122049,10营口港,营口港务股份有限公司,8,AA,02,2010-03-23,5.9,90
122050,10杉杉债,宁波杉杉股份有限公司,7,AA,02,2010-04-14,5.96,90
122051,10石化01,中国石油化工股份有限公司,5,AAA,02,2010-06-09,3.75,90
122052,10石化02,中国石油化工股份有限公司,10,AAA,02,2010-06-09,4.05,90
122053,10泰豪债,泰豪科技股份有限公司,5,AA+,02,2010-10-18,5.3,90
122054,10中铁G3,中国中铁股份有限公司,10,AAA,02,2010-11-03,4.34,90
122055,10中铁G4,中国中铁股份有限公司,15,AAA,02,2010-11-03,4.5,90
122056,10龙源01,龙源电力集团股份有限公司,5,AAA,02,2010-12-30,4.89,90
122057,10龙源02,龙源电力集团股份有限公司,10,AAA,02,2010-12-30,5.05,90
122058,10豫园债,上海豫园旅游商城股份有限公司,5,AAA,02,2011-01-06,5.9,90
122059,重债暂停,重庆钢铁股份有限公司,7,AA+,02,2010-12-31,6.2,90
122060,银债暂停,河南银鸽实业投资股份有限公司,7,AA,02,2010-12-30,7.09,90
122061,11西矿01,西部矿业股份有限公司,5,AA+,02,2011-02-18,5,90
122062,11西矿02,西部矿业股份有限公司,10,AA+,02,2011-02-18,5.3,90
122063,11龙源01,龙源电力集团股份有限公司,5,AAA,02,2011-03-16,4.89,90
122064,11龙源02,龙源电力集团股份有限公司,10,AAA,02,2011-03-16,5.04,90
122065,11上港01,上海国际港务集团股份有限公司,5,AAA,02,2011-04-08,4.69,90
122066,11大唐01,大唐国际发电股份有限公司,10,AAA,02,2011-04-29,5.25,90
122067,11南钢债,南京钢铁股份有限公司,7,AA,02,2011-05-17,5.8,90
122068,11海螺01,安徽海螺水泥股份有限公司,5,AAA,02,2011-06-15,5.08,90
122069,11海螺02,安徽海螺水泥股份有限公司,7,AAA,02,2011-06-15,5.2,90
122070,11海航01,海南航空股份有限公司,5,AA+,02,2011-06-14,5.6,90
122071,11海航02,海南航空股份有限公司,10,AA+,02,2011-06-14,6.2,90
122072,11大连港,辽宁港口股份有限公司,10,AAA,02,2011-06-22,5.3,90
122073,云债暂停,云南云维股份有限公司,7,AA+,02,2011-06-22,5.65,90
122074,11士兰微,杭州士兰微电子股份有限公司,5,AA,02,2011-06-24,5.35,90
122075,11柳钢债,柳州钢铁股份有限公司,8,AA,02,2011-06-27,5.7,90
122076,11康恩贝,浙江康恩贝制药股份有限公司,5,AA,02,2011-06-24,5.3,90
122077,11西钢债,西宁特殊钢股份有限公司,8,AA,02,2011-07-11,6.75,90
122078,11东阳光,广东东阳光科技控股股份有限公司,5,AA+,02,2011-07-19,5.5,90
122079,11上港02,上海国际港务集团股份有限公司,5,AAA,02,2011-07-15,5.05,90
122080,11康美债,康美药业股份有限公司,7,AA+,02,2011-07-05,6,90
122081,PR星湖债,广东肇庆星湖生物科技股份有限公司,6,AA,02,2011-07-29,5.8,90
122082,PR发展债,瀚蓝环境股份有限公司,5,AA,02,2011-07-29,5.65,90
122083,11天威债,保定天威保变电气股份有限公司,7,AA+,02,2011-07-22,5.75,90
122084,11湘电债,湘潭电机股份有限公司,5,AA+,02,2011-08-15,6.18,90
122085,11深高速,深圳高速公路股份有限公司,5,AA+,02,2011-08-09,6,90
122086,11正泰债,浙江正泰电器股份有限公司,5,AA+,02,2011-08-08,6.05,90
122087,11凌钢债,凌源钢铁股份有限公司,8,AA+,02,2011-08-15,6.58,90
122088,11综艺债,江苏综艺股份有限公司,5,AA,02,2011-09-19,7.5,90
122089,11马钢01,马鞍山钢铁股份有限公司,3,AAA,02,2011-09-13,5.63,90
122090,11马钢02,马鞍山钢铁股份有限公司,5,AAA,02,2011-09-13,5.74,90
122091,11重机债,重庆机电股份有限公司,5,AA+,02,2011-09-01,6.59,90
122092,11大秦01,大秦铁路股份有限公司,2,AAA,02,2011-08-31,5.48,90
122093,孚债暂停,河南中孚实业股份有限公司,8,AA,02,2011-09-22,7.3,90
122094,11海正债,浙江海正药业股份有限公司,5,AA,02,2011-09-19,6.5,90
122095,11杭钢债,杭州钢铁股份有限公司,3,AA,02,2011-09-14,6.35,90
122096,11健康元,健康元药业集团股份有限公司,7,AA+,02,2011-11-28,7.1,90
122097,11浦路桥,上海浦东路桥建设股份有限公司,5,AA,02,2011-11-11,6.9,90
122098,11八钢债,新疆八一钢铁股份有限公司,3,AA+,02,2011-10-20,6.78,90
122099,11连港02,大连港股份有限公司,7,AAA,02,2011-11-18,6.05,90
122100,11华仪债,华仪电气股份有限公司,5,AA,02,2011-11-28,8,90
122102,11广汇01,广汇能源股份有限公司,6,AA+,02,2011-11-28,7.7,90
122103,11航机01,中航重机股份有限公司,5,AA,02,2012-05-11,6,90
122104,11航机02,中航重机股份有限公司,4,AA,02,2012-05-11,6.13,90
122105,11安钢02,安阳钢铁股份有限公司,7,AA,02,2012-02-29,6.9,90
122106,11唐新01,中国大唐集团新能源股份有限公司,5,AAA,02,2011-11-25,5.4,90
122107,11安钢01,安阳钢铁股份有限公司,7,AA,02,2011-11-28,7.87,90
122108,11新天01,新天绿色能源股份有限公司,6,AAA,02,2011-12-23,5.3,90
122109,11新天02,新天绿色能源股份有限公司,7,AAA,02,2011-12-23,5.4,90
122110,11众和债,新疆众和股份有限公司,7,AA,02,2011-12-13,6.85,90
122111,11永泰债,永泰能源股份有限公司,5,AA,02,2012-01-09,7.1,90
122112,11沪大众,上海大众公用事业(集团)股份有限公司,6,AA+,02,2012-02-23,6.98,90
122113,11新钢债,新余钢铁股份有限公司,5,AA+,02,2012-01-19,6.65,90
122114,11一重债,中国第一重型机械股份公司,5,AAA,02,2012-01-19,5.14,90
122115,11华锐01,华锐风电科技(集团)股份有限公司,5,AAA,02,2012-01-18,7,90
122116,11华锐02,华锐风电科技(集团)股份有限公司,5,AAA,02,2012-01-18,6.2,90
122117,11闽高速,福建发展高速公路股份有限公司,5,AA+,02,2012-03-28,5.8,90
122118,12兴发01,湖北兴发化工集团股份有限公司,6,AA,02,2012-03-02,6.3,90
122119,12兴发02,湖北兴发化工集团股份有限公司,5,AA,02,2012-03-02,7.3,90
122121,11日照港,日照港股份有限公司,5,AA+,02,2012-03-07,5.6,90
122122,11精工债,长江精工钢结构(集团)股份有限公司,3,AA+,02,2012-05-04,6.3,90
122123,11中化01,中化国际控股股份有限公司,4,AAA,02,2012-04-12,4.85,90
122124,11中化02,中化国际控股股份有限公司,7,AAA,02,2012-04-12,4.99,90
122125,11美兰债,瑞港国际机场集团股份有限公司,7,AA,02,2012-04-20,7.8,90
122126,11庞大02,庞大汽贸集团股份有限公司,5,AA+,02,2012-04-27,8.5,90
122127,11欧亚债,长春欧亚集团股份有限公司,7,AA+,02,2012-04-11,7,90
122128,11武钢债,武汉钢铁股份有限公司,3,AAA,02,2012-03-20,4.75,90
122129,12酒钢债,甘肃酒钢集团宏兴钢铁股份有限公司,3,AA+,02,2012-05-25,5.4,90
122130,11航民01,浙江航民股份有限公司,3,AA,02,2012-04-19,6.8,90
122131,11片仔癀,漳州片仔癀药业股份有限公司,5,AA,02,2012-04-19,5.7,90
122132,12鹏博债,鹏博士电信传媒集团股份有限公司,5,AA,02,2012-04-27,7.5,90
122133,11柳化债,柳州化工股份有限公司,7,AA,02,2012-04-16,7,90
122134,11华微债,吉林华微电子股份有限公司,7,AA,02,2012-04-27,8,90
122135,12宝泰隆,宝泰隆新材料股份有限公司,5,AA,02,2012-04-27,7.3,90
122136,11复星债,上海复星医药(集团)股份有限公司,5,AA+,02,2012-05-29,5.53,90
122138,11桂东01,广西桂东电力股份有限公司,7,AA,02,2012-05-22,6.3,90
122139,11洪水业,江西洪城水业股份有限公司,5,AA+,02,2012-05-18,5.88,90
122140,12宁港01,宁波港股份有限公司,3,AAA,02,2012-05-11,4.69,90
122141,12天士01,天士力制药集团股份有限公司,5,AA,02,2012-05-22,6,90
122142,11鹿港债,江苏鹿港文化股份有限公司,5,AA,02,2012-05-23,7.75,90
122143,12亿利01,亿利洁能股份有限公司,8,AA+,02,2012-06-15,7.3,90
122144,12鲁信债,鲁信创业投资集团股份有限公司,5,AA+,02,2012-05-18,6.5,90
122145,11桂东02,广西桂东电力股份有限公司,7,AA,02,2012-07-16,5.3,90
122146,12华新01,华新水泥股份有限公司,5,AA,02,2012-06-07,5.35,90
122147,12华新02,华新水泥股份有限公司,7,AA,02,2012-06-07,5.65,90
122148,11吉高速,吉林高速公路股份有限公司,7,AA,02,2012-07-11,5.5,90
122149,12石化01,中国石油化工股份有限公司,5,AAA,02,2012-06-13,4.26,90
122150,12石化02,中国石油化工股份有限公司,10,AAA,02,2012-06-13,4.9,90
122151,12国电01,国电电力发展股份有限公司,5,AAA,02,2012-07-09,4.35,90
122152,12国电02,国电电力发展股份有限公司,7,AAA,02,2012-07-09,4.75,90
122153,12京能01,北京京能清洁能源电力股份有限公司,3,AAA,02,2012-07-20,4.35,90
122154,12京能02,北京京能清洁能源电力股份有限公司,5,AAA,02,2012-07-20,4.6,90
122155,12天富债,新疆天富热电股份有限公司,5,AA,02,2012-07-09,5.5,90
122156,厦债暂停,厦门厦工机械股份有限公司,5,AA+,02,2012-07-19,4.55,90
122157,12广控01,广州发展集团股份有限公司,7,AA+,02,2012-07-24,4.74,90
122158,12西钢债,西宁特殊钢股份有限公司,8,AA,02,2012-08-21,6.5,90
122159,12亿利02,亿利洁能股份有限公司,8,AA+,02,2012-08-22,6.42,90
122161,12申通02,上海申通地铁股份有限公司,3,AA+,02,2012-08-24,4.6,90
122162,12中孚债,河南中孚实业股份有限公司,5,AA,02,2012-09-14,8,90
122163,12鄂资债,内蒙古鄂尔多斯资源股份有限公司,5,AA+,02,2012-09-13,6.2,90
122164,12通威发,通威股份有限公司,5,AA,02,2012-12-27,5.98,90
122165,12国电03,国电电力发展股份有限公司,3,AAA,02,2012-08-13,4.22,90
122166,12国电04,国电电力发展股份有限公司,5,AAA,02,2012-08-13,4.35,90
122167,12兖煤01,兖州煤业股份有限公司,5,AAA,02,2012-08-15,4.2,90
122168,12兖煤02,兖矿能源集团股份有限公司,10,AAA,02,2012-08-15,4.95,90
122169,12金瑞债,青海金瑞矿业发展股份有限公司,5,AA,02,2012-10-29,7.9,90
122170,12江药债,江中药业股份有限公司,3,AA,02,2012-12-27,5.39,90
122171,12中海01,中海发展股份有限公司,3,AAA,02,2012-08-21,4.2,90
122172,12中海02,中远海运能源运输股份有限公司,10,AAA,02,2012-08-21,5,90
122173,12中交01,中国交通建设股份有限公司,5,AAA,02,2012-09-20,4.4,90
122174,12中交02,中国交通建设股份有限公司,10,AAA,02,2012-09-20,5,90
122175,12中交03,中国交通建设股份有限公司,15,AAA,02,2012-09-20,5.15,90
122176,12中储债,中储发展股份有限公司,7,AAA,02,2012-10-29,5,90
122177,12科环01,国电科技环保集团股份有限公司,3,AAA,02,2012-09-20,4.3,90
122178,12科环02,国电科技环保集团股份有限公司,5,AAA,02,2012-09-20,4.65,90
122179,12科环03,国电科技环保集团股份有限公司,10,AAA,02,2012-09-20,5.15,90
122180,12旋风债,河南黄河旋风股份有限公司,5,AA,02,2012-09-20,6.28,90
122181,12山鹰债,安徽山鹰纸业股份有限公司,7,AA,02,2012-09-19,7.5,90
122182,12九州通,九州通医药集团股份有限公司,5,AA+,02,2012-11-01,5.7,90
122183,12集优01,上海集优机械股份有限公司,5,AAA,02,2012-09-28,5.08,90
122184,一债暂停,中国第一重型机械股份公司,5,AAA,02,2012-10-18,5.1,90
122185,12力帆01,力帆实业(集团)股份有限公司,3,AA,02,2012-10-12,6.8,90
122186,12力帆02,力帆实业(集团)股份有限公司,5,AA,02,2012-10-12,7.5,90
122187,12玻纤债,中国巨石股份有限公司,7,AA+,02,2012-12-26,5.56,90
122188,12华新03,华新水泥股份有限公司,7,AA,02,2012-12-21,5.9,90
122189,12王府01,王府井集团股份有限公司,5,AA+,02,2012-11-27,4.94,90
122190,12王府02,王府井集团股份有限公司,7,AA+,02,2012-11-27,5.2,90
122191,12桂冠01,广西桂冠电力股份有限公司,5,AAA,02,2012-11-26,4.8,90
122192,12桂冠02,广西桂冠电力股份有限公司,10,AAA,02,2012-11-26,5.1,90
122193,12中水01,中国电力建设股份有限公司,7,AAA,02,2012-11-26,5.03,90
122194,12中水02,中国电力建设股份有限公司,10,AAA,02,2012-11-26,5.2,90
122195,12中海03,中远海运能源运输股份有限公司,7,AAA,02,2012-11-21,5.05,90
122196,12中海04,中远海运能源运输股份有限公司,10,AAA,02,2012-11-21,5.18,90
122197,12华天成,北京华胜天成科技股份有限公司,5,AA,02,2013-03-29,5.8,90
122198,12能新01,华能新能源股份有限公司,3,AAA,02,2012-12-03,4.8,90
122199,12能新02,华能新能源股份有限公司,5,AAA,02,2012-12-03,5.09,90
122200,12晋兰花,山西兰花科技创业股份有限公司,5,AA+,02,2012-12-28,5.09,90
122201,12开滦01,开滦能源化工股份有限公司,7,AAA,02,2012-11-14,5.4,90
122202,12海螺01,安徽海螺水泥股份有限公司,5,AAA,02,2012-12-04,4.89,90
122203,12海螺02,安徽海螺水泥股份有限公司,10,AAA,02,2012-12-04,5.1,90
122204,12双良节,双良节能系统股份有限公司,5,AA,02,2012-12-03,5.88,90
122205,12沪交运,上海交运集团股份有限公司,5,AA+,02,2012-12-07,5.05,90
122206,12赛轮债,赛轮股份有限公司,3,AA,02,2012-12-05,5.85,90
122207,12骆驼集,骆驼集团股份有限公司,5,AA,02,2012-12-28,5.98,90
122208,12招金券,招金矿业股份有限公司,5,AAA,02,2012-12-26,4.99,90
122209,12中油01,中国石油天然气股份有限公司,5,AAA,02,2012-12-04,4.55,90
122210,12中油02,中国石油天然气股份有限公司,10,AAA,02,2012-12-04,4.9,90
122211,12中油03,中国石油天然气股份有限公司,15,AAA,02,2012-12-04,5.04,90
122212,12京江河,江河创建集团股份有限公司,5,AA+,02,2012-12-28,5.4,90
122213,12松建化,新疆青松建材化工(集团)股份有限公司,7,AA,02,2012-12-17,6.2,90
122214,12大秦债,大秦铁路股份有限公司,3,AAA,02,2012-12-27,4.88,90
122215,12永泰01,永泰能源股份有限公司,5,AA+,02,2013-01-10,5.68,90
122216,12桐昆债,桐昆集团股份有限公司,5,AA,02,2013-02-08,5.85,90
122217,12渝水务,重庆水务集团股份有限公司,5,AAA,02,2013-03-01,5.12,90
122218,12国航01,中国国际航空股份有限公司,10,AAA,02,2013-03-04,5.1,90
122219,12榕泰债,广东榕泰实业股份有限公司,5,AA,02,2013-03-12,5.9,90
122220,12重工01,中信重工机械股份有限公司,5,AA+,02,2013-03-08,4.85,90
122221,12重工02,中信重工机械股份有限公司,7,AA+,02,2013-03-08,5.2,90
122222,12永泰02,永泰能源股份有限公司,5,AA+,02,2013-03-01,5.45,90
122223,12电气01,上海电气集团股份有限公司,3,AAA,02,2013-03-18,4.5,90
122224,12电气02,上海电气集团股份有限公司,5,AAA,02,2013-03-18,4.9,90
122225,12一拖01,第一拖拉机股份有限公司,5,AA+,02,2013-04-02,4.8,90
122226,12宝科创,宝胜科技创新股份有限公司,5,AA,02,2013-04-11,5.48,90
122227,13尖峰01,浙江尖峰集团股份有限公司,5,AA+,02,2013-07-02,4.9,90
122228,13天士01,天士力制药集团股份有限公司,5,AA+,02,2013-04-15,4.98,90
122229,12国控01,国药控股股份有限公司,5,AAA,02,2013-04-01,4.54,90
122230,12沪海立,上海海立(集团)股份有限公司,5,AAA,02,2013-04-08,4.85,90
122231,12上电债,上海电力股份有限公司,5,AAA,02,2013-03-19,4.55,90
122235,12芜湖港,安徽皖江物流(集团)股份有限公司,5,AAA,02,2013-05-17,4.99,90
122236,12哈电01,哈尔滨电气股份有限公司,5,AAA,02,2013-05-02,4.9,90
122237,12西资源,四川西部资源控股股份有限公司,5,AA,02,2013-04-12,5.68,90
122238,13宁港01,宁波港股份有限公司,3,AAA,02,2013-04-18,4.6,90
122239,13中油01,中国石油天然气股份有限公司,5,AAA,02,2013-04-15,4.47,90
122240,13中油02,中国石油天然气股份有限公司,10,AAA,02,2013-04-15,4.88,90
122241,12东航01,中国东方航空股份有限公司,10,AAA,02,2013-04-22,5.05,90
122242,12广汽01,广州汽车集团股份有限公司,5,AAA,02,2013-04-09,4.89,90
122243,12广汽02,广州汽车集团股份有限公司,10,AAA,02,2013-04-09,5.09,90
122244,12大唐01,大唐国际发电股份有限公司,10,AAA,02,2013-04-17,5.1,90
122245,13甬热电,宁波热电股份有限公司,7,AA+,02,2013-05-22,5.1,90
122247,13福新01,华电福新能源股份有限公司,5,AAA,02,2013-05-29,5,90
122248,13福新02,华电福新能源有限公司,10,AAA,02,2013-05-29,5.3,90
122249,13平煤债,平顶山天安煤业股份有限公司,10,AAA,02,2013-05-08,5.07,90
122250,13和邦01,四川和邦生物科技股份有限公司,7,AA,02,2013-05-13,5.8,90
122251,13南车01,中国中车股份有限公司,5,AAA,02,2013-05-07,4.7,90
122252,13南车02,中国中车股份有限公司,10,AAA,02,2013-05-07,5,90
122253,12一拖02,第一拖拉机股份有限公司,5,AA+,02,2013-06-26,4.5,90
122254,12拜克01,浙江瀚叶股份有限公司,5,AA+,02,2013-06-13,5.3,90
122255,13赣粤01,江西赣粤高速公路股份有限公司,10,AAA,02,2013-05-09,5.15,90
122256,13保税债,张家港保税科技(集团)股份有限公司,5,AA,02,2013-06-19,5.5,90
122257,12岳纸01,岳阳林纸股份有限公司,5,AAA,02,2013-06-25,5.04,90
122258,13云煤业,云南煤业能源股份有限公司,7,AA+,02,2013-12-18,7.8,90
122263,12豫园01,上海豫园旅游商城股份有限公司,5,AA+,02,2013-07-04,5.2,90
122264,13京客隆,北京京客隆商业集团股份有限公司,5,AAA,02,2013-09-05,5.48,90
122265,13川路桥,四川路桥建设集团股份有限公司,5,AA+,02,2013-09-09,5.65,90
122267,13永泰债,永泰能源股份有限公司,5,AA+,02,2013-08-19,6.8,90
122268,12国航02,中国国际航空股份有限公司,5,AAA,02,2013-09-05,5.15,90
122269,12国航03,中国国际航空股份有限公司,10,AAA,02,2013-09-05,5.3,90
122271,12兖煤03,兖州煤业股份有限公司,5,AAA,02,2014-03-31,5.92,90
122272,12兖煤04,兖矿能源集团股份有限公司,10,AAA,02,2014-03-31,6.15,90
122273,13鲁金01,山东黄金矿业股份有限公司,5,AAA,02,2013-09-17,5.16,90
122274,11航民02,浙江航民股份有限公司,3,AA,02,2013-10-21,6.6,90
122275,13京能01,北京京能电力股份有限公司,1.5,AAA,02,2014-01-27,6.24,90
122276,13魏桥01,魏桥纺织股份有限公司,5,AA,02,2013-11-06,7,90
122277,13华域01,华域汽车系统股份有限公司,2,AAA,02,2013-12-18,5.6,90
122278,13华域02,华域汽车系统股份有限公司,5,AAA,02,2013-12-18,5.72,90
122279,13外运债,中国外运股份有限公司,3,AAA,02,2013-12-03,5.7,90
122283,13盛屯债,盛屯矿业集团股份有限公司,5,AA,02,2013-12-26,8,90
122284,13鲁金02,山东黄金矿业股份有限公司,5,AAA,02,2015-05-04,4.8,90
122285,13杉杉债,宁波杉杉股份有限公司,5,AA,02,2014-03-26,7.5,90
122287,13国投01,国投电力控股股份有限公司,5,AAA,02,2014-04-30,5.89,90
122289,13日照港,日照港股份有限公司,3,AAA,02,2014-03-20,6.15,90
122290,13包钢01,内蒙古包钢钢联股份有限公司,2,AAA,02,2014-04-03,6.45,90
122294,12鲁创投,鲁信创业投资集团股份有限公司,5,AA+,02,2014-04-10,7.35,90
122295,13川投01,四川川投能源股份有限公司,5,AA+,02,2014-05-15,6.12,90
122297,13山煤01,山煤国际能源集团股份有限公司,2,AA+,02,2014-05-28,6.35,90
122298,13亚盛债,甘肃亚盛实业(集团)股份有限公司,5,AA,02,2014-07-07,6.35,90
122300,13铁龙01,中铁铁龙集装箱物流股份有限公司,2,AA+,02,2014-06-09,5.8,90
122301,13楚天01,湖北楚天高速公路股份有限公司,5,AAA,02,2014-06-24,5.88,90
122302,13天房债,天津市房地产发展(集团)股份有限公司,7,AA,02,2014-05-23,8.9,90
122305,14鲁高速,山东高速股份有限公司,5,AAA,02,2014-08-11,5.84,90
122306,13太极01,无锡市太极实业股份有限公司,5,AA+,02,2014-07-08,6.25,90
122308,13杭齿债,杭州前进齿轮箱集团股份有限公司,5,AA+,02,2014-08-01,6.3,90
122310,13苏新城,江苏新城地产股份有限公司,5,AA,02,2014-08-08,8.9,90
122316,14赣粤01,江西赣粤高速公路股份有限公司,7,AAA,02,2014-09-03,5.74,90
122317,14赣粤02,江西赣粤高速公路股份有限公司,10,AAA,02,2014-09-03,6.09,90
122318,14中炬01,中炬高新技术实业(集团)股份有限公司,5,AA,02,2014-10-29,6.2,90
122319,13京能02,北京京能电力股份有限公司,3,AAA,02,2014-09-23,5.14,90
122320,14国贸01,中国国际贸易中心股份有限公司,5,AA+,02,2014-09-04,5.5,90
122323,14凤凰债,江苏凤凰置业投资股份有限公司,5,AAA,02,2014-09-30,5.65,90
122324,14国电01,国电电力发展股份有限公司,3,AAA,02,2014-10-20,5.1,90
122326,14广晟债,广晟有色金属股份有限公司,3,AAA,02,2014-12-03,6.5,90
122327,13卧龙债,卧龙地产集团股份有限公司,5,AA,02,2014-10-23,9.07,90
122328,12开滦02,开滦能源化工股份有限公司,6,AAA,02,2014-10-23,6.3,90
122329,14伊泰01,内蒙古伊泰煤炭股份有限公司,5,AA+,02,2014-10-22,6.99,90
122330,13中企债,中华企业股份有限公司,5,AA+,02,2014-10-31,5.47,90
122331,14营口港,营口港务股份有限公司,7,AA+,02,2014-11-19,5.6,90
122332,14亿利01,亿利洁能股份有限公司,5,AA,02,2015-02-16,6.95,90
122333,14嘉宝债,上海嘉宝实业(集团)股份有限公司,5,AA,02,2014-11-26,5.5,90
122334,12大唐02,大唐国际发电股份有限公司,10,AAA,02,2014-12-15,5,90
122335,14爱众01,四川广安爱众股份有限公司,7,AA,02,2014-12-10,6,90
122336,13牡丹01,黑牡丹(集团)股份有限公司,5,AA,02,2014-12-16,5.4,90
122337,13魏桥02,魏桥纺织股份有限公司,5,AA,02,2014-11-26,5.5,90
122338,13金桥债,上海金桥出口加工区开发股份有限公司,8,AA+,02,2014-12-25,5,90
122339,13香江债,深圳香江控股股份有限公司,5,AA,02,2014-12-26,8.48,90
122340,14武控01,武汉三镇实业控股股份有限公司,5,AA+,02,2014-12-16,4.7,90
122341,14连云港,江苏连云港港口股份有限公司,5,AA,02,2015-05-20,4.94,90
122342,13包钢03,内蒙古包钢钢联股份有限公司,3,AA+,02,2015-02-09,4.98,90
122343,13和邦02,四川和邦生物科技股份有限公司,5,AA,02,2015-01-05,6.4,90
122344,13尖峰02,浙江尖峰集团股份有限公司,5,AA+,02,2014-12-11,5.09,90
122345,12重工03,中信重工机械股份有限公司,5,AA+,02,2015-02-03,4.98,90
122346,14贵人鸟,贵人鸟股份有限公司,5,AA,02,2014-12-23,6.8,90
122347,13太极02,无锡市太极实业股份有限公司,5,AA+,02,2014-12-18,5.25,90
122348,14北辰01,北京北辰实业股份有限公司,5,AA+,02,2015-02-10,4.8,90
122349,14中炬02,中炬高新技术实业(集团)股份有限公司,5,AA,02,2015-03-06,5.5,90
122350,14盛屯债,盛屯矿业集团股份有限公司,5,AA,02,2015-01-30,7.7,90
122351,14北辰02,北京北辰实业股份有限公司,7,AA+,02,2015-02-10,5.2,90
122352,12广汽03,广州汽车集团股份有限公司,5,AAA,02,2015-03-04,4.7,90
122354,15康美债,康美药业股份有限公司,7,AA+,02,2015-03-06,5.33,90
122356,14富贵鸟,富贵鸟股份有限公司,5,AA,02,2015-06-02,6.3,90
122358,15际华03,际华集团股份有限公司,7,AAA,02,2015-10-15,4.1,90
122361,14福田债,北汽福田汽车股份有限公司,5,AA+,02,2015-05-20,5.1,90
122362,14上实01,上海实业发展股份有限公司,5,AA,02,2015-04-16,4.92,90
122364,14渝路01,重庆路桥股份有限公司,5,AA,02,2015-03-27,5,90
122365,14昊华01,北京昊华能源股份有限公司,7,AA+,02,2015-04-20,5.5,90
122366,14武钢债,武汉钢铁股份有限公司,3,AAA,02,2015-07-14,4.38,90
122368,14渝路02,重庆路桥股份有限公司,5,AA,02,2015-06-02,4.87,90
122369,13包钢04,内蒙古包钢钢联股份有限公司,3,AA+,02,2015-05-11,4.75,90
122370,14华远债,华远地产股份有限公司,5,AA,02,2015-06-09,5.24,90
122371,14亨通01,江苏亨通光电股份有限公司,5,AA,02,2015-07-30,6.2,90
122373,15舟港债,舟山港集团有限公司,5,AA+,02,2015-06-04,4.48,90
122375,14苏新债,苏州新区高新技术产业股份有限公司,3,AA,02,2015-07-09,4.67,90
122376,15首置01,首创置业股份有限公司,5,AA+,02,2015-06-23,4.58,90
122377,14首开债,北京首都开发股份有限公司,7,AA+,02,2015-07-14,4.8,90
122378,13楚天02,湖北楚天高速公路股份有限公司,5,AAA,02,2015-07-06,4.58,90
122380,14瀚华01,瀚华金控股份有限公司,5,AA+,02,2015-07-07,6.1,90
122381,14安源债,安源煤业集团股份有限公司,5,AA,02,2015-12-11,6.2,90
122382,14京银债,京投发展股份有限公司,3,AAA,02,2015-07-27,4.8,90
122383,15恒大01,恒大地产集团有限公司,5,AAA,02,2015-07-17,5.48,90
122386,15迪马债,重庆市迪马实业股份有限公司,5,AA,02,2015-08-27,7.49,90
122387,15城乡01,北京城乡商业(集团)股份有限公司,5,AA,02,2015-07-30,4.98,90
122390,15龙湖01,重庆龙湖企业拓展有限公司,5,AAA,02,2015-08-14,4.6,90
122391,15云能投,云南省能源投资集团有限公司,5,AAA,02,2015-07-29,4.49,90
122392,15恒大02,恒大地产集团有限公司,4,AAA,02,2015-08-07,6.3,90
122393,15恒大03,恒大地产集团有限公司,7,AAA,02,2015-08-07,6.98,90
122395,15富力债,广州富力地产股份有限公司,5,AA+,02,2015-08-25,4.95,90
122396,15时代债,广州市时代控股集团有限公司,5,AA,02,2015-09-08,7.5,90
122397,15宜华01,宜华生活科技股份有限公司,5,AA,02,2015-08-18,6.88,90
122398,15北巴债,北京巴士传媒股份有限公司,5,AA+,02,2015-08-20,5,90
122401,15远洋03,北京远洋控股集团有限公司,10,AAA,02,2015-09-17,5,90
122402,15城建01,北京城建投资发展股份有限公司,7,AA+,02,2015-10-14,4.4,90
122403,15天恒债,北京天恒置业集团有限公司,5,AA,02,2015-08-21,4.12,90
122405,15宜华02,宜华生活科技股份有限公司,5,AA,02,2015-08-18,6.88,90
122406,15新湖债,新湖中宝股份有限公司,5,AA,02,2015-08-31,7.2,90
122408,15美都债,美都能源股份有限公司,3,AA,02,2015-09-02,6.5,90
122409,15龙湖02,重庆龙湖企业拓展有限公司,5,AAA,02,2015-09-01,3.93,90
122410,15龙湖03,重庆龙湖企业拓展有限公司,7,AAA,02,2015-09-01,4.2,90
122411,14招金债,招金矿业股份有限公司,5,AAA,02,2015-09-02,3.8,90
122412,15昆药债,昆药集团股份有限公司,5,AA,02,2015-09-08,4.28,90
122413,15精工债,长江精工钢结构(集团)股份有限公司,5,AA,02,2015-09-02,5.2,90
122414,15物美01,物美控股集团有限公司,3,AA,02,2015-09-09,4.7,90
122415,15增碧01,增城市碧桂园物业发展有限公司,3,AAA,02,2015-08-28,4.2,90
122416,15好民居,哈尔滨好民居建设投资发展有限公司,5,AA,02,2015-09-08,5.5,90
122417,15东旭集,东旭集团有限公司,5,AA,02,2015-09-02,6.2,90
122418,15盛和债,盛和资源控股股份有限公司,5,AA,02,2015-09-15,4.7,90
122420,15奥园债,奥园集团有限公司,3,AA,02,2015-08-24,5.8,90
122421,15天房债,天津市房地产发展(集团)股份有限公司,5,AA+,02,2015-08-28,5.8,90
122422,15梅花01,梅花生物科技集团股份有限公司,5,AA,02,2015-09-02,4.47,90
122423,15五洋债,五洋建设集团股份有限公司,3,AA,02,2015-09-10,7.48,90
122424,15华业债,北京华业资本控股股份有限公司,5,AA,02,2015-09-08,5.8,90
122425,15际华01,际华集团股份有限公司,5,AAA,02,2015-09-15,3.6,90
122426,15际华02,际华集团股份有限公司,7,AAA,02,2015-09-15,3.98,90
122427,15海正01,浙江海正药业股份有限公司,5,AA+,02,2015-09-02,5.7,90
122429,15海亮01,海亮集团有限公司,5,AA+,02,2015-09-09,5.39,90
122430,15增碧02,增城市碧桂园物业发展有限公司,3,AAA,02,2015-09-28,4.2,90
122431,15闽高速,福建发展高速公路股份有限公司,5,AA+,02,2015-09-15,3.53,90
122432,15融创01,融创房地产集团有限公司,5,AA+,02,2015-09-09,6.8,90
122433,15融创02,融创房地产集团有限公司,5,AA+,02,2015-09-09,5.7,90
122434,15清能债,湖北清能投资发展集团有限公司,5,AA,02,2015-09-25,4.55,90
122435,15兴发债,湖北兴发化工集团股份有限公司,5,AA,02,2015-09-18,4.4,90
122436,15远洋02,远洋控股集团(中国)有限公司,7,AAA,02,2015-09-17,4.15,90
122437,15远洋01,远洋控股集团(中国)有限公司,5,AAA,02,2015-09-17,3.78,90
122438,15祥源债,祥源控股集团有限责任公司,3,AA,02,2015-09-25,6.5,90
122439,15红豆债,红豆集团有限公司,5,AA,02,2015-09-30,5.99,90
122440,15龙光01,深圳市龙光控股有限公司,5,AA,02,2015-09-25,5,90
122441,15赣长运,江西长运股份有限公司,5,AA,02,2015-09-21,4.3,90
122442,15鲁焦01,中融新大集团有限公司,3,AA,02,2015-10-23,6.6,90
122443,15桂金债,广西金融投资集团有限公司,8,AA+,02,2015-10-14,5,90
122444,15冠城债,冠城大通股份有限公司,5,AA,02,2015-09-21,5.1,90
122445,15融创03,融创房地产集团有限公司,5,AA+,02,2015-09-25,4.48,90
122446,15万达01,大连万达商业管理集团股份有限公司,5,AAA,02,2015-09-25,4.09,90
122447,15物美02,物美控股集团有限公司,3,AA,02,2015-10-20,4.75,90
122448,15龙光02,深圳市龙光控股有限公司,4,AA,02,2015-09-25,4.77,90
122449,15绿城01,绿城房地产集团有限公司,5,AA+,02,2015-09-29,4.7,90
122451,15九鼎债,同创九鼎投资管理集团股份有限公司,5,AA,02,2015-09-28,6.03,90
122452,15杭实01,杭州市实业投资集团有限公司,10,AA+,02,2015-09-29,4.48,90
122453,15联发01,联发集团有限公司,3,AAA,02,2015-12-08,3.89,90
122454,15五洋02,五洋建设集团股份有限公司,5,AA,02,2015-11-02,7.8,90
122455,15绿城02,绿城房地产集团有限公司,5,AA+,02,2015-12-22,4.4,90
122456,15绿城03,绿城房地产集团有限公司,7,AA+,02,2015-12-22,5.16,90
122457,15新金债,新疆金融投资有限公司,7,AA+,02,2015-10-19,4.47,90
122458,15泛海02,中国泛海控股集团有限公司,6,AA,02,2015-10-15,5.1,90
122459,15平高债,河南平高电气股份有限公司,3,AA+,02,2015-11-23,3.93,90
122460,15粤路建,广东省公路建设有限公司,15,AAA,02,2016-01-08,4.25,90
122461,15杭实02,杭州市实业投资集团有限公司,10,AA+,02,2015-10-14,4.36,90
122462,15正奇债,正奇金融控股股份有限公司,3,AAA,02,2015-10-14,3.98,90
122463,15花样年,花样年集团(中国)有限公司,5,AA,02,2015-10-30,6.95,90
122464,15世茂01,上海世茂建设有限公司,5,AA+,02,2015-10-30,3.9,90
122465,15广越01,广州越秀集团有限公司,3,AAA,02,2015-10-30,3.75,90
122466,15广越02,广州越秀集团有限公司,5,AAA,02,2015-10-30,3.97,90
122467,15万达02,大连万达商业管理集团股份有限公司,5,AAA,02,2015-11-13,3.93,90
122468,15五矿01,中国五矿股份有限公司,5,AAA,02,2015-11-05,3.88,90
122469,15五矿02,中国五矿股份有限公司,10,AAA,02,2015-11-05,4.75,90
122470,15泛海03,中国泛海控股集团有限公司,6,AA,02,2015-10-22,4.85,90
122472,15盛屯债,盛屯矿业集团股份有限公司,5,AA,02,2015-10-21,7,90
122473,15联发02,联发集团有限公司,5,AAA,02,2015-12-08,4.2,90
122474,15格房产,珠海格力房产有限公司,5,AA,02,2015-11-18,4.67,90
122475,15亿达01,亿达发展有限公司,5,AA,02,2015-10-30,6,90
122476,PR天瑞债,天瑞水泥集团有限公司,5,AA+,02,2015-11-12,5.95,90
122477,15月星01,月星集团有限公司,5,AA,02,2015-11-17,5.5,90
122478,14粤运01,广东粤运交通股份有限公司,7,AAA,02,2015-11-13,4.2,90
122479,15南铝01,山东南山铝业股份有限公司,5,AA+,02,2015-11-03,4.97,90
122480,15南铝02,山东南山铝业股份有限公司,5,AA+,02,2015-11-03,4.4,90
122481,15铁建01,中国铁建房地产集团有限公司,5,AA+,02,2015-11-09,4.02,90
122482,15金茂债,山东金茂纺织化工集团有限公司,5,AA,02,2015-11-04,6.5,90
122483,15新光01,新光控股集团有限公司,5,AA,02,2015-11-09,6.5,90
122484,15龙源01,龙源电力集团股份有限公司,5,AAA,02,2015-11-13,3.75,90
122485,15厦住宅,厦门住宅建设集团有限公司,5,AA+,02,2015-10-27,3.99,90
122486,15旭辉01,旭辉集团股份有限公司,5,AA,02,2015-11-23,4.95,90
122487,15盈德债,湖南盈德气体有限公司,5,AA,02,2015-11-12,5.48,90
122488,15金地01,金地(集团)股份有限公司,7,AAA,02,2015-11-19,4.18,90
122489,15西建工,西安建工集团有限公司,5,AA,02,2015-11-16,4.5,90
122490,15三福01,泰州三福重工集团有限公司,5,AA,02,2015-11-06,6.8,90
122491,15藏城投,西藏城市发展投资股份有限公司,7,AA,02,2015-11-11,5,90
122492,15新光02,新光控股集团有限公司,5,AA,02,2015-12-04,6.5,90
122493,14国电03,国电电力发展股份有限公司,5,AAA,02,2015-11-06,3.87,90
122494,15华夏05,华夏幸福基业股份有限公司,7,AA+,02,2015-12-02,5.1,90
122495,14亨通02,江苏亨通光电股份有限公司,5,AA,02,2015-11-30,4.44,90
122496,15世茂02,上海世茂建设有限公司,9,AA+,02,2015-12-17,4.15,90
122497,15远洋04,远洋控股集团(中国)有限公司,6,AAA,02,2015-12-09,3.85,90
122498,15远洋05,北京远洋控股集团有限公司,10,AAA,02,2015-12-09,4.76,90
122499,15哈投01,哈尔滨投资集团有限责任公司,3,AA+,02,2015-11-17,4.5,90
122500,PR郴城投,郴州市发展投资集团有限公司,7,AA,03,2012-12-03,7.34,30
122501,PR寿财资,寿光市金财公有资产经营有限公司,7,AA+,03,2012-12-07,6.7,30
122502,12哈合力,哈尔滨合力投资控股有限公司,6,AA,03,2013-02-05,7.48,30
122503,PR并龙城,太原市龙城发展投资有限公司,7,AA+,03,2012-11-27,6.5,30
122504,PR通天诚,内蒙古科尔沁城市建设投资集团有限公司,7,AA,03,2012-11-23,7.75,30
122505,PR绍袍江,绍兴袍江工业区投资开发有限公司,7,AA,03,2013-01-16,6.9,30
122506,PR吴交投,苏州市吴江交通投资集团有限公司,8,AA,03,2012-11-30,6.8,30
122507,PR玉交投,玉环市交通投资集团有限公司,7,AA+,03,2012-11-20,7.15,30
122508,PR兴林业,大兴安岭林业集团公司,7,AA,03,2013-02-04,7.08,30
122509,PR白中兴,白城市中兴城市基础设施建设有限公司,7,AA,03,2013-03-11,7,30
122510,PR靖新城,靖江市滨江新城投资开发有限公司,6,AA,03,2012-12-14,6.8,0
122513,12伟星集,伟星集团有限公司,7,AA+,03,2013-02-01,6.3,30
122514,12金融街,北京金融街投资(集团)有限公司,7,AAA,03,2013-02-21,5.18,30
122515,PR庆城投,大庆市城市建设投资开发有限公司,7,AA+,03,2012-11-26,6.55,30
122516,PR青州01,青州市宏源公有资产经营有限公司,7,AA,03,2012-11-23,7.35,30
122517,PR青州02,青州市宏源公有资产经营有限公司,6,AA,03,2012-11-23,7.25,30
122518,12保利集,中国保利集团有限公司,7,AAA,03,2012-11-28,5.03,30
122519,PR锡经开,江苏省锡山经济开发区开发总公司,7,AA,03,2012-12-28,6.99,30
122520,PR唐城投,唐山市南湖生态城开发建设投资有限责任公司,7,AA,03,2013-01-18,7.08,30
122521,PR筑金阳,贵阳金阳建设投资(集团)有限公司,6,AA,03,2013-01-31,6.7,30
122522,PR兴城建,兴化市城市建设投资有限公司,6,AA,03,2013-03-19,7.25,30
122523,12海亮01,海亮集团有限公司,6,AA+,03,2012-11-29,6.5,30
122524,12海亮02,海亮集团有限公司,7,AA+,03,2012-11-29,6.75,30
122525,PR沪嘉开,上海嘉定工业区开发(集团)有限公司,6,AA,03,2012-12-19,6.71,30
122526,PR永川惠,重庆市永川区惠通建设发展有限公司,7,AA,03,2012-12-04,7.33,30
122527,PR温国投,温岭市国有资产投资集团有限公司,7,AA+,03,2012-12-22,7.18,30
122528,PR琼港航,海南港航控股有限公司,7,AA,03,2013-07-26,6.8,30
122530,PR七城投,七台河市城市建设投资发展有限公司,7,AA,03,2013-02-04,7.3,30
122531,PR太科园,无锡太湖国际科技园投资开发有限公司,7,AA,03,2012-12-13,7.6,30
122532,PR宜财投,宜昌市财政经济开发投资有限公司,7,AA,03,2013-02-04,7.12,0
122533,PR平城投,平湖市城市发展投资(集团)有限公司,7,AA,03,2012-11-30,7.2,30
122534,PR秦开发,秦皇岛开发区国有资产经营有限公司,7,AA,03,2012-11-26,7.46,30
122535,12苏飞达,江苏飞达控股集团有限公司,6,AA+,03,2013-03-27,7.6,30
122536,PR慈国控,慈溪市国有资产投资控股有限公司,7,AA+,03,2012-11-15,6.6,30
122537,PR克城投,克拉玛依市城市建设投资发展有限责任公司,7,AA,03,2012-12-31,7.15,30
122538,PR榕城乡,福州市城乡建设发展总公司,6,AA+,03,2012-11-19,6.35,30
122539,PR阜城投,阜新市城市基础设施建设投资有限责任公司,7,AA,03,2012-11-12,7.55,30
122540,PR宁浦口,南京浦口经济开发有限公司,7,AA,03,2012-11-28,7.1,30
122541,12宁上陵,宁夏上陵实业(集团)有限公司,6,AA,03,2012-11-09,7.4,30
122542,PR阿信诚,阿克苏信诚资产投资经营有限责任公司,6,AA,03,2013-04-03,7.5,30
122543,PR钦开投,钦州市开发投资集团有限公司,7,AA+,03,2012-11-09,7.1,30
122544,PR渝长开,重庆长寿开发投资(集团)有限公司,7,AA,03,2012-11-07,7.45,30
122545,PR蒙高新,内蒙古高新控股有限公司,7,AA+,03,2012-10-26,7.2,30
122546,PR宁高新,南京江北新区产业投资集团有限公司,7,AA,03,2012-11-19,6.94,30
122547,PR曲靖投,曲靖市开发投资有限责任公司,7,AA,03,2013-01-04,7.25,30
122548,12冀东发展债,冀东发展集团有限责任公司,7,AA+,03,2012-09-21,6.3,30
122549,PR邳润城,邳州市润城资产经营集团有限公司,7,AA,03,2012-12-18,7.55,30
122550,12苏国信,江苏省国信资产管理集团有限公司,5,AAA,03,2012-12-07,4.6,30
122551,PR如东投,如东县东泰社会发展投资有限责任公司,7,AA,03,2013-01-15,7.45,30
122552,PR新新业,新疆新业国有资产经营(集团)有限责任公司,7,AA+,03,2013-04-08,6.2,30
122553,PR虞交通,绍兴市上虞区交通投资有限公司,7,AA+,03,2012-10-23,6.7,30
122554,PR定海债,舟山市定海区国有资产经营有限公司,8,AA+,03,2012-10-22,7.25,30
122555,PR常经投,常德市经济建设投资集团有限公司,7,AA,03,2013-01-22,7.19,30
122556,PR咸宁投,咸宁市城市建设投资开发有限公司,6,AA,03,2012-10-24,7.5,30
122557,PR株高科,株洲高科集团有限公司,7,AA,03,2012-10-15,7.5,30
122558,12昆交01,昆明交通产业股份有限公司,5,AA+,03,2012-10-26,6.6,30
122559,12昆交02,昆明交通产业股份有限公司,7,AA+,03,2012-10-26,6.95,30
122560,PR淄城运,淄博市城市资产运营有限公司,7,AA+,03,2012-10-22,6.83,30
122561,PR饶城投,上饶市城市建设投资开发集团有限公司,7,AA,03,2012-10-23,7.3,30
122562,PR伊春债,伊春市城市建设投资开发有限责任公司,7,AA,03,2012-10-22,7.35,30
122563,PR亳州债,建安投资控股集团有限公司,7,AA,03,2012-10-12,7.68,30
122564,PR椒江债,台州市椒江区国有资产经营有限公司,8,AA,03,2012-09-28,7.46,30
122565,PR邵城投,邵阳市城市建设投资经营集团有限公司,6,AA,03,2013-01-14,7.4,30
122566,PR库城建,库尔勒城市建设(集团)有限责任公司,6,AA,03,2012-12-05,7.48,30
122567,PR小清河,济南市小清河开发建设投资有限公司,7,AA,03,2012-10-15,7.15,30
122568,PR随州债,随州市城市投资集团有限公司,7,AA+,03,2012-09-27,7.5,0
122569,PR津生态,天津生态城投资开发有限公司,7,AA+,03,2012-09-25,6.76,30
122570,12滇水投,云南省水利水电投资有限公司,7,AA,03,2012-12-12,6.8,30
122571,PR兴国资,北京兴展投资控股有限公司,7,AA+,03,2012-12-03,6.48,30
122572,12蓉投控,成都交子金融控股集团有限公司,7,AA+,03,2012-11-22,6.3,30
122573,PR牡国投,牡丹江市国有资产投资控股有限公司,7,AA,03,2012-11-15,7.08,30
122574,PR淮开控,淮安开发控股有限公司,7,AA,03,2012-12-19,7.2,30
122575,PR肥城债,肥城市城市资产经营有限公司,6,AA,03,2012-09-13,7.1,30
122576,PR内江债,内江投资控股集团有限公司,6,AA,03,2012-12-05,7,30
122577,PR苏相城,苏州市相城城市建设投资(集团)有限公司,7,AA,03,2012-12-17,6.95,30
122578,12长宁债,上海新长宁(集团)有限公司,7,AA+,03,2012-09-28,6.08,30
122579,09远洋债,远洋地产有限公司,6,AA,03,2012-12-03,4.4,30
122580,PR临安债,浙江国兴投资有限公司,6,AA+,03,2014-07-01,8.15,30
122581,PR津南城,天津津南城市建设投资有限公司,7,AA,03,2012-12-24,6.95,30
122582,PR湘九华,湘潭九华经济建设投资有限公司,7,AA,03,2012-10-12,7.43,30
122583,PR遵投债,遵义市投资(集团)有限责任公司,7,AA,03,2012-09-14,8.53,30
122584,PR松城开,松原市城市开发建设有限责任公司,7,AA,03,2013-02-04,7.3,30
122585,PR新海连,江苏新海连发展集团有限公司,8,AA,03,2012-10-12,7,30
122586,PR中交通,中山市交通发展集团有限公司,6,AA,03,2013-01-31,6.65,30
122587,PR遵义债,遵义市道路桥梁工程有限责任公司,8,AA,03,2012-09-17,7.15,30
122588,PR益城投,益阳市城市建设投资开发有限责任公司,7,AA,03,2012-10-15,7.36,30
122589,PR毕信泰,毕节市信泰投资有限公司,7,AA+,03,2012-09-26,7.15,30
122590,PR鹤城债,黑龙江省鹤城建设投资发展有限公司,10,AA,03,2012-10-18,7.05,30
122591,12常交债,常州市交通产业集团有限公司,7,AA,03,2012-09-25,6.8,30
122592,PR乌国资,乌鲁木齐国有资产经营有限公司,6,AA,03,2012-09-26,6.48,30
122593,PR衡城投,衡阳市城市建设投资有限公司,7,AA+,03,2012-09-25,7.06,30
122594,12泉州01,泉州市路桥建设开发有限公司,6,AA,03,2012-09-18,7,30
122595,12泉州02,泉州市路桥建设开发有限公司,7,AA,03,2012-09-18,7.03,30
122596,12沪城开,上海城开(集团)有限公司,6,AA,03,2012-09-17,6.5,30
122597,12宝钛债,宝钛集团有限公司,6,AAA,03,2012-09-20,5.4,30
122598,PR荆门债,荆门市城市建设投资公司,10,AA+,03,2012-10-12,6.85,0
122599,PR梵投债,铜仁市梵净山投资有限公司,7,AA,03,2012-09-24,6.89,30
122600,PR鑫泰债,泰州鑫泰集团有限公司,6,AA,03,2012-12-24,6.85,30
122601,PR白山债,白山市城市建设投资开发有限公司,7,AA,03,2012-08-27,7,30
122602,PR松城投,上海松江城镇建设投资开发有限公司,6,AA+,03,2012-09-13,6.28,30
122603,PR穗经开,广州开发区投资集团有限公司,10,AA+,03,2012-09-27,6.7,30
122604,PR吉铁路,吉林市铁路投资开发有限公司,7,AA,03,2012-09-20,6.63,30
122605,PR宁海债,宁海县城市建设投资开发有限公司,6,AA+,03,2012-10-12,8.6,30
122606,12顺鑫债,北京顺鑫控股集团有限公司,5,AA,03,2012-08-30,5.19,30
122607,PR渝地产,重庆市地产集团有限公司,7,AA+,03,2012-08-17,7.35,30
122608,PR西永债,重庆西永微电子产业园区开发有限公司,7,AA,03,2012-09-11,6.76,30
122609,PR扬城控,扬州市城建国有资产控股(集团)有限责任公司,7,AA,03,2012-11-06,6.3,30
122610,PR乐清债,乐清市国有投资有限公司,7,AA,03,2012-08-16,6.5,30
122611,PR蓉经01,成都经济技术开发区建设发展有限公司,6,AA,03,2012-09-26,6.5,30
122612,PR蓉经02,成都经济技术开发区建设发展有限公司,7,AA,03,2012-09-26,6.55,30
122613,PR乌海债,乌海市城市建设投资集团有限责任公司,7,AA,03,2012-08-03,8.2,30
122614,PR渝缙债,重庆缙云资产经营(集团)有限公司,7,AA,03,2012-09-07,6.75,30
122615,PR百色债,广西百色开发投资集团有限公司,7,AA,03,2012-08-22,6.5,30
122616,PR黔铁债,贵州铁路投资集团有限责任公司,10,AA+,03,2012-08-02,7.2,30
122617,PR襄投债,汉江国有资本投资集团有限公司,7,AA,03,2013-08-02,8.12,30
122618,12统众债,阿拉尔统众国有资产经营有限责任公司,10,AA,03,2012-08-06,6.95,30
122619,PR迁安债,迁安市兴源水务产业投资有限公司,6,AA,03,2012-12-04,6.45,30
122620,PR乌城投,乌鲁木齐城市建设投资(集团)有限公司,7,AA,03,2012-08-21,6.35,30
122621,PR赣城债,赣州城市开发投资集团有限责任公司,6,AA,03,2012-11-29,6.4,30
122622,PR锦城债,锦州市城市建设投资发展(集团)有限公司,7,AA,03,2012-08-17,7.08,30
122623,PR旅建债,大连旅顺建设发展投资有限公司,7,AA+,03,2012-07-27,6.78,30
122624,PR滨开债,滨州市滨城区经济开发投资有限公司,7,AA+,03,2012-09-06,6.5,30
122625,12升华债,升华集团控股有限公司,7,AA+,03,2012-09-26,6.2,30
122626,PR海恒债,合肥海恒投资控股集团公司,7,AA+,03,2012-09-11,7.3,30
122627,PR京建工,北京建工集团有限责任公司,7,AA,03,2012-08-13,5.95,30
122628,PR东投债,东台市交通投资建设集团有限公司,6,AA,03,2012-07-25,7.39,30
122629,PR平发债,平顶山市发展投资有限公司,7,AA,03,2012-08-31,7.86,30
122630,PR惠投债,南通市通州区惠通投资有限责任公司,7,AA,03,2012-08-06,6.8,30
122631,PR晋国电,山西国际电力集团有限公司,10,AA+,03,2012-07-26,5.88,30
122632,PR江阴债,江阴城市建设投资有限公司,7,AA,03,2012-07-04,7.2,30
122633,PR嘉经债,嘉兴经济技术开发区投资发展集团有限责任公司,7,AA+,03,2012-07-26,6.78,30
122634,PR芜开01,芜湖经济技术开发区建设投资公司,6,AA,03,2012-09-04,6.7,0
122635,PR芜开02,芜湖经济技术开发区建设投资公司,10,AA,03,2012-09-04,6.9,0
122636,PR连发债,江苏连云发展集团有限公司,7,AA,03,2012-09-07,6.1,30
122637,PR鑫城债,合肥鑫城国有资产经营有限公司,7,AA,03,2012-11-02,7.88,30
122638,PR申华信,信阳华信投资集团有限责任公司,7,AA,03,2012-08-16,6.95,30
122639,PR绍新城,绍兴市城北新城建设投资有限公司,6,AA,03,2012-10-26,6.21,30
122640,PR仪征债,江苏恒源投资控股集团有限公司,7,AA+,03,2012-07-10,7.78,30
122641,PR武城投,常州市武进城市建设投资有限责任公司,6,AA,03,2012-10-18,6.22,30
122642,PR朝阳债,朝阳市建设投资有限公司,7,AA,03,2012-07-03,7.3,30
122643,12海资债,海航资本集团有限公司,7,AA,03,2012-06-19,8.51,30
122644,PR铁岭债,铁岭公共资产投资运营集团有限公司,6,AA,03,2012-08-20,7.34,30
122645,PR苏园建,苏州工业园区地产经营管理公司,7,AAA,03,2012-12-25,5.79,30
122648,PR宣国投,宣城市国有资产投资有限公司,7,AA+,03,2012-06-29,7.99,30
122649,PR长建投,长沙县星城发展集团有限公司,7,AA+,03,2012-08-28,8.35,30
122650,泰能暂停,青岛能源燃气有限公司,6,AA,03,2012-06-04,6.5,30
122651,PR广安投,广安发展建设集团有限公司,7,AA,03,2012-07-11,8.18,30
122652,12杨农债,杨凌现代农业开发集团有限公司,7,AA,03,2012-09-05,7.6,30
122653,12抚城投,抚顺市城建投资有限公司,10,AA,03,2012-04-06,8.53,30
122654,12昆钢控,昆明钢铁控股有限公司,8,AA+,03,2012-06-05,5.78,30
122655,PR铜建投,铜陵市建设投资控股有限责任公司,10,AA,03,2012-07-09,8.2,30
122658,PR盘锦债,盘锦建设投资有限责任公司,7,AA,03,2012-06-11,7.5,30
122659,12石油06,中国石油天然气集团有限公司,10,AAA,03,2012-06-12,4.5,30
122660,12石油07,中国石油天然气集团有限公司,10,AAA,03,2012-06-12,4.73,30
122661,PR怀化债,怀化市城市建设投资有限公司,6,AA,03,2012-06-07,8,0
122662,PR合桃花,合肥桃花工业园经济发展有限公司,7,AA+,03,2012-08-02,8.79,30
122663,PR科发债,绵阳科技城发展投资(集团)有限公司,7,AA,03,2013-01-21,7.16,30
122664,PR葫芦岛,葫芦岛市投资集团有限公司,7,AA,03,2012-06-08,8.47,30
122665,PR镇交投,镇江交通产业集团有限公司,7,AA,03,2012-07-03,7.29,30
122666,12国网01,国家电网有限公司,10,AAA,03,2012-06-15,4.99,30
122667,12国网02,国家电网有限公司,15,AAA,03,2012-06-15,5.26,30
122668,12凉国投,凉山州发展(控股)集团有限责任公司,7,AA,03,2012-06-05,7.58,30
122669,PR桂林债,桂林市经济建设投资总公司,6,AA+,03,2012-07-24,6.9,30
122670,PR新盛债,徐州市新盛建设发展投资有限公司,6,AA,03,2012-07-03,7.48,30
122671,12扬子江,扬州市扬子江投资发展集团有限责任公司,7,AAA,03,2012-07-10,7.65,30
122672,PR西城投,西宁城市投资管理有限公司,7,AA,03,2012-07-12,7.7,30
122673,PR渝李渡,重庆市涪陵区新城区开发(集团)有限公司,7,AA+,03,2012-06-26,8.4,0
122674,PR12渝黔,重庆市黔江区城市建设投资(集团)有限公司,7,AA+,03,2012-06-26,8.4,0
122675,PR杭城投,杭州市城市建设投资集团有限公司,6,AAA,03,2012-05-30,5.9,30
122676,PR滨江债,常熟市滨江城市建设经营投资有限责任公司,7,AA+,03,2012-07-06,6.85,30
122677,PR江宁债,南京江宁科学园发展有限公司,7,AA,03,2012-08-06,7.29,30
122678,12扬化工,扬州化工产业投资发展有限公司,7,AA,03,2012-07-10,7.75,30
122679,PR河套债,巴彦淖尔市河套水务集团有限公司,10,AA+,03,2012-06-04,8.54,30
122680,PR昆建债,昆明市城建投资开发有限责任公司,6,AA+,03,2012-05-11,7.6,0
122681,PR合农投,重庆市合川农村农业投资(集团)有限公司,6,AA,03,2012-05-11,8.28,0
122682,PR营口债,营口市城市建设投资发展有限公司,8,AA,03,2012-08-13,7.98,30
122683,12春和债,春和集团有限公司,6,AA,03,2012-06-11,7.78,30
122684,PR合高新,合肥高新建设投资集团公司,7,AA,03,2012-05-17,7.98,0
122685,PR吉城投,吉安市城市建设投资开发公司,7,AA,03,2012-06-28,7.8,30
122686,12白药债,云南白药控股有限公司,7,AA+,03,2012-06-06,5.6,30
122687,PR金坛债,常州市金坛区建设资产经营有限公司,7,AA,03,2012-05-24,8.3,30
122688,PR华通债,青岛华通国有资本运营(集团)有限责任公司,7,AA,03,2012-07-13,7.3,30
122689,PR宿开发,宿迁市经济开发总公司,7,AA+,03,2012-07-02,7.5,30
122690,12三胞债,三胞集团有限公司,7,AA,03,2012-06-15,8.08,30
122691,PR武清债,天津新技术产业园区武清开发区总公司,7,AA+,03,2012-05-23,7.8,30
122692,12漳路桥,漳州市路桥经营有限公司,7,AA,03,2012-06-05,8.2,30
122693,PR佳城投,佳木斯市新时代城市基础设施建设投资(集团)有限公司,7,AA,03,2012-04-27,8.25,30
122694,PR兴荣债,重庆市兴荣控股集团有限公司,7,AA,03,2012-05-10,8.35,0
122695,PR五国投,昆明市五华区国有资产投资经营管理有限公司,6,AA,03,2012-05-29,8.6,0
122696,PR丹投债,丹阳投资集团有限公司,7,AA+,03,2012-06-01,8.1,0
122697,PR11太资,太仓市资产经营集团有限公司,7,AA,03,2012-05-08,8.25,30
122698,PR双流01,成都双流兴城建设投资有限公司,7,AA+,03,2012-05-04,8.4,30
122699,PR双流02,成都双流兴城建设投资有限公司,7,AA,03,2012-05-04,8.48,30
122700,PR来宾债,广西来宾城建投资集团有限公司,7,AA+,03,2012-04-18,8.36,0
122701,PR余城建,杭州余杭城市建设集团有限公司,7,AA+,03,2012-05-17,7.55,30
122702,PR海安债,海安县城建开发投资集团有限公司,6,AA,03,2012-07-02,8.35,30
122703,PR鞍城投,鞍山市城市建设投资发展有限公司,7,AA,03,2012-05-02,8.25,30
122704,PR江都债,扬州龙川控股集团有限责任公司,7,AA+,03,2012-07-04,8.1,30
122705,12苏交通,江苏交通控股有限公司,5,AAA,03,2012-05-22,4.9,30
122706,PR海门债,海门市城市发展集团有限公司,7,AA,03,2012-04-26,8.35,30
122707,PR泰兴债,泰兴市中兴国有资产经营投资有限公司,6,AA,03,2012-06-18,8.29,30
122708,PR伊旗债,伊金霍洛旗宏泰城市建设投资有限责任公司,7,AA,03,2012-06-07,8.35,0
122709,PR绵阳债,绵阳市投资控股(集团)有限公司,7,AA+,03,2012-05-29,7.7,30
122710,PR济城建,济南市城市建设投资有限公司,6,AA+,03,2012-06-08,6.98,30
122711,12郑新债,河南省郑州新区建设投资有限公司,7,AA,03,2012-04-24,8.1,0
122712,12中航债,中国航空技术国际控股有限公司,7,AAA,03,2012-04-26,5.4,30
122713,12冀交通,河北建投交通投资有限责任公司,10,AAA,03,2012-07-04,6,30
122714,PR海陵债,泰州市海陵资产经营有限公司,7,AA,03,2012-06-05,8.52,30
122715,PR蓉新城,成都新城西城市投资经营中心,7,AA+,03,2012-05-17,8.35,30
122716,PR莆田债,莆田市国有资产投资有限公司,7,AA,03,2012-06-05,8.1,30
122717,12泉矿债,山东泉兴矿业集团有限责任公司,7,AA,03,2012-07-09,6.7,30
122718,12渝南债,重庆市渝南资产经营有限公司,7,AA,03,2012-04-16,8.4,30
122719,12龙交投,福建省龙岩交通国有资产投资经营有限公司,10,AA,03,2012-04-26,8.15,30
122720,PR甬城投,宁波城建投资控股有限公司,6,AA,03,2012-04-17,7.39,0
122721,PR辽国资,辽源市国有资产经营有限责任公司,7,AA+,03,2012-06-01,8.17,30
122722,PR淮水利,淮安市水利控股集团有限公司,7,AA,03,2012-03-28,8.25,30
122723,12石油05,中国石油天然气集团有限公司,10,AAA,03,2012-04-06,4.8,30
122724,PR攀国02,攀枝花市国有投资(集团)有限责任公司,10,AA,03,2012-05-21,8.18,30
122725,12宿产发,宿迁产业发展集团有限公司,6,AA,03,2012-05-25,6.98,30
122726,PR柳东债,广西柳州市东城投资开发集团有限公司,7,AA+,03,2012-04-19,8.3,30
122727,PR东胜债,鄂尔多斯市东胜城市建设开发投资集团有限责任公司,6,AA,03,2012-04-23,8.4,0
122728,PR徐经开,徐州经济技术开发区国有资产经营有限责任公司,7,AA+,03,2012-05-24,8.2,30
122729,江泉暂停,华盛江泉集团有限公司,7,AA,03,2012-03-29,8.4,30
122730,12晋江债,福建省晋江产业发展投资集团有限公司,6,AA,03,2012-05-16,7.88,30
122731,PR镇经开,江苏瀚瑞投资控股有限公司,7,AA+,03,2012-05-10,8.16,30
122732,PR九江债,九江市城市建设投资有限公司,7,AA,03,2012-05-02,8.49,30
122733,11京资01,北京国有资本经营管理中心,5,AAA,03,2012-03-16,5,30
122734,11京资02,北京国有资本运营管理有限公司,10,AAA,03,2012-03-16,5.4,30
122735,11六安债,六安城市建设投资有限公司,7,AA,03,2012-04-19,8.2,30
122736,12石油03,中国石油天然气集团有限公司,7,AAA,03,2012-03-09,4.5,30
122737,12石油04,中国石油天然气集团有限公司,15,AAA,03,2012-03-09,5,30
122740,12延城投,延安城市建设投资开发有限责任公司,5,AAA,03,2012-05-03,7.05,30
122741,PR双鸭债,双鸭山市大地城市建设开发投资有限公司,7,AA,03,2012-02-24,8.36,30
122742,12鲁高速,山东高速集团有限公司,10,AAA,03,2012-04-16,5.72,30
122743,PR华发集,珠海华发集团有限公司,6,AA+,03,2012-03-01,8.43,0
122744,11本溪债,本溪市城市建设投资发展有限公司,10,AA,03,2012-03-29,8.38,30
122745,12方大01,辽宁方大集团实业有限公司,6,AA,03,2012-06-08,8.09,30
122746,12方大02,辽宁方大集团实业有限公司,7,AA,03,2012-06-08,8.29,30
122747,12晋煤运,山西煤炭运销集团有限公司,10,AAA,03,2012-03-02,5.94,30
122748,12石油01,中国石油天然气集团有限公司,7,AAA,03,2012-02-24,4.54,30
122749,12石油02,中国石油天然气集团有限公司,10,AAA,03,2012-02-24,4.69,30
122750,PR常经营,常熟市城市经营投资有限公司,7,AA,03,2012-03-12,8,30
122751,11冀新债,河北省新合作控股集团有限公司,7,AA,03,2012-02-08,7.6,30
122752,PR大丰港,江苏大丰海港控股集团有限公司,6,AA+,03,2012-02-16,7.98,30
122753,PR姜国资,泰州市姜堰国有资产投资集团有限公司,7,AA,03,2013-01-25,6.85,30
122754,PR通化债,通化市丰源投资开发有限公司,10,AAA,03,2012-01-20,8.36,0
122755,PR潭城建,湘潭市城市建设投资经营有限责任公司,7,AA,03,2012-04-26,8,30
122756,12甘农垦,甘肃省农垦集团有限责任公司,7,AAA,03,2012-02-09,6.5,30
122757,PR丹建投,丹东城市开发建设投资有限公司,7,AA,03,2012-01-20,8.54,30
122758,PR张家港,张家港保税区张保实业有限公司,7,AA,03,2012-02-16,7.8,30
122759,11泰豪债,泰豪集团有限公司,7,AA+,03,2012-02-03,7.5,30
122760,PR渝富债,重庆渝富资产经营管理集团有限公司,7,AA+,03,2012-09-27,6.5,30
122761,PR萧国资,杭州市萧山区国有资产经营总公司,5,AA+,03,2012-02-21,6.9,30
122762,PR吴江债,苏州市吴江东方国有资本投资经营有限公司,7,AA,03,2012-04-19,8.05,30
122763,11淮产投,淮南市产业发展(集团)有限公司,6,AA+,03,2012-02-29,8.49,30
122764,11泛海01,中国泛海控股集团有限公司,6,AA,03,2012-02-16,8.8,30
122765,11泛海02,中国泛海控股集团有限公司,10,AA,03,2012-02-16,8.9,30
122766,PR宜投债,宜昌市城市建设投资开发有限公司,8,AA,03,2012-02-17,8.13,0
122767,PR盐城新,盐城市城南新区开发建设投资有限公司,7,AA,03,2012-02-20,8.19,30
122768,PR兰城投,兰州市城市发展投资有限公司,7,AA,03,2012-02-17,8.2,0
122769,PR龙海债,龙海市国有资产投资经营有限公司,6,AA,03,2012-01-31,8.25,30
122770,11国网01,国家电网有限公司,10,AAA,03,2012-01-20,5.14,30
122771,11国网02,国家电网有限公司,15,AAA,03,2012-01-20,5.24,30
122772,山煤暂停,山西煤炭进出口集团有限公司,7,AA+,03,2012-02-20,6.85,30
122773,11滨海01,天津滨海新区建设投资集团有限公司,5,AAA,03,2012-02-10,5.6,0
122774,PR滨投02,天津滨海新区建设投资集团有限公司,10,AAA,03,2012-02-10,6.1,0
122775,PR咸城投,咸阳市城市建设投资控股集团有限公司,6,AA,03,2012-02-10,7.9,30
122776,11新光债,新光控股集团有限公司,7,AA,03,2012-01-20,8.1,30
122777,PR吴中债,江苏省吴中经济技术发展总公司,7,AA,03,2012-02-01,8.05,30
122778,11建发债,厦门建发集团有限公司,8,AA+,03,2012-02-14,7.3,30
122779,PR株城债,株洲市城市建设发展集团有限公司,10,AA,03,2012-01-19,8.36,30
122780,PR长高新,长沙高新控股集团总公司,6,AA+,03,2012-01-19,7.3,30
122781,PR永州债,永州市城市发展集团有限责任公司,10,AA+,03,2012-02-02,8.4,0
122782,11宁农债,宁夏农垦集团有限公司,7,AA+,03,2012-01-13,7.1,30
122783,11苏中能,江苏中能硅业科技发展有限公司,7,AA,03,2012-01-09,7.05,30
122784,11中兴新,中兴新通讯有限公司,8,AA+,03,2011-12-14,6.5,30
122785,11海宁债,海宁市资产经营公司,7,AA+,03,2011-10-08,7.8,30
122786,11联想债,联想控股股份有限公司,7,AAA,03,2012-01-09,5.8,30
122787,11赣铁债,江西省铁路投资集团公司,7,AA+,03,2012-01-09,7.2,30
122788,PR三明债,三明市国有资产投资经营公司,7,AA,03,2011-09-01,6.99,30
122789,11象屿债,厦门象屿集团有限公司,7,AA,03,2011-08-15,6.68,30
122790,PR诸暨债,诸暨市城市建设投资发展有限公司,7,AA+,03,2011-08-12,6.92,30
122792,11邯郸债,邯郸城市发展投资集团有限公司,7,AA,03,2011-08-23,6.78,30
122793,PR扬开债,扬州经济技术开发区开发总公司,5,AAA,03,2011-08-24,6.1,30
122794,PR海城债,海城市城建投资有限公司,7,AA,03,2012-02-13,8.39,0
122795,PR诸城债,诸城市经济开发投资公司,7,AA+,03,2011-09-07,6.4,30
122796,11冀投01,河北建设投资集团有限责任公司,10,AAA,03,2011-08-05,5.75,30
122797,11冀投02,河北建设投资集团有限责任公司,13,AAA,03,2011-08-05,5.85,30
122798,11泰矿债,山东泰丰控股集团有限公司,7,AA,03,2011-12-09,6.75,30
122799,11武国资,武汉国有资产经营有限公司,7,AA+,03,2011-08-08,5.9,30
122800,11龙煤电,龙口煤电有限公司,7,AA,03,2011-08-26,6.2,30
122801,11焦作债,焦作市建设投资(控股)有限公司,7,AA,03,2011-07-14,6.2,30
122802,PR辽阳债,辽阳城市资本经营有限公司,7,AA+,03,2011-06-30,6.88,30
122803,PR滁建投,滁州市城市投资控股集团有限公司,10,AA,03,2012-02-13,8.3,0
122804,11渭南01,渭南市城市投资集团有限公司,6,AA,03,2011-07-29,6,30
122805,PR大同债,大同市经济建设投资有限责任公司,6,AA,03,2011-06-23,6.5,30
122806,11渭南02,渭南市城市投资集团有限公司,7,AA+,03,2011-07-29,6.5,30
122807,11东岭债,东岭集团股份有限公司,6,AA,03,2011-10-26,5.98,30
122808,PR滕州债,滕州市城市国有资产经营有限公司,7,AA+,03,2011-07-12,6.45,30
122809,PR准国资,内蒙古准格尔国有资本投资控股集团有限公司,7,AA,03,2011-06-23,6.94,0
122810,PR邹平债,邹平县国有资产投资经营有限公司,7,AA,03,2011-06-15,6.98,30
122811,11蒙奈伦,内蒙古奈伦集团股份有限公司,7,AA,03,2011-06-23,7.48,30
122812,11淮北债,淮北市建设投资有限责任公司,7,AA,03,2011-06-14,7.1,30
122813,11宁交通,宁夏交通投资集团有限公司,10,AA,03,2011-07-22,6.1,30
122814,PR东营债,东营市城市资产经营有限公司,7,AA+,03,2011-05-25,6.75,30
122815,11广汇债,新疆广汇实业投资(集团)有限责任公司,6,AA,03,2011-06-09,5.83,30
122816,11高密债,高密市国有资产经营投资有限公司,7,AA,03,2011-07-01,6.98,30
122817,11三门峡,三门峡市财经投资公司,7,AA,03,2011-05-20,6.9,30
122818,PR牟平债,烟台市牟平区国有资产经营公司,8,AA,03,2011-05-27,8.05,30
122819,11常城建,常州市城市建设(集团)有限公司,7,AA,03,2011-06-22,6.17,0
122820,11潍东方,潍坊市东方国有资产经营管理有限公司,7,AA+,03,2011-05-11,6.97,0
122821,11吉城建,吉林市城市建设控股集团有限公司,7,AA,03,2011-06-09,7.1,0
122822,PR汉中债,汉中市城市建设投资开发有限公司,7,AA+,03,2011-04-20,7.48,0
122823,11舟山债,舟山交通投资集团有限公司,7,AA+,03,2011-06-08,6.2,30
122824,11中煤建,中煤矿山建设集团有限责任公司,7,AA,03,2011-03-29,6.25,30
122825,PR景德镇,景德镇市国资运营投资控股集团有限责任公司,7,AA,03,2011-04-26,7.48,0
122826,11北港债,广西北部湾国际港务集团有限公司,6,AA,03,2011-05-12,6.01,30
122827,11新奥债,新奥(中国)燃气投资有限公司,7,AA,03,2011-03-25,6.45,30
122828,PR抚州债,抚州市市属国有资产投资控股集团有限公司,7,AA,03,2011-04-26,7.75,30
122829,万基暂停,河南万基铝业股份有限公司,7,AA,03,2011-11-29,7.55,30
122830,11沈国资,沈阳农业高新区国有资产经营有限公司,8,AA,03,2011-04-18,7.18,30
122831,PR惠通债,重庆市永川区惠通建设发展有限公司,7,AA,03,2011-04-19,7.49,0
122832,PR泰山债,泰安市泰山投资有限公司,7,AA,03,2011-03-18,7.19,30
122833,11赣城债,赣州城市开发投资集团有限责任公司,7,AA,03,2011-06-29,6.26,30
122834,11牡国投,牡丹江市国有资产投资控股有限公司,7,AA,03,2011-03-21,7.15,30
122835,11兴泸债,泸州市兴泸投资集团有限公司,10,AA+,03,2011-04-13,6.39,30
122836,PR盘锦投,盘锦建设投资有限责任公司,7,AA,03,2011-03-18,7.42,30
122837,11武经发,江苏武进经济发展集团有限公司,7,AA+,03,2011-05-26,6.55,30
122838,11吉利债,浙江吉利控股集团有限公司,7,AA,03,2011-09-15,6.4,30
122839,11鑫泰债,泰州鑫泰集团有限公司,7,AA,03,2011-06-08,6.78,30
122840,PR临汾债,临汾市投资集团有限公司,8,AA+,03,2011-03-14,7.23,0
122841,PR渝津债,重庆市江津区华信资产经营(集团)有限公司,7,AA,03,2011-03-08,6.95,0
122842,PR合城债,重庆市合川城市建设投资(集团)有限公司,7,AA,03,2011-03-08,6.95,0
122843,11绥化债,绥化市鑫源城市建设投资发展有限公司,7,AA,03,2011-03-25,7.35,30
122844,11筑城投,贵阳市城市建设投资(集团)有限公司,7,AA,03,2011-02-17,6.4,0
122845,11横店债,横店集团控股有限公司,10,AA,03,2011-03-17,6.3,30
122846,11渝富债,重庆渝富资产经营管理集团有限公司,7,AA+,03,2011-03-09,6.33,30
122847,11甬交投,宁波交通投资控股有限公司,10,AA,03,2011-04-25,6.3,30
122848,10桂林债,桂林市经济建设投资总公司,7,AA,03,2011-03-23,6.78,0
122849,11新余债,新余市城市建设投资开发公司,7,AA,03,2011-02-01,6.5,30
122850,11华泰债,华泰集团有限公司,7,AA+,03,2011-03-23,6.38,30
122851,10玉溪01,玉溪市开发投资有限公司,6,AA,03,2011-04-13,5.8,0
122852,10玉溪02,玉溪市开发投资有限公司,7,AA,03,2011-04-13,6.78,0
122853,太重暂停,太原重型机械集团有限公司,10,AAA,03,2011-03-17,5.29,30
122854,11中汇债,中山中汇投资集团有限公司,7,AA,03,2011-06-27,6.18,30
122855,11渝轻纺,重庆轻纺控股(集团)公司,7,AA,03,2011-03-04,6.48,30
122856,PR株高债,株洲高科集团有限公司,7,AA,03,2011-09-08,7.82,30
122857,PR九华债,湘潭九华经济建设投资有限公司,6,AA,03,2011-02-23,6.93,30
122858,10盐城01,盐城市城市资产经营有限公司,6,AA,03,2011-02-15,5.8,0
122859,10盐城02,盐城市城市资产经营有限公司,7,AA,03,2011-02-15,6.6,0
122860,10龙源债,龙源电力集团股份有限公司,7,AAA,03,2010-12-30,4.52,30
122861,陕煤暂停,陕西煤业化工集团有限责任公司,8,AA+,03,2010-12-31,5.45,30
122862,10闽能源,福建省能源集团有限责任公司,7,AAA,03,2010-12-29,5.1,30
122863,10榆城投,榆林市城市投资经营集团有限公司,7,AA,03,2011-01-19,7.2,30
122864,11外滩债,上海外滩投资开发(集团)有限公司,7,AA+,03,2011-04-18,6.2,30
122865,10苏海发,江苏海州湾发展集团有限公司,7,AA+,03,2010-12-31,5.55,30
122866,10杭交投,杭州市交通投资集团有限公司,10,AA+,03,2010-12-31,5.12,30
122867,PR石城建,石家庄市城市建设投资控股集团有限公司,10,AA+,03,2011-04-28,6.55,0
122868,ST沈煤债,沈阳煤业(集团)有限责任公司,7,AA,03,2011-02-15,5.75,30
122869,10沪化工,上海化学工业区发展有限公司,7,AA+,03,2010-12-22,5.3,30
122870,PR渝大晟,重庆大晟资产经营(集团)有限公司,7,AA,03,2010-12-15,5.78,30
122871,10镇交投,镇江交通产业集团有限公司,7,AA,03,2010-12-17,5.58,30
122872,10复星债,上海复星高科技(集团)有限公司,7,AA,03,2011-02-15,6,30
122873,10通经开,南通市经济技术开发区总公司,7,AA,03,2010-12-22,6.26,30
122874,10红投01,红河州开发投资有限责任公司,6,AA,03,2010-12-27,6.65,30
122875,10红投02,红河州开发投资有限责任公司,7,AA,03,2010-12-27,6.95,30
122876,11海控债,海南省发展控股有限公司,7,AA+,03,2011-03-14,5.8,30
122877,PR渝南岸,重庆市南岸区城市建设发展(集团)有限公司,7,AA,03,2011-01-18,6.29,30
122878,10渝北债,重庆市江北嘴中央商务区投资集团有限公司,7,AA+,03,2010-10-19,4.9,0
122879,10天脊债,天脊煤化工集团股份有限公司,7,AA,03,2010-12-21,6.2,30
122880,天业暂停,新疆天业(集团)有限公司,6,AA,03,2010-11-19,4.97,30
122881,PR吴江经,吴江经济技术开发区发展总公司,8,AA,03,2010-12-31,6.4,30
122882,10宁高新,南京高新技术经济开发有限责任公司,7,AA,03,2011-01-06,6.4,30
122883,PR楚雄债,楚雄州开发投资有限公司,7,AA,03,2010-11-08,6.08,0
122884,10西子债,西子电梯集团有限公司,7,AA+,03,2010-10-27,5.63,30
122885,10冀交通,河北建投交通投资有限责任公司,15,AAA,03,2010-11-26,4.95,30
122886,PR云投债,云南省投资控股集团有限公司,7,AA+,03,2010-10-12,5.25,30
122887,10渝交通,重庆交通旅游投资集团有限公司,7,AA+,03,2010-11-10,5.18,30
122888,PR华靖债,江苏华靖资产经营有限公司,7,AA+,03,2010-11-24,5.68,0
122889,10冶色债,大冶有色金属集团控股有限公司,8,AA+,03,2010-11-12,4.98,30
122890,PR凯迪债,阳光凯迪新能源集团有限公司,10,AA+,03,2010-10-29,6.12,30
122891,PR通辽债,通辽市城市投资集团有限公司,7,AA,03,2010-09-14,5.98,0
122892,PR寿光债,寿光市金财公有资产经营有限公司,10,AA,03,2010-11-05,6.18,30
122893,PR丹东债,丹东城市开发建设投资有限公司,7,AA,03,2010-10-14,5.45,0
122894,10洪市政,南昌市政公用投资控股有限责任公司,7,AA+,03,2010-09-27,5,30
122895,10德州债,德州德达城市建设投资运营有限公司,7,AA,03,2010-08-17,5.71,30
122896,10芜开债,芜湖经济技术开发区建设投资公司,7,AA,03,2010-10-18,4.95,30
122897,10襄投债,汉江国有资本投资集团有限公司,8,AA+,03,2010-10-22,5.7,30
122898,PR攀国投,攀枝花市国有投资(集团)有限责任公司,10,AA,03,2010-09-06,5.41,30
122899,10杨浦01,上海杨浦城市建设投资(集团)有限公司,7,AA+,03,2010-08-23,4.95,30
122900,10杨浦02,上海杨浦城市建设投资(集团)有限公司,7,AA+,03,2010-08-23,4.42,30
122901,PR营城投,营口市城市建设投资发展有限公司,10,AA+,03,2010-09-17,5.68,30
122902,PR赤峰债,赤峰市城市建设投资(集团)有限公司,7,AA+,03,2010-07-21,6.18,30
122903,PR盐东方,盐城东方投资开发集团有限公司,7,AA+,03,2010-07-13,5.75,30
122904,10长城投,长沙市城市建设投资开发集团有限公司,10,AAA,03,2010-07-05,5.5,30
122905,10南昌债,南昌城市建设投资发展有限公司,7,AA+,03,2010-06-23,6.13,30
122906,10芜投01,芜湖市建设投资有限公司,7,AA,03,2010-09-01,4.95,30
122907,10芜投02,芜湖市建设投资有限公司,7,AA,03,2010-09-01,4.47,30
122908,10苏交通,江苏交通控股有限公司,6,AAA,03,2010-07-30,3.4,30
122909,10宜兴债,宜兴市城市发展投资有限公司,6,AA+,03,2010-07-12,5.08,30
122910,10漯河债,漯河市城市建设投资有限公司,7,AA,03,2010-06-10,6.81,30
122911,10鞍城投,鞍山市城市建设投资发展有限公司,10,AA+,03,2010-07-06,5.66,30
122912,10鄂国资,鄂尔多斯市国有资产投资控股集团有限公司,10,AA,03,2010-12-01,6.08,30
122913,10通产控,南通产业控股集团有限公司,6,AA,03,2010-06-30,5.27,30
122914,09榕建债,福州建工(集团)总公司,7,AA+,03,2010-05-26,6.48,30
122915,PR镇水投,镇江文化旅游产业集团有限责任公司,7,AA+,03,2010-08-05,5.86,30
122916,10红谷滩,南昌市红谷滩城市投资集团有限公司,7,AA,03,2010-05-13,6.9,30
122917,10太仓港,江苏省太仓港港口开发建设投资有限公司,10,AA,03,2010-05-17,7.1,30
122918,10阜阳债,阜阳市城市建设投资有限公司,6,AA+,03,2010-04-02,6.18,30
122919,10鲁商债,山东省商业集团有限公司,7,AA+,03,2010-04-02,5.88,30
122920,10黄山债,黄山城投集团有限公司,7,AA,03,2010-03-30,7.08,30
122921,10郴州债,郴州市城市建设投资发展集团有限公司,7,AA+,03,2010-03-26,7.1,30
122922,10长高新,长沙高新控股集团总公司,7,AA+,03,2010-03-26,6.08,30
122923,10北汽投,北京汽车投资有限公司,7,AA+,03,2010-03-25,5.18,30
122924,10巢湖债,巢湖城市建设投资有限公司,7,AA,03,2010-03-10,6.8,30
122925,09沈国资,沈阳农业高新区国有资产经营有限公司,7,AA,03,2010-03-10,7.3,30
122926,09青国投,青海省国有资产投资管理有限公司,6,AA+,03,2010-02-12,5,30
122927,09海航债,海航集团有限公司,10,AA,03,2010-02-03,7.6,30
122928,09铁岭债,铁岭公共资产投资运营集团有限公司,10,AA+,03,2010-02-01,7.15,30
122929,09九江债,九江市城市建设投资有限公司,7,AA+,03,2010-01-20,7.1,30
122930,PR盘锦债,盘锦建设投资有限责任公司,7,AA,03,2010-01-18,7.7,30
122931,PR临海债,临海市基础设施投资有限公司,7,AA,03,2009-12-29,7.98,30
122932,09宜城债,安庆市城市建设投资发展(集团)有限公司,7,AA+,03,2009-12-28,7,30
122933,09南山1,南山集团有限公司,6,AA+,03,2009-12-28,6.5,30
122934,09南山2,南山集团有限公司,10,AA+,03,2009-12-28,7.5,30
122935,PR南通债,南通国有资产投资控股有限公司,7,AA+,03,2009-12-28,6.72,30
122936,PR鹤城投,黑龙江省鹤城建设投资发展有限公司,7,AA,03,2009-12-29,7.78,30
122937,PR辽源债,辽源市国有资产经营有限责任公司,7,AA,03,2010-05-10,7.8,30
122938,09汾湖债,苏州汾湖投资集团有限公司,8,AA+,03,2009-12-09,7,30
122939,09吉安债,吉安市城市建设投资开发公司,7,AA+,03,2009-12-10,7.95,30
122940,09咸城投,咸阳市城市建设投资控股集团有限公司,10,AA,03,2009-11-11,7.6,30
122941,10镇城投,镇江城市建设产业集团有限公司,10,AA+,03,2011-04-01,6.76,30
122942,09江阴债,江阴城市建设投资有限公司,7,AA+,03,2009-10-30,6.9,30
122943,09外高桥,上海外高桥(集团)有限公司,5,AAA,03,2009-10-23,4.2,30
122944,09株城投,株洲市城市建设发展集团有限公司,7,AA+,03,2009-10-19,7,30
122945,09虞水债,上虞市水处理发展有限责任公司,7,AA,03,2009-10-09,6.8,30
122946,PR扬城建,扬州市城建国有资产控股(集团)有限责任公司,7,AAA,03,2009-09-24,5.94,30
122947,09合建投,合肥市建设投资控股(集团)有限公司,5,AAA,03,2009-09-25,5.04,30
122948,PR锡交债,无锡市交通产业集团有限公司,7,AA,03,2009-08-26,5.58,30
122949,PR常投债,常州投资集团有限公司,7,AAA,03,2009-08-04,5.8,30
122950,渝能暂停,重庆市能源投资集团有限公司,7,AA+,03,2009-08-18,5.45,30
122951,09淮城投,淮南市城市建设投资有限责任公司,7,AA+,03,2009-07-23,5.88,30
122952,09赣州债,赣州发展投资控股集团有限责任公司,7,AAA,03,2009-07-28,5.58,30
122953,09岳城建,岳阳市城市建设投资有限公司,6,AA,03,2009-10-12,5.88,30
122954,PR武进债,常州市武进城市建设投资有限责任公司,7,AAA,03,2009-07-24,5.42,30
122955,09潭城建,湘潭市城市建设投资经营有限责任公司,6,AA,03,2009-09-30,5.89,30
122956,09常高新,常高新集团有限公司,10,AA+,03,2009-07-10,5.2,30
122957,09蓉工投,成都工业投资集团有限公司,7,AAA,03,2009-07-13,5.08,30
122958,09长经开,长沙经济技术开发集团有限公司,6,AA,03,2009-06-30,6.6,30
122959,09清控债,清华控股有限公司,7,AA+,03,2009-06-25,4.78,30
122960,09保利集,中国保利集团公司,5,AA+,03,2009-06-25,4.72,30
122961,09武城投,武汉市城市建设投资开发集团有限公司,10,AA+,03,2009-06-29,4.72,30
122962,09宁交通,南京市交通建设投资控股(集团)有限责任公司,7,AA+,03,2009-06-04,5.23,30
122963,09张江债,上海张江(集团)有限公司,3,AAA,03,2009-07-01,3.87,30
122964,09龙湖债,重庆龙湖企业拓展有限公司,7,AA,03,2009-05-25,6.7,30
122965,09潍投债,潍坊市投资集团有限公司,10,AA,03,2009-05-04,5.88,30
122966,09滇投债,昆明滇池投资有限责任公司,6,AA,03,2009-05-20,5.9,30
122967,09闽漳龙,福建漳龙实业有限公司,6,AA,03,2009-05-27,5.88,30
122968,09杭城投,杭州市城市建设投资集团有限公司,6,AA+,03,2009-05-06,4.35,30
122969,09豫投债,河南投资集团有限公司,10,AA,03,2009-05-11,4.85,30
122970,09三峡01,中国长江三峡集团公司,5,AAA,03,2009-05-05,3.45,30
122971,09三峡02,中国长江三峡集团公司,7,AAA,03,2009-05-05,4.05,30
122972,09绵投控,绵阳市投资控股(集团)有限公司,7,AA+,03,2009-04-30,5.85,30
122973,PR昆创控,昆山市创业控股有限公司,7,AAA,03,2009-05-12,4.7,30
122974,PR镇城投,镇江城市建设产业集团有限公司,6,AA+,03,2009-04-13,5.85,30
122975,09济城建,济南市城市建设投资有限公司,10,AA+,03,2009-05-22,4.78,30
122976,永煤暂停,永城煤电控股集团有限公司,6,AA,03,2009-05-05,4.28,30
122977,09百联债,百联集团有限公司,3,AA,03,2009-04-13,4.15,30
122978,09津投1,天津城市基础设施建设投资集团有限公司,3,AAA,03,2009-04-13,3.02,30
122979,09津投2,天津城市基础设施建设投资集团有限公司,5,AAA,03,2009-04-13,3.75,30
122980,09津投3,天津城市基础设施建设投资集团有限公司,7,AAA,03,2009-04-13,4.78,30
122981,09铜城投,铜陵市城市建设投资开发有限责任公司,6,AA,03,2009-04-09,6.95,30
122982,PR长城开,长春城市开发(集团)有限公司,7,AA+,03,2009-03-31,6.08,30
122983,09南钢联,南京钢铁联合有限公司,7,AA,03,2009-03-18,6.13,30
122984,09六城投,六安城市建设投资有限公司,7,AA,03,2009-03-26,7.1,30
122985,09浙能债,浙江省能源集团有限公司,5,AAA,03,2009-03-19,3.98,30
122986,09春华债,呼和浩特春华水务开发集团有限责任公司,7,AA+,03,2009-03-31,6.08,30
122987,08云煤化,云南煤化工集团有限公司,5,AA,03,2009-03-10,5.41,30
122988,09渝隆债,重庆渝隆资产经营(集团)有限公司,7,AA,03,2009-02-18,7.08,30
122989,08渝交通,重庆交通旅游投资集团有限公司,7,AA,03,2009-02-09,6.3,30
122990,08锡公用,无锡市市政公用产业集团有限公司,3,AA,03,2009-02-10,6.16,30
122991,08海航债,海航集团有限公司,6,AA,03,2009-01-22,6.78,30
122992,08苏交通,江苏交通控股有限公司,5,AAA,03,2008-12-15,4.95,30
122993,08舞钢债,舞阳钢铁有限责任公司,5,AA,03,2009-03-10,6.45,30
122994,08云投债,云南省投资控股集团有限公司,5,AA,03,2008-11-27,5.4,30
122995,PR合建投,合肥市建设投资控股(集团)有限公司,10,AAA,03,2008-12-02,6.91,30
122996,08常城建,常州市城市建设(集团)有限公司,7,AA+,03,2008-10-22,6.3,30
122997,08苏高新,苏州高新区经济发展集团总公司,5,AAA,03,2008-10-28,6.14,30
122998,长债暂停,中国长江航运集团南京油运股份有限公司,10,AAA,03,2008-08-12,3.98,30
122999,08广纸债,广州造纸股份有限公司,10,AAA,03,2008-07-29,6.45,30
123000,09宜华债,广东省宜华木业股份有限公司,5,AA-,02,2010-05-31,7.95,90
123001,09爱使债,上海爱使股份有限公司,5,AA,02,2010-11-24,7.6,90
123002,09东华债,广州东华实业股份有限公司,6,AA,02,2010-06-07,9.5,90
123003,09瑞贝卡,河南瑞贝卡发制品股份有限公司,6,AA,02,2010-06-02,7.2,90
123004,10中科债,中国高科集团股份有限公司,7,AA+,02,2010-06-25,8.5,90
123005,09新海连,江苏新海连发展集团有限公司,7,AA+,03,2010-07-12,7.2,30
123006,10武高债,武汉高科国有控股集团有限公司,10,AA+,03,2010-10-12,6.2,30
123007,11微矿债,山东省微山湖矿业集团有限公司,10,AA-,03,2011-05-12,7.99,30
123008,11长征债,贵州长征天成控股股份有限公司,3,AA,02,2011-12-08,9,90
123010,PR湘临港,湖南城陵矶临港新区开发投资有限公司,6,AA,03,2013-03-04,7.7,30
123011,PR梅州债,梅州市康达公路建设有限公司,7,AA,03,2013-10-10,6.95,30
123012,PR哈高新,哈尔滨高新技术产业开发区基础设施开发建设有限公司,7,AAA,03,2013-10-16,7,30
123013,PR赣和济,江西和济投资有限公司,7,AA-,03,2014-02-24,8,30
123015,09滁交基,滁州市交通基础设施开发建设有限公司,7,A+,03,2014-04-03,7.9,30
123016,10锡城投,无锡市城市投资发展有限公司,6,AA+,03,2014-07-01,5.3,0
123017,14京投02,北京市基础设施投资有限公司,,AAA,03,2015-10-12,4.9,30
123018,13海岛债,海南海航基础设施投资集团股份有限公司,5,AA,02,2014-06-26,8.5,90
123019,PR阳纸业,山东世纪阳光纸业集团有限公司,7,AAA,03,2014-08-12,8.19,30
123020,PR沿江债,扬州市江都沿江开发有限公司,6,AA,03,2014-10-08,7.48,30
123022,14首创01,北京首都创业集团有限公司,3,AAA,03,2014-12-17,5.99,30
123023,14京投01,北京市基础设施投资有限公司,5,AAA,03,2015-01-07,5.5,30
123025,PR福鼎债,福鼎市城市建设投资有限公司,7,AA,03,2015-01-21,7.48,30
123026,15中电续,国家电力投资集团有限公司,,AAA,03,2015-07-22,5.7,30
123027,14首创02,北京首都创业集团有限公司,,AAA,03,2015-09-02,5.7,30
123028,15宝信债,宝信国际融资租赁有限公司,2,AA-,02,2015-08-05,7.99,90
123029,15义水债,义乌市水务建设集团有限公司,5,AA+,03,2015-08-27,6.05,30
123030,15津融债,天津津融投资服务集团有限公司,7,AA+,03,2015-09-02,5.9,30
123031,PR温城01,温州市城市建设发展集团有限公司,7,AA+,03,2016-02-24,4.05,0
123032,16穗铁01,广州地铁集团有限公司,,AAA,03,2016-03-21,4.28,30
123033,15丰汇01,丰汇租赁有限公司,3,AA-,02,2016-01-15,7.8,90
123034,16神雾债,神雾科技集团股份有限公司,3,AA-,02,2016-03-03,7.9,90
123035,16洲际01,洲际油气股份有限公司,2,AA-,02,2016-05-19,7.5,90
123046,16宁水01,南京江宁水务集团有限公司,5,AA+,02,2016-09-14,5.5,90
123047,16洲际02,洲际油气股份有限公司,2,AA-,02,2016-09-20,7,90
123048,18昌控01,南昌市产业投资集团有限公司,5,AA+,02,2018-09-07,5.35,90
124000,PR奉投资,宁波市奉化区投资有限公司,7,AA,03,2012-12-18,7.45,30
124001,PR漯城投,漯河市城市建设投资有限公司,7,AA,03,2013-02-05,6.99,30
124002,12蒙高路,内蒙古高等级公路建设开发有限责任公司,7,AA+,03,2012-12-14,5.9,30
124003,12珠水务,珠海水务环境控股集团有限公司,6,AA+,03,2013-01-22,5.3,30
124004,PR盐城南,盐城市城南新区开发建设投资有限公司,7,AA,03,2013-01-30,6.93,30
124005,PR昆创债,昆山创业控股集团有限公司,7,AA+,03,2013-05-10,6.28,30
124006,PR绍城投,绍兴市城市建设投资集团有限公司,7,AA,03,2013-04-02,6.4,30
124007,12西电梯,西子电梯集团有限公司,6,AA+,03,2013-04-02,5.75,30
124008,PR国奥停,国奥投资发展有限公司,6,AA,03,2012-12-03,6.89,30
124009,PR渝惠农,重庆市南川区惠农投资有限公司,7,AA+,03,2012-12-21,7.35,30
124010,PR鸡国资,鸡西市国有资产经营管理有限公司,7,AA+,03,2012-12-03,7.18,30
124011,PR锡科技,无锡锡东科技投资控股有限公司,6,AAA,03,2013-03-11,5.98,30
124012,PR高密01,高密市国有资产经营投资有限公司,7,AA+,03,2013-08-02,6.7,30
124013,PR高密02,高密市国有资产经营投资有限公司,6,AA,03,2013-08-02,6.75,30
124014,PR筑住投,贵阳市公共住宅投资建设(集团)有限公司,7,AA,03,2012-12-04,6.7,30
124015,12筑工投,贵阳市工商产业投资集团有限公司,7,AA,03,2013-01-24,6.5,30
124016,PR常德源,湖南常德市德源投资开发有限公司,6,AA,03,2013-01-09,7.18,30
124017,PR伊国资,伊犁州国有资产投资经营有限责任公司,6,AA,03,2013-04-19,6.7,30
124018,PR昌经投,昌邑市经济开发投资公司,8,AA,03,2012-12-26,7.35,30
124019,PR湘昭投,湖南昭山经济建设投资有限公司,6,AA,03,2013-03-22,7,30
124020,PR辽城经,辽阳城市资本经营有限公司,7,AA,03,2012-12-18,7.1,30
124021,PR潍东兴,潍坊东兴建设发展有限公司,7,AA,03,2013-01-17,6.88,30
124022,PR韶金叶,韶关市金叶发展公司,7,AA,03,2013-02-05,7.3,30
124023,PR滁城投,滁州市城市建设投资有限公司,7,AA,03,2013-06-17,6.81,30
124024,12青投资,青海省投资集团有限公司,10,AA,03,2013-02-01,7.08,30
124025,PR池州债,池州建设投资集团有限公司,7,AA,03,2012-12-21,7.17,30
124026,PR川广元,广元市投资控股(集团)有限公司,7,AA,03,2013-01-31,7.25,30
124027,PR瑞国投,瑞安市国有资产投资集团有限公司,7,AA,03,2013-01-08,6.93,30
124028,PR诸城投,诸城市经济开发投资公司,7,AA,03,2013-03-29,6.8,30
124029,PR玉城投,玉林市城市建设投资有限公司,7,AA,03,2012-12-28,6.88,0
124030,PR宁城投,南京市城市建设投资控股(集团)有限责任公司,6,AAA,03,2013-03-22,5.68,30
124031,12豫铁投,河南省铁路建设投资集团有限公司,10,AA+,03,2013-01-04,6.38,30
124032,PR宜建投,宜昌市城市建设投资开发有限公司,7,AA,03,2013-01-31,6.85,30
124033,PR苏城投,苏州城市建设投资发展有限责任公司,7,AAA,03,2013-01-21,5.79,30
124034,PR郑城投,郑州城建集团投资有限公司,7,AA+,03,2013-03-04,6.37,30
124035,PR沭金源,沭阳金源资产经营有限公司,7,AA+,03,2013-06-25,6.5,30
124036,PR张经开,江苏省张家港经济开发区实业总公司,7,AA,03,2012-12-25,6.98,30
124037,PR渝江北,重庆宏融资本运营管理集团有限公司,7,AA,03,2013-01-29,7.2,30
124038,12远洲控,浙江远洲控股有限公司,7,AA+,03,2013-02-06,6.9,30
124039,PR渝江津,重庆市江津区华信资产经营(集团)有限公司,7,AA,03,2013-01-14,7.46,30
124040,PR绍迪荡,绍兴高新技术产业开发区迪荡新城投资发展有限公司,6,AA,03,2013-04-02,6.75,30
124041,PR宿水务,宿迁水务集团有限公司,7,AA+,03,2013-06-25,6.55,30
124042,12鄂旅投,湖北省文化旅游投资集团有限公司,7,AA,03,2012-12-26,6.88,30
124043,12深立业,深圳市立业集团有限公司,6,AA,03,2013-01-04,6.3,30
124044,12联想债,联想控股股份有限公司,10,AAA,03,2013-01-25,5.7,30
124045,PR嘉经开,嘉善经济技术开发区实业有限公司,7,AA+,03,2013-03-08,7.05,30
124046,PR濮建投,濮阳市投资集团公司,7,AA,03,2013-01-04,6.98,30
124047,PR黔宏升,黔西南州宏升资本营运有限责任公司,7,AA,03,2013-04-03,6.99,30
124048,PR平国资,沈阳市和平区国有资产经营有限公司,7,AA,03,2013-01-11,6.85,30
124049,PR营沿海,营口沿海开发建设有限公司,7,AA,03,2013-10-25,7.08,30
124050,PR榆城投,榆林市城市投资经营集团有限公司,6,AA+,03,2012-12-28,6.81,30
124051,PR庆高新,大庆高新国有资产运营有限公司,7,AA,03,2013-03-20,6.88,30
124052,PR昆产投,昆明产业开发投资有限责任公司,7,AA+,03,2013-01-30,6.46,30
124053,12营口港,营口港务集团有限公司,8,AA+,03,2013-01-11,5.6,30
124054,PR株云龙,株洲市云龙发展投资控股集团有限公司,7,AA,03,2013-02-05,6.78,30
124055,PR蓉高投,成都高新投资集团有限公司,7,AA+,03,2013-01-24,6.28,30
124056,PR启国投,启东国有资产投资控股有限公司,10,AA,03,2013-03-13,7.3,30
124057,PR汕城开,汕头市城市建设开发总公司,10,AA,03,2013-01-11,8.57,30
124058,PR萍乡债,萍乡市城市建设投资发展公司,7,AA,03,2013-06-06,6.89,30
124059,PR临城发,临沂城市发展集团有限公司,7,AA+,03,2013-05-15,6.68,30
124060,PR驻投资,驻马店市投资有限公司,7,AA,03,2012-12-26,6.95,30
124061,PR沛国资,沛县国有资产经营有限公司,7,AA,03,2013-03-06,7.2,30
124062,PR冀顺德,河北顺德投资集团有限公司,7,AA,03,2013-03-26,6.98,30
124063,12国网03,国家电网有限公司,7,AAA,03,2013-01-04,4.8,30
124064,12国网04,国家电网有限公司,10,AAA,03,2013-01-04,5,30
124065,PR津开01,天津经济技术开发区国有资产经营公司,7,AA+,03,2013-03-28,6.2,30
124066,PR津开02,天津经济技术开发区国有资产经营有限公司,10,AA+,03,2013-03-28,6.5,30
124070,PR新城投,新余市城市建设投资开发有限公司,7,AA,03,2013-03-04,7.08,30
124071,PR鹰投融,鹰潭市投资公司,10,AA+,03,2013-03-21,7.5,30
124072,12曲公路,曲靖市公路建设开发有限责任公司,7,AA,03,2013-03-06,7.23,30
124073,PR吉华债,吉首华泰国有资产投资管理有限责任公司,7,AA,03,2013-01-29,7.37,30
124074,PR张公经,张家港市直属公有资产经营有限公司,7,AA+,03,2012-12-26,6.43,30
124075,PR淮建投,淮北市建投控股集团有限公司,6,AA+,03,2013-05-20,6.68,30
124076,12金湖债,金湖县国有资产经营投资有限责任公司,6,AA,03,2013-01-14,7.76,30
124077,PR榕建工,福州建工(集团)总公司,7,AA,03,2013-01-15,6.8,30
124078,12云城建,云南省城市建设投资集团有限公司,6,AA,03,2013-01-29,7.15,30
124079,PR保国资,保山市国有资产经营有限责任公司,7,AA,03,2013-01-24,7.3,30
124080,PR苏海投,江苏苏海投资集团有限公司,7,AA+,03,2013-01-24,7.2,30
124081,PR长先导,长沙先导投资控股集团有限公司,7,AA+,03,2013-01-18,6.7,30
124082,PR青国信,青岛国信发展(集团)有限责任公司,10,AA+,03,2013-02-05,6.4,30
124083,PR黄城投,黄冈市城市建设投资有限公司,7,AA,03,2013-04-03,7.1,0
124084,12沪临港,上海临港经济发展(集团)有限公司,7,AA,03,2013-01-30,6.09,30
124085,PR沪金投,上海金山城市建设投资有限公司,7,AA,03,2013-03-22,6.6,30
124086,PR诸建投,诸暨市城市建设投资发展有限公司,7,AA+,03,2013-02-22,6.92,30
124087,PR芜新马,芜湖新马投资有限公司,7,AA,03,2013-02-04,7.18,30
124088,PR东台债,东台市城市建设投资发展有限公司,7,AA,03,2013-04-02,7.1,30
124089,PR赣开债,赣州开发区建设投资(集团)有限公司,6,AA+,03,2013-04-12,6.7,30
124090,PR遵国投,遵义市国有资产投融资经营管理有限责任公司,7,AA,03,2013-04-18,6.98,30
124091,PR渝兴债,重庆市渝兴建设投资有限公司,7,AA,03,2013-01-24,7.3,30
124092,12鄂华研,鄂尔多斯市华研投资集团有限责任公司,6,AA,03,2013-01-30,7.88,30
124093,PR喀城投,喀什城建投资集团有限公司,7,AA,03,2013-02-06,7.18,30
124094,12甬交投,宁波交通投资控股有限公司,10,AA+,03,2013-03-14,6.4,30
124095,PR六开投,六盘水市开发投资有限公司,7,AA,03,2013-02-05,6.97,30
124096,PR淮城资,淮安市城市资产经营有限公司,7,AA,03,2013-06-05,6.87,30
124097,PR宝投资,宝鸡市投资(集团)有限公司,6,AA,03,2013-01-30,7.14,30
124098,PR达投资,达州市投资有限公司,7,AA+,03,2013-05-16,6.99,30
124099,PR德建投,德阳市建设投资有限公司,7,AA,03,2013-03-14,6.99,30
124100,PR石国投,石狮市国有投资发展有限公司,7,AA,03,2013-05-07,7.4,30
124101,12赣高速,江西省高速公路投资集团有限责任公司,5,AAA,03,2013-03-06,5.5,30
124102,12滇祥航,云南祥鹏航空有限责任公司,7,AA,03,2013-02-27,7.29,30
124103,PR同创债,滁州市同创建设投资有限责任公司,7,AA+,03,2013-02-05,7.05,30
124104,PR巢城投,巢湖市城镇建设投资有限公司,7,AA,03,2013-02-07,7,30
124105,12愉悦债,愉悦家纺有限公司,6,AA,03,2013-02-01,7.15,30
124106,PR邯郸债,邯郸城市发展投资集团有限公司,7,AA,03,2013-01-25,7.05,0
124107,PR洛城投,洛阳城市发展投资集团有限公司,7,AA,03,2013-03-04,6.89,30
124108,PR吴经开,吴江经济技术开发区发展总公司,7,AA,03,2013-01-29,6.88,30
124110,PR宁新开,南京新港开发总公司,7,AA,03,2013-01-24,6.8,30
124111,PR长城建,长兴城市建设投资集团有限公司,7,AA+,03,2013-02-06,6.8,30
124112,13豫盛润,河南盛润控股集团有限公司,6,AA,03,2013-03-13,7.39,30
124113,12渝出版,重庆出版集团有限公司,7,AA,03,2013-02-26,6.18,30
124114,PR大丰债,盐城市大丰区城市建设集团有限公司,7,AA,03,2013-06-05,7.08,30
124116,PR渝北飞,重庆北飞实业有限公司,7,AA,03,2013-03-28,7.13,30
124117,PR宜城投,安庆市城市建设投资发展(集团)有限公司,7,AA,03,2013-04-03,6.76,30
124118,12香兴中,中山兴中集团有限公司,7,AA+,03,2013-03-11,5.95,30
124119,PR环太湖,浙江湖州环太湖集团有限公司,7,AA+,03,2013-02-28,6.7,30
124120,PR泉台商,泉州台商投资区开发建设有限责任公司,7,AA,03,2013-04-08,7.08,30
124121,12盘江债,贵州盘江投资控股(集团)有限公司,7,AA+,03,2013-03-21,5.63,30
124122,PR抚城投,抚州市市属国有资产投资控股集团有限公司,7,AA+,03,2013-02-04,6.78,30
124123,PR南城投,南昌城市建设投资发展有限公司,7,AA+,03,2013-03-18,6.19,30
124124,PR双鸭山,双鸭山市大地城市建设开发投资有限公司,7,AAA,03,2013-01-30,6.55,30
124125,PR温经开,温州经济技术开发区国有资产经营有限公司,7,AA+,03,2013-03-08,6.49,30
124126,PR柳城投,柳州市城市投资建设发展有限公司,10,AA,03,2013-02-06,7.18,30
124127,PR黄国资,台州市黄岩区国有资产经营集团有限公司,6,AA,03,2013-04-12,6.85,30
124128,PR萧经开,杭州萧山经济技术开发区国有资产经营有限公司,6,AA,03,2013-04-01,6.7,30
124129,PR泉石建,泉州市泉港石化工业区建设发展有限公司,7,AA,03,2013-07-03,8.4,30
124130,13陕东岭,东岭集团股份有限公司,10,AA,03,2013-02-01,6.98,30
124131,PR安国资,安顺市国有资产管理有限公司,7,AA,03,2013-04-12,6.98,30
124132,PR巩义债,巩义市国有资产投资经营有限公司,7,AA,03,2013-06-06,6.7,30
124133,12宁宝源,宁夏宝丰能源集团股份有限公司,7,AA,03,2013-07-26,7.2,30
124134,PR泉城投,泉州市城建国有资产投资有限公司,7,AA+,03,2013-06-19,6.48,30
124135,13滇公投,云南省公路开发投资有限责任公司,6,AA+,03,2013-03-08,6.05,30
124136,PR太城投,太仓市城市建设投资集团有限公司,7,AA,03,2013-04-01,6.75,30
124137,13赣发投,赣州发展投资控股集团有限责任公司,7,AA,03,2013-02-28,6.6,30
124138,PR长城投,长沙市城市建设投资开发集团有限公司,7,AA+,03,2013-04-08,6.95,0
124139,PR通港闸,南通市港闸区国有资产经营有限公司,7,AA+,03,2013-02-21,7.15,30
124140,PR沧建投,沧州市建设投资集团有限公司,7,AA+,03,2013-03-12,6.72,30
124141,13浙吉利,浙江吉利控股集团有限公司,7,AA+,03,2013-05-02,5.9,30
124142,PR渝三峡,重庆三峡产业投资有限公司,6,AA,03,2013-05-30,6.4,30
124143,PR泰投资,泰安市泰山投资有限公司,7,AA+,03,2013-03-25,6.76,30
124144,PR蓉城投,成都城建投资管理集团有限责任公司,7,AA+,03,2013-05-06,6.18,30
124145,PR蓉兴城,成都兴城投资集团有限公司,7,AA+,03,2013-03-12,6.17,30
124146,13海发控,海南省发展控股有限公司,7,AA+,03,2013-05-20,5.5,30
124147,PR甬东投,宁波东部新城开发投资有限公司,7,AA,03,2013-04-12,6.45,30
124148,PR金灌债,江苏金灌投资发展集团有限公司,6,AA+,03,2013-06-28,6.4,30
124149,PR镇水利,镇江文化旅游产业集团有限责任公司,7,AA,03,2013-05-09,6.6,30
124150,PR南发展,南充发展投资(控股)有限责任公司,7,AA,03,2013-12-12,6.69,30
124151,PR长兴岛,大连长兴岛开发建设投资有限公司,7,AA,03,2013-05-27,6.6,30
124152,13宁禄口,东部机场集团有限公司,10,AAA,03,2013-05-06,5.15,30
124153,13国网01,国家电网有限公司,7,AAA,03,2013-04-11,4.75,30
124154,13国网02,国家电网有限公司,15,AAA,03,2013-04-11,5.1,30
124155,PR渭城投,渭南市城市投资集团有限公司,7,AA,03,2013-04-23,6.69,30
124156,PR涪国资,重庆市涪陵国有资产投资经营集团有限公司,7,AA+,03,2013-04-23,6.39,30
124158,PR锡东城,无锡锡东新城建设发展有限公司,7,AA,03,2013-04-01,6.65,30
124159,PR绍城改,绍兴市城中村改造建设投资有限公司,7,AA+,03,2013-03-22,6.5,30
124160,PR蓬莱阁,蓬莱市蓬莱阁旅游有限责任公司,8,AA+,03,2013-03-25,6.8,30
124161,13瑞水泥,天瑞水泥集团有限公司,8,AA+,03,2013-03-11,7.1,30
124162,PR济高新,济宁高新城建投资有限公司,7,AA,03,2013-05-15,6.6,30
124163,13蓉文旅,成都文化旅游发展集团有限责任公司,7,AA,03,2013-03-28,6.5,30
124164,PR建城投,建湖县城市建设投资有限公司,7,AA,03,2013-05-22,6.5,30
124165,PR洪市政,南昌市政公用投资控股有限责任公司,7,AA+,03,2013-03-20,5.88,30
124166,PR江滨投,江门市滨江建设投资有限公司,7,AA,03,2013-04-09,6.6,30
124167,PR滇投债,昆明滇池投资有限责任公司,7,AA,03,2013-03-15,6.5,30
124168,PR绍中城,绍兴县中心城建设投资开发有限公司,6,AA,03,2013-09-05,6.3,30
124169,13华峰债,华峰集团有限公司,7,AA,03,2013-05-02,6.85,30
124170,PR厦杏林,厦门市杏林建设开发有限公司,7,AA,03,2013-04-09,6.6,30
124171,PR长投建,长治市投资建设开发有限公司,7,AA,03,2013-05-06,6.46,30
124172,PR常城投,常德市城市建设投资集团有限公司,7,AA+,03,2013-05-31,6.5,30
124173,13陕有色,陕西有色金属控股集团有限责任公司,6,AAA,03,2013-03-19,4.88,30
124174,PR吉城债,吉林市城市建设控股集团有限公司,7,AA+,03,2013-06-03,6.34,30
124175,PR湘高新,湘潭高新集团有限公司,7,AA,03,2013-03-19,6.9,30
124176,PR武地铁,武汉地铁集团有限公司,7,AA+,03,2013-07-16,5.7,30
124177,PR乌高新,乌鲁木齐高新投资发展集团有限公司,7,AA,03,2013-05-21,6.18,30
124178,PR集城投,乌兰察布市集宁区城市建设投资开发有限责任公司,7,AA,03,2013-05-13,6.88,30
124179,13广越秀,广州越秀集团有限公司,7,AAA,03,2013-07-10,5.2,30
124180,PR綦东开,重庆市綦江区东部新城开发建设有限公司,7,AA,03,2013-07-09,6.75,30
124181,PR余开投,余姚经济开发区建设投资发展有限公司,7,AA,03,2013-04-22,6.75,30
124182,13精控债,精工控股集团有限公司,5,AA+,03,2013-05-17,6.5,30
124183,PR津广成,天津广成投资集团有限公司,10,AA,03,2013-03-29,6.97,30
124184,13京投债,北京市基础设施投资有限公司,10,AAA,03,2013-05-02,5.04,30
124185,PR海宁债,海宁市资产经营公司,7,AA+,03,2013-05-21,6.08,30
124187,PR泰矿债,山东泰丰控股集团有限公司,7,AA+,03,2013-07-08,5.8,30
124188,PR邹城资,邹城市城市资产经营有限公司,6,AA,03,2013-06-28,6.18,30
124189,13大旅游,大理州旅游产业开发集团有限责任公司,7,AA,03,2013-04-02,6.5,30
124190,PR奉南城,上海奉贤南桥新城建设发展有限公司,7,AA,03,2013-04-11,6.25,30
124191,PR杭高新,杭州高新技术产业开发区资产经营有限公司,7,AA,03,2013-04-15,6.45,30
124192,PR邗城建,扬州市邗江城市建设发展有限公司,7,AA,03,2013-06-27,6.2,30
124193,PR文城资,威海市文登区城市资产经营有限公司,7,AA,03,2013-04-02,6.38,30
124194,PR滨海01,天津滨海新区建设投资集团有限公司,5,AAA,03,2013-04-19,5,30
124195,PR滨海02,天津滨海新区建设投资集团有限公司,7,AAA,03,2013-04-19,5.19,30
124196,PR烟城建,烟台市城市建设发展集团有限公司,7,AA+,03,2013-05-15,5.99,30
124197,10朝资01,北京市朝阳区国有资本经营管理中心,6,AAA,03,2013-06-14,3.91,30
124198,10朝资02,北京市朝阳区国有资本经营管理中心,7,AAA,03,2013-06-14,4.53,30
124199,PR泰交债,泰州市交通产业集团有限公司,7,AA,03,2013-06-27,6.15,30
124200,PR自高新,自贡市高新投资有限公司,7,AA+,03,2013-06-18,6.3,30
124201,PR南高速,福建省南平市高速公路有限责任公司,7,AA,03,2013-05-31,6.69,30
124202,PR平潭债,平潭综合实验区国有资产投资集团有限公司,7,AA,03,2013-04-23,6.58,30
124203,PR浔富和,九江富和建设投资有限公司,6,AA,03,2013-05-30,6.1,30
124204,PR津城投,天津城市基础设施建设投资集团有限公司,10,AAA,03,2013-05-21,5.7,30
124205,PR余创债,杭州余杭创新投资有限公司,7,AA,03,2013-05-20,6.5,30
124206,13祥源债,祥源控股集团有限责任公司,7,AA,03,2013-04-19,6.85,30
124207,PR巴城投,巴彦淖尔市城市发展投资有限责任公司,7,AA,03,2013-04-17,6.4,30
124208,13西投债,西安投资控股有限公司,10,AA,03,2013-07-03,6.18,30
124209,PR三门峡,三门峡市财经投资公司,7,AA,03,2013-05-22,6.68,30
124210,PR皋投债,如皋市交通产业集团有限公司,7,AA,03,2013-05-20,6.7,30
124211,PR甘投债,甘肃省国有资产投资集团有限公司,7,AAA,03,2013-05-27,5.4,30
124212,PR益高新,益阳高新产业发展投资集团有限公司,7,AA,03,2013-04-25,6.7,30
124213,PR德清债,浙江省德清县交通投资集团有限公司,7,AA+,03,2013-04-23,6.4,30
124214,PR河城投,河源市城市开发投资有限公司,7,AA+,03,2013-12-25,6.55,30
124215,PR九国资,九江市国有资产经营有限公司,7,AA,03,2013-04-17,6.68,30
124216,12新查矿,山东新查庄矿业有限责任公司,7,AA,03,2013-05-06,7.2,30
124217,PR西高新,西安高新控股有限公司,6,AA+,03,2013-05-20,5.7,30
124218,13三福船,泰州三福船舶工程有限公司,6,AA,03,2013-05-20,6.9,30
124219,PR荣经开,荣成市经济开发投资有限公司,7,AA,03,2013-05-20,6.45,30
124220,13晋能交,山西能源交通投资有限公司,7,AA+,03,2013-05-14,5.29,30
124221,PR武地产,武汉地产开发投资集团有限公司,6,AA+,03,2013-07-02,5.9,30
124222,13京粮食,北京粮食集团有限责任公司,6,AA,03,2013-05-10,5.05,30
124223,PR微山矿,山东省微山湖矿业集团有限公司,7,AA+,03,2013-06-25,6.15,30
124224,PR朝国资,北京市朝阳区国有资本经营管理中心,7,AAA,03,2013-05-10,5.25,30
124225,PR阿城投,阿拉善盟基础设施建设投资经营有限责任公司,7,AA+,03,2013-05-13,6.4,30
124226,PR闽兴杭,闽西兴杭国有资产投资经营有限公司,6,AA,03,2013-05-02,6.2,30
124227,PR宁国01,南京市国有资产投资管理控股(集团)有限责任公司,7,AAA,03,2013-06-03,5.4,30
124228,PR宁国02,南京市国有资产投资管理控股(集团)有限责任公司,10,AAA,03,2013-06-03,5.6,30
124229,PR晋公投,晋中市公用基础设施投资控股(集团)有限公司,7,AA,03,2013-04-24,6.5,30
124230,PR蓉兴锦,成都市兴锦城市建设投资有限责任公司,7,AA,03,2013-05-06,7.3,30
124231,PR临海投,临海市基础设施投资有限公司,7,AA+,03,2013-04-24,6.3,30
124232,PR苏海发,江苏海州湾发展集团有限公司,10,AA+,03,2013-05-10,6.69,30
124234,PR鹏铁01,深圳市地铁集团有限公司,10,AAA,03,2013-05-09,5.4,30
124235,PR清河投,淮安清河新区投资发展有限公司,7,AA,03,2013-04-19,6.68,30
124236,PR马经开,马鞍山经济技术开发区建设投资有限公司,7,AA,03,2013-04-25,7.1,0
124238,PR通辽投,通辽市城市投资集团有限公司,7,AA,03,2013-05-21,6.64,30
124239,PR鄞城投,宁波市鄞州集团有限责任公司,7,AA,03,2013-07-23,6.5,30
124240,PR合工投,合肥市工业投资控股有限公司,7,AA,03,2013-05-16,6.3,30
124241,PR烟开发,烟台开发区国有资产经营管理有限公司,7,AA+,03,2013-05-16,5.7,30
124242,PR营经开,营口经济技术开发区城市开发建设投资有限公司,7,AA,03,2013-05-16,6.17,30
124243,PR常高新,常高新集团有限公司,7,AA,03,2013-06-07,6.18,30
124244,PR番交投,广州市番禺交通建设投资有限公司,6,AA,03,2013-07-18,6.3,30
124245,PR杭运河,杭州市运河综合保护开发建设集团有限责任公司,7,AA,03,2013-08-07,6,30
124246,PR溧城发,溧阳市城市建设发展集团有限公司,7,AA,03,2013-06-03,6.2,30
124247,13绍交投,绍兴市交通投资集团有限公司,7,AA,03,2013-06-04,6,30
124248,13京歌华,北京歌华文化发展集团,7,AA,03,2013-05-09,5.98,30
124249,PR大城投,大石桥市城市建设投资有限公司,7,AA,03,2013-05-21,6.58,30
124250,PR宿建投,宿州市城市建设投资集团(控股)有限公司,7,AA,03,2013-05-14,6.4,30
124251,13鲁信投,山东省鲁信投资控股集团有限公司,7,AA+,03,2013-05-16,5,30
124252,13邯交通,邯郸市交通建设有限公司,8,AA+,03,2013-12-10,5.7,30
124253,PR新乡投,新乡投资集团有限公司,7,AA,03,2013-05-08,5.85,30
124254,PR常熟发,常熟市发展投资有限公司,7,AA,03,2013-06-19,5.8,30
124255,PR浙新昌,浙江省新昌县投资发展集团有限公司,7,AA+,03,2013-06-14,6.6,30
124256,13苏泊尔,苏泊尔集团有限公司,7,AA,03,2013-05-13,6.5,30
124257,PR海浆纸,海南金海浆纸业有限公司,7,AA+,03,2013-05-30,6.1,30
124258,13潞矿01,山西潞安矿业(集团)有限责任公司,10,AAA,03,2013-05-16,5.15,30
124259,13潞矿02,山西潞安矿业(集团)有限责任公司,10,AAA,03,2013-05-16,5.1,30
124260,PR遂发展,遂宁发展投资集团有限公司,7,AA,03,2013-09-24,6.62,30
124261,PR鞍山投,鞍山市城市建设投资发展有限公司,7,AA+,03,2013-11-07,6.39,30
124262,PR楚雄投,楚雄州开发投资有限公司,7,AA,03,2013-06-14,6.6,30
124263,PR临国资,临沧市国有资产经营有限责任公司,7,AA,03,2013-05-10,6.58,30
124264,PR晋城投,福建省晋江城市建设投资开发集团有限责任公司,7,AA,03,2013-07-12,6.35,30
124265,PR红河路,红河州公路开发经营有限责任公司,7,AA,03,2013-05-30,6.27,30
124266,PR哈水投,哈尔滨水务投资集团有限公司,7,AA+,03,2013-07-10,5.7,30
124267,PR金坛投,常州市金坛区建设资产经营有限公司,7,AA,03,2013-07-05,6.38,30
124268,PR渝南发,重庆市南发城建发展有限公司,7,AA,03,2013-06-25,6.43,30
124269,PR渝大足,重庆大足国有资产经营管理集团有限公司,7,AA,03,2013-06-25,6.75,30
124270,PR渝万盛,重庆市万盛经济技术开发区开发投资集团有限公司,7,AA,03,2013-06-25,6.39,30
124271,PR金外滩,上海金外滩(集团)发展有限公司,7,AA,03,2013-06-13,6.35,30
124272,PR绥芬河,绥芬河海融城市建设投资发展有限公司,7,AA,03,2013-05-28,6.6,30
124273,13翔宇债,翔宇实业集团有限公司,7,AA,03,2013-05-27,7.3,30
124274,13徽南翔,安徽省南翔贸易(集团)有限公司,6,AA+,03,2013-05-30,6.95,30
124275,PR龙岗投,深圳市龙岗区投资管理有限公司,6,AA,03,2013-05-21,6.18,30
124276,13津滨投,天津滨海发展投资控股有限公司,7,AA,03,2013-05-20,6.79,30
124277,13大丰港,江苏大丰海港控股集团有限公司,7,AA+,03,2013-06-25,6.18,30
124278,PR渝双桥,重庆市双桥经济技术开发区开发投资集团有限公司,7,AA,03,2013-05-24,6.75,30
124279,PR海拉尔,海拉尔区城市基础设施投资开发置业有限责任公司,7,AA,03,2013-07-04,6.2,30
124280,PR通经开,南通经济技术开发区控股集团有限公司,7,AA,03,2013-06-03,5.8,30
124281,PR石地产,石家庄市地产集团有限公司,7,AA+,03,2013-06-28,5.65,30
124283,13武新港,武汉新港建设投资开发集团有限公司,7,AA,03,2013-06-21,5.89,30
124284,13琼洋浦,海南省洋浦开发建设控股有限公司,7,AA,03,2013-07-23,6.4,30
124285,13同煤债,晋能控股煤业集团有限公司,15,AAA,03,2013-05-29,5.2,30
124286,13海航债,海航集团有限公司,7,AA+,03,2013-06-19,6.6,30
124287,13金特债,新疆金特钢铁股份有限公司,7,AA,03,2013-06-14,6.1,30
124288,13光谷联,武汉光谷联合集团有限公司,6,AA+,03,2013-11-28,7.35,30
124289,PR丽城投,丽水市城市建设投资有限责任公司,7,AA,03,2013-06-17,6,30
124290,PR长轨交,长沙市轨道交通集团有限公司,10,AA+,03,2013-07-05,6.2,30
124291,PR兖城投,济宁市兖州区惠民城建投资有限公司,8,AA,03,2013-07-15,5.9,30
124292,PR溧城建,南京溧水城市建设集团有限公司,7,AA+,03,2013-07-10,5.8,30
124293,PR农六师,新疆国恒投资发展集团有限公司,7,AA,03,2013-07-31,6.1,30
124294,PR苏华靖,江苏华靖资产经营有限公司,7,AA,03,2013-07-05,6,30
124295,13宁铁路,南京铁路建设投资有限责任公司,7,AA+,03,2013-07-01,5.3,30
124296,盛江暂停,华盛江泉集团有限公司,7,AA,03,2013-06-19,6.7,30
124297,PR桐乡投,桐乡市城市建设投资有限公司,7,AA+,03,2013-06-24,6.1,30
124298,PR临汾投,临汾市投资集团有限公司,7,AA,03,2013-06-14,6.2,30
124299,PR西经开,西宁经济技术开发区投资控股集团有限公司,7,AA,03,2013-07-16,5.9,30
124300,13云投控,云南省投资控股集团有限公司,5,AA+,03,2013-07-03,5.37,30
124301,PR日照债,日照市经济开发投资有限公司,7,AA,03,2013-06-26,5.8,30
124302,12桂交投,广西交通投资集团有限公司,10,AA+,03,2013-07-03,6.2,30
124303,PR咸荣盛,咸宁高新投资集团有限公司,7,AA+,03,2013-06-26,5.8,30
124304,PR合川投,重庆市合川工业投资(集团)有限公司,7,AA,03,2013-07-10,6.19,30
124305,PR瓦国资,瓦房店市国有资产经营管理中心,7,AA,03,2013-07-26,6.2,30
124306,13鄂三宁,湖北三宁化工股份有限公司,6,AA+,03,2013-07-17,5.34,30
124307,PR安经开,安庆经济技术开发区建设投资集团有限公司,7,AA+,03,2013-07-22,6,30
124308,PR眉宏大,眉山市宏大建设投资有限责任公司,7,AA,03,2013-07-09,6.56,30
124309,13弘燃气,信阳市弘昌管道燃气工程有限责任公司,7,AA,03,2013-07-10,6.49,30
124310,PR洪水利,南昌水利投资发展有限公司,7,AA,03,2013-07-25,6.28,30
124311,PR弘湘资,衡阳弘湘国有投资(控股)集团有限公司,7,AA,03,2013-07-16,6.2,30
124312,PR景国资,景德镇市国资运营投资控股集团有限责任公司,7,AA,03,2013-08-01,6.59,30
124313,PR苏家屯,沈阳市苏家屯区城乡建设投资有限公司,7,AA,03,2013-07-10,6.4,30
124314,13筑铁路,贵阳铁路建设投资有限公司,7,AA,03,2013-07-18,6.2,30
124315,13瓯交投,温州市交通发展集团有限公司,7,AA,03,2013-07-18,6.05,30
124316,PR新郑投,新郑新区发展投资有限责任公司,6,AA,03,2013-07-22,6.52,30
124317,PR华发债,珠海华发集团有限公司,6,AA+,03,2013-07-19,5.5,30
124318,PR滨城投,滨州城建投资集团有限公司,7,AA,03,2013-08-29,6.15,30
124319,PR昌国资,昌吉州国有资产投资经营集团有限公司,6,AA,03,2013-07-23,6,30
124321,PR岳城投,岳阳市城市建设投资有限公司,7,AA,03,2013-08-12,6.05,30
124322,PR南城发,南昌县城市建设投资发展有限公司,6,AA,03,2013-08-13,6.5,30
124323,PR新天治,郴州市新天投资有限公司,7,AA+,03,2013-07-31,6.3,30
124324,PR白银城,白银市城市发展投资(集团)有限公司,7,AA,03,2013-08-13,6.78,30
124325,PR京生物,北京生物医药产业基地发展有限公司,7,AA+,03,2013-08-12,6.35,30
124326,PR郑建投,郑州公共住宅建设投资有限公司,7,AA+,03,2013-08-07,5.98,30
124327,13中电投,国家电力投资集团有限公司,10,AAA,03,2013-08-13,5.2,30
124328,PR渝鸿业,重庆鸿业实业(集团)有限公司,7,AA+,03,2014-01-06,6.3,30
124329,PR惠国投,惠安县国有资产投资经营有限公司,7,AA,03,2013-12-23,7.5,30
124330,13龙工贸,龙岩投资发展集团有限公司,8,AA,03,2013-11-06,6.08,30
124332,PR湘振湘,湘潭振湘国有资产经营投资有限公司,7,AA+,03,2013-08-21,6.6,30
124333,PR铜城建,徐州市铜山区城市建设投资有限责任公司,7,AA+,03,2013-09-06,6.6,30
124334,PR博国资,博尔塔拉蒙古自治州国有资产投资经营有限责任公司,7,AA,03,2013-09-04,7.18,30
124335,PR海国资,北京市海淀区国有资本经营管理中心,7,AAA,03,2013-08-23,5.5,30
124336,PR渝地债,重庆市地产集团有限公司,7,AAA,03,2013-09-13,6.3,30
124337,PR铜建设,铜陵市建设投资控股有限责任公司,7,AA,03,2013-11-04,6.98,30
124338,PR闽经开,南平武夷新区投资开发集团有限公司,7,AA+,03,2013-09-03,6.7,30
124339,PR渝城投,重庆市城市建设投资(集团)有限公司,7,AAA,03,2013-09-03,5.12,30
124340,PR张保债,张家港保税区张保实业有限公司,7,AA,03,2013-09-26,7.1,30
124341,PR吐番资,吐鲁番地区国有资产投资经营有限责任公司,6,AA,03,2013-09-10,7.2,30
124342,PR黔南资,黔南州国有资本营运有限责任公司,7,AA+,03,2013-10-15,6.9,30
124343,PR阳江债,阳江市恒财城市投资控股有限公司,7,AA,03,2013-10-23,6.85,30
124344,PR沪南房,上海南房(集团)有限公司,6,AA,03,2013-10-17,6.7,30
124345,PR京煤债,北京京煤集团有限责任公司,7,AA+,03,2013-10-15,6.14,30
124346,PR乳国资,乳山市城市国有资产经营有限公司,7,AA+,03,2013-10-18,6.9,30
124347,13石建投,石家庄市建设投资集团有限责任公司,7,AAA,03,2013-10-08,6.7,30
124348,PR京谷财,北京市谷财集团有限公司,7,AA,03,2013-10-15,6.6,30
124349,PR福东海,江苏福如东海发展集团有限公司,7,AA,03,2013-10-22,7.09,30
124350,13晋煤运,山西煤炭运销集团有限公司,10,AA+,03,2013-09-30,5.25,30
124351,PR克州债,克孜勒苏柯尔克孜自治州国有资产投资经营有限责任公司,7,AA,03,2013-10-28,7.15,30
124352,PR平凉债,平凉市投资发展公司,7,AA,03,2013-11-06,7.1,30
124353,PR商洛01,商洛市城市建设投资开发有限公司,7,AA+,03,2013-12-11,7.05,30
124354,PR商洛02,商洛市城市建设投资开发有限公司,6,AA+,03,2013-12-11,6.75,30
124355,PR洼城投,大洼县城市建设投资有限公司,7,AA,03,2013-10-16,7.25,30
124356,PR珠汇华,珠海汇华基础设施投资有限公司,7,AA+,03,2013-10-17,7.15,30
124357,13津房开,天津房地产集团有限公司,7,AAA,03,2013-10-18,5.88,30
124358,PR蚌城投,蚌埠市城市投资控股有限公司,7,AAA,03,2013-10-08,6.3,30
124359,PR三明投,三明市城市建设投资集团有限公司,7,AA+,03,2013-10-22,6.4,30
124360,PR成阿债,四川成阿发展实业有限公司,7,AA,03,2013-10-14,7.18,30
124361,PR京科城,北京未来科技城发展集团有限公司,6,AAA,03,2013-10-24,6.28,30
124362,PR钦滨海,钦州滨海新城资产管理有限公司,7,AA+,03,2013-10-17,7,30
124363,PR郑投资,郑州发展投资集团有限公司,7,AA+,03,2013-11-05,6.45,30
124364,PR临尧都,临汾市尧都区投资建设开发有限公司,7,AA,03,2013-10-25,6.99,30
124365,PR昌润债,昌润投资控股集团有限公司,7,AA,03,2013-10-22,6.88,30
124366,PR汇丰投,萍乡市汇丰投资有限公司,7,AA,03,2013-10-24,7.06,30
124367,PR锡城发,无锡城市发展集团有限公司,7,AAA,03,2013-11-05,6.1,30
124368,PR郑交投,郑州交通建设投资有限公司,7,AA+,03,2013-12-26,6.3,30
124369,PR吴城投,吴忠市城乡建设投资开发有限公司,7,AA+,03,2013-11-26,7.18,30
124370,PR虞新区,绍兴市上虞杭州湾滨海新城投资开发建设有限公司,7,AA,03,2013-11-05,6.95,30
124371,PR北辰发,天津市北辰区建设开发有限公司,7,AA+,03,2014-05-26,7,30
124372,09海投债,厦门海沧投资集团有限公司,7,AA,03,2013-11-20,5.88,30
124373,PR平天湖,安徽省池州市平天湖建设工程有限公司,7,AA,03,2013-11-06,7.4,30
124374,PR塔国资,塔城地区国有资产投资经营公司,6,AA,03,2013-11-06,7.49,30
124375,13鄂供销,湖北省供销合作社社有资产经营管理公司,6,AA+,03,2013-11-01,6.18,30
124376,PR渝物流,重庆西部现代物流产业园区开发建设有限责任公司,7,AA,03,2013-11-27,7.08,30
124377,PR渝碚城,重庆市碚城建设开发有限责任公司,7,AA+,03,2013-11-04,7.3,30
124378,PR湘九华,湘潭九华经济建设投资有限公司,7,AA,03,2013-11-20,7.15,30
124379,PR许投资,许昌市投资总公司,7,AA,03,2013-10-30,6.95,30
124380,PR曹妃甸,唐山曹妃甸发展投资集团有限公司,7,AA,03,2013-11-13,7.5,30
124381,09衡城投,衡阳市城市建设投资有限公司,7,AA+,03,2013-12-02,7.06,30
124382,10云建工,云南建工集团有限公司,6,AA,03,2013-12-25,6.8,30
124383,10开元旅,开元旅业集团有限公司,6,AA,03,2013-11-22,5.6,30
124384,PR雅发投,雅安发展投资有限责任公司,7,AA,03,2013-11-06,7,30
124385,PR龙岩汇,龙岩市汇金发展集团有限公司,7,AA,03,2013-11-07,7.1,30
124386,PR新沂债,新沂市城市投资发展有限公司,7,AA,03,2013-11-12,7.39,30
124387,PR湛基投,湛江市基础设施建设投资集团有限公司,7,AA,03,2013-11-19,6.93,30
124388,PR任城债,山东任城融鑫发展有限公司,7,AA,03,2013-11-21,7.3,30
124389,PR资水务,资阳市水务投资有限责任公司,7,AA,03,2013-11-27,7.4,30
124390,PR葫岛01,葫芦岛市投资集团有限公司,7,AA,03,2013-11-19,7.05,30
124391,PR葫岛02,葫芦岛市投资集团有限公司,10,AA,03,2013-11-19,7.5,30
124392,PR荆门投,荆门市城市建设投资有限公司,7,AA,03,2013-11-11,7,30
124393,PR连顺兴,大连顺兴投资有限公司,7,AA,03,2013-11-14,6.97,30
124394,PR永城投,永州市城市建设投资发展有限责任公司,7,AA,03,2013-11-19,7.3,30
124395,PR堰城投,十堰国有资本投资运营集团有限公司,7,AA,03,2013-11-07,6.88,30
124396,PR姜发展,泰州市姜堰城市建设投资发展有限公司,7,AA,03,2013-11-06,7.1,30
124397,PR郫国投,成都市郫都区国有资产投资经营公司,7,AA+,03,2013-11-06,7.25,30
124398,PR株城发,株洲市城市建设发展集团有限公司,7,AA,03,2013-11-06,6.95,30
124399,PR郴高科,郴州市产业投资集团有限公司,7,AA,03,2013-11-13,7.25,30
124400,PR渝双福,重庆市双福建设开发有限公司,7,AA,03,2013-11-12,7.49,30
124401,13冀广网,中国广电河北网络股份有限公司,8,AA,03,2013-11-06,6.45,30
124402,PR丹投01,丹阳投资集团有限公司,7,AA+,03,2013-11-27,6.9,30
124403,PR丹投02,丹阳投资集团有限公司,6,AA+,03,2013-11-27,6.81,30
124404,PR怀化工,怀化高新产业投资发展集团有限公司,7,AA,03,2013-11-19,7.7,30
124405,PR宝工债,天津宝星工贸有限公司,7,AA,03,2013-11-01,7.1,30
124406,PR荆经开,荆州开发区城市建设投资开发有限公司,7,AA+,03,2013-12-23,8.2,30
124407,PR泰州债,泰州市城市建设投资集团有限公司,10,AA+,03,2013-11-06,6.92,30
124408,PR宛城投,南阳投资集团有限公司,7,AA,03,2013-12-12,7.05,30
124409,PR宿城投,宿迁市城市建设投资(集团)有限公司,7,AA+,03,2013-11-21,6.88,30
124410,13国网03,国家电网有限公司,7,AAA,03,2013-11-06,5.5,30
124411,13国网04,国家电网有限公司,15,AAA,03,2013-11-06,5.73,30
124412,PR金利源,北京金利源国有资产经营管理中心,7,AA,03,2013-11-28,7,30
124413,PR寿城投,寿光市城市建设投资开发有限公司,7,AA,03,2013-11-12,7.1,30
124415,13鄂投01,湖北交通投资集团有限公司,10,AAA,03,2013-11-20,5.98,30
124416,13鄂投02,湖北交通投资集团有限公司,15,AAA,03,2013-11-20,6.18,30
124417,PR江高新,江门市高新技术工业园有限公司,7,AA,03,2013-11-22,7.39,30
124418,13永利债,浙江永利实业集团有限公司,6,AA+,03,2013-12-04,7.5,30
124419,PR乌兰察,乌兰察布市投资开发有限公司,7,AA,03,2013-12-27,7.7,30
124420,PR盐国资,海盐县国有资产经营有限公司,7,AAA,03,2013-12-06,7,30
124421,PR海新区,海宁市尖山新区开发有限公司,7,AA+,03,2013-12-24,6.9,30
124422,PR崇明债,上海陈家镇建设发展有限公司,6,AA,03,2013-11-28,7.18,30
124423,PR宜环科,中国宜兴环保科技工业园发展总公司,7,AA,03,2013-12-03,7.1,30
124424,PR柳东城,广西柳州市东城投资开发集团有限公司,7,AA,03,2013-12-13,7.4,30
124425,PR平国资,平度市国有资产经营管理有限公司,7,AA,03,2013-12-06,7.25,30
124426,PR澄港城,江阴临港新城开发建设有限公司,7,AA+,03,2013-12-11,7.1,30
124427,PR临河债,巴彦淖尔市临河区城市发展投资有限责任公司,7,AA+,03,2013-12-02,7.9,30
124428,13粤垦债,广东省粤垦投资有限公司,6,AA,03,2013-12-30,7,30
124429,PR亭公投,盐城市亭湖区公有资产投资经营有限公司,7,AA,03,2013-12-05,7.95,30
124430,PR城阳债,青岛城阳开发投资有限公司,7,AAA,03,2014-05-09,7.09,30
124431,PR普兰债,大连市普兰店区建设投资有限公司,7,AA,03,2013-12-03,7.6,30
124432,PR襄建投,汉江国有资本投资集团有限公司,7,AA,03,2013-12-16,7.3,30
124433,PR沪闵行,上海闵行城市建设投资开发有限公司,7,AA+,03,2013-12-27,6.48,30
124434,PR渝豪江,重庆豪江建设开发有限公司,7,AA,03,2014-01-17,7.99,30
124435,PR邯城投,邯郸城市发展投资集团有限公司,7,AA+,03,2013-12-16,7.6,30
124436,13海旅业,海航旅游集团有限公司,5,AA,03,2014-01-06,7.31,30
124437,PR津静海,天津市静海城市基础设施建设投资集团有限公司,7,AA,03,2013-12-30,7.9,30
124438,PR冶城投,大冶市振恒城市发展投资有限公司,7,AA+,03,2014-01-06,7.95,30
124439,PR六安01,六安城市建设投资有限公司,7,AA,03,2013-12-26,8,30
124440,PR宁德投,宁德市国有资产投资经营有限公司,7,AA,03,2014-01-10,7.99,30
124441,PR库车01,库车城市建设投资(集团)有限公司,7,AA+,03,2013-12-18,7.95,30
124442,PR武威01,武威市经济发展投资(集团)有限公司,7,AA,03,2014-01-07,8.2,30
124443,PR黔投01,贵州省凯里城镇建设投资有限公司,7,AA+,03,2014-01-07,8.3,30
124444,PR六安02,六安城市建设投资有限公司,7,AA,03,2014-06-06,7.5,30
124445,PR泰成兴,泰兴市成兴国有资产经营投资有限公司,7,AA,03,2014-01-07,8.3,30
124446,PR即墨债,即墨市城市开发投资有限公司,6,AA+,03,2014-01-06,8.1,30
124448,PR大理01,大理经济开发投资集团有限公司,7,AA,03,2014-01-21,8.3,0
124449,PR常滨湖,常州滨湖建设发展集团有限公司,7,AA+,03,2014-01-13,8.04,30
124450,PR周口01,周口市投资集团有限公司,7,AA,03,2014-01-16,7.5,30
124451,PR濮建债,濮阳市投资集团公司,7,AA,03,2013-12-31,8,30
124452,PR府谷债,府谷县国有资产运营有限责任公司,7,AA,03,2014-01-07,8.69,30
124453,PR秦开01,秦皇岛开发区国有资产经营有限公司,7,AA,03,2014-01-27,8,30
124454,PR武清01,天津市武清区国有资产经营投资公司,7,AA+,03,2014-01-07,8,30
124455,PR越都债,诸暨市越都投资发展有限公司,7,AA,03,2014-01-06,8.2,30
124456,13闽投债,福建省投资开发集团有限责任公司,8,AAA,03,2014-01-06,5.3,30
124457,PR河池投,河池市城市投资建设发展有限公司,7,AA,03,2014-01-23,8.5,30
124458,PR镇投01,镇江城市建设产业集团有限公司,7,AAA,03,2014-01-16,7.9,30
124459,PR随州01,随州市城市投资集团有限公司,7,AA,03,2014-01-16,8.5,30
124460,PR忻州01,忻州资产经营集团有限公司,7,AA,03,2014-01-13,8.5,30
124461,PR清远债,清远市交通建设开发公司,7,AA,03,2014-01-06,8.2,30
124462,PR海财01,海城市金财土地房屋投资有限公司,7,AA,03,2014-01-29,8.56,30
124463,PR津住宅,天津住宅建设发展集团有限公司,7,AA,03,2014-01-24,8,30
124464,PR天易01,湖南天易集团有限公司,7,AAA,03,2014-01-08,8,30
124465,PR黄冈01,黄冈市城市建设投资有限公司,7,AA+,03,2014-01-17,8.6,30
124466,PR邕城投,南宁市城市建设投资发展有限责任公司,7,AA+,03,2014-01-22,8.2,30
124467,PR锦州01,锦州市城市建设投资发展(集团)有限公司,7,AA,03,2014-02-12,8.5,30
124468,PR丰城01,盐城市大丰区城市建设集团有限公司,7,AA+,03,2014-02-12,8.5,30
124469,PR格尔木,格尔木投资控股有限公司,7,AA,03,2014-01-30,8.7,30
124470,PR赣开01,赣州开发区建设投资(集团)有限公司,6,AA+,03,2014-01-28,8.15,30
124471,PR宁海01,宁海县城市建设投资开发有限公司,7,AA,03,2014-01-27,8,30
124472,PR海西州,海西州国有资本投资运营(集团)有限公司,7,AA,03,2014-01-29,8.6,30
124473,11桐庐投,桐庐县国有资产投资经营有限公司,5,AA+,03,2014-01-27,6.37,30
124474,PR怀化01,怀化市城市建设投资有限公司,10,AA,03,2014-02-12,8.99,30
124475,PR沈湖01,沈阳南湖科技开发集团公司,7,AA,03,2014-01-22,8.37,30
124477,PR滨高新,滨州高新区开发投资有限公司,7,AAA,03,2014-01-24,8.6,30
124478,PR仪城发,仪征市城市发展投资控股集团有限公司,7,AA,03,2014-03-04,8.6,30
124479,PR丰投01,丰城市城市建设投资有限公司,7,AA+,03,2014-02-21,8.65,30
124480,PR东台01,东台市城市建设投资发展集团有限公司,7,AA,03,2014-02-26,8.65,30
124481,PR镇投02,镇江城市建设产业集团有限公司,7,AAA,03,2014-02-18,8.2,30
124482,14京华远,北京市华远集团有限公司,5,AA,03,2014-02-17,8.5,30
124483,09渝地产,重庆市地产集团有限公司,10,AA+,03,2014-01-29,5.46,30
124485,14苏沿海,江苏省沿海开发集团有限公司,7,AAA,03,2014-03-19,7,30
124486,PR锦开01,锦州华兴投资建设(集团)有限公司,7,AA,03,2014-02-25,9.1,30
124487,PR邵城债,邵阳市城市建设投资经营集团有限公司,7,AA+,03,2014-02-18,8.58,30
124488,PR吴兴南,湖州吴兴南太湖建设投资有限公司,7,AA,03,2014-02-20,8.79,30
124489,PR融强01,大连融强投资有限公司,7,AA,03,2014-02-26,8.6,30
124490,PR首开01,北京首都开发控股(集团)有限公司,7,AAA,03,2014-02-12,7.19,30
124491,PR皋开债,如皋市经济贸易开发总公司,7,AAA,03,2014-02-18,8.3,30
124492,PR江夏投,武汉市江夏城投集团有限公司,7,AA,03,2014-02-24,8.99,30
124493,PR伊宁债,伊宁市国有资产投资经营(集团)有限责任公司,7,AA+,03,2014-05-27,8.9,30
124494,PR迁安01,迁安市城市建设投资发展有限公司,7,AA,03,2014-02-12,8.88,30
124495,14晟晏债,宁夏晟晏实业集团有限公司,7,AA,03,2014-02-26,8.99,30
124496,PR丰城02,盐城市大丰区城市建设集团有限公司,7,AA+,03,2014-04-11,8.7,30
124497,PR扬化工,扬州化工产业投资发展有限公司,7,AA,03,2014-02-27,8.58,30
124498,14金资01,北京金融街资本运营中心,7,AAA,03,2014-02-24,6.66,30
124499,PR沈湖02,沈阳南湖科技开发集团公司,7,AA,03,2014-02-26,8.66,30
124500,PR鹏铁02,深圳市地铁集团有限公司,10,AAA,03,2014-02-26,6.75,30
124501,PR皋沿江,如皋沿江开发投资有限公司,7,AA+,03,2014-03-06,8.6,30
124502,PR宏财01,贵州宏财投资集团有限责任公司,7,AA,03,2014-02-26,8.9,30
124504,PR鹰投债,鹰潭市投资公司,6,AA,03,2014-03-17,7.15,30
124505,PR嘉市镇,嘉兴市南湖投资开发建设集团有限公司,7,AA,03,2014-03-18,7.45,30
124507,PR潍滨城,潍坊滨城投资开发有限公司,7,AA,03,2014-03-03,8.59,30
124508,PR滕州02,滕州市城市国有资产经营有限公司,7,AA,03,2014-06-20,7.4,30
124509,PR湘潭新,湘潭高新集团有限公司,7,AA,03,2014-04-15,8.16,30
124510,PR赣开02,赣州开发区建设投资(集团)有限公司,6,AA+,03,2014-03-10,7.4,30
124511,PR赣开投,赣州开发区建设投资(集团)有限公司,7,AA+,03,2014-03-13,7.43,30
124512,11三门投,三门县国有资产投资控股有限公司,6,AA,03,2014-03-17,7.28,30
124513,PR铜旅游,铜仁旅游投资有限公司,7,AA,03,2014-03-17,8,30
124514,PR六开债,六盘水市开发投资有限公司,7,AA+,03,2014-04-02,7.5,30
124515,14云路桥,云南路桥股份有限公司,6,AA,03,2014-03-14,7.58,30
124516,PR泉高新,福建泉州江南高新技术电子信息产业园区开发建设有限公司,7,AA,03,2014-03-05,7.4,30
124517,PR怀化02,怀化市城市建设投资有限公司,10,AA,03,2014-03-14,8.14,30
124518,PR忻州02,忻州资产经营集团有限公司,7,AA,03,2014-03-19,7.9,30
124519,PR淮新01,淮安新城投资开发有限公司,7,AA,03,2014-04-03,7.45,30
124520,PR14太资,太仓市资产经营集团有限公司,7,AA+,03,2014-03-11,7,30
124521,PR泉港债,泉州市泉港石化工业区建设发展有限公司,7,AA,03,2014-03-31,7.79,30
124522,PR连普湾,大连时泰城市建设发展有限公司,7,AA+,03,2014-04-02,7.09,30
124523,PR开城投,开原市城乡建设投资有限公司,7,AA,03,2014-04-08,7.88,30
124524,PR黔投02,贵州省凯里城镇建设投资有限公司,7,AA+,03,2014-03-14,7.8,30
124525,PR毕开源,毕节市开源建设投资(集团)有限公司,7,AA,03,2014-03-24,7.78,30
124526,PR邹国投,邹平县国有资产投资经营有限公司,7,AA+,03,2014-04-02,7.3,30
124527,PR榆神债,榆神能源开发建设有限责任公司,7,AA,03,2014-03-20,8.5,30
124528,PR粤云浮,云浮市新达城市建设投资公司,7,AA,03,2014-03-17,8.6,30
124529,PR泉投建,泉州台商投资区开发建设有限责任公司,7,AA+,03,2014-04-11,7.22,30
124530,PR海开01,海安县开发区经济技术开发总公司,7,AA+,03,2014-03-31,7.49,30
124531,PR海开02,海安县开发区经济技术开发总公司,6,AA+,03,2014-03-31,7.4,30
124532,14甘公01,甘肃省公路航空旅游投资集团有限公司,6,AA+,03,2014-03-21,7,30
124533,PR酒经投,酒泉市经济开发投资(集团)有限责任公司,7,AA+,03,2014-03-21,7.4,30
124534,PR渝中债,重庆渝中国有资产经营管理有限公司,7,AA,03,2014-04-21,7.25,30
124535,PR眉山资,眉山市资产经营有限公司,7,AA,03,2014-03-26,7.84,30
124536,PR莱开投,齐鲁财金(山东)经济发展有限公司,7,AA+,03,2014-03-31,7.08,30
124537,PR伊财通,伊犁哈萨克自治州财通国有资产经营有限责任公司,7,AA,03,2014-03-26,7.68,30
124538,PR麓城投,长沙市麓山城市建设投资有限责任公司,7,AA,03,2014-03-24,7.7,30
124539,PR富阳01,富阳市城市建设投资集团有限公司,7,AA+,03,2014-05-23,7.1,30
124540,PR汉车都,武汉车都集团有限公司,7,AA+,03,2014-03-28,7.18,30
124541,PR文城投,文山城市建设投资(集团)有限公司,7,AA,03,2014-03-13,8.1,30
124542,PR陆嘴01,上海陆家嘴(集团)有限公司,5,AAA,03,2014-03-31,5.79,30
124543,PR临港控,天津临港投资控股有限公司,7,AA,03,2014-03-18,7.75,30
124544,PR锦州02,锦州华兴投资建设(集团)有限公司,7,AA,03,2014-03-24,8.38,30
124545,PR双水01,成都空港兴城建设管理有限公司,6,AA,03,2014-03-24,7.4,30
124546,PR丰投02,丰城市城市建设投资有限公司,7,AA+,03,2014-03-27,7.5,30
124547,PR海建债,海安县城建开发投资集团有限公司,7,AA+,03,2014-04-16,7.45,30
124548,14裕峰债,石家庄市交通投资开发有限公司,7,AA+,03,2014-03-27,7.08,30
124549,PR新滨江,泰州市新滨江开发有限责任公司,7,AA,03,2014-03-20,7.6,30
124550,PR桃城投,仙桃市城市建设投资开发有限公司,7,AA+,03,2014-03-20,8.15,30
124551,PR长兴经,浙江省长兴县经济技术开发总公司,7,AA,03,2014-03-26,7.99,30
124552,PR如金鑫,如东县金鑫交通工程建设投资有限公司,7,AA,03,2014-03-31,8.08,30
124553,PR佳城债,佳木斯市新时代城市基础设施建设投资(集团)有限公司,7,AA,03,2014-03-18,7.9,30
124554,PR威楠科,陕西威楠高科(集团)实业有限责任公司,7,AA+,03,2014-04-16,8.28,30
124555,PR余城集,杭州余杭城市建设集团有限公司,7,AA+,03,2014-03-24,7,30
124556,PR余经开,杭州余杭经济开发建设有限公司,7,AA,03,2014-03-20,7.45,30
124557,PR天易02,湖南天易集团有限公司,7,AAA,03,2014-03-14,7.1,30
124558,14宏桥01,山东宏桥新型材料有限公司,7,AA,03,2014-03-31,8.69,30
124559,PR冶城投,大冶市振恒城市发展投资有限公司,7,AA+,03,2014-04-04,7.3,30
124560,PR大理02,大理经济开发投资集团有限公司,7,AA,03,2014-03-26,7.9,0
124561,PR苏汾湖,苏州汾湖投资集团有限公司,7,AA,03,2014-03-14,7.49,30
124562,PR富蕴资,新疆富蕴县国有资产投资经营有限责任公司,6,AA,03,2014-03-26,8.67,30
124563,PR吉铁投,吉林市铁路投资开发有限公司,7,AAA,03,2014-03-24,7.18,30
124564,PR兴安盟,兴安盟城市发展投资经营有限责任公司,7,AA+,03,2014-03-14,8.2,30
124565,PR庆投02,大庆市城市建设投资开发有限公司,7,AA+,03,2014-04-22,7.1,30
124566,PR潭两型,湘潭市两型社会建设投融资有限公司,7,AA,03,2014-06-23,7.89,30
124567,PR扬开发,扬州经济技术开发区开发(集团)有限公司,7,AA,03,2014-06-11,7.4,30
124568,14株国投,株洲市国有资产投资控股集团有限公司,7,AA,03,2014-04-09,7.39,30
124569,PR嘉经投,嘉兴经济技术开发区投资发展集团有限责任公司,7,AA,03,2014-03-26,7.89,30
124570,PR首开02,北京首都开发控股(集团)有限公司,7,AAA,03,2014-03-19,6.5,30
124571,14高新投,湖南高新创业投资集团有限公司,7,AA,03,2014-03-26,8.5,30
124572,PR遂川中,遂宁开达投资有限公司,7,AA,03,2014-06-30,8.69,30
124573,PR龙岩城,龙岩城市发展集团有限公司,7,AA,03,2014-04-01,7.45,30
124574,PR攀国01,攀枝花市国有投资(集团)有限责任公司,7,AA,03,2014-03-24,7.6,30
124575,PR汕投资,汕头市投资控股集团有限公司,10,AA,03,2014-05-22,7.99,30
124576,11滇铁投,云南省铁路投资有限公司,7,AA+,03,2014-04-22,5.98,30
124577,PR甬广聚,宁波市海曙广聚资产经营有限公司,7,AA,03,2014-05-20,7.75,30
124578,PR青莱西,青岛莱西市资产运营有限公司,7,AA,03,2014-03-18,7.5,30
124579,09建发债,建发房地产集团有限公司,7,AAA,03,2014-08-04,6,30
124580,PR淮开发,淮安开发控股有限公司,7,AA+,03,2014-03-31,7.3,30
124581,PR黄冈02,黄冈市城市建设投资有限公司,7,AA+,03,2014-08-11,7.45,30
124582,PR廊经开,廊坊开发区建设发展有限公司,7,AA,03,2014-03-24,7.95,30
124583,PR津房信,天津市房地产信托集团有限公司,7,AA+,03,2014-03-28,8.59,30
124584,14天能01,天能电池集团股份有限公司,5,AA+,03,2014-03-24,7.31,30
124585,14南网债,中国南方电网有限责任公司,10,AAA,03,2014-03-31,5.9,30
124586,PR陆嘴02,上海陆家嘴(集团)有限公司,5,AAA,03,2014-04-08,5.98,30
124587,PR阜阳01,阜阳市建设投资控股集团有限公司,7,AA,03,2014-04-29,7.6,30
124588,PR济宁债,济宁市城建投资有限责任公司,7,AA+,03,2014-04-15,7.05,30
124589,PR海晋交,海门市交通产业集团有限公司,7,AA,03,2014-04-03,8,30
124590,PR武清02,天津市武清区国有资产经营投资有限公司,7,AA+,03,2014-05-05,7.18,30
124591,PR长土开,湖南湘江新区投资集团有限公司,7,AA+,03,2014-04-17,7.36,30
124592,PR并国投,太原国有投资集团有限公司,7,AA+,03,2014-03-31,7.2,30
124593,PR相城投,苏州市相城城市建设投资(集团)有限公司,7,AA+,03,2014-04-03,6.95,30
124594,PR潍东方,潍坊市东方国有资产经营管理有限公司,7,AA,03,2014-05-14,7.78,30
124595,PR涪陵债,重庆市涪陵区新城区开发(集团)有限公司,7,AA,03,2014-04-21,7.89,30
124596,14长影债,长影集团有限责任公司,7,AA,03,2014-04-25,7.2,30
124597,14海资01,海航资本集团有限公司,7,AA,03,2014-07-11,8,30
124598,PR济城投,济南市城市建设投资有限公司,7,AA+,03,2014-05-13,6.8,30
124600,PR贵水01,贵阳市水利交通发展投资(集团)有限公司,10,AA,03,2014-06-06,8.1,30
124601,PR唐城债,唐山市城市建设投资集团有限公司,7,AA+,03,2014-06-17,7.1,30
124602,14国网01,国家电网有限公司,5,AAA,03,2014-03-31,5.69,30
124603,14国网02,国家电网有限公司,15,AAA,03,2014-03-31,6,30
124604,PR富阳02,富阳市城市建设投资集团有限公司,7,AA+,03,2014-05-26,7.2,30
124605,PR温高01,温州高新技术产业开发区投资建设开发有限公司,7,AA,03,2014-04-15,7.95,30
124606,PR菏泽债,菏泽投资发展集团有限公司,7,AA+,03,2014-04-15,7.14,30
124607,PR津环城,天津环城城市基础设施投资有限公司,7,AA+,03,2014-04-08,7.2,30
124608,PR句容福,江苏句容福地生态科技有限公司,7,AA+,03,2014-04-24,7.7,30
124609,PR常德投,常德市经济建设投资集团有限公司,7,AAA,03,2014-04-18,7,30
124610,14云铁投,云南省铁路投资有限公司,5,AA+,03,2014-04-08,7.3,30
124611,PR阜阳02,阜阳市建设投资控股集团有限公司,7,AA,03,2014-04-29,7.65,30
124612,PR永城建,永州市零陵城建投资有限公司,7,AA+,03,2014-05-05,7.8,30
124613,PR长星建,长沙县星城发展集团有限公司,8,AA,03,2014-04-09,7.9,30
124614,14桂农垦,广西农垦集团有限责任公司,7,AA,03,2014-06-18,7.5,30
124615,PR昆高新,昆山高新技术产业开发区资产经营有限公司,7,AA+,03,2014-06-05,7.1,30
124616,14鄂交01,湖北交通投资集团有限公司,10,AAA,03,2014-06-06,6.68,30
124617,14鄂交02,湖北交通投资集团有限公司,10,AAA,03,2014-06-06,6.8,30
124618,14粤科债,广东省粤科金融集团有限公司,10,AA+,03,2014-05-08,7.3,30
124619,PR中卫建,中卫市建设投资有限责任公司,7,AA+,03,2014-07-10,8.2,30
124620,PR14渝黔,重庆市黔江区城市建设投资(集团)有限公司,7,AA,03,2014-06-09,8,30
124621,PR宣国资,宣城市国有资产投资有限公司,7,AA,03,2014-04-22,7.95,30
124622,PR钦临海,广西钦州临海工业投资集团有限公司,7,AA,03,2014-05-26,7.68,30
124623,PR穗铁01,广州市地下铁道总公司,10,AAA,03,2014-05-23,6.45,30
124624,PR盛经01,重庆市万盛经济技术开发区开发投资集团有限公司,7,AA,03,2014-05-12,8.19,30
124625,11宁宝源,宁夏宝丰能源集团股份有限公司,6,AA+,03,2014-10-09,7.55,30
124626,PR渝豪02,重庆豪江建设开发有限公司,7,AA,03,2014-06-18,8.05,30
124627,PR青州债,青州市宏源公有资产经营有限公司,10,AA,03,2014-04-29,6.5,30
124628,PR启东01,启东城投集团有限公司,7,AA,03,2014-07-15,8.2,30
124629,PR苏金灌,江苏金灌投资发展集团有限公司,7,AA+,03,2014-05-30,7.9,30
124630,14库城建,库尔勒城市建设(集团)有限责任公司,6,AA+,03,2014-07-01,6.99,30
124631,PR漕开发,上海市漕河泾新兴技术开发区发展总公司,7,AA,03,2014-05-28,7.24,30
124632,PR合桃园,合肥桃花工业园经济发展有限公司,7,AA+,03,2014-05-13,7.8,30
124633,PR淄高新,淄博高新城市投资运营集团有限公司,7,AA,03,2014-05-12,7.58,30
124634,PR牡国资,牡丹江市国有资产投资控股有限公司,7,AA,03,2014-05-12,7.7,30
124635,PR滕州01,滕州市城市国有资产经营有限公司,7,AA,03,2014-06-20,7.68,30
124636,PR防城港,防城港市港发控股集团有限公司,7,AA,03,2014-05-13,8.09,30
124637,PR融强02,大连融强投资有限公司,7,AA,03,2014-05-22,7.92,30
124638,PR信阳债,信阳华信投资集团有限责任公司,7,AA,03,2014-05-05,7.55,30
124639,PR14沭阳,沭阳金源资产经营有限公司,7,AA+,03,2014-05-30,7.39,30
124640,09吴国资,苏州市吴江东方国有资本投资经营有限公司,7,AA+,03,2014-05-08,5.18,30
124641,PR江宁开,南京江宁经济技术开发集团有限公司,10,AA,03,2014-07-07,7.94,30
124642,PR鸠建投,芜湖市鸠江建设投资有限公司,7,AA+,03,2014-07-07,8.49,30
124643,14冀高开,河北省高速公路开发有限公司,7,AA,03,2014-09-30,7.22,30
124644,PR沈国资,沈阳农业高新区国有资产经营有限公司,7,AA,03,2014-05-23,7.55,30
124645,PR临沂债,临沂经济开发有限公司,7,AA,03,2014-06-18,7.7,30
124646,PR宁经开,宁乡经济技术开发区建设投资有限公司,7,AA,03,2014-05-28,8.2,30
124647,PR娄底债,娄底市城市建设投资集团有限公司,7,AA,03,2014-07-30,7.95,30
124648,PR郴州债,郴州市发展投资集团有限公司,7,AA+,03,2014-07-14,7.29,30
124649,PR14润城,邳州市润城资产经营集团有限公司,7,AA,03,2014-05-12,7.88,30
124650,PR海财02,海城市金财土地房屋投资有限公司,7,AA,03,2014-05-21,8.17,30
124651,14杨农发,杨凌现代农业开发集团有限公司,7,AA+,03,2014-05-16,7.2,30
124652,PR益交投,益阳市交通发展投资有限责任公司,7,AA,03,2014-05-16,7.77,30
124653,PR遂河投,遂宁市河东开发建设投资有限公司,7,AA,03,2014-05-08,8.36,30
124654,PR庆经投,庆阳市经济发展投资有限公司,7,AA,03,2014-07-14,7.98,30
124655,PR宁海02,宁海县城市建设投资开发有限公司,7,AA,03,2014-06-16,7.99,30
124656,PR永国投,永安市国有资产投资经营有限责任公司,6,AA,03,2014-05-14,8.78,30
124657,PR张经投,张家界市经济发展投资集团有限公司,7,AA,03,2014-06-18,7.8,30
124658,PR14桂城,广西城建投资集团有限公司,7,AA,03,2014-07-01,7.59,30
124659,PR平经开,平湖经济开发区投资(集团)有限公司,7,AA,03,2014-08-07,7.99,30
124660,PR桐庐投,桐庐县国有资产投资经营有限公司,7,AA+,03,2014-08-08,8.09,30
124661,PR赣四通,江西省四通路桥建设集团有限公司,7,AA,03,2014-07-02,8.2,30
124662,14京投债,北京市基础设施投资有限公司,15,AAA,03,2014-05-19,6.25,30
124663,PR威经开,威海经济技术开发区国有资产经营集团有限公司,7,AA,03,2014-06-04,7.45,30
124664,PR秦开02,秦皇岛开发区国有资产经营有限公司,7,AA,03,2014-06-17,8.45,30
124665,PR余交通,杭州余杭交通集团有限公司,7,AA,03,2014-07-25,7.19,30
124666,PR莱山债,烟台市莱山区城市资源开发经营管理中心,7,AA,03,2014-07-07,7.45,30
124667,14苏元禾,苏州元禾控股股份有限公司,7,AAA,03,2014-05-13,6.85,30
124668,14滇公路,云南省公路开发投资有限责任公司,6,AA+,03,2014-05-22,7,30
124670,PR蚌高新,蚌埠高新投资集团有限公司,7,AA,03,2014-05-12,8.7,30
124671,PR湛新域,湛江经济技术开发区新域基础设施建设投资有限公司,7,AA,03,2014-05-23,8,30
124672,PR徐开发,徐州经济技术开发区国有资产经营有限责任公司,7,AA,03,2014-06-16,7.35,30
124673,PR火炬债,厦门火炬集团有限公司,7,AA,03,2014-05-13,7.49,30
124674,PR泰中兴,泰兴市中兴国有资产经营投资有限公司,7,AA,03,2014-06-23,7.6,30
124675,PR崇川债,南通市崇川城市建设投资有限公司,7,AA,03,2014-06-13,7.15,30
124676,PR衢国资,衢州市国有资产经营有限公司,7,AA,03,2014-08-06,7.2,30
124677,PR乌城建,乌海市城市建设投资集团有限责任公司,7,AA,03,2014-05-21,8.19,30
124678,PR宁开控,宁波经济技术开发区控股有限公司,7,AA,03,2014-05-29,7.09,30
124679,PR宜经开,江苏宜兴经济开发区投资发展有限公司,7,AA,03,2014-07-31,7.69,30
124680,PR普兰02,大连市普兰店区建设投资有限公司,7,AA,03,2014-07-30,7.74,30
124681,PR徐高新,徐州高新技术产业开发区国有资产经营有限公司,7,AA,03,2014-06-18,7.86,30
124682,PR宝高新,宝鸡高新投资控股有限公司,7,AA+,03,2014-08-28,8.25,30
124683,PR周口02,周口市投资集团有限公司,7,AA,03,2014-08-04,7.49,30
124684,PR新城基,北京新城基业投资发展有限公司,7,AA,03,2014-06-18,7.5,30
124685,PR临淄债,淄博市临淄区公有资产经营有限公司,7,AA,03,2014-06-06,7.55,30
124686,PR昌平债,北京昌鑫建设投资有限公司,7,AA+,03,2014-08-04,6.74,30
124687,PR南化债,南充经济开发区投资集团有限公司,7,AA,03,2014-07-03,8.28,30
124688,PR潜城投,潜江市城市建设投资开发有限公司,7,AA,03,2014-06-03,8.38,30
124689,PR雨城投,长沙市雨花城市建设投资集团有限公司,7,AA,03,2014-06-06,7.17,30
124690,14中电建,中国电力建设集团有限公司,5,AAA,03,2014-06-18,5.7,30
124691,PR宏财02,贵州宏财投资集团有限责任公司,7,AA,03,2014-06-18,8.49,30
124692,PR嘉公路,上海嘉定公路建设发展有限公司,7,AA,03,2014-06-30,6.8,30
124693,PR新凯迪,新疆凯迪投资有限责任公司,7,AA,03,2014-08-27,7.8,30
124694,PR克投债,克拉玛依市城市建设投资发展有限责任公司,7,AA,03,2014-06-20,7.15,30
124695,PR广元控,广元市投资控股(集团)有限公司,7,AA+,03,2014-06-25,7.3,30
124696,PR东台02,东台市城市建设投资发展集团有限公司,7,AA,03,2014-06-30,7.58,30
124697,PR马城投,江东控股集团有限责任公司,7,AA,03,2014-05-30,7.14,30
124698,PR奉化债,宁波市奉化区投资集团有限公司,7,AA,03,2014-07-03,7.8,30
124699,PR汇通债,林州红旗渠经济技术开发区汇通控股有限公司,6,AA,03,2014-05-26,8.3,30
124700,PR内江投,内江投资控股集团有限公司,7,AA,03,2014-07-02,7.99,30
124701,PR临开债,浙江杭州青山湖科技城投资集团有限公司,7,AA,03,2014-06-25,7.9,30
124702,PR衡水投,衡阳市湘江水利投资开发有限公司,7,AA,03,2014-05-15,7.4,30
124703,PR蓉隆博,成都隆博投资有限责任公司,7,AA,03,2014-06-11,8.1,30
124704,PR武威02,武威市经济发展投资(集团)有限公司,7,AA,03,2014-05-30,8.2,30
124705,PR库车02,库车城市建设投资(集团)有限公司,7,AA+,03,2014-05-13,7.45,30
124706,PR巴国资,巴中市国有资本运营集团有限公司,7,AA,03,2014-06-30,8.5,30
124707,PR渝江01,重庆两江新区开发投资集团有限公司,7,AAA,03,2014-08-07,6.7,30
124709,PR安吉债,安吉县产业投资发展集团有限公司,7,AA,03,2014-08-05,8.3,30
124710,PR兴展债,北京兴展投资控股有限公司,7,AA+,03,2014-05-30,6.66,30
124711,PR象山债,象山县国有资产经营投资有限公司,7,AA,03,2014-06-12,7.95,30
124712,PR并经开,太原经济技术开发总公司,7,AA,03,2014-07-11,7.43,30
124713,PR黔铁投,贵州铁路投资集团有限责任公司,10,AA+,03,2014-05-30,7.5,30
124715,PR四平债,四平市四通城市基础设施建设投资有限公司,7,AA,03,2014-06-16,8.1,30
124716,PR宁国债,宁国市国有资产投资运营有限公司,7,AA,03,2014-06-24,8.7,-170
124717,PR姜鑫源,泰州市姜堰区鑫源建设有限公司,6,AA,03,2014-07-11,8.5,30
124718,PR乌房债,乌鲁木齐房地产开发(集团)有限公司,7,AA,03,2014-07-02,7.27,30
124719,PR鞍新02,鞍山高新技术产业投资有限公司,7,AA+,03,2014-10-31,8.39,30
124720,14电投01,国家电力投资集团有限公司,15,AAA,03,2014-05-30,6.1,30
124721,PR青海创,青岛海创开发建设投资有限公司,7,AA+,03,2014-06-04,6.88,30
124722,PR包滨河,包头市滨河新区开发建设有限责任公司,7,AA+,03,2014-06-13,7.7,30
124723,PR启东02,启东城投集团有限公司,7,AA,03,2014-07-15,7.9,30
124724,PR富山居,杭州富阳开发区建设投资集团有限公司,7,AA,03,2014-06-13,7.7,30
124725,PR曲开投,曲靖市开发投资有限责任公司,7,AA,03,2014-07-02,7.48,30
124726,PR德高新,德阳经开区发展(控股)集团有限公司,7,AA,03,2014-06-26,7.9,30
124727,PR渝保税,重庆保税港区开发管理集团有限公司,7,AA,03,2014-07-28,7.5,30
124728,PR左旗债,阿拉善左旗城市建设投资开发有限公司,7,AA+,03,2014-11-19,8.6,30
124729,PR兰新控,兰州新区投资控股有限公司,7,AA,03,2014-07-11,8.3,30
124730,PR长交01,长兴交通投资集团有限公司,7,AA,03,2014-06-05,7.88,30
124731,PR朝建投,朝阳市建设投资有限公司,7,AA,03,2014-06-20,7.58,30
124732,PR渝高开,重庆高新城市建设集团有限公司,7,AA,03,2014-07-01,7.8,30
124733,PR开发投,开封市发展投资有限公司,7,AA,03,2014-07-09,7.24,30
124734,PR随州02,随州市城市投资集团有限公司,7,AA,03,2014-06-27,8.4,30
124735,PR合建投,合肥市建设投资控股(集团)有限公司,10,AA+,03,2014-07-11,7.2,30
124736,PR柳龙投,柳州市龙建投资发展有限责任公司,10,AA,03,2014-06-26,8.28,30
124737,PR虞交公,常熟市交通公有资产经营有限公司,7,AA+,03,2014-06-25,7,30
124738,PR安发投,安宁发展投资集团有限公司,7,AA+,03,2014-05-28,7.43,30
124739,PR西塞山,湖州西塞山开发建设有限公司,7,AA,03,2014-07-01,7.8,30
124740,PR青经开,城发投资集团有限公司,7,AA+,03,2014-08-27,6.87,30
124741,PR辽鑫诚,盘锦鑫诚实业集团有限责任公司,7,AA,03,2014-06-26,8.1,30
124742,PR贵水02,贵阳市水利交通发展投资(集团)有限公司,10,AA,03,2014-06-06,8.05,30
124743,PR银城投,银川市城市建设投资控股有限公司,7,AA,03,2014-05-30,6.88,30
124744,PR萧经开,杭州萧山经济技术开发区国有资产经营有限公司,7,AA,03,2014-06-25,6.9,30
124745,PR武安债,武安市国有资产经营有限责任公司,7,AA,03,2014-06-05,7.99,30
124746,PR贺城投,贺州市城市建设投资开发有限公司,7,AA,03,2014-06-27,8.16,30
124747,PR太仓港,江苏省太仓港港口开发建设投资有限公司,7,AA,03,2014-06-10,7.4,30
124748,PR铜示范,安徽省铜陵市承接产业转移示范园区建设投资有限责任公司,7,AA,03,2014-07-03,7.3,30
124749,PR仁城投,仁怀市城市开发建设投资经营有限责任公司,7,AA,03,2014-06-16,8.09,30
124750,PR宜春投,宜春市城市建设投资开发有限公司,7,AA,03,2014-06-10,7.09,30
124751,PR徐高铁,徐州市交通控股集团有限公司,7,AA,03,2014-06-27,7.09,30
124752,PR文金滩,文登金滩投资管理有限公司,7,AA+,03,2014-06-26,6.99,30
124753,14海控01,海南省发展控股有限公司,7,AA+,03,2014-06-23,6.48,30
124754,14荥城投,荥阳市城市投资开发有限责任公司,7,AA,03,2014-06-17,8.1,30
124757,PR鄂城01,鄂州市城市建设投资有限公司,7,AA,03,2014-06-26,7.76,30
124758,PR吉安债,吉安市城市建设投资开发有限公司,7,AA+,03,2014-06-20,6.96,30
124759,PR威新区,威海市临港国有资产经营管理有限公司,7,AA+,03,2014-07-03,6.87,30
124760,PR余城投,余姚市城市建设投资发展有限公司,7,AA,03,2014-06-13,7.09,30
124761,14深业团,深业集团有限公司,7,AAA,03,2014-06-27,6.2,30
124762,PR萍昌盛,江西省萍乡市昌盛城市投资有限公司,7,AA,03,2014-07-07,8.18,30
124763,PR昆交发,昆山交通发展控股有限公司,7,AA,03,2014-08-07,6.95,30
124764,PR蔡家湖,新疆五家渠蔡家湖国有资产投资经营有限公司,7,AA,03,2014-07-14,7.5,30
124765,PR醴陵投,醴陵市渌江投资控股集团有限公司,7,AA,03,2014-08-01,8.1,30
124766,PR景洪投,景洪市国有资产投资有限公司,7,AA,03,2014-06-24,8.08,30
124767,PR郑二七,郑州二七国有资产经营有限公司,7,AA+,03,2014-07-17,7.1,30
124768,PR云城投,云南省康旅控股集团有限公司,7,AA+,03,2014-07-07,6.77,30
124769,PR合力01,哈尔滨合力投资控股有限公司,7,AA+,03,2014-07-07,6.87,30
124770,PR合力02,哈尔滨合力投资控股有限公司,7,AA,03,2014-07-07,7.1,30
124771,PR亳建投,建安投资控股集团有限公司,7,AA+,03,2014-07-24,6.85,30
124772,PR当阳债,当阳市鑫源投资开发有限责任公司,7,AA,03,2014-07-04,7.99,30
124773,PR温高02,温州高新技术产业开发区投资建设开发有限公司,7,AA,03,2014-06-17,7.3,30
124774,14通辽债,通辽市城市投资集团有限公司,7,AA,03,2014-06-27,7.29,30
124775,PR新余东,新余市城东建设投资总公司,7,AA,03,2014-07-15,8.48,30
124776,PR绿地债,绿地控股集团有限公司,6,AAA,03,2014-07-15,6.24,30
124777,PR茂交投,茂名市交通建设投资集团有限公司,7,AA,03,2014-07-29,6.9,30
124778,PR蔡甸投,武汉市蔡甸城建投资开发有限公司,7,AA,03,2014-07-02,7.24,30
124779,PR银开发,银川高新技术产业开发有限责任公司,8,AA,03,2014-06-24,8.15,30
124781,PR渝江02,重庆两江新区开发投资集团有限公司,7,AAA,03,2014-10-24,5.88,30
124782,PR遵国资,遵义市国有资产投融资经营管理有限责任公司,7,AA,03,2014-07-07,6.95,30
124783,PR绍袍江,绍兴袍江工业区投资开发有限公司,7,AA,03,2014-07-10,6.98,30
124784,PR池城投,池州城市经营投资有限公司,7,AA,03,2014-08-28,7.58,30
124785,PR青宏源,青州市宏源公有资产经营有限公司,7,AA,03,2014-06-20,7.59,30
124786,PR苏海集,江苏苏海投资集团有限公司,7,AA,03,2014-07-04,7.28,30
124787,PR荣经债,荣成市经济开发投资有限公司,7,AA+,03,2014-06-24,6.75,30
124788,PR宣北山,河北宣化北山工业园投资有限责任公司,7,AA,03,2014-08-29,8.6,30
124789,PR海东投,青海海东投资有限责任公司,7,AA,03,2014-07-29,7.75,30
124790,PR陶都债,江苏陶都城市发展投资有限公司,7,AA,03,2014-07-10,7.6,30
124791,PR孝城投,孝感市城市建设投资公司,7,AA,03,2014-08-05,6.89,30
124792,PR桓台债,桓台县金海公有资产经营有限公司,7,AA,03,2014-06-30,7.79,30
124793,PR合新01,合肥高新建设投资集团公司,7,AA,03,2014-06-25,7.99,30
124794,PR合新02,合肥高新建设投资集团公司,10,AA,03,2014-06-25,7.9,30
124795,PR渝惠通,重庆市永川区惠通建设发展有限公司,7,AA,03,2014-06-30,7.28,30
124796,PR襄高投,襄阳高新投资开发有限公司,7,AA,03,2014-07-10,7,30
124797,14十二师,新疆生产建设兵团第十二师国有资产经营(集团)有限责任公司,7,AA,03,2014-07-08,6.68,30
124799,PR京鑫融,北京京西鑫融投资管理有限公司,7,AA,03,2014-07-07,6.6,30
124800,PR金城债,张家港市金城投资发展有限公司,7,AA+,03,2014-06-30,6.88,30
124801,PR恩城投,恩施城市建设投资有限公司,7,AA,03,2014-07-11,7.5,30
124802,PR保山债,保山市国有资产经营有限责任公司,7,AA,03,2014-07-11,7.79,30
124803,PR津宁投,天津市宁河区兴宁建设投资集团有限公司,7,AA,03,2014-06-30,7,30
124804,PR津南债,天津津南城市建设投资有限公司,7,AAA,03,2014-06-23,6.5,30
124805,PR穗铁02,广州市地下铁道总公司,10,AAA,03,2014-07-30,6.05,30
124806,PR渝园业,重庆园业实业(集团)有限公司,7,AA,03,2014-08-27,8.45,30
124807,PR金国发,江苏金坛国发国际投资发展有限公司,7,AAA,03,2014-07-28,6.85,30
124808,PR唐丰南,唐山市丰南建设投资有限公司,7,AA,03,2014-07-03,7.23,30
124809,PR龙国投,成都经开国投集团有限公司,7,AA,03,2014-09-17,6.9,30
124810,PR一师鑫,阿拉尔市新鑫国有资产经营有限责任公司,8,AA,03,2014-07-29,6.8,30
124811,PR滇投02,昆明滇池投资有限责任公司,7,AA+,03,2014-07-28,6.65,30
124812,PR长交02,长兴交通投资集团有限公司,7,AA,03,2014-07-11,6.75,30
124813,PR井开债,吉安市井冈山开发区金庐陵经济发展有限公司,7,AA,03,2014-07-07,7.99,30
124814,14郑投控,郑州投资控股有限公司,7,AA,03,2014-09-03,6.8,30
124815,14天瑞02,天瑞集团股份有限公司,10,AA+,03,2014-07-30,8.5,30
124816,PR顺德投,河北顺德投资集团有限公司,7,AA,03,2014-07-29,6.8,30
124817,14北国资,北京市国有资产经营有限责任公司,10,AAA,03,2014-08-04,5.9,30
124818,PR德源债,湖南常德市德源投资开发有限公司,7,AA+,03,2014-08-25,6.5,30
124819,PR渝旅开,重庆市长寿生态旅业开发有限公司,7,AA,03,2014-08-04,7.1,30
124820,PR济高债,济南高新控股集团有限公司,7,AA+,03,2014-08-01,6.38,30
124821,PR百色投,广西百色开发投资集团有限公司,7,AA,03,2014-08-04,7.27,30
124822,PR合滨投,合肥市滨湖新区建设投资有限公司,5,AA+,03,2014-08-28,6.35,30
124823,PR池金桥,池州金桥投资集团有限公司,7,AA,03,2014-07-23,7.7,30
124824,14金桥棚,连云港市工业投资集团有限公司,7,AA+,03,2014-08-08,6.88,30
124827,PR普国资,舟山市普陀区国有资产投资经营有限公司,8,AA,03,2014-07-23,7.18,30
124828,PR日经开,日照经济技术开发区国有资产经营管理有限公司,7,AA+,03,2014-08-08,6.53,30
124829,PR孝高01,孝感市高创投资有限公司,7,AA,03,2014-07-31,7.43,30
124830,14桂铁投,广西铁路投资(集团)有限公司,10,AA+,03,2014-09-18,6.89,30
124831,PR崇建设,上海崇明建设投资发展有限公司,6,AA,03,2014-07-30,6.4,30
124832,PR睢宁润,睢宁县润企投资有限公司,7,AA+,03,2014-08-25,7.1,30
124833,PR如东泰,如东县东泰社会发展投资有限责任公司,7,AA+,03,2014-08-12,6.99,30
124834,PR德城投,德州德达城市建设投资运营有限公司,7,AA+,03,2014-08-08,6.48,30
124835,PR渝南债,重庆市渝南资产经营有限公司,7,AA,03,2014-08-12,7.05,30
124836,PR大石桥,大石桥市城市建设投资有限公司,7,AA,03,2014-08-21,7.4,30
124837,PR赤城投,赤峰市城市建设投资(集团)有限公司,7,AA,03,2014-08-11,7.07,30
124839,PR滨新塘,天津滨海新塘建设发展有限公司,7,AA,03,2014-08-04,6.74,30
124840,PR漳九龙,漳州市九龙江集团有限公司,7,AA,03,2014-08-11,6.48,30
124842,PR神木债,神木市国有资本投资运营集团有限公司,7,AA+,03,2014-07-15,7.28,30
124843,PR宏河债,山东宏河控股集团有限公司,7,AA+,03,2014-07-30,8.5,30
124844,PR遵汇投,遵义市汇川区城市建设投资经营有限公司,7,AA,03,2014-09-01,7.85,30
124845,PR晋开发,福建省晋江市工业园区开发建设有限公司,7,AA,03,2014-09-30,7.08,30
124846,PR瘦西湖,扬州瘦西湖旅游发展集团有限公司,7,AA,03,2014-09-05,6.8,30
124847,PR济源建,河南省济源市建设投资公司,7,AA,03,2014-08-08,7.45,30
124848,PR元国资,赤峰市元宝山区国有资产经营有限公司,7,AA,03,2014-09-19,7.22,30
124850,PR合川投,重庆市合川城市建设投资(集团)有限公司,7,AA,03,2014-08-04,7.3,30
124851,PR梧东泰,梧州市东泰国有资产经营有限公司,7,AA,03,2014-08-01,8.14,30
124852,PR冀渤海,河北渤海投资集团有限公司,6,AA,03,2014-08-04,6.9,30
124853,PR淄博债,淄博市城市资产运营有限公司,7,AA+,03,2014-08-29,6.45,30
124854,PR喀什深,喀什深喀投资发展有限公司,6,AA,03,2014-08-01,7.08,30
124855,PR淮城投,淮南市城市建设投资有限责任公司,7,AA,03,2014-08-11,6.79,30
124856,14常房债,常州公共住房建设投资发展有限公司,7,AA,03,2014-07-30,6.64,30
124857,PR临桂新,桂林新城投资开发集团有限公司,7,AA,03,2014-08-07,6.9,30
124858,PR黄海港,大连黄海港务有限公司,7,AA,03,2014-08-27,7.17,30
124859,14柳产投,广西柳州市产业投资发展集团有限公司,7,AA,03,2014-08-18,6.95,30
124860,PR汤建投,南京汤山建设投资发展有限公司,7,AA,03,2014-08-05,6.8,30
124861,11冀渤海,河北渤海投资集团有限公司,6,AA,03,2014-08-04,6.85,30
124862,PR台基投,台州市城市建设投资发展集团有限公司,7,AA+,03,2014-08-27,6.53,30
124863,PR沂科技,临沂未来科技城开发建设集团有限公司,7,AA,03,2014-08-12,7.49,30
124864,PR兴城建,兴化市城市建设投资有限公司,6,AA,03,2014-08-28,7.36,30
124865,PR奎屯润,新疆润盛投资发展有限公司,6,AA,03,2014-08-07,7.15,30
124866,PR南二建,江苏南通二建集团有限公司,7,AA,03,2014-08-05,8.1,30
124867,09绍交投,绍兴市交通投资集团有限公司,7,AAA,03,2014-08-06,6.6,30
124868,14冀融投,河北融投控股集团有限公司,7,AA+,03,2014-08-04,6.76,30
124869,PR渝长寿,重庆长寿经济技术开发区开发投资集团有限公司,7,AA,03,2014-08-27,7.2,30
124870,PR嵊投控,嵊州市投资控股有限公司,7,AA+,03,2014-08-13,7.6,30
124871,14绿国资,新疆绿原国有资本投资运营有限公司,7,AA,03,2014-08-12,6.7,30
124872,PR杭拱墅,杭州市拱墅区经济发展投资有限公司,7,AA,03,2014-08-27,6.9,30
124873,PR盛经02,重庆市万盛经济技术开发区开发投资集团有限公司,7,AA,03,2014-09-22,6.95,30
124874,PR哈密01,新疆维吾尔自治区哈密市国有资产投资经营有限公司,7,AA+,03,2014-08-29,6.63,30
124875,PR哈密02,新疆维吾尔自治区哈密市国有资产投资经营有限公司,7,AA,03,2014-08-29,6.87,30
124876,PR郑高新,郑州高新投资建设集团有限公司,7,AA,03,2014-09-03,7,30
124877,PR莱国资,莱州市国有资产经营有限公司,7,AA,03,2014-09-02,7,30
124878,PR苏高新,苏州苏高新集团有限公司,7,AAA,03,2014-08-22,6.2,30
124879,PR淮新02,淮安新城投资开发有限公司,7,AA,03,2014-09-02,6.95,30
124880,PR曲经开,曲靖经济技术开发区建设投资集团有限公司,7,AA+,03,2014-10-20,7.48,30
124881,PR安经债,安顺虹阳国有资产投资营运有限责任公司,7,AA,03,2014-09-05,8.35,30
124882,PR江北嘴,重庆市江北嘴中央商务区投资集团有限公司,7,AA+,03,2014-09-02,6.5,30
124883,PR西微债,重庆西永微电子产业园区开发有限公司,7,AA+,03,2014-08-15,6.58,30
124884,PR双水02,成都空港兴城建设管理有限公司,6,AA,03,2014-09-05,6.92,30
124885,PR临城建,浙江国兴投资集团有限公司,7,AA,03,2014-08-28,6.94,30
124886,PR长农建,长春现代农业产业建设有限公司,7,AA,03,2014-09-03,7,30
124887,PR城南投,盐城市城南新区开发建设投资有限公司,7,AA,03,2014-09-02,6.7,30
124888,PR邹城债,邹城市城市资产经营有限公司,7,AA,03,2014-08-26,6.99,30
124889,PR定国资,舟山市定海区国有资产经营有限公司,7,AA,03,2014-09-01,7.13,30
124890,14甘电投,甘肃省电力投资集团有限责任公司,10,AAA,03,2014-09-05,6.4,30
124891,PR株高01,株洲高科集团有限公司,7,AA,03,2014-08-29,6.95,30
124892,PR株高02,株洲高科集团有限公司,7,AA,03,2015-06-18,6.38,30
124893,PR文登债,威海市文登区城市资产经营有限公司,7,AA,03,2014-08-27,6.99,30
124894,14海资02,海航资本集团有限公司,7,AA,03,2014-09-19,8,30
124895,PR筑经开,贵阳经济开发区城市建设投资(集团)有限公司,7,AA,03,2014-11-18,6.47,30
124896,14北港债,广西北部湾国际港务集团有限公司,7,AA+,03,2014-09-01,6.29,30
124897,PR津广投,天津广成投资集团有限公司,7,AA,03,2014-08-27,7.45,30
124898,PR津水务,天津水务投资集团有限公司,7,AA,03,2014-08-29,6.6,30
124899,PR穗铁03,广州市地下铁道总公司,10,AAA,03,2014-09-15,6,30
124900,PR滨城区,滨州市滨城区经济开发投资有限公司,7,AA+,03,2014-09-25,6.74,30
124901,PR虞城建,绍兴市上虞城市建设集团有限公司,7,AA,03,2014-09-15,6.8,30
124902,14陕交建,陕西省交通建设集团公司,10,AA,03,2015-01-14,6.35,30
124903,PR鹤投资,鹤壁投资集团有限公司,7,AA,03,2014-10-15,7.88,30
124904,PR连旅泰,大连旅泰投资有限公司,7,AA,03,2014-09-29,7,30
124905,PR登封债,登封市城市开发建设投资有限公司,6,AA+,03,2014-09-03,7.79,30
124906,PR迁安02,迁安市城市建设投资发展有限公司,7,AA,03,2014-09-09,7.19,30
124907,PR芜宜居,芜湖宜居投资(集团)有限公司,7,AA,03,2014-09-24,6.45,30
124908,PR靖江港,靖江港口集团有限公司,7,AA,03,2014-11-05,7.3,30
124909,14超威债,超威电源有限公司,6,AA,03,2014-09-25,7.98,30
124910,PR石景山,北京市石景山区国有资产经营公司,7,AA,03,2014-10-16,6.08,30
124911,PR北辰债,天津北辰科技园区管理有限公司,7,AA,03,2014-09-25,6.87,30
124912,PR锦城02,锦州市城市建设投资发展(集团)有限公司,7,AA,03,2014-09-16,6.44,30
124913,PR绍交投,绍兴县交通投资有限公司,7,AA,03,2014-10-24,6.4,30
124914,PR慈建投,宁波慈溪建设集团有限公司,7,AA+,03,2014-09-17,6.18,30
124915,14宏桥02,山东宏桥新型材料有限公司,7,AA,03,2014-09-15,7.45,30
124916,PR新开元,成都新开元城市建设投资有限公司,7,AA,03,2014-11-18,7.43,30
124917,PR沣西债,陕西省西咸新区沣西新城开发建设(集团)有限公司,7,AA,03,2014-09-09,6.85,30
124918,PR沪南汇,上海南汇城乡建设开发投资总公司,7,AA+,03,2014-09-30,6.04,30
124919,PR安城投,福安市城市建设投资集团有限公司,6,AA+,03,2014-10-08,7.35,30
124920,PR龙海投,龙海市国有资产投资经营有限公司,7,AA+,03,2014-12-29,6.58,30
124921,PR浏阳债,浏阳市城市建设集团有限公司,7,AA,03,2014-09-30,6.98,30
124923,PR胶城投,青岛胶州城市发展投资有限公司,7,AA+,03,2015-03-23,6.2,30
124924,PR白沙投,衡阳白沙洲开发建设投资有限公司,7,AA,03,2014-11-25,6.87,30
124925,PR金湖资,金湖县国有资产经营投资有限责任公司,7,AA+,03,2014-12-29,7.75,30
124926,PR阜宁债,阜宁县城市投资发展有限责任公司,7,AA,03,2014-09-30,7.19,30
124927,PR玉溪投,玉溪市开发投资有限公司,7,AA,03,2014-09-26,6.58,30
124928,PR九龙债,重庆九龙园高新产业集团有限公司,7,AA,03,2014-10-31,6.6,30
124929,PR巴南01,重庆巴南经济园区建设实业有限公司,7,AA,03,2014-09-17,7,30
124930,PR堰城债,十堰国有资本投资运营集团有限公司,7,AA,03,2014-09-17,6.58,30
124931,09晋交投,山西省交通开发投资集团有限公司,10,AA,03,2014-09-05,5.8,30
124932,PR阿克苏,阿克苏地区绿色实业开发有限公司,7,AA,03,2014-11-26,6.74,30
124933,PR揭城投,揭阳市城市投资建设集团有限公司,7,AA,03,2014-10-23,6.55,30
124934,PR渝港投,重庆市空港新城建设投资(集团)有限公司,7,AA,03,2014-10-08,6.84,30
124935,14冀建投,河北建设投资集团有限责任公司,11,AAA,03,2014-09-29,5.69,30
124936,PR天门债,天门市城市建设投资有限公司,7,AA,03,2014-09-30,8.2,30
124937,PR湖中兴,湖州市城建投资集团有限公司,7,AA,03,2014-09-30,6.48,30
124938,PR郴百福,郴州市百福投资集团有限公司,7,AA+,03,2014-09-23,6.54,30
124939,PR蒙盛祥,内蒙古盛祥投资有限公司,7,AA+,03,2014-11-11,8.18,30
124940,PR滁州债,滁州市城市投资控股集团有限公司,7,AA,03,2014-11-25,6.4,30
124941,PR14钦滨,钦州市滨海新城投资集团有限公司,7,AA+,03,2014-09-15,6.99,30
124942,PR南绿港,南宁绿港建设投资集团有限公司,7,AA,03,2014-09-12,7.3,30
124943,PR兰国投,兰州国资投资(控股)建设集团有限公司,7,AA,03,2014-10-20,6.32,30
124944,PR广建设,广元市园区建设投资有限公司,7,AA,03,2014-10-24,8.35,30
124945,PR石狮投,石狮市国有投资发展有限公司,7,AA,03,2014-11-11,6.9,30
124946,14保利集,中国保利集团有限公司,5,AAA,03,2014-09-22,5.5,30
124947,PR西港债,西安国际陆港投资发展集团有限公司,7,AA+,03,2015-01-19,7.9,30
124948,14金资02,北京金融街资本运营中心,7,AAA,03,2014-10-21,5.55,30
124949,PR随建投,随州市城市建设综合开发投资有限公司,7,AA,03,2014-10-16,7.18,30
124950,14登电债,登封电厂集团有限公司,6,AAA,03,2015-02-12,6.51,30
124951,PR威中城,威海市中城公有资产经营有限公司,7,AA,03,2014-10-17,6.55,30
124952,PR马高新,马鞍山慈湖高新技术产业开发区投资发展有限公司,7,AA,03,2014-11-04,6.85,30
124953,09宁城建,南京市城市建设投资控股(集团)有限责任公司,10,AAA,03,2014-09-29,5.85,30
124956,PR锑都债,娄底锑都投资发展有限公司,7,AA,03,2014-10-28,7.18,30
124957,PR滨投债,常熟市滨江城市建设经营投资有限责任公司,7,AA,03,2014-10-17,6.39,30
124958,PR九富和,九江富和建设投资有限公司,6,AA,03,2014-10-28,7.04,30
124959,PR仁寿债,仁寿发展投资集团有限公司,7,AA,03,2014-10-16,8.66,30
124960,PR胶发展,青岛胶州湾发展集团有限公司,7,AA+,03,2014-11-13,6.33,30
124961,PR苏望涛,江苏望涛投资建设有限公司,6,AA,03,2014-10-20,6.82,30
124962,PR武经开,天津武清经济技术开发区有限公司,7,AA,03,2014-10-22,6.65,30
124963,PR广安经,广安经济技术开发区恒生投资开发有限公司,7,AA,03,2014-11-17,7.1,30
124964,PR自高投,自贡市高新投资有限公司,7,AA,03,2014-12-03,5.73,30
124965,PR济西投,济南西城投资开发集团有限公司,7,AA+,03,2014-10-27,6,30
124966,14京国资,北京国有资本运营管理有限公司,15,AAA,03,2014-10-24,5.28,30
124967,PR昌经债,昌邑市经济开发投资公司,7,AA+,03,2014-10-22,7.58,30
124968,PR盐东投,盐城东方投资开发集团有限公司,7,AA,03,2014-10-24,6.48,30
124969,PR醴陵资,醴陵市渌江投资控股集团有限公司,7,AA,03,2014-11-18,7.18,30
124970,PR杭地铁,杭州市地铁集团有限责任公司,10,AAA,03,2014-10-29,5.97,30
124971,PR宜国投,宜都市国通投资开发有限责任公司,7,AA,03,2015-01-06,7.25,30
124972,PR安高债,陕西安康高新产业发展投资(集团)有限公司,7,AA,03,2014-11-28,8.78,30
124973,PR宣建债,宣城经济技术开发区建设投资有限公司,7,AA,03,2014-11-04,7.95,30
124974,PR泸纳债,四川纳兴实业集团有限公司,7,AA,03,2014-10-24,7.17,30
124975,PR溧经开,南京溧水经济技术开发总公司,7,AA+,03,2014-11-17,6.27,30
124976,PR张掖债,张掖市城市投资发展(集团)有限公司,7,AA,03,2014-11-17,6.92,30
124977,14天瑞03,天瑞集团股份有限公司,7,AA+,03,2014-11-19,7.13,30
124978,PR新密债,新密市财源投资集团有限公司,7,AA,03,2014-10-21,7.28,30
124979,PR陂城投,武汉市黄陂区城建投资开发有限公司,7,AA+,03,2014-11-21,6.43,30
124981,PR嘉峪关,嘉峪关市城市基础设施建设投资开发(集团)有限公司,7,AA+,03,2015-01-14,7.83,30
124982,PR高安01,高安市城市建设投资有限责任公司,7,AA,03,2014-11-18,8.35,30
124983,PR孝高02,孝感市高创投资有限公司,7,AA,03,2014-11-13,6.87,30
124984,PR鄂城02,鄂州市城市建设投资有限公司,7,AA,03,2014-12-04,6.68,30
124986,PR建开债,建湖县开发区建设投资有限公司,7,AA,03,2014-10-27,7.29,30
124987,PR昆经开,昆明经济技术开发区投资开发(集团)有限公司,7,AA,03,2014-11-25,6.47,30
124988,14闽投债,福建省投资开发集团有限责任公司,7,AAA,03,2014-11-20,5.1,30
124989,14三星01,山东三星集团有限公司,7,AA,03,2014-10-16,9,30
124999,13武续债,武汉地铁集团有限公司,5,AA+,03,2013-12-06,8.5,30
127000,PR繁昌投,繁昌县建设投资有限公司,7,AA+,03,2014-11-18,6.8,30
127001,14电投02,国家电力投资集团有限公司,15,AAA,03,2014-11-11,5.74,30
127002,14天能02,天能电池集团股份有限公司,6,AA+,03,2014-11-05,8,30
127003,PR德兴债,德兴市投资控股集团有限公司,7,AA,03,2014-11-24,7.17,30
127004,PR溧昆仑,溧阳昆仑城建集团有限公司,7,AA,03,2014-11-24,5.9,30
127005,PR乐清投,乐清市国有投资有限公司,7,AA,03,2014-11-17,5.99,30
127006,PR蓬莱债,舟山群岛新区蓬莱国有资产投资集团有限公司,8,AA,03,2014-11-18,6.98,30
127007,PR潭万楼,湘潭市万楼新城开发建设投资有限公司,7,AA,03,2015-03-06,6.9,30
127008,PR龙岩01,福建省龙岩市经济技术开发区建设发展有限公司,7,AA,03,2014-11-19,8.35,30
127009,PR龙岩02,福建省龙岩市经济技术开发区建设发展有限公司,7,AA,03,2014-11-19,7.7,30
127010,PR海城投,海宁市城市发展投资集团有限公司,7,AA,03,2014-12-25,5.58,30
127011,PR14鹰投,鹰潭市投资公司,7,AA,03,2014-12-16,6.2,30
127013,PR乐山债,乐山国有资产投资运营(集团)有限公司,7,AA,03,2014-12-29,5.68,30
127014,PR三门01,三门县国有资产投资控股有限公司,7,AA,03,2014-11-20,6.85,30
127015,PR世园债,西安世园投资(集团)有限公司,7,AA,03,2014-12-30,6.2,30
127016,14忠旺债,辽宁忠旺集团有限公司,6,AA+,03,2014-12-01,5.48,30
127017,14粤高债,广东省高速公路有限公司,15,AAA,03,2014-12-03,5.4,30
127018,PR新昌01,浙江省新昌县投资发展集团有限公司,7,AA+,03,2014-12-05,5.88,30
127019,PR丹徒投,镇江市丹徒区建设投资有限公司,7,AA,03,2014-12-23,5.89,30
127020,PR玉交01,玉环市交通投资集团有限公司,7,AA,03,2014-11-25,5.65,30
127021,14京天恒,北京天恒置业集团有限公司,6,AA,03,2014-11-28,5.4,30
127022,10句容福,江苏句容福地生态科技有限公司,7,AA,03,2014-11-26,6.2,30
127023,PR集宁债,乌兰察布市集宁区城市建设投资开发有限责任公司,7,AA,03,2014-12-11,6.69,30
127025,PR惠城投,惠安县城乡建设投资经营有限公司,7,AA+,03,2015-01-29,5.49,30
127026,PR沪建债,上海城投(集团)有限公司,10,AAA,03,2014-12-10,4.8,0
127027,PR晋城债,晋城市国有资本投资运营有限公司,7,AA,03,2014-12-09,4.99,30
127028,14新供销,新疆供销投资(控股)集团有限责任公司,7,AA+,03,2014-12-16,5.07,30
127029,PR岳阳债,岳阳惠临投资发展有限公司,7,AA+,03,2014-11-27,5.5,30
127030,PR鹿城债,温州市鹿城区城市发展集团有限公司,7,AA,03,2014-12-05,5.58,30
127031,PR鹤建投,黑龙江省鹤城建设投资发展有限公司,7,AA,03,2015-01-07,5.6,30
127032,PR连交通,连云港市交通集团有限公司,7,AA,03,2014-12-31,5.47,30
127033,PR即旅投,青岛市即墨区城市旅游开发投资有限公司,7,AA+,03,2014-12-29,5.47,30
127034,PR永嘉债,永嘉投资集团有限公司,7,AA,03,2014-12-08,6.5,30
127035,14春辉01,江苏春辉生态农林股份有限公司,6,AA,03,2014-12-16,7.85,30
127037,PR双桥债,重庆市双桥经济技术开发区开发投资集团有限公司,7,AA,03,2015-02-05,5.99,30
127038,PR吴经发,江苏省吴中经济技术发展集团有限公司,7,AA,03,2014-12-08,5.49,30
127039,14西电债,西湖电子集团有限公司,5,AA+,03,2014-12-31,5.96,30
127040,14春辉02,江苏春辉生态农林股份有限公司,6,AA,03,2014-12-16,8.5,30
127041,PR中山交,中山市交通发展集团有限公司,7,AA,03,2015-01-07,5.25,30
127042,PR来工投,广西来宾工业投资集团有限公司,7,AA,03,2015-01-12,5.97,30
127044,PR河润业,河源市润业投资有限公司,7,AA,03,2014-12-29,6.2,30
127045,PR长兴债,长兴城市建设投资集团有限公司,7,AA,03,2015-01-27,6,30
127046,14海控02,海南省发展控股有限公司,7,AA+,03,2015-01-12,5.65,30
127047,PR江油债,江油鸿飞投资(集团)有限公司,7,AA,03,2015-10-13,6.55,30
127048,PR浏经开,浏阳经开区开发投资有限公司,7,AA,03,2014-12-29,5.7,30
127049,PR绍柯开,绍兴柯桥经济开发区开发投资有限公司,7,AA,03,2015-02-02,7,30
127050,PR松原债,松原市城市开发建设有限责任公司,7,AA+,03,2015-02-17,5.79,30
127051,PR滕建债,山东滕建投资集团有限公司,7,AA,03,2015-09-11,6,30
127052,14甘公02,甘肃省公路航空旅游投资集团有限公司,7,AA+,03,2014-12-18,5.85,30
127053,15天瑞01,天瑞集团股份有限公司,6,AA+,03,2015-02-12,7,30
127054,15黔物资,贵州现代物流产业(集团)有限责任公司,7,AA,03,2015-03-11,6,30
127055,PR邳恒润,邳州市恒润城市投资有限公司,7,AA,03,2015-02-09,6.46,30
127056,16朝国资,北京朝阳国有资本运营管理有限公司,7,AAA,03,2016-04-18,3.25,30
127057,PR牟中债,郑州牟中发展投资有限公司,7,AA,03,2015-03-05,7.48,30
127058,PR连融达,大连融达投资有限责任公司,7,AA+,03,2015-01-13,5.69,30
127059,PR芜建债,芜湖市湾沚建设投资有限公司,7,AA,03,2015-01-05,6.6,30
127060,PR遵义投,遵义市投资(集团)有限责任公司,7,AA,03,2015-02-09,6.45,30
127061,PR黔西南,黔西南州工业投资(集团)有限公司,7,AA,03,2015-01-12,7.4,30
127062,PR博兴债,山东省博兴县鑫达建设投资开发有限公司,7,AA+,03,2015-01-21,8,30
127063,14中科01,中科招商投资管理集团股份有限公司,6,AA+,03,2015-02-04,7.94,30
127064,14中科02,中科招商投资管理集团股份有限公司,7,AA+,03,2015-02-04,8.34,30
127065,PR阜新01,阜新市城市基础设施建设投资有限责任公司,7,AA,03,2015-02-16,7.18,30
127066,PR高安02,高安市城市建设投资有限责任公司,7,AA,03,2015-03-17,8.2,30
127067,PR遵经债,遵义经济技术开发区投资建设有限公司,7,AA,03,2016-02-23,4.87,30
127068,PR新昌02,浙江省新昌县投资发展集团有限公司,7,AA+,03,2015-01-22,6.95,30
127069,PR准国投,内蒙古准格尔国有资本投资控股集团有限公司,7,AA+,03,2015-02-02,6.54,30
127072,PR泾河债,陕西省西咸新区泾河新城开发建设(集团)有限公司,7,AA,03,2015-03-06,6.89,30
127073,PR铁西债,沈阳市铁西区国有资产经营有限公司,7,AA+,03,2015-01-28,6,30
127074,PR铜大江,铜陵大江投资控股有限公司,7,AA,03,2015-03-03,6.5,30
127075,PR鸡西资,鸡西市国有资产经营管理有限公司,7,AA,03,2015-02-11,6.87,30
127076,PR宁城建,宁乡县城市建设投资集团有限公司,7,AA,03,2015-04-03,6.7,30
127077,PR本溪债,本溪市城市建设投资发展有限公司,7,AA,03,2015-03-17,6.24,30
127078,PR盘山债,盘山县国有资产经营有限公司,7,AA,03,2015-03-16,7.48,30
127079,PR郴高投,郴州市产业投资集团有限公司,7,AA,03,2015-03-10,6.45,30
127080,PR达州01,达州发展(控股)有限责任公司,7,AA,03,2015-03-02,6.55,30
127081,PR牟国资,烟台市牟平区国有资产经营公司,7,AA,03,2015-02-25,6.39,30
127082,PR望经开,望城经开区投资建设集团有限公司,7,AA,03,2015-03-11,6.57,30
127083,PR宜创债,宜春市创业投资有限公司,7,AA,03,2015-05-15,6.7,30
127084,PR中区债,济宁市市中区城建投资有限公司,7,AA,03,2015-03-16,6.39,30
127086,10乌城投,乌鲁木齐城市建设投资(集团)有限公司,7,AAA,03,2015-03-19,6.5,30
127087,PR榕城01,福州市城乡建设发展总公司,7,AA+,03,2015-03-10,5.48,30
127088,PR15汇丰,萍乡市汇丰投资有限公司,7,AA,03,2015-03-03,6.6,30
127089,PR新郑01,新郑新区发展投资有限责任公司,6,AA+,03,2015-03-10,6.4,30
127090,PR新郑02,新郑新区发展投资有限责任公司,6,AA,03,2015-03-10,6.6,30
127091,PR梵净山,铜仁市梵净山投资有限公司,7,AA+,03,2015-03-04,6.95,30
127092,PR淀山湖,上海淀山湖新城发展有限公司,6,AA,03,2015-03-05,5.95,30
127093,15铜发债,铜陵市国有资本运营控股集团有限公司,7,AA,03,2015-04-21,6.88,30
127094,PR盘经开,盘锦市双台子区经济开发投资有限公司,7,AA,03,2015-03-10,7.25,30
127095,PR湘九债,湘潭九华经济建设投资有限公司,7,AA,03,2015-04-10,6.59,30
127096,PR东方财,天津东方财信投资集团有限公司,7,AAA,03,2015-03-10,5.19,30
127097,PR毕建投,毕节市建设投资有限公司,7,AA+,03,2015-04-07,6.5,30
127098,PR营沿海,营口沿海开发建设有限公司,7,AA,03,2015-03-05,6.45,30
127099,15天瑞02,天瑞集团股份有限公司,6,AA+,03,2015-03-10,6.89,30
127100,PR新交投,新沂市交通投资有限公司,7,AA+,03,2015-03-23,6.14,30
127101,PR吉华投,吉首华泰国有资产投资管理有限责任公司,7,AA,03,2015-04-07,7.18,30
127102,PR襄矿债,山西襄矿集团有限公司,7,AA,03,2015-04-03,8.8,30
127103,10顺义02,北京市顺义区国有资本经营管理中心,7,AAA,03,2015-03-10,4.53,30
127104,PR涪交旅,重庆市涪陵交通旅游建设投资集团有限公司,7,AA,03,2015-04-22,6.68,30
127105,PR咸荣投,咸宁高新投资集团有限公司,7,AA+,03,2015-04-13,6.29,30
127108,PR常天宁,常州天宁建设发展集团有限公司,7,AA,03,2015-03-30,6.48,30
127109,PR天盈债,四川天盈实业有限责任公司,7,AA,03,2015-04-14,6.79,30
127110,PR兴城债,成都市兴城建实业发展有限责任公司,7,AA,03,2015-04-16,6,30
127111,PR黔南投,黔南州投资有限公司,7,AA,03,2015-04-10,6.43,30
127112,PR天诚01,内蒙古科尔沁城市建设投资集团有限公司,7,AA,03,2015-04-03,6.5,30
127113,PR乌国投,乌鲁木齐国有资产投资有限公司,6,AA,03,2015-06-19,6.17,30
127114,15乳国资,乳山市产业投资发展集团有限公司,7,AA+,03,2015-04-08,6.17,30
127115,PR马建投,马鞍山经济技术开发区建设投资有限公司,7,AA,03,2015-07-21,6.49,30
127116,PR淳新开,淳安县新安江生态开发集团有限公司,7,AA+,03,2015-05-21,6.1,30
127117,PR娄开债,湖南省娄底经济技术开发投资建设有限公司,7,AA,03,2015-08-24,6.36,30
127118,PR丰城投,丰城市城市建设投资有限公司,7,AA,03,2015-04-10,6.49,30
127119,PR兴堰债,都江堰兴堰投资有限公司,7,AA,03,2015-06-18,6.1,30
127120,PR巴南债,重庆巴南经济园区建设实业有限公司,7,AA,03,2015-04-29,6.17,30
127121,15苏国信,江苏省国信集团有限公司,5,AAA,03,2015-04-27,4.9,30
127122,10湘高速,湖南省高速公路建设开发总公司,10,AAA,03,2015-05-29,5.5,30
127123,PR阜新02,阜新市城市基础设施建设投资有限责任公司,7,AA,03,2015-07-03,6.18,30
127124,14中色03,中国有色矿业集团有限公司,10,AAA,03,2015-04-03,5.3,30
127125,PR三门02,三门县国有资产投资控股有限公司,7,AA,03,2015-07-21,6.8,30
127126,PR遂富源,遂宁市富源实业有限公司,7,AA,03,2016-01-06,6.39,30
127127,PR渭城债,渭南市城市投资集团有限公司,7,AA,03,2015-04-17,6.09,30
127128,PR沈大东,沈阳大东国有资产经营集团有限公司,7,AA,03,2015-11-16,6.05,30
127129,PR苏通债,南通苏通控股集团有限公司,7,AA,03,2015-04-15,6.2,30
127130,PR尧都债,临汾市尧都区投资建设开发有限公司,7,AA,03,2015-04-07,7.19,30
127131,PR玉交02,玉环市交通投资集团有限公司,7,AA,03,2015-05-29,6.18,30
127132,PR梅山债,宁波梅山岛开发投资有限公司,7,AA,03,2015-05-06,6.27,30
127133,PR泗洪债,泗洪县宏源公有资产经营有限公司,7,AA+,03,2015-05-22,6.15,30
127134,PR广安债,广安发展建设集团有限公司,7,AA,03,2015-04-15,6.39,30
127135,PR阳高新,益阳高新产业发展投资集团有限公司,7,AA,03,2015-05-18,7,30
127137,PR株今添,株洲市今添投资开发有限公司,7,AA,03,2015-06-30,6.25,30
127138,PR柯岩债,绍兴柯岩建设投资有限公司,7,AA,03,2015-04-15,6.28,30
127139,PR邛崃债,邛崃市建设投资集团有限公司,7,AA,03,2015-07-20,6.98,0
127141,PR东南债,常熟东南资产经营投资有限公司,7,AA,03,2015-07-14,6.53,30
127142,PR怀经开,怀化经济开发区开发建设投资有限公司,7,AA,03,2015-07-13,6.8,30
127143,PR新泰债,新泰市统筹城乡发展集团有限公司,7,AA,03,2015-05-22,6.35,30
127144,15黄河债,陕西黄河矿业(集团)有限责任公司,6,AA,03,2015-07-06,8,30
127145,PR长轨01,长沙市轨道交通集团有限公司,10,AA+,03,2015-05-26,5.97,30
127146,PR汴新债,开封新区基础设施建设投资有限公司,7,AA,03,2015-09-02,6.35,30
127147,PR15郫国,成都市郫都区国有资产投资经营公司,7,AA,03,2015-05-21,6.95,30
127148,PR九江置,九江市置地投资有限公司,7,AA,03,2015-05-21,6.2,30
127149,15粤路桥,广东省路桥建设发展有限公司,15,AAA,03,2015-08-24,5.18,30
127150,PR包科教,包头市科教实业发展有限公司,7,AA,03,2015-07-20,6.48,30
127151,PR白工投,贵阳白云工业发展投资有限公司,7,AA,03,2015-05-05,7.3,30
127152,PR渝铜梁,重庆市铜梁区金龙城市建设发展(集团)有限公司,7,AA,03,2015-05-12,6.59,30
127153,PR吐国投,吐鲁番地区国有资产投资经营有限责任公司,7,AA,03,2015-06-30,6.2,30
127155,PR宜兴债,宜兴市城建文旅集团有限公司,7,AA+,03,2015-05-22,6.16,30
127156,15联峰债,江苏联峰实业有限公司,6,AA,03,2015-05-11,8.4,30
127157,PR石城投,石狮市城市建设有限公司,7,AA,03,2015-07-20,6.1,30
127158,PR东营资,东营市城市资产经营有限公司,7,AAA,03,2015-04-29,5.57,30
127159,PR越投债,诸暨市越都投资发展有限公司,7,AA,03,2015-11-09,6.38,30
127160,PR耒城投,耒阳市城市和农村建设投资有限公司,7,AA,03,2015-07-03,7.8,30
127161,PR石国控,石家庄国控城市发展投资集团有限责任公司,7,AA+,03,2015-06-03,5.75,30
127162,PR湘铁投,湖南铁路建设投资有限公司,10,AA+,03,2016-04-12,6.09,30
127163,PR15海门,江苏海润城市发展集团有限公司,7,AA+,03,2015-07-14,6.22,30
127164,PR庐江债,庐江县城市建设投资有限公司,7,AA+,03,2015-05-26,6.7,30
127165,PR高国资,肇庆市高要区国有资产经营有限公司,7,AA,03,2015-08-17,6.68,30
127166,PR洋口港,江苏洋口港建设发展集团有限公司,7,AA+,03,2015-05-28,6.23,30
127167,PR阳江投,阳江市城市投资集团有限公司,7,AA,03,2016-04-19,6.24,30
127168,PR绍城建,绍兴市城市建设投资集团有限公司,7,AA+,03,2015-06-10,5.75,30
127169,PR鄂长江,长江产业投资集团有限公司,7,AA+,03,2015-07-29,6.15,30
127170,PR渝水债,新余市渝水区城区建设投资开发有限公司,7,AA,03,2015-07-22,7.7,30
127171,PR乌经开,乌鲁木齐经济技术开发区建设投资开发(集团)有限公司,7,AA,03,2015-08-28,6.4,30
127172,PR滨中海,滨州市中海创业投资集团有限公司,7,AA+,03,2015-06-03,6.65,30
127173,PR津铁投,天津铁路建设投资控股(集团)有限公司,10,AAA,03,2015-06-25,5.58,30
127174,PR迁安投,迁安市兴源水务产业投资有限公司,7,AA,03,2015-07-06,6.25,30
127175,15武铁01,武汉地铁集团有限公司,15,AAA,03,2015-06-05,5.18,30
127176,PR武铁02,武汉地铁集团有限公司,7,AAA,03,2015-06-05,5.25,30
127177,PR梅金叶,梅州市新金叶发展有限公司,7,AA,03,2015-07-03,6.02,30
127178,15华南城,华南国际工业原料城深圳有限公司,6,AA+,03,2015-05-21,7,30
127179,PR兴泸债,泸州市兴泸投资集团有限公司,10,AA,03,2016-07-28,6.41,30
127180,PR郴新债,郴州市新天投资有限公司,7,AA+,03,2015-05-26,6.15,30
127181,PR桂经投,桂林市经济建设投资集团有限公司,7,AA+,03,2015-06-25,5.6,30
127182,PR阿信投,阿克苏信诚资产投资经营有限责任公司,7,AA,03,2015-08-21,6.4,30
127183,PR淮城债,淮安市城市资产经营有限公司,7,AA+,03,2015-05-29,5.7,30
127184,PR漳经发,漳州市经济发展集团有限公司,7,AA,03,2015-07-22,6.17,30
127185,PR绍城债,绍兴市城中村改造建设投资有限公司,7,AA,03,2015-07-09,6.09,30
127186,PR遵道桥,遵义道桥建设(集团)有限公司,8,AA,03,2015-06-29,6.1,30
127187,PR宜城债,安庆市城市建设投资发展(集团)有限公司,7,AA,03,2015-07-10,6.01,30
127188,PR江新债,江门市高新技术工业园有限公司,7,AA,03,2015-07-27,6.03,30
127189,PR渝悦投,重庆悦来投资集团有限公司,7,AA,03,2015-06-17,6.09,30
127190,PR大足债,重庆大足工业园区建设发展有限公司,7,AA,03,2015-07-06,6.3,30
127191,PR济高02,济宁高新城建投资有限公司,7,AA,03,2015-07-03,6.09,30
127192,PR沪闵城,上海闵行城市建设投资开发有限公司,7,AA+,03,2015-07-06,5.63,30
127193,PR马花山,马鞍山市花山区城市发展投资集团有限责任公司,7,AA+,03,2015-08-25,6.07,30
127194,PR天诚02,内蒙古科尔沁城市建设投资集团有限公司,7,AA,03,2015-07-22,6.45,30
127195,16闽投02,福建省投资开发集团有限责任公司,8,AAA,03,2016-03-11,3.2,0
127196,PR海海业,海丰县海业基础设施建设投资有限公司,7,AA+,03,2015-07-17,6.84,30
127197,PR瓯海债,浙江瓯海城市建设投资集团有限公司,7,AA,03,2015-08-07,6.45,30
127198,PR绍城北,绍兴市镜湖开发集团有限公司,7,AA,03,2015-05-26,6.13,30
127199,15龙口债,龙口市城乡建设投资发展有限公司,7,AA,03,2015-07-08,6.09,30
127200,PR津城债,天津环城城市基础设施投资有限公司,7,AA+,03,2015-08-05,5.75,30
127201,PR丹开债,丹阳市开发区高新技术产业发展有限公司,7,AA,03,2015-05-29,6.4,30
127202,PR呼伦债,呼伦贝尔市投资有限责任公司,7,AA,03,2015-07-13,6.31,30
127203,15兴泰债,合肥兴泰金融控股(集团)有限公司,7,AA+,03,2015-11-19,5.6,30
127205,PR巢城债,巢湖市城镇建设投资有限公司,7,AA+,03,2015-06-10,6.5,30
127208,15国网01,国家电网有限公司,7,AAA,03,2015-07-23,4.9,30
127209,15国网02,国家电网有限公司,15,AAA,03,2015-07-23,4.95,30
127211,PR黄山债,黄山城投集团有限公司,7,AA,03,2015-09-21,5.95,30
127212,PR黄城债,黄石市城市建设投资开发有限责任公司,7,AA,03,2015-08-26,5.99,30
127213,PR枝江02,枝江市国有资产经营中心,7,AA,03,2016-07-15,4.38,30
127214,15建发债,建发房地产集团有限公司,7,AAA,03,2015-07-27,4.28,30
127215,PR兴荣控,重庆市兴荣控股集团有限公司,7,AA+,03,2016-06-07,4.86,30
127216,PR蜀城投,成都市蜀州城市建设投资有限责任公司,7,AA,03,2015-07-29,6.58,30
127217,10装备01,大连装备投资集团有限公司,6,AAA,03,2015-06-12,4.08,30
127218,10装备02,大连装备投资集团有限公司,7,AAA,03,2015-06-12,4.65,30
127219,PR九城投,九江市城市建设投资有限公司,7,AA,03,2015-07-03,5.5,30
127220,PR邯建投,邯郸市建设投资集团有限公司,7,AA+,03,2015-08-04,5.48,30
127221,PR赣城投,赣州城市开发投资集团有限责任公司,7,AA+,03,2015-07-31,5.5,30
127222,PR建湖债,建湖县城市建设投资有限公司,7,AA,03,2015-08-14,6.3,30
127223,PR大洼债,大洼县城市建设投资有限公司,7,AA,03,2015-07-21,6.29,30
127225,PR鹰高新,鹰潭炬能投资集团有限公司,7,AA,03,2015-09-02,6.75,30
127226,15海基债,海航基础产业集团有限公司,7,AA,03,2015-11-06,7.5,30
127227,PR锡山债,江苏省锡山经济技术开发有限公司,7,AA,03,2015-09-24,5.78,30
127228,PR邗建债,扬州市邗江城市建设发展有限公司,7,AA,03,2015-08-25,5.88,30
127229,PR潍高新,山东高创建设投资集团有限公司,7,AA,03,2015-07-20,6.05,30
127230,PR牡新区,牡丹江新区城市投资有限公司,7,AA,03,2015-11-24,6.48,30
127231,15冀广01,中国广电河北网络股份有限公司,8,AA+,03,2015-07-29,5.3,30
127232,PR长轨02,长沙市轨道交通集团有限公司,10,AA+,03,2015-09-10,5.4,30
127234,15十师债,新疆北屯额河明珠国有资本投资有限公司,7,AA,03,2015-09-17,6.1,30
127235,PR椒江01,台州市椒江区国有资本运营集团有限公司,7,AA,03,2015-08-04,6.18,30
127236,PR吴江投,苏州市吴江城市投资发展集团有限公司,7,AA+,03,2015-09-01,5.25,30
127237,PR喀城建,喀什城建投资集团有限公司,7,AA,03,2015-08-21,5.8,30
127238,PR陕东岭,东岭集团股份有限公司,7,AA,03,2015-12-02,8,30
127239,15东港债,东港市城市建设投资(集团)有限公司,7,AA,03,2015-09-14,6.25,30
127240,15洪轨02,南昌轨道交通集团有限公司,15,AA+,03,2015-09-21,5.07,30
127241,PR郑经开,郑州经开投资发展有限公司,7,AA,03,2015-10-09,5.48,30
127242,PR当涂债,当涂县城乡建设投资有限责任公司,7,AA+,03,2015-09-11,5.38,30
127243,15潍渤海,潍坊渤海水产综合开发有限公司,8,AA,03,2015-09-25,6.8,30
127244,PR中关村,中关村发展集团股份有限公司,7,AAA,03,2015-11-02,4.2,30
127245,PR荆高新,荆门高新技术产业开发有限责任公司,7,AA,03,2016-01-28,5.48,30
127246,PR徐新盛,徐州市新盛投资控股集团有限公司,7,AA+,03,2015-11-30,5.13,30
127248,PR京科债,北京未来科技城发展集团有限公司,7,AAA,03,2015-09-23,4.2,30
127249,PR丽水债,丽水市文化旅游投资发展有限公司,7,AA,03,2015-12-02,5.67,30
127250,PR闽漳龙,福建漳龙集团有限公司,7,AA+,03,2015-09-30,4.99,30
127251,PR丰县债,丰县城市投资发展集团有限公司,7,AA,03,2015-09-17,6.48,30
127252,PR通途债,长沙县通途公路建设投资有限公司,7,AA,03,2015-09-10,6,30
127253,15粤电01,广东省能源集团有限公司,10,AAA,03,2015-10-28,4.54,30
127255,PR平湖债,重庆市万州三峡平湖有限公司,7,AAA,03,2015-11-04,4.95,30
127256,15温铁01,温州市铁路与轨道交通投资集团有限公司,,AA,03,2015-10-15,7,30
127257,PR博投债,博尔塔拉蒙古自治州国有资产投资经营有限责任公司,7,AA,03,2015-11-04,5.77,30
127258,15温铁02,温州市铁路与轨道交通投资集团有限公司,15,AA,03,2015-10-15,5.8,30
127259,PR太科债,太仓市科教文化发展有限公司,7,AA,03,2015-09-28,5.54,30
127261,PR般阳债,淄博般阳城市资产经营有限公司,7,AA,03,2015-12-11,5.5,30
127262,PR连江债,福建省连江县国有资产投资运营有限公司,7,AA+,03,2015-11-13,6.29,30
127263,PR15沭阳,沭阳金源资产经营有限公司,7,AA+,03,2016-01-14,5.49,30
127264,15彬煤债,彬县煤炭有限责任公司,7,AA+,03,2015-11-11,8,30
127267,PR邵武债,邵武市城建国有资产投资营运有限公司,7,AA,03,2015-12-08,5.88,30
127268,PR汝州债,汝州市鑫源投资有限公司,6,AA,03,2015-10-14,6.3,30
127269,PR武夷债,南平武夷新区投资开发集团有限公司,7,AA,03,2015-11-04,4.96,30
127272,PR高邮债,高邮市建设投资发展集团有限公司,7,AA+,03,2016-03-17,5.48,30
127273,PR黑山债,黑山通和资产经营有限公司,7,AA+,03,2015-12-18,6.79,30
127274,PR铜城投,徐州市铜山区城市建设投资有限责任公司,7,AA,03,2016-01-15,5.23,30
127275,PR一师债,阿拉尔市西北兴业城市建设投资有限公司,7,AA,03,2015-11-19,5.35,30
127278,PR津地铁,天津市地下铁道集团有限公司,10,AAA,03,2015-12-21,4.27,30
127279,PR浏新城,湖南金阳新城建设发展集团有限公司,7,AAA,03,2016-02-19,4.43,30
127280,15魏桥债,山东魏桥铝电有限公司,7,AA+,03,2015-12-07,5.26,30
127281,PR邳经发,邳州经开控股集团有限公司,7,AA,03,2015-11-25,5,30
127282,PR贵路桥,贵州贵安建设集团有限公司,7,AAA,03,2015-12-07,4.17,30
127283,PR大同建,大同市经济建设投资集团有限责任公司,7,AAA,03,2015-12-08,4.49,30
127284,PR桐建债,桐城市建设投资发展有限责任公司,7,AA+,03,2016-09-08,5.47,30
127285,15茂名港,茂名港集团有限公司,7,AA+,03,2015-12-04,5.24,30
127286,PR沛城投,沛县城市投资开发有限公司,7,AA,03,2015-12-29,5.2,30
127287,PR芜新投,芜湖新马投资有限公司,7,AA+,03,2016-02-03,4.87,30
127288,PR通高新,南通高新控股集团有限公司,7,AA+,03,2015-12-02,5,30
127289,PR河池债,河池市城市投资建设发展有限公司,7,AA,03,2015-12-15,5.58,30
127290,PR伊国投,伊宁市国有资产投资经营(集团)有限责任公司,7,AA,03,2016-06-16,5.37,30
127291,PR苍南债,苍南县国有资产投资集团有限公司,7,AA,03,2015-12-16,5.58,30
127292,15国网03,国家电网有限公司,3,AAA,03,2015-12-08,3.5,30
127293,15国网04,国家电网有限公司,5,AAA,03,2015-12-08,3.79,30
127294,PR天心01,长沙天心城市建设投资开发集团有限公司,7,AAA,03,2015-12-09,4.2,30
127295,PR泰虹桥,泰兴市虹桥园工业开发有限公司,7,AA,03,2015-12-22,5.03,30
127296,15云能源,云南省能源投资集团有限公司,10,AAA,03,2015-12-21,4.8,30
127298,PR任丘债,任丘市建设投资集团有限公司,7,AA+,03,2015-12-16,5.68,30
127299,15蓬莱债,蓬莱市城市建设投资集团有限公司,7,AA+,03,2016-01-29,5.51,30
127300,15国泰债,国泰租赁有限公司,7,AA,03,2015-12-31,5.58,30
127301,PR武清投,天津市武清区国有资产经营投资有限公司,7,AAA,03,2015-12-30,4.15,30
127302,PR桂城投,桂阳县城市建设投资有限公司,7,AA+,03,2015-12-22,5.23,30
127303,PR秦汉债,陕西省西咸新区秦汉新城开发建设集团有限责任公司,7,AA,03,2016-01-27,5.15,30
127304,PR蒙金隆,内蒙古金隆工业园区开发建设有限公司,7,AA+,03,2015-12-22,7.3,30
127305,16穗港03,广州港集团有限公司,10,AAA,03,2016-12-09,3.38,0
127308,PR巴中债,巴中市国有资本运营集团有限公司,7,AA,03,2016-01-04,5.13,30
127309,PR赣陶债,景德镇陶文旅控股集团有限公司,7,AA,03,2015-12-31,5.38,30
127310,PR海城改,海安城市动迁改造有限公司,7,AA+,03,2016-01-14,5.08,30
127311,PR麒麟债,曲靖市麒麟区城乡建设投资(集团)有限公司,7,AA,03,2015-12-16,5.37,30
127312,15海航债,海航集团有限公司,7,AA+,03,2015-12-28,5.99,30
127313,PR东丽投,天津市东丽城市基础设施投资集团有限公司,7,AAA,03,2016-01-08,4.28,30
127314,PR睢润企,睢宁县润企投资有限公司,7,AA,03,2016-02-19,5.42,30
127315,15机场债,海航机场集团有限公司,7,AA,03,2016-01-07,6.88,30
127316,PR洛城债,洛阳城市发展投资集团有限公司,7,AA+,03,2015-12-29,4.47,30
127317,PR平崆旅,平凉文化旅游产业投资集团有限责任公司,7,AA+,03,2016-02-22,6.85,30
127318,15闽投专,福建省投资开发集团有限责任公司,10,AAA,03,2015-12-30,3.7,0
127319,PR日建债,日照市城市建设投资集团有限公司,7,AAA,03,2015-12-29,3.98,30
127321,15湘产债,湘江产业投资有限责任公司,7,AA,03,2015-12-31,4.95,30
127322,PR义城投,义乌市城市投资建设集团有限公司,7,AA+,03,2015-12-30,4.31,30
127323,PR海资债,泰州市海陵资产经营有限公司,7,AA+,03,2015-12-30,4.6,30
127324,PR达州02,达州发展(控股)有限责任公司,7,AA,03,2015-12-22,5.1,30
127326,15国网05,国家电网有限公司,3,AAA,03,2015-12-23,3.58,30
127327,15国网06,国家电网有限公司,5,AAA,03,2015-12-23,3.75,30
127328,PR长轨03,长沙市轨道交通集团有限公司,10,AA+,03,2016-01-14,4.1,30
127329,PR马高投,马鞍山慈湖高新技术产业开发区投资发展有限公司,7,AAA,03,2016-12-30,3.9,30
127330,PR和济投,江西和济投资有限公司,7,AA,03,2016-04-01,5.09,30
127331,PR威海投,威海蓝创建设投资有限公司,7,AA,03,2016-01-11,4.8,30
127332,PR凤城债,凤城市现代产业园区开发建设投资有限公司,7,AA,03,2016-09-27,5.76,30
127333,PR榕城02,福州市城乡建设发展总公司,7,AA+,03,2015-08-04,4.89,30
127334,15锡创投,无锡创业投资集团有限公司,7,AA+,03,2016-01-21,4.33,30
127335,PR昌乐债,昌乐县新城发展有限公司,7,AAA,03,2016-01-22,5.18,30
127337,PR潜城债,潜江市城市建设投资开发有限公司,7,AA+,03,2016-03-29,5.19,30
127338,PR宜高投,宜昌高新投资开发有限公司,7,AA,03,2016-02-22,4.8,30
127339,PR金昌债,金昌市建设投资开发(集团)有限责任公司,7,AA,03,2016-02-29,6.79,30
127340,15冀广02,中国广电河北网络股份有限公司,8,AA+,03,2016-02-05,4.28,30
127342,PR内双创,内江建工集团有限责任公司,7,AA,03,2016-04-01,5.03,0
127344,PR仁发债,仁寿发展投资集团有限公司,7,AA,03,2016-03-25,6.42,30
127345,PR盐高新,盐城高新区投资集团有限公司,7,AAA,03,2016-02-24,3.9,30
127347,15昆水务,昆明滇池水务股份有限公司,7,AA+,03,2016-03-16,4.35,30
127348,PR响水债,响水县灌江控股集团有限公司,7,AA+,03,2016-01-14,4.98,30
127349,PR邵东债,湖南邵东生态产业园开发建设投资有限责任公司,7,AA,03,2016-03-09,6.5,0
127350,PR浙滨债,浙江滨海新区投资发展集团有限公司,7,AA+,03,2016-01-22,4.65,30
127351,PR黔畅达,黔东南州交通旅游建设投资集团有限公司,7,AA,03,2016-01-11,5.79,0
127352,16恒投01,广东恒健投资控股有限公司,10,AAA,03,2016-06-02,4.1,30
127353,PR渝缙云,重庆缙云资产经营(集团)有限公司,7,AA+,03,2016-02-15,4.5,30
127354,PR梅建投,梅州市梅县区伟业基础设施建设投资有限公司,7,AA,03,2016-03-10,5,30
127355,PR凯投01,贵州省凯里城镇建设投资有限公司,7,AA,03,2016-02-24,5.29,30
127356,PR常德债,常德市城市建设投资集团有限公司,7,AAA,03,2016-01-26,3.59,30
127357,PR永经投,永州市经济建设投资发展集团有限责任公司,7,AAA,03,2016-01-28,3.55,30
127358,PR平阳债,平阳县国资发展有限公司,7,AA,03,2016-01-29,4.97,30
127359,16穗金控,广州金融控股集团有限公司,10,AAA,03,2016-03-04,3.48,0
127360,PR兴义债,兴义市信恒城市建设投资有限公司,7,AA,03,2016-03-07,5.4,30
127361,PR老边01,营口市老边区城市建设投资发展有限公司,7,AA,03,2016-06-30,5.63,30
127362,16闽投01,福建省投资开发集团有限责任公司,8,AAA,03,2016-02-02,3.2,0
127363,PR新沂投,新沂市城市投资发展集团有限公司,7,AA,03,2016-03-25,4.3,30
127364,PR潼南债,重庆市潼南区城市建设投资(集团)有限公司,7,AA,03,2016-03-24,4.99,30
127365,PR渝两江,重庆两江新区开发投资集团有限公司,5,AAA,03,2016-02-05,3.17,30
127367,PR沪城建,上海城建(集团)有限公司,7,AAA,03,2016-02-29,3.5,30
127368,PR衡阳债,衡阳市交通建设投资有限公司,7,AA,03,2016-04-19,4.28,30
127370,16奥德01,奥德集团有限公司,7,AA+,03,2016-05-31,5.77,30
127371,PR普兰店,大连市普兰店区建设投资有限公司,5,AAA,03,2016-03-04,3.8,30
127372,PR大理债,大理海东开发投资集团有限公司,7,AA,03,2016-03-23,6.01,30
127373,PR枝江01,枝江市国有资产经营中心,7,AA,03,2016-04-05,4.78,30
127374,PR六盘水,六盘水市开发投资有限公司,7,AAA,03,2016-03-17,3.74,30
127375,PR五家渠,新疆国恒投资发展集团有限公司,7,AAA,03,2016-04-18,3.6,30
127377,PR黄冈债,黄冈市城市建设投资有限公司,7,AA,03,2016-03-14,4.08,30
127378,PR禹州债,禹州市投资总公司,7,AA+,03,2016-04-08,4.68,30
127379,PR泗阳债,泗阳县民康农村经济发展有限公司,7,AA+,03,2016-05-25,4.94,30
127380,PR阿勒泰,阿勒泰地区国有资产投资经营有限公司,7,AA,03,2016-03-10,4.85,30
127381,PR仪征发,仪征市城市发展投资控股集团有限公司,7,AA+,03,2016-01-29,4.63,30
127382,16赣投债,江西省投资集团有限公司,10,AA+,03,2016-07-11,3.7,30
127383,PR宁乡债,宁乡经济技术开发区建设投资有限公司,7,AAA,03,2016-02-18,3.87,30
127384,PR开福01,长沙开福城市建设投资有限公司,7,AA+,03,2016-03-22,4.2,30
127385,PR兴资债,资中县兴资投资开发集团有限责任公司,7,AA+,03,2016-03-09,5.97,30
127386,PR丹投资,丹阳投资集团有限公司,7,AAA,03,2016-03-16,3.99,30
127387,PR雨花债,长沙市雨花城市建设投资集团有限公司,7,AAA,03,2016-02-19,3.8,30
127388,PR瓯专项,浙江瓯海城市建设投资集团有限公司,7,AA,03,2016-05-03,4.83,0
127390,PR芙蓉债,长沙市芙蓉城市建设投资集团有限公司,7,AAA,03,2016-03-25,3.88,30
127391,PR瓦沿海,瓦房店沿海项目开发有限公司,7,AAA,03,2016-03-22,3.98,30
127392,PR平交投,平潭综合实验区交通投资集团有限公司,5,AAA,03,2016-03-29,3.92,30
127395,PR吉城建,吉林市城市建设控股集团有限公司,7,AAA,03,2016-03-30,3.8,30
127396,16陕旅债,陕西旅游集团有限公司,7,AA,03,2016-04-13,4.58,30
127397,PR耒阳债,耒阳市国有资产投资经营集团有限公司,7,AA,03,2016-05-18,6.4,0
127398,PR威海债,威海市城市开发投资有限公司,7,AAA,03,2016-03-24,3.33,30
127399,16鲁信债,山东省鲁信投资控股集团有限公司,7,AAA,03,2016-04-07,3.36,30
127400,16广晟01,广东省广晟控股集团有限公司,15,AAA,03,2016-04-05,3.7,30
127401,PR铜建专,铜陵市建设投资控股有限责任公司,7,AA,03,2016-04-06,4.12,0
127402,PR下城债,杭州市拱墅区城市建设投资发展集团有限公司,7,AA,03,2016-04-15,3.8,30
127403,PR老边02,营口市老边区城市建设投资发展有限公司,7,AA,03,2016-06-30,4.98,30
127404,16唐金债,唐山金融控股集团股份有限公司,7,AA,03,2016-07-12,4.35,30
127405,PR盐都债,盐城市盐都区国有资产投资经营有限公司,7,AAA,03,2016-04-22,3.67,30
127407,PR汇盛债,浙江汇盛投资集团有限公司,8,AA,03,2016-05-19,4.49,30
127408,PR港经开,张家港经开区控股集团有限公司,7,AA,03,2016-04-06,3.95,30
127409,PR渝产债,重庆市地产集团有限公司,7,AAA,03,2016-04-08,3.36,30
127410,PR德投债,德兴市投资控股集团有限公司,7,AA,03,2016-05-06,5.99,30
127412,PR鸠江债,芜湖市鸠江建设投资有限公司,7,AA+,03,2016-04-14,3.96,30
127413,PR皋交投,如皋市交通产业集团有限公司,7,AAA,03,2016-06-22,3.74,30
127414,PR邕高01,南宁高新产业建设开发集团有限公司,7,AA,03,2016-04-19,4.28,30
127415,PR三明交,三明市交通建设发展集团有限公司,7,AAA,03,2016-05-09,3.68,30
127416,PR贾汪债,徐州市贾汪城市建设投资有限公司,7,AAA,03,2016-07-19,4,30
127417,16榕高新,福州高新区投资控股有限公司,7,AA,03,2016-07-12,4.36,30
127418,PR启交通,启东交通投资集团有限公司,7,AA,03,2016-05-04,4,30
127419,PR启国控,启东国有资产投资控股有限公司,7,AA+,03,2016-05-16,4,30
127420,PR渝开债,重庆经开区开发建设有限公司,7,AAA,03,2016-06-24,3.95,30
127424,PR惠开债,无锡惠开经济发展集团有限公司,7,AA,03,2016-05-30,4.16,30
127425,16穗港01,广州港集团有限公司,10,AAA,03,2016-05-19,3.57,0
127426,PR两江01,重庆两江新区开发投资集团有限公司,5,AAA,03,2016-05-17,3.6,0
127427,PR渤海01,天津渤海国有资产经营管理有限公司,7,AAA,03,2016-05-19,3.82,30
127428,PR渤海02,天津渤海国有资产经营管理有限公司,10,AAA,03,2016-05-19,4.1,30
127429,G16京汽1,北京汽车股份有限公司,7,AAA,03,2016-06-29,3.45,0
127430,PR淮资债,淮安市淮安区城市资产经营有限公司,7,AAA,03,2016-06-29,4.63,30
127431,PR16洛新,洛阳城乡建设投资集团有限公司,7,AAA,03,2016-05-25,4.28,30
127432,PR太新01,无锡市太湖新城发展集团有限公司,7,AAA,03,2016-08-18,4.49,30
127433,PR海发债,江苏海州发展集团有限公司,7,AAA,03,2016-08-09,4.67,30
127434,16晋煤01,晋能控股装备制造集团有限公司,5,AAA,03,2016-05-23,6.8,30
127435,PR磁湖01,黄石磁湖高新科技发展有限公司,7,AAA,03,2016-08-01,4.5,30
127437,PR扬城投,扬中市城市建设投资发展集团有限公司,7,AAA,03,2016-08-12,5.15,30
127438,PR望城建,望城经开区投资建设集团有限公司,7,AAA,03,2016-08-04,3.75,0
127439,PR樟树债,樟树市国有资产营运有限责任公司,7,AA+,03,2016-08-04,4.8,30
127440,PR惠投01,南通市通州区惠通投资有限责任公司,7,AAA,03,2016-08-17,3.75,30
127441,PR苏筑富,江苏筑富实业投资有限公司,7,AA+,03,2016-08-10,4.47,30
127442,16广晟02,广东省广晟控股集团有限公司,15,AAA,03,2016-09-05,3.75,30
127443,PR湘潭01,湘潭市城市建设投资经营有限责任公司,7,AAA,03,2016-08-26,3.6,0
127445,PR两江02,重庆两江新区开发投资集团有限公司,5,AAA,03,2016-09-26,3.1,0
127446,16穗城02,广州市城市建设投资集团有限公司,10,AAA,03,2016-09-02,3.33,0
127447,PR宁地铁,南京地铁集团有限公司,7,AAA,03,2016-11-09,3.29,30
127448,PR天心02,长沙天心城市建设投资开发集团有限公司,7,AAA,03,2016-10-13,3.43,30
127449,PR太新02,无锡市太湖新城发展集团有限公司,7,AAA,03,2016-10-20,3.47,30
127450,PR16晋城,福建省晋江城市建设投资开发集团有限责任公司,7,AAA,03,2016-09-21,3.35,30
127451,G17龙湖1,重庆龙湖企业拓展有限公司,5,AAA,03,2017-03-09,4.4,0
127452,PR硚口债,武汉市硚口国有资产经营有限公司,7,AAA,03,2016-12-02,3.48,30
127453,PR建安01,建安投资控股集团有限公司,7,AAA,03,2016-10-13,3.5,30
127454,PR南管廊,南昌市建设投资集团有限公司,10,AAA,03,2016-10-19,3.58,0
127455,PR广陵债,扬州市广陵新城投资发展有限公司,7,AAA,03,2016-10-27,3.62,30
127456,16穗港02,广州港集团有限公司,10,AAA,03,2016-11-18,3.19,0
127457,PR广饶债,广饶县经济发展投资集团有限公司,7,AAA,03,2016-10-20,3.61,30
127458,PR济市中,济宁市市中区城建投资有限公司,7,AAA,03,2016-10-20,3.52,0
127459,16广晟03,广东省广晟控股集团有限公司,15,AAA,03,2016-11-24,3.6,30
127461,G16国网1,国家电网有限公司,3,AAA,03,2016-10-28,2.8,0
127462,G16国网2,国家电网有限公司,5,AAA,03,2016-10-28,2.99,0
127463,PR溧经技,南京溧水经济技术开发集团有限公司,7,AAA,03,2016-11-24,3.41,30
127464,16京投01,北京市基础设施投资有限公司,5,AAA,03,2016-11-17,2.99,30
127465,PR德清投,德清县建设投资有限公司,7,AAA,03,2016-12-05,3.6,30
127467,G17龙湖2,重庆龙湖企业拓展有限公司,7,AAA,03,2017-03-09,4.67,0
127468,PR长经01,长沙经济技术开发集团有限公司,7,AAA,03,2017-04-05,4.78,30
127469,17首房专,北京首钢房地产开发有限公司,10,AAA,03,2017-03-30,5.49,0
127470,G17龙湖3,重庆龙湖企业拓展有限公司,7,AAA,03,2017-03-21,4.75,0
127471,PR苏众安,江苏众安建设投资(集团)有限公司,7,AAA,03,2017-04-07,5.65,30
127472,PR宿裕丰,宿迁裕丰产业投资发展管理集团有限公司,7,AAA,03,2017-06-26,5.5,30
127473,PR慈溪债,慈溪市国有资产投资控股有限公司,7,AAA,03,2017-04-19,4.9,30
127474,PR三明国,三明市投资发展集团有限公司,7,AAA,03,2017-05-02,5.1,30
127475,PR宿经开,宿迁经济开发集团有限公司,7,AAA,03,2017-05-04,5.4,30
127476,PR众邦债,黄石市众邦城市住房投资有限公司,7,AAA,03,2017-07-07,5.95,30
127477,PR邳润债,邳州市润城资产经营集团有限公司,7,AAA,03,2017-05-15,5.65,30
127478,PR新交通,新沂市交通投资有限公司,7,AAA,03,2017-05-10,5.35,30
127479,PR瀚瑞01,江苏瀚瑞投资控股有限公司,7,AAA,03,2016-05-20,4.63,30
127480,PR陂城债,武汉市黄陂区城建投资开发有限公司,7,AAA,03,2017-05-11,5.48,30
127481,17京投01,北京市基础设施投资有限公司,5,AAA,03,2017-04-28,4.2,30
127482,PR产建1,浏阳现代制造产业建设投资开发有限公司,7,AAA,03,2017-05-15,5.75,0
127483,PR宝城投,宝鸡市投资(集团)有限公司,7,AAA,03,2017-06-05,5.05,30
127484,17乌城投,乌鲁木齐城市建设投资(集团)有限公司,4,AAA,03,2017-05-12,5.18,0
127485,PR枞阳债,枞阳县投资发展有限公司,7,AAA,03,2017-05-16,5.85,30
127486,PR威高新,威海高新城市建设发展有限公司,7,AAA,03,2017-05-11,5.32,30
127488,PR惠通投,南通市通州区惠通投资有限责任公司,7,AAA,03,2017-05-05,4.88,30
127489,PR六交投,六盘水市交通投资开发有限责任公司,7,AAA,03,2017-05-26,5.98,30
127490,PR延新投,延安市新区投资开发建设有限公司,7,AAA,03,2017-06-23,5.6,30
127491,PR灌东债,盐城市灌东经济开发投资有限公司,7,AAA,03,2017-07-19,6.42,30
127492,PR海盐债,海盐县国有资产经营有限公司,7,AAA,03,2017-06-27,5.8,30
127493,PR郑通01,郑州通航建设发展有限公司,7,AAA,03,2017-07-18,5.98,30
127494,PR泰高港,泰州市高港高新区开发建设有限责任公司,7,AAA,03,2017-07-17,5.54,30
127495,G17京汽1,北京汽车股份有限公司,7,AAA,03,2017-07-21,4.72,0
127496,PR毕节01,毕节市建设投资有限公司,7,AAA,03,2017-07-19,5.78,0
127497,PR永兴01,永兴银都投资发展集团有限公司,7,AA,03,2017-07-17,6.93,30
127499,PR秦投01,四川秦巴新城投资集团有限公司,7,AA,03,2017-07-18,6.68,30
127500,PR青投01,青州市城市建设投资开发有限公司,7,AA,03,2017-11-30,6.4,30
127501,PR望铜官,长沙望源开发建设有限公司,10,AAA,03,2017-07-21,5.73,0
127502,PR宿迁01,宿迁市城市建设投资(集团)有限公司,7,AA+,03,2017-08-16,5.3,30
127503,PR即旅债,青岛市即墨区城市旅游开发投资有限公司,7,AA+,03,2017-07-19,5.35,30
127504,PR沛国经,沛县国有资产经营有限公司,7,AA,03,2017-07-31,5.98,30
127505,PR榕经开,福州开发区国有资产营运有限公司,7,AAA,03,2017-07-18,3.53,30
127506,PR扬经开,扬州经济技术开发区开发(集团)有限公司,7,AAA,03,2017-07-25,5.28,30
127507,PR永州投,永州市城市发展集团有限责任公司,7,AAA,03,2017-07-21,5.3,30
127508,PR蚌经投,蚌埠经济开发区投资集团有限公司,7,AA,03,2017-07-27,6.45,30
127509,PR邮发02,高邮市经济发展总公司,7,AAA,03,2017-07-27,5.26,30
127510,PR诸经开,诸城市经开投资发展有限公司,7,AAA,03,2017-08-08,5.37,30
127512,PR民科债,温州东部新城建设投资集团有限公司,7,AA,03,2017-08-02,6.44,30
127513,PR广国投,广德市国有资产投资经营有限公司,7,AAA,03,2017-07-28,5.37,30
127514,PR白云01,贵阳白云城市建设投资集团有限公司,7,AA,03,2017-08-03,6.48,30
127515,PR鼎力债,常德鼎力投资开发有限公司,7,AA,03,2017-07-31,6.1,30
127516,PR诸资01,诸暨市国有资产经营有限公司,7,AA+,03,2017-07-25,5.34,30
127517,PR荆投债,荆州市城市建设投资开发有限公司,7,AA,03,2017-08-21,5.68,0
127518,PR嵊州债,嵊州市投资控股有限公司,7,AAA,03,2017-08-04,5.35,30
127519,PR桂阳投,桂阳县城市建设投资有限公司,7,AA+,03,2017-08-04,5.98,30
127520,PR伟驰01,伟驰控股集团有限公司,7,AA,03,2017-08-04,6.18,30
127521,PR邮发01,高邮市经济发展总公司,7,AA+,03,2017-07-27,3.65,30
127522,17厦轨01,厦门轨道建设发展集团有限公司,9,AAA,03,2017-08-02,4.55,30
127523,PR启创债,启东创新投资集团有限公司,7,AAA,03,2017-08-08,5.16,30
127524,PR诸资02,诸暨市国有资产经营有限公司,7,AA+,03,2017-08-08,5.23,30
127525,PR兴宁债,兴宁市永业基础设施建设投资有限公司,7,AAA,03,2017-08-08,5.99,30
127526,PR襄经债,襄阳东津国有资本投资集团有限公司,7,AA,03,2017-08-03,6.1,30
127527,PR攀投债,贵州六盘水攀登开发投资贸易有限公司,7,AA,03,2017-08-11,7.3,0
127528,PR新天债,郴州市新天投资有限公司,7,AA,03,2017-08-09,6,30
127529,PR秦投02,四川秦巴新城投资集团有限公司,7,AA,03,2017-08-02,6.91,30
127531,PR浠凤01,浠水县凤翥投资开发有限公司,7,AA+,03,2017-08-10,6.52,30
127532,PR红投债,红河州开发投资控股集团有限公司,7,AAA,03,2017-08-04,5.9,0
127533,PR惠华02,岳阳惠华城市投资发展集团有限公司,7,AA+,03,2017-08-24,5.96,30
127534,PR衡滨江,衡阳市滨江新区投资有限公司,7,AAA,03,2017-08-09,5.47,30
127535,PR古蔺专,古蔺县国有资产经营有限责任公司,7,AA+,03,2017-09-21,5.96,0
127536,PR黔投,黔南州投资有限公司,7,AA,03,2017-08-09,6.77,0
127537,PR咸宁债,咸宁市城市建设投资开发有限公司,10,AA,03,2017-08-21,5.99,30
127539,PR雨山01,马鞍山市雨山区城市发展投资集团有限责任公司,7,AAA,03,2017-08-22,5.62,30
127540,G17龙源2,龙源电力集团股份有限公司,7,AAA,03,2017-08-15,4.78,0
127541,PR新津02,成都市新津县国有资产投资经营有限责任公司,7,AA,03,2017-09-08,6.28,0
127542,PR铜建01,铜陵市建设投资控股有限责任公司,7,AA,03,2017-08-16,5.77,30
127544,PR张家界,张家界市经济发展投资集团有限公司,10,AA,03,2017-08-16,6.47,0
127545,PR毕节02,毕节市建设投资有限公司,7,AAA,03,2017-08-14,5.55,0
127546,PR含浦债,湖南智谷投资发展集团有限公司,7,AA+,03,2017-08-28,5.8,30
127547,PR宿新债,宿州市新区建设投资集团有限公司,7,AAA,03,2017-08-17,5.98,30
127548,PR安皖江,安庆皖江高科技投资发展有限公司,7,AA,03,2017-09-29,6.5,30
127549,PR泗专项,泗阳县民康农村经济发展有限公司,7,AA,03,2017-12-22,7.4,0
127550,PR包头01,包头市保障性住房发展建设投资有限公司,7,AAA,03,2017-09-21,5.25,30
127551,PR湖滨01,宿迁市湖滨新城投资开发有限公司,7,AA,03,2017-08-29,6.85,30
127552,PR黄岩01,台州市黄岩国有资本投资运营集团有限公司,7,AA,03,2017-08-14,6.1,30
127553,PR金投01,重庆市金潼工业建设投资有限公司,7,AA,03,2017-08-21,6.5,30
127554,PR开投债,江苏开源投资集团有限公司,7,AA,03,2017-08-21,7.08,30
127555,PR柔刚02,遂宁柔刚投资集团有限公司,7,AA,03,2017-09-14,6.8,30
127556,PR靖新债,靖江市滨江新城投资开发有限公司,7,AAA,03,2017-08-25,5.37,0
127557,17广铁01,广州地铁集团有限公司,10,AAA,03,2017-08-18,4.84,0
127558,PR蒲城债,蒲城县投资发展有限公司,7,AA+,03,2017-09-08,6.57,30
127559,17粤海01,广东粤海控股集团有限公司,10,AAA,03,2017-08-25,4.77,0
127560,17厦轨02,厦门轨道建设发展集团有限公司,9,AAA,03,2017-08-25,4.61,30
127561,PR宁国投,宁国市国有资产投资运营有限公司,7,AA+,03,2017-08-16,7.14,30
127562,PR株湘江,株洲市湘江投资集团有限公司,7,AA,03,2017-08-21,6.4,30
127563,PR怀建投,怀化国际陆港经济开发区开发建设投资有限公司,7,AAA,03,2017-08-30,5.77,30
127564,PR鄱阳债,鄱阳投资发展集团有限公司,7,AA+,03,2017-09-01,6.53,30
127565,PR淮水债,淮安市投资控股集团有限公司,7,AAA,03,2017-08-31,5.28,30
127566,PR永兴02,永兴银都投资发展集团有限公司,7,AA,03,2017-08-22,6.5,30
127568,PR萍昌债,江西省萍乡市昌盛城市投资有限公司,7,AA+,03,2017-08-25,6,30
127569,PR宁开02,江苏高淳经济开发区开发集团有限公司,7,AA+,03,2017-08-25,6.08,30
127570,PR产建2,浏阳现代制造产业建设投资开发有限公司,7,AA+,03,2017-08-23,5.88,0
127571,PR淄创01,淄博高新城市投资运营集团有限公司,7,AAA,03,2017-08-25,5.28,0
127572,PR包头02,包头市保障性住房发展建设投资有限公司,7,AAA,03,2017-09-22,5.31,30
127573,PR秭归01,秭归县楚元控股集团有限责任公司,10,AA+,03,2017-11-14,7.08,0
127574,17宜城投,宜昌市城市建设投资开发有限公司,10,AA+,03,2017-09-01,5.77,30
127576,PR铜建02,铜陵市建设投资控股有限责任公司,7,AA,03,2017-09-15,5.8,30
127577,PR濮阳债,濮阳市投资集团公司,7,AAA,03,2017-09-08,5.18,0
127578,PR启城投,启东城投集团有限公司,7,AAA,03,2017-09-08,5.25,30
127579,PR信泰债,毕节市信泰投资有限公司,7,AA,03,2017-11-16,7.8,30
127580,17石桥01,大石桥市城市建设投资有限公司,7,AA,03,2017-08-29,7.59,30
127581,PR运通债,南通运通港务发展有限公司,7,AAA,03,2017-09-01,6.13,30
127582,PR渌湘投,株洲渌湘投资发展集团有限公司,7,AA+,03,2017-09-04,7.09,30
127584,PR湘管廊,湘乡市城市建设投资开发有限公司,7,AA,03,2017-11-13,7.5,0
127585,PR宝开01,宝应县开发投资有限公司,7,AAA,03,2017-09-15,5.45,30
127587,PR新东观,贵州新东观城市建设投资有限责任公司,7,AA,03,2017-09-15,7.7,30
127588,PR柯城02,绍兴市柯桥区城建投资开发集团有限公司,7,AA,03,2017-08-25,5.74,30
127589,G17武铁1,武汉地铁集团有限公司,15,AAA,03,2017-09-08,4.99,0
127590,PR威经发,威海经济技术开发区国有资产经营集团有限公司,7,AA,03,2017-09-22,5.8,30
127591,PR吴国太,苏州吴中国太发展有限公司,10,AA,03,2017-09-07,6.4,0
127592,PR资兴02,资兴市成诚投资有限公司,7,AA+,03,2017-08-31,6.18,30
127593,PR金洲投,长沙金洲新城开发建设投资有限公司,7,AA,03,2017-09-06,6.6,0
127594,PR17泾河,陕西省西咸新区泾河新城开发建设(集团)有限公司,7,AA,03,2017-09-14,6.67,30
127595,PR兴蜀债,成都兴蜀投资开发有限责任公司,7,AA+,03,2018-02-06,6.78,0
127596,PR湖滨02,宿迁市湖滨新城投资开发有限公司,7,AA,03,2017-09-19,6.93,30
127597,PR舜发债,临武县舜发城乡发展投资有限公司,7,AA+,03,2017-09-05,7,30
127598,PR平停车,平阳县国资发展有限公司,10,AA,03,2017-09-07,6.9,0
127599,PR青投02,青州市城市建设投资开发有限公司,7,AA,03,2020-12-24,6.8,30
127601,PR义乌专,义乌市城市投资建设集团有限公司,7,AA+,03,2018-08-14,5.48,0
127602,PR广安鑫,广安鑫鸿投资控股有限公司,7,AA+,03,2017-09-12,7.18,30
127603,PR开元02,贵州凯里开元城市投资开发有限责任公司,7,AA,03,2017-09-07,7.28,0
127604,PR老河口,老河口城市建设投资集团有限公司,7,AA,03,2017-09-08,6.49,30
127606,PR百东01,广西百色试验区发展集团有限公司,7,AA,03,2018-09-07,7.9,30
127607,PR苏科债,江苏省溧阳高新区控股集团有限公司,7,AAA,03,2017-09-15,5.7,30
127608,PR运城债,运城市城市建设投资开发集团有限公司,7,AA,03,2017-10-23,6.3,0
127610,PR邵阳01,邵阳市城市建设投资经营集团有限公司,7,AA,03,2017-09-13,5.98,30
127611,PR渝丰都,重庆丰都城乡建设集团有限公司,7,AA+,03,2017-09-14,6.38,30
127612,PR彭山01,眉山市彭山发展控股集团有限公司,7,AAA,03,2017-09-26,7,0
127613,PR淮南01,淮南市城市建设投资有限责任公司,7,AAA,03,2017-09-13,5.74,30
127614,PR新经开,新沂经济开发区建设发展有限公司,7,AA,03,2017-10-12,6.66,30
127615,PR夷陵01,湖北夷陵经济发展集团有限公司,7,AA,03,2017-09-25,6.45,30
127616,G17发展1,广州发展集团股份有限公司,5,AAA,03,2017-09-19,4.94,0
127617,PR汴投1,开封市发展投资集团有限公司,10,AA,03,2017-10-16,6.1,0
127618,PR南陵债,南陵县建设投资有限责任公司,7,AAA,03,2017-10-27,6.2,0
127620,PR阜宁投,阜宁县城市发展投资集团有限公司,7,AAA,03,2017-09-21,6,30
127621,PR新宇01,毕节市七星关区新宇建设投资有限公司,7,AA,03,2017-09-22,7.6,30
127622,PR吉首02,吉首华泰国有资产投资管理有限责任公司,7,AA+,03,2017-09-25,6.45,0
127623,17桂金债,广西金融投资集团有限公司,7,AA+,03,2017-09-25,6.5,30
127624,PR17滨江,重庆市江津区滨江新城开发建设集团有限公司,7,AA,03,2017-09-20,6.4,30
127625,PR盈地债,重庆盈地实业(集团)有限公司,7,AA,03,2017-11-16,7,30
127626,PR随专02,随州市城市投资集团有限公司,7,AA,03,2018-04-03,5.97,0
127627,PR安丘债,安丘市华安国有资产经营有限公司,7,AA,03,2017-09-29,7,30
127628,PR城建01,苏州市吴中城区建设发展有限公司,7,AA,03,2017-11-17,5.9,30
127629,PR黄岩02,台州市黄岩国有资本投资运营集团有限公司,7,AA,03,2017-09-26,6.22,30
127631,PR当经债,安徽当涂经济开发区建设投资有限责任公司,7,AAA,03,2017-11-02,6,30
127632,PR怀城投,安徽省怀宁县城乡建设投资发展有限责任公司,7,AAA,03,2017-11-22,5.8,30
127633,PR高建投,高密市城市建设投资集团有限公司,7,AA+,03,2017-09-29,5.95,0
127634,PR安投债,安顺市城市建设投资有限责任公司,7,AA,03,2017-10-10,7.3,0
127635,PR沅陵01,沅陵辰州投资集团有限公司,7,AA+,03,2017-10-11,6.5,0
127636,PR淮安债,淮安新城投资开发集团有限公司,7,AAA,03,2017-10-13,5.22,30
127637,PR蒙城债,蒙城县城市发展投资控股集团有限公司,7,AAA,03,2017-10-20,5.6,0
127638,PR武隆01,重庆市武隆区建设投资(集团)有限公司,7,AA+,03,2017-10-26,6.8,0
127639,PR柳龙建,柳州市龙建投资发展有限责任公司,10,AA,03,2017-10-13,7,0
127641,PR汇丰债,萍乡市汇丰投资有限公司,7,AAA,03,2017-10-12,5.79,0
127643,PR遵湘江,遵义市湘江投资(集团)有限公司,7,AA,03,2017-10-17,6.99,30
127644,PR新津债,新津新城发展集团有限公司,7,AA,03,2017-11-06,7.3,30
127645,PR雨山02,马鞍山市雨山区城市发展投资集团有限责任公司,7,AAA,03,2017-10-16,5.85,30
127646,PR资城02,资兴市城市建设投资有限责任公司,7,AA+,03,2017-10-12,6.3,30
127648,PR江北债,南京江北新城投资发展有限公司,7,AA+,03,2017-10-18,5.59,30
127649,PR句容01,句容市城市建设投资有限责任公司,7,AA,03,2017-09-29,6.89,30
127650,PR白云02,贵阳白云城市建设投资集团有限公司,7,AA,03,2017-10-23,7.28,30
127651,PR17邳经,邳州经开控股集团有限公司,7,AA,03,2017-10-16,6.66,30
127652,PR锡东债,无锡锡东科技投资控股有限公司,7,AA+,03,2017-09-29,5.73,30
127653,PR泸汇兴,泸州汇兴投资集团有限公司,7,AA+,03,2017-11-14,6.28,30
127654,PR温高新,温州高新技术产业开发区投资建设开发有限公司,7,AA,03,2017-11-03,5.9,0
127655,PR恒驰01,连云港恒驰实业有限公司,7,AA,03,2017-10-16,7.45,30
127656,PR食科债,无锡食品科技园发展有限公司,7,AAA,03,2017-10-23,5.7,30
127657,PR莒南01,莒南县城市建设投资集团有限公司,7,AA,03,2017-11-16,7.5,30
127658,PR扬化工,扬州新材料投资集团有限公司,7,AA,03,2018-01-03,6.8,0
127659,PR绵宏达,绵阳宏达资产投资经营(集团)有限公司,7,AA+,03,2017-10-23,7.2,30
127660,PR武胜债,武胜城市投资有限公司,7,AA+,03,2017-11-23,7.05,30
127661,PR旅投01,遵义交旅投资(集团)有限公司,10,AA,03,2020-04-07,7.7,30
127664,PR珲春01,珲春市城市投资开发有限公司,7,AA+,03,2017-10-20,8.48,30
127666,PR昆银桥,昆山银桥控股集团有限公司,7,AA+,03,2017-10-31,5.5,30
127667,PR宝开02,宝应县开发投资有限公司,7,AAA,03,2017-10-31,5.49,30
127669,PR郑蒲01,马鞍山郑蒲港新区建设投资有限公司,7,AAA,03,2017-11-02,6,30
127670,PR郑通02,郑州通航建设发展有限公司,7,AAA,03,2017-11-16,5.8,30
127671,PR秀洲债,嘉兴市嘉秀发展投资控股集团有限公司,7,AAA,03,2017-10-20,5.6,30
127672,PR双福债,重庆市双福建设开发有限公司,7,AA+,03,2017-11-03,6.37,30
127673,PR播投02,遵义市播州区城市建设投资经营(集团)有限公司,7,AA,03,2017-11-30,7.85,30
127674,PR恒驰02,连云港恒驰实业有限公司,7,AA,03,2017-11-09,7.4,30
127675,PR黄梅02,黄梅县城市投资发展集团有限公司,7,AA+,03,2017-10-30,6.68,30
127676,PR隆发债,隆昌发展建设集团有限责任公司,7,AA+,03,2017-12-11,7.09,30
127677,PR都江堰,都江堰新城建设投资有限责任公司,7,AA,03,2017-11-02,6.9,30
127678,PR含山债,含山县城市建设投资有限公司,7,AAA,03,2017-12-27,6.2,30
127679,PR黄梅01,黄梅县城市投资发展集团有限公司,7,AA+,03,2017-10-30,6.8,30
127680,PR南谯债,滁州市南谯区国有资产运营有限公司,7,AAA,03,2017-11-15,5.95,30
127681,PR安交投,安顺市交通建设投资有限责任公司,7,AA,03,2017-11-10,7.5,30
127682,PR淮产债,淮南市产业发展(集团)有限公司,7,AAA,03,2017-11-22,5.69,30
127683,PR润企债,睢宁县润企投资有限公司,7,AA,03,2017-11-22,6.78,30
127685,PR哈密债,新疆维吾尔自治区哈密市国有资产投资经营有限公司,7,AA,03,2017-12-27,6.55,30
127686,G17扬城1,扬中市城市建设投资发展集团有限公司,10,AAA,03,2017-12-20,5.69,30
127687,PR芦溪债,芦溪县城市建设投资发展有限公司,7,AA+,03,2017-11-21,6.8,30
127688,PR南漳02,南漳县建设投资集团有限公司,7,AA+,03,2017-11-24,6.58,30
127689,PR抚投债,抚州市市属国有资产投资控股集团有限公司,7,AA,03,2017-12-05,5.7,0
127690,PRG丹徒1,镇江市丹徒区建设投资有限公司,7,AAA,03,2017-11-29,5.98,0
127691,PR金坛01,常州市金坛区交通产业集团有限公司,7,AA,03,2017-11-30,6.5,30
127692,PR寿县债,寿县寿州项目投资有限公司,7,AAA,03,2018-03-05,6.2,30
127694,PR临朐债,临朐沂山实业有限公司,7,AAA,03,2017-12-07,7.2,30
127695,PR乐行债,安徽乐行城市建设集团有限公司,7,AAA,03,2017-11-24,6.05,30
127696,PR威中债,威海市中城公有资产经营有限公司,7,AA,03,2017-11-21,6.05,0
127697,PR句容02,句容市城市建设投资有限责任公司,7,AA,03,2017-11-22,6.8,30
127698,PR孝感债,孝感市城市建设投资公司,10,AA,03,2018-01-02,6.35,0
127699,PR襄城债,襄城县灵武城市开发建设有限公司,7,AA+,03,2017-11-27,7.45,30
127700,PR普定01,普定县夜郎国有资产投资营运有限责任公司,7,AA+,03,2017-11-28,7.79,0
127701,PR凤阳债,凤阳县经济发展投资有限公司,7,AAA,03,2017-12-13,6,30
127702,PR六枝特,六枝特区水务有限责任公司,7,AA,03,2018-02-02,7,30
127703,PR汕尾债,汕尾市投资控股有限公司,7,AAA,03,2017-11-23,5.68,30
127705,PR石柱01,石柱土家族自治县鸿盛经济发展有限公司,7,AA+,03,2017-11-29,7,30
127706,PR云岩债,贵阳云岩贵中土地开发基本建设投资管理集团有限公司,7,AA,03,2017-11-29,6.8,30
127707,PR天台债,浙江省天台县国有资产经营有限公司,7,AA+,03,2017-12-08,6.5,30
127708,PR钟山开,贵州钟山开发投资(集团)有限责任公司,10,AA,03,2018-02-02,6.46,0
127709,PR红果01,贵州省红果经济开发区开发有限责任公司,7,AA,03,2017-12-14,7.8,0
127710,PR乐清01,乐清市国有投资有限公司,7,AA,03,2017-12-27,6.79,0
127713,17青交01,青海交通投资有限公司,10,AA+,03,2018-01-03,5.9,30
127714,PR定远债,定远县城乡发展投资集团有限公司,7,AA+,03,2018-01-09,5.8,30
127715,PR射阳债,射阳城市建设发展集团有限公司,7,AA,03,2017-12-25,7.8,30
127717,PR湖织债,湖州新型城市投资发展集团有限公司,7,AA,03,2017-12-04,7.5,30
127718,PR17森特,湖南森特实业投资有限公司,7,AA,03,2018-01-11,6.9,30
127720,PR沅陵02,沅陵辰州投资集团有限公司,7,AA+,03,2017-12-14,6.5,0
127721,PR太和债,太和县国有资产投资控股集团有限公司,7,AAA,03,2018-03-05,5.87,30
127722,PR红安债,红安县城市发展投资集团有限公司,7,AA+,03,2017-12-15,7.5,30
127724,PR南高新,南京江北新区产业投资集团有限公司,7,AA+,03,2017-12-21,6,30
127725,PR郎溪债,安徽郎川控股集团有限公司,7,AAA,03,2017-12-27,6.13,30
127726,PR湖口债,江西省湖口县石钟投资开发有限公司,7,AA+,03,2017-12-18,6.8,30
127727,PR石桥02,大石桥市城市建设投资有限公司,7,AA,03,2017-12-28,7.82,30
127729,PR金坛02,常州市金坛区交通产业集团有限公司,7,AA,03,2018-01-05,7.1,30
127733,PR桃源01,桃源县经济开发区开发投资有限公司,7,AA+,03,2017-12-22,7,30
127734,PR襄阳债,襄阳市住房投资有限公司,7,AA+,03,2018-01-09,6.1,30
127735,PR射洪01,射洪市国有资产经营管理集团有限公司,7,AAA,03,2018-01-26,7.3,30
127736,PR桐建01,桐城市建设投资发展有限责任公司,7,AA+,03,2018-01-26,6.6,0
127737,PR鹤岗债,鹤岗市城市建设投资开发有限责任公司,7,AA+,03,2018-01-08,6.9,30
127738,17青交02,青海交通投资有限公司,10,AA+,03,2018-01-03,5.89,30
127739,PR西平债,西平县产业集聚区投融资有限公司,7,AA+,03,2018-01-18,7.5,30
127740,PR宿迁02,宿迁市城市建设投资(集团)有限公司,7,AA+,03,2018-01-12,6.44,30
127742,PR嘉陵01,南充市嘉陵发展投资有限公司,7,AA+,03,2018-01-08,7.8,30
127743,PR融盛债,金华融盛投资发展集团有限公司,7,AA+,03,2018-01-16,6.85,30
127744,PR武隆02,重庆市武隆区建设投资(集团)有限公司,7,AA+,03,2018-01-15,6.8,0
127745,PR凤城河,泰州凤城河建设发展有限公司,7,AA,03,2018-01-16,7.9,30
127746,PR潜山债,潜山市潜润投资控股集团有限公司,7,AAA,03,2018-02-13,6.98,30
127747,PR营北债,营口北海新区城区开发建设投资有限公司,7,AA,03,2018-03-05,7.98,30
127748,PR城建债,苏州市吴中城区建设发展有限公司,7,AA,03,2018-02-12,6.5,30
127749,PR兴义01,兴义市信恒城市建设投资有限公司,7,AA,03,2018-03-20,7.9,30
127751,PR泾县债,泾县国有资产投资运营有限公司,7,AAA,03,2018-03-08,6.8,30
127752,PR红果债,贵州省红果经济开发区开发有限责任公司,7,AA,03,2018-03-02,7.8,0
127753,PR吉水01,江西吉湖发展集团有限公司,7,AA+,03,2018-03-07,6.8,0
127754,PR渝中01,重庆渝中国有资产经营管理有限公司,7,AA,03,2018-02-26,6.9,0
127756,PR秭归02,秭归县楚元控股集团有限责任公司,10,AA+,03,2018-03-16,7.8,0
127757,PR铜梁债,重庆市铜梁区金龙城市建设发展(集团)有限公司,7,AA,03,2018-03-07,6.8,0
127758,PR肥西债,肥西县城乡建设投资(集团)有限公司,7,AAA,03,2018-03-21,4.45,30
127759,PR嘉禾债,嘉禾铸都发展集团有限公司,7,AA+,03,2018-03-22,7.5,30
127760,PR京山债,京山市京诚投资开发集团有限公司,7,AAA,03,2018-04-26,7,30
127761,PR普定02,普定县夜郎国有资产投资营运有限责任公司,7,AA+,03,2018-03-23,8,0
127762,PR郑蒲02,马鞍山郑蒲港新区建设投资有限公司,7,AAA,03,2018-04-24,6.8,30
127763,PR淮南02,淮南市城市建设投资有限责任公司,7,AA,03,2018-03-29,7.5,30
127764,PRG城南1,盐城市城南新区开发建设投资有限公司,7,AAA,03,2018-04-03,6,0
127765,PR哈城投,哈尔滨市城市建设投资集团有限公司,7,AA+,03,2018-05-10,6.04,30
127767,PR钱投债,杭州市钱江新城投资集团有限公司,7,AAA,03,2018-03-30,5.64,0
127768,PR白工01,贵阳白云工业发展投资有限公司,7,AA,03,2018-05-11,8.3,30
127769,18粤海01,广东粤海控股集团有限公司,10,AAA,03,2018-04-11,5.4,0
127770,PR18东宝,荆门市东宝区城乡建设投资有限公司,7,AAA,03,2018-04-27,7.3,30
127771,PR邵赛01,邵阳赛双清建设投资经营集团有限公司,7,AA+,03,2018-04-11,7.2,30
127772,PR临邑01,临邑县城市开发投资有限公司,7,AA+,03,2018-04-13,7.78,30
127773,PR文停01,威海市文登区城市资产经营有限公司,10,AA,03,2018-05-14,7.7,0
127774,PR西发债,青岛海发国有资本投资运营集团有限公司,7,AA+,03,2018-04-23,6.28,30
127775,PR洋口01,江苏洋口港建设发展集团有限公司,7,AAA,03,2018-04-19,7.38,30
127776,PR舟城01,舟山海城建设投资集团有限公司,7,AA+,03,2018-04-18,6.33,30
127777,PR新城01,济宁市新城发展投资有限责任公司,7,AA+,03,2018-04-12,7.6,30
127778,PR万盛01,重庆市万盛经济技术开发区开发投资集团有限公司,7,AAA,03,2018-04-17,7.5,30
127779,PR巢城建,巢湖市城镇建设投资有限公司,7,AAA,03,2018-05-17,5.67,30
127780,PR吉水02,江西吉湖发展集团有限公司,7,AA+,03,2018-04-24,7.5,0
127781,18歙县债,歙县城市建设投资开发有限公司,7,AAA,03,2018-07-13,6.5,30
127782,G18金控1,陕西金融控股集团有限公司,7,AAA,03,2018-04-16,5.88,0
127783,18芜新债,芜湖新马投资有限公司,7,AAA,03,2018-04-27,6,30
127784,PR泸工债,泸州产业发展投资集团有限公司,7,AA+,03,2018-04-26,7.2,30
127785,PR榕停01,福州城市建设投资集团有限公司,10,AAA,03,2018-07-03,5.65,0
127786,PR伟债01,伟驰控股集团有限公司,7,AA,03,2018-04-23,7.2,30
127787,PR来安债,来安县城市基础设施开发有限公司,7,AAA,03,2018-05-10,6.5,30
127788,G18武铁1,武汉地铁集团有限公司,15,AAA,03,2018-04-27,5.29,0
127789,PR陶都01,江苏陶都城市发展投资有限公司,7,AAA,03,2018-04-24,5.99,30
127791,PR温岭01,温岭市国有资产投资集团有限公司,7,AA+,03,2018-05-09,5.73,30
127792,G18龙源1,龙源电力集团股份有限公司,7,AAA,03,2018-05-10,4.83,0
127793,PR草堂债,西安高新区草堂科技产业基地发展有限公司,7,AAA,03,2018-05-25,6.49,30
127794,PR荣成开,荣成市经济开发投资有限公司,7,AAA,03,2018-05-15,5.75,0
127796,PR秀湖债,嘉兴市秀湖发展投资集团有限公司,7,AA,03,2018-05-25,6.8,30
127797,PR庐城债,庐江县城市建设投资有限公司,7,AAA,03,2018-05-10,5.89,30
127798,PRG嘉湘1,嘉兴市湘家荡发展投资集团有限公司,7,AA+,03,2018-05-23,6.4,0
127799,PR韶高新,韶山高新建设投资有限公司,7,AA+,03,2018-07-11,8,30
127800,PR谷城01,谷城县建设投资经营有限公司,7,AA+,03,2018-05-25,7.88,30
127801,PR泗阳01,泗阳县佳鼎实业有限公司,7,AA+,03,2018-05-18,7.5,30
127802,PR芜湖01,芜湖宜居投资集团有限公司,10,AA+,03,2018-05-14,6.5,0
127803,PR绵安01,绵阳安州投资控股集团有限公司,7,AA+,03,2018-08-02,8.1,0
127804,PR黔南,黔南州投资有限公司,7,AA,03,2019-01-25,8,0
127805,PR益阳01,益阳市城市建设投资运营集团有限责任公司,7,AAA,03,2018-07-04,6.43,0
127806,PRG安吉1,安吉县城市建设投资集团有限公司,7,AA+,03,2018-05-21,7.2,0
127807,PR于都债,于都县振兴投资开发有限公司,7,AAA,03,2018-05-28,7.5,30
127808,PRG黄山1,黄山城投集团有限公司,7,AA,03,2018-07-11,6.74,30
127809,PR彭山,眉山市彭山发展控股集团有限公司,7,AAA,03,2018-05-18,7.98,0
127810,G18广业1,广东省环保集团有限公司,7,AAA,03,2018-05-30,5.08,30
127811,PR唐金债,唐山控股发展集团股份有限公司,7,AA,03,2018-05-30,7.6,30
127812,PR万盛02,重庆市万盛经济技术开发区开发投资集团有限公司,7,AAA,03,2018-05-22,7.09,30
127813,PR都堰01,都江堰新城建设投资有限责任公司,7,AA,03,2018-05-18,7.8,30
127814,PR永修01,永修县城市建设投资开发有限公司,7,AA,03,2018-08-22,7.5,30
127815,PR泗县债,泗县城市建设投资有限公司,7,AAA,03,2018-09-04,6.5,30
127817,PR弋阳01,弋阳县城市建设投资开发有限公司,7,AAA,03,2018-07-02,7.5,30
127818,PR乳山债,乳山市城市国有资产经营有限公司,7,AAA,03,2018-06-25,7.4,30
127819,18常德源,常德市德源投资集团有限公司,7,AA+,03,2018-06-25,7.7,30
127820,PR鄂交投,湖北交通投资集团有限公司,7,AAA,03,2018-07-12,5.29,30
127822,PR蓉园01,成都花园水城城乡建设投资有限责任公司,7,AA,03,2018-06-28,8,30
127823,PR城北01,长沙市城北投资有限公司,7,AAA,03,2018-06-21,6.95,30
127824,PR产投01,南京江北新区产业投资集团有限公司,7,AA+,03,2018-06-28,6.9,30
127825,PR嘉陵债,南充市嘉陵发展投资有限公司,7,AAA,03,2018-06-22,7.98,30
127827,PR定远18,定远县城乡发展投资集团有限公司,7,AAA,03,2018-07-13,7,30
127828,PR青平度,平度市国有资产经营管理有限公司,7,AAA,03,2018-07-30,6.05,30
127829,PR常鼎01,常德市鼎城江南新城建设投资开发有限公司,7,AAA,03,2018-10-30,7.58,30
127830,18珠江债,广州珠江实业集团有限公司,15,AAA,03,2018-08-09,5.7,0
127831,PR西高02,西安高新控股有限公司,7,AAA,03,2018-07-05,5.87,30
127832,PR桐建02,桐城市建设投资发展有限责任公司,7,AA+,03,2018-08-13,7.5,0
127833,PR宿高01,宿迁高新开发投资有限公司,7,AAA,03,2018-08-09,6.97,30
127834,PR射洪02,射洪市国有资产经营管理集团有限公司,7,AAA,03,2018-09-07,7.5,30
127835,PR南溪01,宜宾市南溪区财源国有资产经营有限责任公司,7,AAA,03,2018-08-15,8.1,30
127836,PR金交投,淮安市金湖交通投资有限公司,7,AAA,03,2018-08-20,7.38,30
127837,18京投02,北京市基础设施投资有限公司,15,AAA,03,2018-08-27,4.65,30
127838,18京投01,北京市基础设施投资有限公司,10,AAA,03,2018-08-27,4.3,30
127839,G18树业,树业环保科技股份有限公司,4,AAA,03,2018-08-27,7.5,0
127840,G18广业2,广东省环保集团有限公司,7,AAA,03,2018-09-06,4.98,30
127841,PR武义01,浙江武义城市建设投资集团有限公司,7,AA,03,2018-08-27,8,0
127842,PRG安吉2,安吉县城市建设投资集团有限公司,7,AA+,03,2018-10-18,7.49,0
127843,PR新宇02,毕节市七星关区新宇建设投资有限公司,7,AA,03,2018-08-30,8.05,30
127844,PR东坡01,眉山市东坡发展投资有限公司,7,AA,03,2018-08-28,8.08,30
127845,G18武铁2,武汉地铁集团有限公司,7,AAA,03,2018-08-31,5.09,0
127846,PR洋口02,江苏洋口港建设发展集团有限公司,7,AAA,03,2018-08-31,7.6,30
127847,PR浔开01,浙江湖州南浔经济建设开发有限公司,7,AA,03,2018-09-12,7.8,30
127848,18厦轨01,厦门轨道建设发展集团有限公司,9,AAA,03,2018-09-05,4.41,30
127849,PR宏鼎债,沂源宏鼎资产经营有限公司,7,AAA,03,2018-09-06,7.5,30
127850,PR良渚债,杭州良渚文化城集团有限公司,7,AA+,03,2018-09-06,6.3,0
127851,PR永修02,永修县城市建设投资开发有限公司,7,AA,03,2018-09-06,7.8,30
127852,PR溧停车,南京溧水城市建设集团有限公司,7,AAA,03,2018-08-14,5.4,0
127853,PR孟投01,孟州市投资开发有限公司,7,AAA,03,2018-10-15,8,30
127854,PR尖山01,海宁市尖山新区开发有限公司,7,AA+,03,2018-09-20,6.98,30
127855,PR南黄海,江苏海奕控股集团有限公司,7,AAA,03,2018-09-27,5.98,30
127856,PR安发01,安宁发展投资集团有限公司,7,AA,03,2018-09-25,8.8,0
127857,PR桃源债,桃源县经济开发区开发投资有限公司,7,AAA,03,2018-09-26,8.2,30
127858,PR当涂投,当涂县城乡建设投资有限责任公司,7,AAA,03,2018-09-26,7.47,30
127859,H18华汽1,华晨汽车集团控股有限公司,5,AAA,03,2018-10-16,5.4,30
127860,H18华汽2,华晨汽车集团控股有限公司,5,AAA,03,2018-10-16,6.3,30
127861,PR天易投,湖南天易融通创业投资有限公司,7,AAA,03,2018-10-08,7.5,30
127862,PR兴义02,兴义市信恒城市建设投资有限公司,7,AA,03,2018-12-06,8,30
127863,18苏交04,江苏交通控股有限公司,5,AAA,03,2018-11-06,4.43,30
127864,PR威蓝债,威海蓝创建设投资有限公司,7,AA,03,2019-03-01,7.7,0
127865,PR南康01,赣州市南康区城市建设发展集团有限公司,7,AA,03,2018-10-15,8,0
127866,PR舟蓬01,舟山群岛新区蓬莱国有资产投资集团有限公司,8,AA,03,2018-10-12,7,30
127867,PR崇左债,广西崇左市城市建设投资发展集团有限公司,7,AA,03,2019-04-09,8.5,30
127868,PR酉桃花,酉阳县桃花源文化旅游集团有限公司,7,AA,03,2018-10-12,7.5,30
127870,PR桂东01,防城港市文旅集团有限公司,7,AA,03,2018-10-24,7.95,30
127871,PR沛经01,沛县经济开发区发展有限公司,7,AAA,03,2018-11-05,6.2,30
127872,PR宿高02,宿迁高新开发投资有限公司,7,AAA,03,2018-11-29,6.49,30
127873,PR章贡债,赣州市章贡区建设投资集团有限公司,7,AA,03,2018-10-30,7.8,30
127874,PR舟城02,舟山海城建设投资集团有限公司,7,AA+,03,2018-11-01,5.94,30
127875,PR都新城,都江堰新城建设投资有限责任公司,7,AA,03,2018-10-19,7.8,30
127876,PR乌铁01,乌鲁木齐经济技术开发区高铁枢纽综合投资(集团)有限公司,7,AA,03,2018-11-21,7.5,0
127877,PR天融02,湖南天易融通创业投资有限公司,7,AAA,03,2018-11-09,8,30
127878,PR即旅投,青岛市即墨区城市旅游开发投资有限公司,7,AA+,03,2018-11-29,6.27,0
127879,PR城北02,长沙市城北投资有限公司,7,AA+,03,2018-11-13,7,30
127880,PR南康02,赣州市南康区城市建设发展集团有限公司,7,AA,03,2018-11-07,8,0
127881,PR成金01,成都交子公园金融商务区投资开发有限责任公司,7,AAA,03,2018-11-05,5.99,0
127882,PR射洪03,射洪市国有资产经营管理集团有限公司,7,AAA,03,2018-11-14,7.6,30
127884,PR水高科,贵州水城经济开发区高科开发投资有限公司,7,AA,03,2018-11-02,7.5,30
127885,PR乌兴01,乌苏市兴融建设投资集团有限责任公司,7,AAA,03,2018-11-13,7.5,30
127886,PR什邡债,什邡市国有投资控股集团有限公司,7,AA+,03,2018-12-20,8,30
127887,PR射洪04,射洪市国有资产经营管理集团有限公司,7,AAA,03,2018-11-14,7.6,30
127888,PR弥勒01,弥勒市农业投资开发有限责任公司,7,AAA,03,2018-11-13,8,30
127889,G18余旅,杭州临平旅游开发有限公司,7,AAA,03,2018-11-22,5.57,0
127890,PR云阳01,重庆江来实业集团有限公司,7,AAA,03,2018-11-09,7.5,0
127891,18邮政债,中国邮政集团有限公司,5,AAA,03,2018-11-09,4,30
127892,18瓯专债,温州市瓯江口开发建设投资集团有限公司,7,AA,03,2018-11-13,7.8,0
127893,H18华汽3,华晨汽车集团控股有限公司,5,AAA,03,2018-11-28,5.8,30
127894,PR弋阳02,弋阳县城市建设投资开发有限公司,7,AAA,03,2018-11-19,7.9,30
127895,PR彭泽01,彭泽县城市建设投资有限公司,7,AAA,03,2018-11-13,7,30
127897,PR凤建01,泰州凤城河建设发展有限公司,7,AAA,03,2018-11-22,5.48,30
127898,PR华通01,青岛华通国有资本投资运营集团有限公司,7,AA+,03,2019-03-04,6.08,0
127899,PR漳城投,福建漳州城投集团有限公司,7,AA+,03,2018-12-27,5.73,30
129903,12贴现国债03,中华人民共和国财政部,0.75,,01,2012-06-25,0,-200
129904,98中信⑺,中国国际信托投资公司,7,AAA,03,2001-01-15,5.48,0
129905,98石油债,中国石油天然气股份有限公司,8,AAA,03,2001-10-18,4.5,30
133528,23湔江非公开短债D1,成都湔江投资集团有限公司,1,,02,2023-05-31,3.8,190
136000,15浙国资,浙江省国有资本运营有限公司,5,AAA,02,2015-11-24,3.78,90
136001,15福能债,福建省能源集团有限责任公司,5,AAA,02,2015-11-23,3.88,90
136002,15赣粤02,江西赣粤高速公路股份有限公司,7,AAA,02,2015-11-12,3.85,90
136003,15如意债,山东如意科技集团有限公司,5,AA,02,2015-11-12,5.95,90
136004,14武控02,武汉三镇实业控股股份有限公司,5,AA+,02,2016-08-05,3.6,90
136005,15海投01,山东海洋集团有限公司,5,AA+,02,2015-11-19,3.8,90
136006,15鲁星01,山东三星集团有限公司,5,AA,02,2015-11-26,5.64,90
136007,15鲁焦02,中融新大集团有限公司,3,AA,02,2015-12-07,6.8,90
136008,15协鑫债,保利协鑫(苏州)新能源有限公司,5,AA,02,2015-11-30,5.6,90
136009,15红星01,红星美凯龙控股集团有限公司,5,AA,02,2015-12-30,4.37,90
136010,15中骏01,厦门中骏集团有限公司,5,AA,02,2015-11-27,5.18,90
136011,14瀚华02,瀚华金控股份有限公司,4,AA+,02,2015-12-02,5.6,90
136012,15梅花02,梅花生物科技集团股份有限公司,4,AA,02,2015-12-07,4.27,90
136014,15福投债,福建省投资开发集团有限责任公司,8,AAA,02,2015-11-19,3.86,90
136016,15赛轮债,赛轮集团股份有限公司,3,AA,02,2015-11-25,5.1,90
136017,15名城01,上海大名城企业股份有限公司,5,AA,02,2015-12-11,6.98,90
136019,15龙湖04,重庆龙湖企业拓展有限公司,7,AAA,02,2015-12-04,4.08,90
136021,15新城01,新城控股集团股份有限公司,5,AA+,02,2015-11-23,4.5,90
136023,15当代债,武汉当代科技产业集团股份有限公司,5,AA,02,2015-12-09,5.1,90
136024,15沪城开,上海城开(集团)有限公司,7,AA,02,2015-12-14,4.47,90
136025,15黔路01,贵州省公路工程集团有限公司,3,AA,02,2015-11-26,4.2,90
136026,15蒙阜丰,内蒙古阜丰生物科技有限公司,3,AA+,02,2015-12-02,3.98,90
136027,15三福02,泰州三福重工集团有限公司,5,AA,02,2015-12-08,6,90
136028,15花园01,汕头花园集团有限公司,5,AA,02,2015-12-04,7.25,90
136029,15华宝债,华宝投资有限公司,3,AAA,02,2015-12-08,3.85,90
136030,15吉利01,浙江吉利控股集团有限公司,6,AAA,02,2015-12-10,3.88,90
136031,15常发投,常熟市发展投资有限公司,5,AA+,02,2015-12-11,4.3,90
136032,15红美01,红星美凯龙家居集团股份有限公司,5,AA+,02,2015-12-10,5.1,90
136033,15东旭02,东旭集团有限公司,5,AA,02,2015-12-09,7,90
136034,15沪国资,上海国有资产经营有限公司,5,AAA,02,2015-12-03,4,90
136035,15远东一,远东国际融资租赁有限公司,5,AAA,02,2015-12-10,3.85,90
136036,15苏元禾,苏州元禾控股股份有限公司,5,AA+,02,2015-12-04,4.29,90
136037,15旭辉02,旭辉集团股份有限公司,5,AA,02,2015-12-11,5.96,90
136038,15兴杭01,闽西兴杭国有资产投资经营有限公司,5,AA+,02,2015-12-11,4.09,90
136039,15石化01,中国石油化工股份有限公司,3,AAA,02,2015-12-11,3.3,90
136040,15石化02,中国石油化工股份有限公司,5,AAA,02,2015-12-11,3.7,90
136041,15渝信01,同方国信投资控股有限公司,3,AAA,02,2015-12-18,3.88,90
136042,15渝信02,同方国信投资控股有限公司,7,AAA,02,2015-12-18,4.26,90
136043,15华凌01,新疆华凌工贸(集团)有限公司,5,AA,02,2015-12-17,6.5,90
136044,15通运01,南通汽运实业集团有限公司,7,AA,02,2015-12-17,4.9,90
136045,15复地01,复地(集团)股份有限公司,5,AA+,02,2015-12-11,4.15,90
136046,15中海01,中海企业发展集团有限公司,6,AAA,02,2016-01-15,3.4,90
136049,15中海02,中海企业发展集团有限公司,7,AAA,02,2016-01-15,3.85,90
136050,15景德01,景德镇市国资运营投资控股集团有限责任公司,7,AA,02,2015-12-17,5.3,90
136051,15五矿03,中国五矿股份有限公司,7,AAA,02,2015-12-28,4.5,90
136052,15五矿04,中国五矿股份有限公司,10,AAA,02,2015-12-28,4.9,90
136053,15南航01,中国南方航空股份有限公司,5,AAA,02,2015-12-14,3.63,90
136055,14国贸02,中国国际贸易中心股份有限公司,3,AA+,02,2015-12-24,3.88,90
136056,15玉皇01,山东玉皇化工有限公司,3,AA,02,2015-12-21,6.35,90
136057,15华发01,珠海华发实业股份有限公司,5,AA,02,2015-12-14,4.5,90
136058,15宜集债,宜华企业(集团)有限公司,5,AA,02,2015-12-18,5.99,90
136059,15纳通01,北京纳通科技集团有限公司,2,AA,02,2016-02-01,5,90
136060,15纳通02,北京纳通科技集团有限公司,3,AA,02,2016-02-01,5.43,90
136062,15大连港,大连港集团有限公司,5,AAA,02,2015-12-30,3.94,90
136063,15中骏02,厦门中骏集团有限公司,5,AA,02,2015-12-29,5.3,90
136064,13铁龙02,中铁铁龙集装箱物流股份有限公司,3,AA+,02,2015-12-24,3.77,90
136065,15晋电01,山西国际电力集团有限公司,10,AAA,02,2015-12-18,4.29,90
136066,15西王01,西王集团有限公司,7,AA+,02,2015-12-31,7.41,90
136067,15洪市政,南昌市政公用集团有限公司,7,AA+,02,2015-12-30,4.07,90
136068,15哈投02,哈尔滨投资集团有限责任公司,5,AA+,02,2015-12-24,4,90
136069,15双欣债,内蒙古双欣能源化工有限公司,5,AA,02,2015-12-28,7.3,90
136070,15必康债,陕西必康制药集团控股有限公司,5,AA,02,2015-12-31,4.68,90
136071,15开元01,海通开元投资有限公司,5,AA+,02,2015-12-24,4.25,90
136072,15开元02,海通开元投资有限公司,3,AA+,02,2015-12-24,3.9,90
136073,15云能02,云南省能源投资集团有限公司,5,AAA,02,2016-01-11,4.15,90
136074,15合作债,河北省新合作控股集团有限公司,5,AA,02,2015-12-23,4.43,90
136075,15桂铁投,广西铁路投资集团有限公司,10,AAA,02,2015-12-23,3.8,90
136076,15瑞贝卡,河南瑞贝卡发制品股份有限公司,5,AA,02,2015-12-25,5.68,90
136077,15中天01,中天钢铁集团有限公司,3,AA,02,2015-12-24,7.5,90
136078,15禹洲01,厦门禹洲鸿图地产开发有限公司,5,AA,02,2016-01-07,5.1,90
136079,15中航债,中国航空技术国际控股有限公司,5,AAA,02,2016-01-04,3.72,90
136080,15北汽01,北京汽车投资有限公司,5,AAA,02,2016-01-25,3.6,90
136081,15广汇01,广汇能源股份有限公司,5,AA+,02,2015-12-24,6,90
136082,15浙交01,浙江省交通投资集团有限公司,5,AAA,02,2015-12-29,3.68,90
136083,15浙交02,浙江省交通投资集团有限公司,10,AAA,02,2015-12-29,4,90
136084,15金源01,世纪金源投资集团有限公司,5,AA+,02,2016-01-11,4.85,90
136085,15金茂投,上海金茂投资管理集团有限公司,5,AAA,02,2015-12-28,3.55,90
136086,15金源02,世纪金源投资集团有限公司,7,AA+,02,2016-01-11,5.4,90
136087,15保利01,保利发展控股集团股份有限公司,5,AAA,02,2016-01-22,3.4,90
136088,15保利02,保利发展控股集团股份有限公司,7,AAA,02,2016-01-22,3.68,90
136089,15绿地01,绿地控股集团有限公司,5,AAA,02,2016-02-04,3.9,90
136090,15绿地02,绿地控股集团有限公司,5,AAA,02,2016-02-04,3.8,90
136091,15华集01,华泰集团有限公司,5,AA,02,2016-01-11,6.6,90
136092,15连云港,江苏连云港港口股份有限公司,5,AA,02,2015-12-30,3.93,90
136093,15华信债,上海华信国际集团有限公司,5,AA+,02,2015-12-31,4.98,90
136094,15晋电02,山西国际电力集团有限公司,10,AAA,02,2015-12-30,3.99,90
136095,15锡交01,无锡市交通产业集团有限公司,5,AA+,02,2016-01-29,3.88,90
136096,16复星01,上海复星高科技(集团)有限公司,5,AAA,02,2016-03-11,3.78,90
136097,15鲁高01,山东高速集团有限公司,5,AAA,02,2016-01-08,3.67,90
136098,15义市01,义乌市市场发展集团有限公司,5,AA+,02,2016-01-04,3.9,90
136099,15绍交01,绍兴市交通投资集团有限公司,5,AA+,02,2016-01-05,3.9,90
136100,16凯乐债,湖北凯乐科技股份有限公司,3,AA,02,2016-02-24,6.8,90
136101,15合景01,广州合景控股集团有限公司,6,AA+,02,2016-01-18,4.94,90
136102,15合景02,广州合景控股集团有限公司,7,AA+,02,2016-01-11,6.15,90
136103,15滇路01,云南省公路开发投资有限责任公司,5,AA+,02,2016-01-18,4.1,90
136104,15市北债,上海市北高新股份有限公司,5,AA,02,2016-01-06,4.33,90
136105,15三友01,唐山三友化工股份有限公司,5,AA,02,2016-01-14,4.2,90
136106,15三友02,唐山三友化工股份有限公司,7,AA,02,2016-01-14,5.3,90
136107,15穗工债,广州高新区投资集团有限公司,5,AA,02,2016-01-11,4.1,90
136108,14粤运02,广东粤运交通股份有限公司,5,AAA,02,2016-01-28,3.58,90
136109,PR康达债,重庆康达环保产业(集团)有限公司,7,AA,02,2016-02-04,5.5,90
136110,14昊华02,北京昊华能源股份有限公司,7,AA+,02,2016-03-11,5.85,90
136111,15中环01,上海中环投资开发(集团)有限公司,5,AA,02,2016-01-22,4,90
136112,15华集02,华泰集团有限公司,5,AA,02,2016-01-11,6.75,90
136113,15新燃01,新奥(中国)燃气投资有限公司,5,AAA,02,2016-02-02,3.68,90
136114,15花园02,汕头花园集团有限公司,5,AA,02,2016-01-06,7.47,90
136116,15天富债,新疆天富集团有限责任公司,5,AA,02,2016-01-12,4.3,90
136117,PR苏伟驰,伟驰控股集团有限公司,5,AA,02,2016-01-07,5.4,90
136118,15融信01,融信(福建)投资集团有限公司,5,AA,02,2016-02-01,6.4,90
136119,15国创01,国创高科实业集团有限公司,5,AA,02,2016-01-22,8,90
136120,15鲁能债,鲁能集团有限公司,5,AA+,02,2016-01-20,3.76,90
136121,15南山02,南山集团有限公司,5,AA+,02,2016-01-21,5.7,90
136122,15天域债,天域生态园林股份有限公司,3,AA,02,2016-01-21,8.5,90
136123,15中合01,中合中小企业融资担保股份有限公司,7,AAA,02,2016-01-20,3.6,90
136124,16新奥债,新奥天然气股份有限公司,5,AA,02,2016-03-22,6.25,90
136125,15洛娃01,洛娃科技实业集团有限公司,5,AA,02,2016-01-11,5.8,90
136126,15鑫苑01,鑫苑(中国)置业有限公司,5,AA,02,2016-01-20,7.5,90
136127,15中江01,中国江苏国际经济技术合作集团有限公司,5,AA,02,2016-01-27,4.46,90
136128,15宇通01,郑州宇通集团有限公司,5,AA+,02,2016-01-18,3.38,90
136129,15圣牧01,内蒙古圣牧高科牧业有限公司,5,AA,02,2016-01-28,6.48,90
136130,16葛洲01,中国葛洲坝集团股份有限公司,5,AAA,02,2016-02-23,3.14,90
136131,15陕投债,陕西省产业投资有限公司,5,AA,02,2016-01-19,4,90
136132,15邢钢债,邢台钢铁有限责任公司,5,AA,02,2016-02-01,7.2,90
136133,16国电01,中国国电集团有限公司,3,AAA,02,2016-02-26,2.98,90
136134,16番雅债,广州番禺雅居乐房地产开发有限公司,5,AA+,02,2016-02-04,4.7,90
136135,16联泰01,广东省联泰集团有限公司,6,AA,02,2016-01-25,5.75,90
136136,16茂业01,深圳茂业商厦有限公司,3,AA,02,2016-02-02,4,90
136137,16茂业02,深圳茂业商厦有限公司,5,AA,02,2016-02-02,4.5,90
136138,16常高新,常高新集团有限公司,5,AA+,02,2016-01-29,3.58,90
136139,16国美01,国美电器有限公司,6,AA+,02,2016-02-04,4,90
136140,16富力01,广州富力地产股份有限公司,5,AA+,02,2016-03-09,3.95,90
136141,16邦信01,邦信资产管理有限公司,6,AAA,02,2016-08-01,3.47,90
136142,16中铁01,中国铁建房地产集团有限公司,5,AA+,02,2016-02-22,3.7,90
136143,16万达01,大连万达商业管理集团股份有限公司,5,AAA,02,2016-02-18,3.2,90
136144,16远东一,远东国际融资租赁有限公司,5,AAA,02,2016-02-03,3,90
136145,16金辉01,金辉集团股份有限公司,5,AA,02,2016-02-02,7.3,90
136147,16中粮01,中粮置业投资有限公司,5,AA+,02,2016-03-15,3.2,90
136148,16宏桥01,山东宏桥新型材料有限公司,5,AA+,02,2016-02-15,7.3,90
136149,16宏桥02,山东宏桥新型材料有限公司,5,AA+,02,2016-02-15,4.88,90
136150,16桐昆01,浙江桐昆控股集团有限公司,3,AA+,02,2016-02-04,3.95,90
136151,16保利01,保利发展控股集团股份有限公司,5,AAA,02,2016-03-21,4,90
136152,16保利02,保利发展控股集团股份有限公司,7,AAA,02,2016-03-21,3.19,90
136153,16珠投01,广东珠江投资股份有限公司,5,AA+,02,2016-02-19,5,90
136154,16西王01,西王集团有限公司,5,AA+,02,2016-03-18,7.3,90
136155,16电建01,中国电建地产集团有限公司,5,AA+,02,2016-02-23,3.7,90
136156,16同益债,同益实业集团有限公司,5,AA,02,2016-02-02,7.48,90
136157,16重水01,重庆市水利投资(集团)有限公司,5,AA+,02,2016-02-19,3.27,90
136158,16融信01,融信(福建)投资集团有限公司,5,AA,02,2016-02-01,6.9,90
136159,16沪国资,上海国有资产经营有限公司,5,AAA,02,2016-02-15,3,90
136160,16东旭01,东旭集团有限公司,5,AA,02,2016-02-18,6.84,90
136161,16渝交投,重庆城市交通开发投资(集团)有限公司,5,AAA,02,2016-02-01,3.1,90
136162,16中静01,中静新华资产管理有限公司,6,AA,02,2016-02-02,7.8,90
136163,16青国信,青岛国信发展(集团)有限责任公司,10,AAA,02,2016-02-16,3.6,90
136164,16中油01,中国石油天然气股份有限公司,5,AAA,02,2016-02-05,3.03,90
136165,16中油02,中国石油天然气股份有限公司,10,AAA,02,2016-02-05,3.5,90
136166,16广新01,广东省广新控股集团有限公司,5,AA+,02,2016-02-05,3.33,90
136167,16华夏债,华夏幸福基业股份有限公司,7,AA+,02,2016-02-04,4.88,90
136168,16建发01,厦门建发集团有限公司,7,AAA,02,2016-02-19,3.3,90
136169,16狮桥债,狮桥融资租赁(中国)有限公司,5,AA,02,2016-02-25,5.88,90
136170,16景瑞01,景瑞地产(集团)有限公司,5,AA,02,2016-04-06,5.88,90
136172,16亿阳01,亿阳集团股份有限公司,4,AA,02,2016-03-03,7.1,90
136173,16龙源01,龙源电力集团股份有限公司,5,AAA,02,2016-02-18,3.28,90
136174,16工艺01,中国工艺集团有限公司,5,AA+,02,2016-04-15,3.8,90
136175,16搜候债,北京望京搜候房地产有限公司,3,AAA,02,2016-02-23,3.45,90
136176,16绿地01,绿地控股集团有限公司,5,AAA,02,2016-03-03,6.8,90
136177,16电气债,上海电气(集团)总公司,3,AAA,02,2016-02-17,3,90
136178,16兆泰01,北京兆泰集团股份有限公司,5,AA,02,2016-02-18,4.93,90
136179,16绿地02,绿地控股集团有限公司,5,AAA,02,2016-03-03,3.8,90
136180,16国汽01,国机汽车股份有限公司,5,AA+,02,2016-03-21,3.5,90
136181,16万通01,广西万通房地产有限公司,5,AA,02,2016-03-24,6.9,90
136182,16玉皇01,山东玉皇化工有限公司,3,AA,02,2016-02-15,6.35,90
136183,16新华债,新华联控股有限公司,5,AA+,02,2016-04-12,6.5,90
136184,16上港01,上海国际港务集团股份有限公司,5,AAA,02,2016-02-18,3,90
136185,16国发01,苏州国际发展集团有限公司,5,AA+,02,2016-02-18,3.33,90
136186,16苏新债,苏州新区高新技术产业股份有限公司,5,AA,02,2016-02-19,4,90
136187,16景德01,景德镇市国资运营投资控股集团有限责任公司,7,AA,02,2016-02-24,4.5,90
136188,16富力03,广州富力地产股份有限公司,5,AA+,02,2016-03-11,3.95,90
136189,16新业01,新疆新业国有资产经营(集团)有限责任公司,7,AA+,02,2016-02-26,4.38,90
136190,16正才02,杭州正才控股集团有限公司,3,AA+,02,2016-03-11,6.47,90
136191,16靖江港,靖江港口集团有限公司,5,AA,02,2016-06-30,7.2,90
136192,16信威01,北京信威通信技术股份有限公司,5,AA,02,2016-03-11,6.6,90
136193,16广越01,广州越秀集团有限公司,7,AAA,02,2016-02-26,3.38,90
136194,16广越02,广州越秀集团有限公司,10,AAA,02,2016-02-26,3.73,90
136195,16龙湖01,重庆龙湖企业拓展有限公司,5,AAA,02,2016-02-24,3.3,90
136196,16龙湖02,重庆龙湖企业拓展有限公司,8,AAA,02,2016-02-24,3.68,90
136197,16鑫苑01,鑫苑(中国)置业有限公司,5,AA,02,2016-02-25,7.47,90
136198,16上药01,上海医药集团股份有限公司,3,AAA,02,2016-03-09,2.98,90
136199,16铁工01,中国中铁股份有限公司,5,AAA,02,2016-03-14,3.07,90
136200,16铁工02,中国中铁股份有限公司,10,AAA,02,2016-03-14,3.8,90
136201,16香江01,香江集团有限公司,5,AA,02,2016-04-11,5.5,90
136202,16宏桥03,山东宏桥新型材料有限公司,5,AA+,02,2016-02-23,4.5,90
136203,16国创01,国创高科实业集团有限公司,5,AA,02,2016-03-03,6.87,90
136204,16丹港01,丹东港集团有限公司,5,AA,02,2016-02-25,5.5,90
136205,16龙盛01,浙江龙盛集团股份有限公司,5,AA+,02,2016-02-24,3.98,90
136206,16龙盛02,浙江龙盛集团股份有限公司,5,AA+,02,2016-02-24,4.18,90
136207,16武金01,武汉金融控股(集团)有限公司,5,AA+,02,2016-06-28,3.5,90
136208,16广新02,广东省广新控股集团有限公司,5,AA+,02,2016-02-25,3.75,90
136209,16国美02,国美电器有限公司,6,AA+,02,2016-02-24,4,90
136210,16力帆债,力帆实业(集团)股份有限公司,5,AA,02,2016-03-01,6.26,90
136211,16恒力01,恒力集团有限公司,5,AA,02,2016-12-12,6.48,90
136212,16中交债,中交置业有限公司,5,AA,02,2016-03-14,4.18,90
136213,16晋建发,山西园区建设发展集团有限公司,5,AA+,02,2016-03-04,5.2,90
136214,14上实02,上海实业发展股份有限公司,5,AA,02,2016-04-07,3.23,90
136217,16新有色,新疆有色金属工业(集团)有限责任公司,5,AAA,02,2016-02-24,4.76,90
136218,16华凌01,新疆华凌工贸(集团)有限公司,5,AA,02,2016-03-01,6.95,90
136219,16中大债,物产中大集团股份有限公司,5,AAA,02,2016-03-02,3.35,90
136220,16新投01,新疆投资发展(集团)有限责任公司,5,AA+,02,2016-04-19,4.19,90
136221,16天铝01,新疆生产建设兵团农八师天山铝业有限公司,5,AA,02,2016-02-23,7.8,90
136222,16疏浚01,中交疏浚(集团)股份有限公司,5,AAA,02,2016-03-24,2.99,90
136223,16卓越01,深圳卓越世纪城房地产开发有限公司,5,AA,02,2016-03-17,5.5,90
136224,16新业02,新疆新业国有资产经营(集团)有限责任公司,7,AA+,02,2016-03-23,3.98,90
136225,16月星01,月星集团有限公司,5,AA,02,2016-03-30,6.5,90
136226,16锡公01,无锡市市政公用产业集团有限公司,7,AAA,02,2016-03-14,3.28,90
136227,16住总01,北京住总集团有限责任公司,5,AA,02,2016-03-24,3.55,90
136228,16国电02,中国国电集团有限公司,3,AAA,02,2016-04-13,2.92,90
136229,16珠投03,广东珠江投资股份有限公司,5,AA+,02,2016-03-24,5.2,90
136230,16宏桥05,山东宏桥新型材料有限公司,5,AA+,02,2016-03-17,4.04,90
136231,16金茂01,山东金茂纺织化工集团有限公司,5,AA,02,2016-05-13,6.97,90
136232,16漳九龙,漳州市九龙江集团有限公司,7,AA+,02,2016-06-15,3.6,90
136233,16保利03,保利发展控股集团股份有限公司,5,AAA,02,2016-04-19,2.96,90
136234,16保利04,保利发展控股集团股份有限公司,10,AAA,02,2016-04-19,4.19,90
136235,16晋然01,山西天然气有限公司,5,AA+,02,2016-03-21,5.15,90
136236,16复药01,上海复星医药(集团)股份有限公司,5,AAA,02,2016-04-01,3.35,90
136237,16纳通01,北京纳通科技集团有限公司,3,AA,02,2016-03-14,5.28,90
136238,16兴发01,宜昌兴发集团有限责任公司,5,AA,02,2016-03-28,4.7,90
136239,16国联01,无锡市国联发展(集团)有限公司,5,AAA,02,2016-03-22,2.98,90
136240,16北部湾,广西北部湾国际港务集团有限公司,5,AA+,02,2016-03-16,3.6,90
136241,16中牧债01,中牧实业股份有限公司,5,AA+,02,2016-04-05,3.15,90
136242,16中车G1,中国中车集团有限公司,5,AAA,02,2016-03-30,2.94,90
136243,16中车G2,中国中车集团有限公司,10,AAA,02,2016-03-30,3.23,90
136244,16华夏02,华夏幸福基业股份有限公司,5,AA+,02,2016-03-21,4.04,90
136245,16海投01,山东海洋集团有限公司,5,AA+,02,2016-04-19,3.78,90
136246,16津投01,天津城市基础设施建设投资集团有限公司,10,AAA,02,2016-03-28,3.34,90
136247,16华综01,珠海华发综合发展有限公司,5,AA+,02,2016-04-11,3.24,90
136248,16外运01,中国外运股份有限公司,5,AAA,02,2016-03-23,3.2,90
136249,16海怡01,广州番禺海怡房地产开发有限公司,5,AA,02,2016-04-21,6.49,90
136250,16瑞茂01,瑞茂通供应链管理股份有限公司,3,AA,02,2016-03-16,6.5,90
136251,16信地01,信达地产股份有限公司,5,AA,02,2016-03-24,3.8,90
136252,16亿阳03,亿阳集团股份有限公司,5,AA,02,2016-04-08,7.1,90
136253,16中油03,中国石油天然气股份有限公司,5,AAA,02,2016-03-21,3.15,90
136254,16中油04,中国石油天然气股份有限公司,10,AAA,02,2016-03-21,3.7,90
136255,PR泰阳债,山东泰阳实业有限公司,5,AA+,02,2016-03-24,5.97,90
136256,16南航01,中国南方航空股份有限公司,3,AAA,02,2016-03-24,2.97,90
136257,16新投02,新疆投资发展(集团)有限责任公司,5,AA+,02,2016-05-17,3.7,90
136259,16龙湖03,重庆龙湖企业拓展有限公司,6,AAA,02,2016-04-01,3.19,90
136260,16龙湖04,重庆龙湖企业拓展有限公司,10,AAA,02,2016-04-01,3.75,90
136261,16长园01,长园集团股份有限公司,3,AA,02,2016-04-14,4.5,90
136262,16建元01,苏州新建元控股集团有限公司,5,AA+,02,2016-03-25,3.2,90
136263,16建元02,苏州新建元控股集团有限公司,5,AA+,02,2016-03-25,3.62,90
136264,16隆基01,隆基绿能科技股份有限公司,5,AA,02,2016-03-24,5.63,90
136265,16正奇01,正奇金融控股股份有限公司,3,AA,02,2016-03-21,5.7,90
136266,16鑫苑02,鑫苑(中国)置业有限公司,5,AA,02,2016-03-25,7.09,90
136267,16广越03,广州越秀集团有限公司,7,AAA,02,2016-03-24,3.2,90
136268,16广越04,广州越秀集团有限公司,10,AAA,02,2016-03-24,3.8,90
136269,16伊品债,宁夏伊品生物科技股份有限公司,5,AA,02,2016-04-18,7.6,90
136270,16南网01,中国南方电网有限责任公司,5,AAA,02,2016-04-14,3.14,90
136271,16天富01,新疆天富能源股份有限公司,5,AA,02,2016-04-18,3.76,90
136272,16国控01,国药控股股份有限公司,5,AAA,02,2016-03-25,2.92,90
136273,16亿达01,亿达发展有限公司,5,AA,02,2016-03-25,6.5,90
136274,16海亮01,海亮集团有限公司,3,AA+,02,2016-04-01,5.3,90
136275,16海正债,浙江海正药业股份有限公司,5,AA+,02,2016-04-05,3.2,90
136276,16南山01,南山集团有限公司,5,AA+,02,2016-04-08,3.99,90
136277,16华地01,江苏华地国际控股集团有限公司,3,AA,02,2016-07-14,4.87,90
136278,16紫江01,上海紫江(集团)有限公司,5,AA+,02,2016-04-06,3.6,90
136279,16渤水产,潍坊渤海水产综合开发有限公司,7,AA,02,2016-04-14,4.85,90
136280,16北汽01,北京汽车投资有限公司,5,AAA,02,2016-04-06,3.15,90
136281,16华综02,珠海华发综合发展有限公司,5,AA+,02,2016-04-11,3.57,90
136282,16华峰01,华峰集团有限公司,5,AA,02,2016-04-19,4.95,90
136283,16浙交01,浙江省交通投资集团有限公司,5,AAA,02,2016-03-31,3.2,90
136284,16浙交02,浙江省交通投资集团有限公司,10,AAA,02,2016-03-31,3.84,90
136285,16金隅01,北京金隅股份有限公司,5,AA+,02,2016-04-11,3.12,90
136286,16金隅02,北京金隅股份有限公司,7,AA+,02,2016-04-11,3.5,90
136287,16首开01,北京首都开发控股(集团)有限公司,5,AA+,02,2016-04-29,3.3,90
136288,16建发02,厦门建发集团有限公司,7,AAA,02,2016-04-06,3.2,90
136289,16珠江01,广州珠江实业集团有限公司,5,AA+,02,2016-05-19,3.32,90
136290,16航民01,浙江航民实业集团有限公司,5,AA,02,2016-04-11,4.2,90
136291,16力帆02,力帆实业(集团)股份有限公司,4,AA,02,2016-04-05,5.94,90
136292,16中星01,上海中星(集团)有限公司,5,AA+,02,2016-04-01,3.2,90
136293,16兆泰02,北京兆泰集团股份有限公司,5,AA,02,2016-04-07,4.18,90
136294,16信地02,信达地产股份有限公司,5,AA,02,2016-03-31,3.5,90
136295,16川电01,四川省水电投资经营集团有限公司,5,AA+,02,2016-04-15,3.38,90
136296,16珠投04,广东珠江投资股份有限公司,5,AA+,02,2016-04-07,4.8,90
136297,16两江01,重庆两江新区开发投资集团有限公司,3,AAA,02,2016-04-07,2.95,90
136298,16青港01,青岛港国际股份有限公司,5,AAA,02,2016-04-19,2.9,90
136299,16翠微01,北京翠微大厦股份有限公司,5,AAA,02,2016-04-05,3,90
136300,16联泰02,广东省联泰集团有限公司,6,AA,02,2016-04-22,5.68,90
136301,16龙盛03,浙江龙盛集团股份有限公司,5,AA+,02,2016-04-05,3.48,90
136302,16龙盛04,浙江龙盛集团股份有限公司,5,AA+,02,2016-04-05,3.93,90
136303,16世茂G1,上海世茂股份有限公司,3,AA+,02,2016-04-15,3.29,90
136304,16紫金01,紫金矿业集团股份有限公司,5,AAA,02,2016-04-08,2.99,90
136305,16紫金02,紫金矿业集团股份有限公司,5,AAA,02,2016-04-08,3.37,90
136306,16复地01,复地(集团)股份有限公司,3,AA+,02,2016-04-07,3.6,90
136307,16协信03,重庆协信远创实业有限公司,5,AA,02,2016-04-06,6.5,90
136308,16皖经01,安徽省外经建设(集团)有限公司,5,AA+,02,2016-04-14,4.5,90
136309,16云投01,云南省投资控股集团有限公司,5,AAA,02,2016-06-07,3.4,90
136310,16当代01,武汉当代科技产业集团股份有限公司,5,AA+,02,2016-04-14,3.75,90
136311,16中化01,中国中化股份有限公司,5,AAA,02,2016-04-22,3.15,90
136312,16皖投01,安徽省投资集团控股有限公司,5,AAA,02,2016-04-12,2.96,90
136313,16西高科,西安高科(集团)公司,7,AA+,02,2016-04-12,3.9,90
136314,16汇丰01,山东汇丰石化集团有限公司,5,AA,02,2016-06-02,5.8,90
136315,16远东三,远东国际融资租赁有限公司,5,AAA,02,2016-04-12,3.03,90
136316,16福能债,福建省能源集团有限责任公司,5,AAA,02,2016-04-06,3.27,90
136317,15智慧01,远东智慧能源股份有限公司,5,AA,02,2016-04-18,4.8,90
136318,16中油05,中国石油天然气股份有限公司,5,AAA,02,2016-04-15,3.08,90
136319,16中油06,中国石油天然气股份有限公司,10,AAA,02,2016-04-15,3.6,90
136320,16宇通01,郑州宇通集团有限公司,5,AA+,02,2016-04-15,3,90
136321,16金泰债,北京金泰集团有限公司,3,AA+,02,2016-05-13,3.75,90
136322,16宇通02,郑州宇通集团有限公司,7,AA+,02,2016-04-15,3.5,90
136323,16越交01,越秀交通基建有限公司,5,AAA,02,2016-04-06,2.85,90
136324,16越交02,越秀交通基建有限公司,7,AAA,02,2016-04-06,3.38,90
136325,16金地01,金地(集团)股份有限公司,6,AAA,02,2016-04-20,3,90
136326,16金地02,金地(集团)股份有限公司,8,AAA,02,2016-04-20,3.5,90
136327,16特房01,厦门经济特区房地产开发集团有限公司,5,AA+,02,2016-05-20,3.2,90
136328,16忠旺01,辽宁忠旺集团有限公司,5,AA+,02,2016-04-13,4.05,90
136329,16国美03,国美电器有限公司,6,AA+,02,2016-05-30,7.6,90
136330,16扬城控,扬州市城建国有资产控股(集团)有限责任公司,5,AA+,02,2016-04-13,3.35,90
136331,16金辉02,金辉集团股份有限公司,5,AA,02,2016-04-12,6.5,90
136332,16泰豪01,泰豪科技股份有限公司,5,AA,02,2016-04-14,4.2,90
136334,16银宝01,江苏银宝控股集团有限公司,5,AA+,02,2016-04-14,3.5,90
136335,16北汽集,北京汽车集团有限公司,7,AAA,02,2016-05-16,3.6,90
136336,16宏泰债,湖北省宏泰国有资本投资运营集团有限公司,5,AA+,02,2016-05-31,3.54,90
136337,16乌房01,乌鲁木齐房地产开发(集团)有限公司,5,AA,02,2016-05-13,3.54,90
136338,16漳诏01,福建省漳州高速公路有限公司,5,AA,02,2016-04-18,3.23,90
136339,16滇路01,云南省公路开发投资有限责任公司,5,AAA,02,2016-04-18,3.3,90
136340,16鲁星01,山东三星集团有限公司,5,AA,02,2016-04-18,5.1,90
136341,16洋河01,江苏洋河集团有限公司,10,AAA,02,2016-04-21,3.24,90
136342,16浦集01,上海浦东发展(集团)有限公司,7,AAA,02,2016-04-15,3.18,90
136343,16泸工债,泸州市工业投资集团有限公司,5,AA,02,2016-04-12,5.39,90
136344,16广电01,广州无线电集团有限公司,5,AAA,02,2016-04-20,3.48,90
136345,16天建01,广州市天建房地产开发有限公司,6,AAA,02,2016-04-18,3.9,90
136346,16天建02,广州市天建房地产开发有限公司,10,AAA,02,2016-04-18,4.8,90
136347,16永利债,浙江永利实业集团有限公司,5,AA,02,2016-04-15,6.2,90
136348,16国机债,中国机械工业集团有限公司,5,AAA,02,2016-04-20,3.39,90
136349,16华虹01,启东市华虹电子有限公司,5,AA,02,2016-04-12,4.3,90
136350,16海怡02,广州番禺海怡房地产开发有限公司,3,AA,02,2016-04-21,5.8,90
136351,16永泰01,永泰能源股份有限公司,3,AA+,02,2016-04-20,7.5,90
136352,16中天01,中天钢铁集团有限公司,3,AA,02,2016-04-29,7.4,90
136353,16象屿债,厦门象屿集团有限公司,7,AA+,02,2016-05-05,3.8,90
136354,16鲁商01,山东省商业集团有限公司,7,AA+,02,2016-05-05,3.66,90
136355,16大华01,大华(集团)有限公司,5,AA+,02,2016-05-26,3.98,90
136356,16宁远高,宁夏远高实业集团有限公司,5,AA,02,2016-07-20,7.9,90
136357,16亚泰01,吉林亚泰(集团)股份有限公司,5,AA,02,2016-05-25,6,90
136358,16川电02,四川省水电投资经营集团有限公司,5,AA+,02,2016-04-25,3.44,90
136360,16富力04,广州富力地产股份有限公司,9.45,AAA,02,2016-05-03,3.48,90
136361,16富力05,广州富力地产股份有限公司,7,AAA,02,2016-05-03,3.95,90
136362,16珠管01,广东珠江投资管理集团有限公司,5,AA,02,2016-05-31,5,90
136363,16复星02,上海复星高科技(集团)有限公司,5,AAA,02,2016-05-09,3.7,90
136364,16十二师,新疆生产建设兵团第十二师国有资产经营(集团)有限责任公司,7,AA,02,2016-05-09,4.66,90
136365,16桂铁债,广西铁路投资集团有限公司,10,AAA,02,2016-05-17,3.55,90
136366,16当代02,武汉当代科技产业集团股份有限公司,5,AA+,02,2016-05-09,3.9,90
136369,16山鹰债,安徽山鹰纸业股份有限公司,7,AA,02,2016-04-27,5.35,90
136370,16宁开控,宁波经济技术开发区控股有限公司,5,AA,02,2016-05-20,3.73,90
136371,16众品01,河南众品食业股份有限公司,3,AA,02,2016-07-15,6.5,90
136372,16光大01,中国光大集团股份公司,5,AAA,02,2016-05-12,2.95,90
136374,16建业01,建业住宅集团(中国)有限公司,5,AA,02,2016-05-19,6,90
136375,16恒健01,广东恒健投资控股有限公司,5,AAA,02,2016-05-24,3.27,90
136376,16中希01,中国希格玛有限公司,3,AA,02,2016-05-25,5.6,90
136377,16泰玻债,泰山玻璃纤维有限公司,5,AA,02,2016-10-10,3.57,90
136378,16华泰01,华泰汽车集团有限公司,5,AA,02,2016-06-07,6.2,90
136379,16精控01,精工控股集团有限公司,5,AA+,02,2016-05-19,6.5,90
136380,16新湖01,新湖中宝股份有限公司,5,AA+,02,2016-06-17,7.1,90
136382,16津投02,天津城市基础设施建设投资集团有限公司,3,AAA,02,2016-06-29,3.1,90
136383,16南港01,南京新港开发总公司,5,AA+,02,2016-05-17,4.06,90
136384,16三花01,三花控股集团有限公司,5,AA+,02,2016-08-05,3.47,90
136385,16九华债,安徽九华山文化旅游集团有限公司,5,AA,02,2016-05-19,4.05,90
136386,16财信债,湖南财信投资控股有限责任公司,5,AA+,02,2016-05-03,3.7,90
136387,16福投01,福建省投资开发集团有限责任公司,8,AA,02,2016-05-19,3.67,90
136388,16亿阳04,亿阳集团股份有限公司,5,AA,02,2016-08-08,7.1,90
136389,16鲁商02,山东省商业集团有限公司,5,AA+,02,2016-05-16,3.68,90
136390,16人福债,人福医药集团股份公司,3,AA+,02,2016-05-16,3.83,90
136391,16圆融01,厦门金圆投资集团有限公司,3,AAA,02,2016-07-12,3.27,90
136392,16财鑫债,常德财鑫融资担保有限公司,5,AA+,02,2016-07-08,6.99,90
136393,16武金02,武汉金融控股(集团)有限公司,5,AA+,02,2016-07-01,3.89,90
136394,16武商贸,武汉商贸国有控股集团有限公司,5,AA,02,2016-05-19,4.75,90
136396,16粤港01,广州港股份有限公司,5,AAA,02,2016-06-22,3.05,90
136397,16北水01,北控水务(中国)投资有限公司,5,AAA,02,2016-06-28,3.6,90
136398,16华融德,华融融德资产管理有限公司,5,AA+,02,2016-05-17,3.8,90
136399,16桂农01,广西农垦集团有限责任公司,3,AA+,02,2016-07-04,4.4,90
136400,16金辉03,金辉集团股份有限公司,5,AA,02,2016-05-20,6.5,90
136401,16华润01,华润电力投资有限公司,7,AAA,02,2016-07-04,3.49,90
136402,16红星01,红星美凯龙控股集团有限公司,5,AA+,02,2016-06-08,4.7,90
136403,16红星02,红星美凯龙控股集团有限公司,7,AA+,02,2016-06-08,5.3,90
136404,16外高01,上海外高桥集团股份有限公司,5,AAA,02,2016-06-01,3.46,90
136405,14亿利02,亿利洁能股份有限公司,5,AA,02,2016-06-01,7,90
136406,16正才03,杭州正才控股集团有限公司,5,AA+,02,2016-05-30,6.2,90
136407,16正才04,杭州正才控股集团有限公司,3,AA+,02,2016-05-30,5.8,90
136408,16路桥01,厦门路桥建设集团有限公司,5,AAA,02,2016-05-19,3.59,90
136409,16融科01,融科智地房地产股份有限公司,5,AAA,02,2016-06-28,4.68,90
136410,16融科02,融科智地房地产股份有限公司,7,AAA,02,2016-06-28,5.5,90
136411,16小商01,浙江中国小商品城集团股份有限公司,3,AA+,02,2016-05-16,3.8,90
136412,16房信01,天津市房地产信托集团有限公司,5,AA+,02,2016-10-13,6,90
136414,16绵投债,绵阳市投资控股(集团)有限公司,5,AA+,02,2016-05-23,5.5,90
136415,16华建01,华建国际实业深圳有限公司,5,AA+,02,2016-05-24,4.6,90
136416,16南山03,南山集团有限公司,5,AA+,02,2016-06-23,4.8,90
136417,16万达02,大连万达商业管理集团股份有限公司,5,AAA,02,2016-05-26,3.95,90
136418,16信威02,北京信威通信技术股份有限公司,5,AA,02,2016-05-17,6.8,90
136419,16国华01,北京国华置业有限公司,5,AA,02,2016-10-14,4.25,90
136420,16中电01,中国电子信息产业集团有限公司,5,AAA,02,2016-05-23,3.5,90
136421,16春秋01,春秋航空股份有限公司,5,AA+,02,2016-06-30,3.8,90
136422,16宝丰01,宁夏宝丰能源集团股份有限公司,5,AA,02,2016-11-09,6.2,90
136424,16南翔02,安徽省南翔贸易(集团)有限公司,3,AA,02,2016-08-23,7,90
136425,16苏农01,苏州市农业发展集团有限公司,5,AA,02,2016-06-13,3.05,90
136426,16电投01,国家电力投资集团有限公司,3,AAA,02,2016-06-16,3.1,90
136427,16葛洲02,中国葛洲坝集团股份有限公司,5,AAA,02,2016-06-14,3.27,90
136429,16福华02,四川省乐山市福华通达农药科技有限公司,3,AA,02,2016-07-01,6.3,90
136430,16浙五金,浙江金汇五金产业有限公司,5,AA,02,2016-05-30,4.97,90
136431,16广安01,北京广安控股集团有限公司,5,AA,02,2016-06-01,4.3,90
136432,16协信05,重庆协信远创实业有限公司,5,AA,02,2016-06-01,6.5,90
136433,16晟晏债,宁夏晟晏实业集团有限公司,5,AA,02,2016-06-08,7.9,90
136434,16葛洲03,中国葛洲坝集团股份有限公司,5,AAA,02,2016-06-14,3.45,90
136435,16广汇G1,广汇汽车服务有限责任公司,3,AA,02,2016-06-15,6.95,90
136436,16远洋01,远洋控股集团(中国)有限公司,5,AAA,02,2016-06-08,4.15,90
136439,16永泰02,永泰能源股份有限公司,3,AA+,02,2016-06-15,7.5,90
136440,16渝开投,重庆城市交通开发投资(集团)有限公司,5,AAA,02,2016-07-26,3.63,90
136441,15智慧02,远东智慧能源股份有限公司,5,AA,02,2016-06-15,5.33,90
136443,16蓉金01,成都交子金融控股集团有限公司,5,AAA,02,2016-06-20,4,90
136445,G16嘉化1,浙江嘉化能源化工股份有限公司,5,AA,02,2016-06-08,4.78,90
136446,16电投02,国家电力投资集团有限公司,3,AAA,02,2016-06-16,3.03,90
136447,16复星03,上海复星高科技(集团)有限公司,5,AAA,02,2016-06-14,4.96,90
136448,16万达03,大连万达商业管理集团股份有限公司,5,AAA,02,2016-06-15,4.8,90
136449,16油服01,中海油田服务股份有限公司,3,AAA,02,2016-06-29,3.14,90
136450,16油服02,中海油田服务股份有限公司,10,AAA,02,2016-06-29,4.1,90
136451,16远洲01,远洲集团股份有限公司,5,AA,02,2016-06-27,8,90
136452,16南航02,中国南方航空股份有限公司,5,AAA,02,2016-06-28,3.7,90
136453,16中工01,中铝国际工程股份有限公司,3,AA+,02,2016-07-21,4.7,90
136454,PR吴交01,苏州市吴江交通投资集团有限公司,7,AA+,02,2016-06-23,3.75,90
136457,16希望01,四川新希望房地产开发有限公司,5,AAA,02,2016-06-24,5.2,90
136458,16圣牧01,内蒙古圣牧高科牧业有限公司,5,AA,02,2016-06-23,4.75,90
136459,16上港02,上海国际港务集团股份有限公司,5,AAA,02,2016-07-01,3.08,90
136460,16市政01,天津市政投资有限公司,5,AAA,02,2016-06-23,3.65,90
136461,16东辰01,东辰控股集团有限公司,3,AA,02,2016-06-24,6.95,90
136462,16漕河泾,上海市漕河泾新兴技术开发区发展总公司,7,AA+,02,2016-07-28,3.76,90
136463,16香城建,中山城市建设集团有限公司,5,AA,02,2016-06-27,4.75,90
136464,16路桥02,厦门路桥建设集团有限公司,5,AAA,02,2016-06-28,3.14,90
136465,16国投01,国家开发投资集团有限公司,7,AAA,02,2016-06-24,3.79,90
136466,16长园02,长园集团股份有限公司,3,AA,02,2016-07-14,4.45,90
136467,16东南01,浙江大东南集团有限公司,3,AA,02,2016-07-12,7,90
136468,16瑞茂02,瑞茂通供应链管理股份有限公司,3,AA,02,2016-06-28,6.45,90
136469,16联通01,中国联合网络通信有限公司,3,AAA,02,2016-07-04,3.07,90
136470,16联通02,中国联合网络通信有限公司,5,AAA,02,2016-07-04,3.43,90
136471,16杨农债,杨凌现代农业开发集团有限公司,7,AA,02,2016-06-30,7.2,90
136472,16青港02,青岛港国际股份有限公司,5,AAA,02,2016-06-30,3.68,90
136473,16中化债,中化国际控股股份有限公司,5,AAA,02,2016-07-01,3.61,90
136474,16万达04,大连万达商业管理集团股份有限公司,5,AAA,02,2016-06-30,4.75,90
136475,16华宇01,重庆华宇集团有限公司,5,AA,02,2016-07-05,6.5,90
136476,16天海债,海航科技股份有限公司,3,AA,02,2016-07-05,6.5,90
136477,16北控01,北京控股集团有限公司,3,AAA,02,2016-07-07,3.03,90
136478,16北控02,北京控股集团有限公司,10,AAA,02,2016-07-07,3.99,90
136479,16华能01,华能国际电力股份有限公司,5,AAA,02,2016-07-04,3.48,90
136480,16华能02,华能国际电力股份有限公司,10,AAA,02,2016-07-04,3.98,90
136481,16海建01,海天建设集团有限公司,3,AA,02,2016-08-25,6.91,90
136482,16华福G1,华福证券有限责任公司,5,AA+,02,2016-07-07,3.67,90
136483,16光大02,中国光大集团股份公司,5,AAA,02,2016-06-30,3.49,90
136484,16香江02,香江集团有限公司,4,AA,02,2016-07-04,6.5,90
136485,16协鑫01,协鑫智慧能源股份有限公司,3,AA,02,2016-07-19,5.1,90
136486,16长城01,中融双创(北京)科技集团有限公司,3,BB,02,2016-07-01,7.05,90
136487,16月星02,月星集团有限公司,5,AA,02,2016-07-13,6.35,90
136488,16南港02,南京新港开发总公司,5,AA+,02,2016-07-07,3.65,90
136489,16正集01,正泰集团股份有限公司,3,AA+,02,2016-07-08,3.88,90
136490,16红美01,红星美凯龙家居集团股份有限公司,5,AA+,02,2016-08-11,4.3,90
136491,16红美02,红星美凯龙家居集团股份有限公司,7,AA+,02,2016-08-11,5.29,90
136492,16禾嘉债,易见供应链管理股份有限公司,3,AA,02,2016-08-08,6.98,90
136493,16成渝01,四川成渝高速公路股份有限公司,5,AAA,02,2016-07-11,3.48,90
136494,16滇博01,云南世博旅游控股集团有限公司,5,AA,02,2016-07-14,4.98,90
136495,16粤高01,广东省高速公路有限公司,15,AAA,02,2016-07-26,4.1,90
136496,16苏华成,苏州工业园区华成房地产开发有限公司,5,AA,02,2016-07-05,6.8,90
136497,16西王02,西王集团有限公司,5,AA+,02,2016-07-13,7,90
136498,PR河西01,南京市河西新城区国有资产经营控股(集团)有限责任公司,5,AAA,02,2016-07-12,3.47,90
136499,16洪市政,南昌市政公用集团有限公司,7,AA+,02,2016-07-12,3.51,90
136500,16兴泰债,合肥兴泰金融控股(集团)有限公司,3,AA+,02,2016-07-12,3.38,90
136502,16穗控01,广州金融控股集团有限公司,5,AAA,02,2016-07-28,3.32,90
136503,16兴杭债,闽西兴杭国有资产投资经营有限公司,5,AA+,02,2016-07-15,3.28,90
136504,16中关01,中关村发展集团股份有限公司,5,AAA,02,2016-07-21,3.38,90
136505,16广汇G2,广汇汽车服务有限责任公司,3,AA,02,2016-07-22,7.5,90
136506,16洛娃01,洛娃科技实业集团有限公司,5,AA,02,2016-07-26,5.53,90
136507,16奥克斯,宁波奥克斯置业有限公司,5,AA,02,2016-08-02,7.5,90
136508,16广电02,广州无线电集团有限公司,5,AAA,02,2016-08-10,3.36,90
136509,16三胞02,三胞集团有限公司,5,AA,02,2016-08-04,6.6,90
136510,16华电01,中国华电集团有限公司,3,AAA,02,2016-07-25,2.99,90
136511,16云金01,云南黄金矿业集团股份有限公司,5,AA,02,2016-07-21,5.18,90
136512,16广安02,北京广安控股集团有限公司,7,AA,02,2016-07-19,3.75,90
136513,16电投03,国家电力投资集团有限公司,3,AAA,02,2016-08-23,2.88,90
136514,16远东五,远东国际融资租赁有限公司,5,AAA,02,2016-07-27,3.15,90
136515,16疏浚02,中交疏浚(集团)股份有限公司,5,AAA,02,2016-08-08,3.01,90
136516,16疏浚03,中交疏浚(集团)股份有限公司,5,AAA,02,2016-08-08,3.35,90
136517,16云投02,云南省投资控股集团有限公司,5,AAA,02,2016-07-21,3.64,90
136518,16鲁高01,山东高速集团有限公司,5,AAA,02,2016-08-03,3.32,90
136519,16陆嘴01,上海陆家嘴(集团)有限公司,5,AAA,02,2016-08-04,3.01,90
136520,16永泰03,永泰能源股份有限公司,3,AA+,02,2016-07-26,7.5,90
136521,16鸿坤01,北京鸿坤伟业房地产开发有限公司,5,AAA,02,2016-07-26,4.1,90
136522,16首股债,北京首创生态环保集团股份有限公司,5,AAA,02,2016-07-26,3.3,90
136523,16广新03,广东省广新控股集团有限公司,5,AA+,02,2016-08-15,3.58,90
136524,16联想01,联想控股股份有限公司,5,AAA,02,2016-07-25,3.3,90
136525,16联想02,联想控股股份有限公司,10,AAA,02,2016-07-25,4.6,90
136526,16亿阳05,亿阳集团股份有限公司,5,AA,02,2016-09-05,7.1,90
136527,16两江02,重庆两江新区开发投资集团有限公司,3,AAA,02,2016-08-12,3,90
136528,16世茂G2,上海世茂股份有限公司,3,AA+,02,2016-08-08,3.38,90
136529,16中车G3,中国中车集团有限公司,5,AAA,02,2016-08-04,2.95,90
136530,16深燃01,深圳市燃气集团股份有限公司,5,AAA,02,2016-08-08,2.97,90
136531,13牡丹02,黑牡丹(集团)股份有限公司,5,AA,02,2016-08-08,4.3,90
136532,16粤桥01,广东省路桥建设发展有限公司,15,AAA,02,2016-08-09,4,90
136533,G16能新1,华能新能源股份有限公司,5,AAA,02,2016-08-08,2.95,90
136534,16晟晏02,宁夏晟晏实业集团有限公司,5,AA,02,2016-08-02,7.2,90
136535,16万达05,大连万达商业管理集团股份有限公司,5,AAA,02,2016-08-01,4.7,90
136536,16国汽02,国机汽车股份有限公司,5,AA+,02,2016-08-15,3.9,90
136537,16GLP01,普洛斯中国控股有限公司,3,AAA,02,2016-08-11,3.12,90
136538,16GLP02,普洛斯中国控股有限公司,5,AAA,02,2016-08-11,3.58,90
136539,16上港03,上海国际港务集团股份有限公司,5,AAA,02,2016-08-04,2.95,90
136540,16协信06,重庆协信远创实业有限公司,5,AA,02,2016-08-09,7.5,90
136541,16希望02,四川新希望房地产开发有限公司,5,AAA,02,2016-08-12,5,90
136542,16云工01,云南省工业投资控股集团有限责任公司,5,AA+,02,2016-08-15,3.99,90
136543,16龙湖05,重庆龙湖企业拓展有限公司,5,AAA,02,2016-08-11,3.06,90
136544,16联通03,中国联合网络通信有限公司,3,AAA,02,2016-08-08,2.95,90
136545,16皖经02,安徽省外经建设(集团)有限公司,5,AA+,02,2016-08-04,7.3,90
136546,16龙湖06,重庆龙湖企业拓展有限公司,7,AAA,02,2016-08-11,3.68,90
136547,16国发02,苏州国际发展集团有限公司,3,AAA,02,2016-08-01,2.9,90
136548,16正源01,正源房地产开发有限公司,5,AA,02,2016-08-10,7.3,90
136549,16紫金03,紫金矿业集团股份有限公司,5,AAA,02,2016-08-04,3.05,90
136550,16紫金04,紫金矿业集团股份有限公司,5,AAA,02,2016-08-04,3.45,90
136551,16融侨01,融侨集团股份有限公司,5,AA,02,2016-08-11,6.5,90
136552,16圆融02,厦门金圆投资集团有限公司,5,AAA,02,2016-08-16,3.37,90
136553,16联投01,湖北省联合发展投资集团有限公司,7,AAA,02,2016-09-06,3.5,90
136554,16中金01,中国国际金融股份有限公司,5,AAA,02,2016-08-10,2.99,90
136555,16中金02,中国国际金融股份有限公司,7,AAA,02,2016-08-10,3.29,90
136556,16鸿坤02,北京鸿坤伟业房地产开发有限公司,5,AAA,02,2016-07-27,4,90
136557,16国寿投,国寿投资保险资产管理有限公司,7,AAA,02,2016-08-17,3.24,90
136558,16华电02,中国华电集团有限公司,5,AAA,02,2016-08-15,2.95,90
136559,16华电03,中国华电集团有限公司,5,AAA,02,2016-08-15,3.25,90
136560,16齐成01,山东齐成石油化工有限公司,5,AA,02,2016-08-17,6.98,90
136561,16老百姓,老百姓大药房连锁股份有限公司,5,AA,02,2016-08-12,3.53,90
136562,16能建01,中国能源建设集团有限公司,5,AAA,02,2016-09-09,2.94,90
136563,16福投02,福建省投资开发集团有限责任公司,8,AAA,02,2016-08-11,3.3,90
136564,16东旭02,东旭集团有限公司,5,AA+,02,2016-09-09,7.8,90
136565,16海亮02,海亮集团有限公司,3,AA+,02,2016-08-16,4.7,90
136566,16福耀01,福耀玻璃工业集团股份有限公司,3,AAA,02,2016-08-30,3,90
136567,16凯华01,凯华地产(中国)集团有限公司,5,AA+,02,2016-08-15,4,90
136568,16张江01,上海张江高科技园区开发股份有限公司,5,AAA,02,2016-08-23,2.95,90
136569,16海亮03,海亮集团有限公司,5,AA+,02,2016-08-16,4.99,90
136570,16中江债,中国江苏国际经济技术合作集团有限公司,5,AA,02,2016-10-13,4,90
136571,16正源02,正源房地产开发有限公司,5,AA,02,2016-08-18,7,90
136572,16现代01,现代牧业(集团)有限公司,3,AA,02,2016-09-12,5.3,90
136573,16港投债,东港投资发展集团有限公司,5,AA,02,2016-09-06,5.8,90
136574,PR河西02,南京市河西新城区国有资产经营控股(集团)有限责任公司,5,AAA,02,2016-09-02,3.2,90
136575,16光控01,中国光大控股有限公司,5,AAA,02,2016-08-19,2.92,90
136576,16光控02,中国光大控股有限公司,5,AAA,02,2016-08-19,3.24,90
136577,16鲁能01,鲁能集团有限公司,5,AA+,02,2016-08-15,3.18,90
136578,16小商02,浙江中国小商品城集团股份有限公司,3,AA+,02,2016-08-19,3.1,90
136579,16华泰02,华泰汽车集团有限公司,5,AA,02,2016-09-28,7.2,90
136580,16万达06,大连万达商业管理集团股份有限公司,5,AAA,02,2016-08-16,3.36,90
136581,16外高02,上海外高桥集团股份有限公司,5,AAA,02,2016-09-01,3.6,90
136582,16国联02,无锡市国联发展(集团)有限公司,5,AAA,02,2016-08-17,3,90
136583,16北新集,北新建材集团有限公司,5,AA,02,2016-08-17,4.25,90
136584,16铁牛债,铁牛集团有限公司,3,AA,02,2016-09-19,6.49,90
136585,16广汇G3,广汇汽车服务有限责任公司,3,AA,02,2016-08-23,6.5,90
136586,16中合01,中合中小企业融资担保股份有限公司,6,AAA,02,2016-09-27,3.39,90
136587,16水务01,北控水务集团有限公司,5,AAA,02,2016-08-15,1,90
136588,16水务02,北控水务集团有限公司,7,AAA,02,2016-08-15,3.33,90
136589,16融侨02,融侨集团股份有限公司,5,AA,02,2016-08-26,5.6,90
136590,16海伟01,河北海伟交通设施集团有限公司,3,AA,02,2016-08-18,5.89,90
136591,16西经发,西安经发集团有限责任公司,5,AA,02,2016-08-24,5.75,90
136592,16鄂稻01,湖北稻花香酒业股份有限公司,5,AA,02,2016-08-26,6.9,90
136593,16新华01,上海新华发行集团有限公司,5,AA+,02,2016-09-29,4.3,90
136594,16同仁堂,北京同仁堂科技发展股份有限公司,5,AA+,02,2016-08-30,4.35,90
136595,16南港03,南京新港开发总公司,5,AA+,02,2016-09-08,3.3,90
136596,16南港04,南京新港开发有限公司,7,AA+,02,2016-09-08,3.55,90
136597,16石大01,青岛中石大控股有限公司,5,AA,02,2016-09-02,5.5,90
136598,16首旅01,北京首都旅游集团有限责任公司,7,AAA,02,2016-09-13,3.2,90
136599,16首旅02,北京首都旅游集团有限责任公司,10,AAA,02,2016-09-26,3.3,90
136600,16穗建01,广州市城市建设开发有限公司,3,AAA,02,2016-08-22,2.95,90
136601,16穗建02,广州市城市建设开发有限公司,5,AAA,02,2016-08-22,3,90
136602,16泰豪02,泰豪科技股份有限公司,5,AA,02,2016-08-22,4.19,90
136603,16义市01,义乌市市场发展集团有限公司,5,AA+,02,2016-08-26,3.4,90
136604,16兴发02,宜昌兴发集团有限责任公司,5,AA,02,2016-08-31,5.5,90
136605,G16北控1,北控水务集团有限公司,8,AAA,02,2016-08-23,3.25,90
136606,16信投G2,中信建投证券股份有限公司,5,AAA,02,2016-09-02,2.9,90
136607,16宁安01,南京安居建设集团有限责任公司,5,AAA,02,2016-09-06,2.98,90
136608,16广新04,广东省广新控股集团有限公司,5,AA+,02,2016-09-02,3.35,90
136609,16舟交01,舟山交通投资集团有限公司,5,AA+,02,2016-09-23,3.3,90
136610,16信威03,北京信威通信技术股份有限公司,5,AA,02,2016-09-08,6.65,90
136611,16电投04,国家电力投资集团有限公司,5,AAA,02,2016-08-30,2.94,90
136612,16不动产,平安不动产有限公司,7,AAA,02,2016-10-13,3.28,90
136613,16西王03,西王集团有限公司,5,AA+,02,2016-09-20,6.9,90
136614,16碱业01,唐山三友碱业(集团)有限公司,5,AA,02,2016-09-30,3.35,90
136615,16碱业02,唐山三友碱业(集团)有限公司,7,AA,02,2016-09-30,3.8,90
136616,16上实01,上实环境水务股份有限公司,5,AA,02,2016-09-08,3.49,90
136617,16正集02,正泰集团股份有限公司,5,AA+,02,2016-09-06,3.4,90
136619,16中静02,中静新华资产管理有限公司,6,AA,02,2016-09-21,6.5,90
136620,16锡交01,无锡市交通产业集团有限公司,5,AA+,02,2016-09-07,3.24,90
136621,16粤高02,广东省高速公路有限公司,15,AAA,02,2016-09-26,3.57,90
136622,16国君G3,国泰君安证券股份有限公司,5,AAA,02,2016-09-08,2.9,90
136623,16国君G4,国泰君安证券股份有限公司,5,AAA,02,2016-09-08,3.14,90
136624,16融创07,融创房地产集团有限公司,9.32,AAA,02,2016-09-20,4,90
136625,G16节能1,中国节能环保集团有限公司,5,AAA,02,2016-09-26,2.89,90
136626,G16节能2,中国节能环保集团有限公司,7,AAA,02,2016-09-26,3.13,90
136627,16精控02,精工控股集团有限公司,5,AA+,02,2016-09-06,6.5,90
136628,16杭汽01,杭州汽轮动力集团有限公司,10,AA+,02,2016-09-06,3.95,90
136629,16兵装01,中国兵器装备集团有限公司,5,AAA,02,2016-09-09,2.89,90
136630,16兵装02,中国兵器装备集团有限公司,7,AAA,02,2016-09-09,3.1,90
136631,16南瑞01,南京南瑞集团有限公司,3,AAA,02,2016-09-08,2.87,90
136632,16亚洲浆,宁波亚洲浆纸业有限公司,5,AA+,02,2016-10-14,6.38,90
136633,16融创06,融创房地产集团有限公司,5,AAA,02,2016-09-20,3.44,90
136634,16黔高速,贵州高速公路集团有限公司,7,AA+,02,2016-11-11,3.46,90
136635,16津投03,天津城市基础设施建设投资集团有限公司,10,AAA,02,2016-09-20,3.55,90
136636,16供销01,中国供销集团有限公司,3,AAA,02,2016-10-21,2.99,90
136637,16巨化01,巨化集团有限公司,3,AA+,02,2016-09-19,3.45,90
136638,PR海资01,海宁市资产经营公司,7,AA+,02,2016-09-12,3.4,90
136639,16皖投02,安徽省投资集团控股有限公司,5,AAA,02,2016-09-29,2.92,90
136640,16海亮04,海亮集团有限公司,3,AA+,02,2016-09-08,4.7,90
136641,16海亮05,海亮集团有限公司,5,AA+,02,2016-09-08,5.38,90
136642,16国航01,中国国际航空股份有限公司,3,AAA,02,2016-09-19,2.84,90
136643,16华宇02,重庆华宇集团有限公司,5,AA,02,2016-09-07,5.29,90
136644,16天地01,天地科技股份有限公司,5,AA+,02,2016-09-14,4.68,90
136645,16百隆01,百隆东方股份有限公司,5,AA,02,2016-09-20,3.9,90
136646,16中海01,中海企业发展集团有限公司,10,AAA,02,2016-09-14,3.1,90
136647,16华新01,华新水泥股份有限公司,5,AA+,02,2016-09-19,4.79,90
136648,16佳源01,佳源创盛控股集团有限公司,5,AA,02,2016-09-21,7.5,90
136649,16佳源02,佳源创盛控股集团有限公司,3,AA,02,2016-09-21,6.2,90
136650,16普天01,中国普天信息产业股份有限公司,6,AAA,02,2016-09-30,3.07,90
136651,16普天02,中国普天信息产业股份有限公司,10,AAA,02,2016-09-30,3.35,90
136652,16洪政02,南昌市政公用集团有限公司,7,AA+,02,2016-09-23,3.23,90
136653,16清控01,清华控股有限公司,5,AAA,02,2016-09-20,2.9,90
136654,16外运03,中国外运股份有限公司,5,AAA,02,2016-09-19,2.94,90
136655,14银河G3,中国银河证券股份有限公司,3,AAA,02,2016-09-13,2.89,90
136656,14银河G4,中国银河证券股份有限公司,5,AAA,02,2016-09-13,3.14,90
136657,16旅业01,海航旅游集团有限公司,3,AA,02,2016-09-22,5.7,90
136660,16天铝03,新疆生产建设兵团农八师天山铝业有限公司,5,AA,02,2016-09-22,7.6,90
136661,16六建01,福建六建集团有限公司,3,AA,02,2016-09-22,6.5,90
136662,16友阿01,湖南友谊阿波罗控股股份有限公司,5,AA,02,2016-09-23,5.2,90
136663,16友阿02,湖南友谊阿波罗控股股份有限公司,5,AA,02,2016-09-23,5.7,90
136664,16云工02,云南省工业投资控股集团有限责任公司,5,AA+,02,2016-12-07,3.97,90
136665,16鲁万通,山东万通石油化工集团有限公司,5,AA,02,2016-09-30,6.5,90
136666,16外高03,上海外高桥集团股份有限公司,5,AAA,02,2016-10-17,2.94,90
136667,16海矿01,海南矿业股份有限公司,5,AA,02,2016-09-22,5.65,90
136668,16重水02,重庆市水利投资(集团)有限公司,5,AA+,02,2016-09-30,3.19,90
136669,16南山04,南山集团有限公司,5,AA+,02,2016-09-21,3.7,90
136670,16南山05,南山集团有限公司,5,AA+,02,2016-09-21,4.5,90
136671,16中车01,中国中车股份有限公司,5,AAA,02,2016-09-22,2.95,90
136672,16京技投,北京亦庄投资控股有限公司,2,AAA,02,2016-09-28,2.86,90
136673,16齐成02,山东齐成石油化工有限公司,5,AA,02,2016-09-27,6.98,90
136674,16正才05,杭州正才控股集团有限公司,5,AA+,02,2016-10-17,5.5,90
136675,16正才06,杭州正才控股集团有限公司,3,AA+,02,2016-10-17,5.28,90
136676,16天风02,天风证券股份有限公司,5,AA+,02,2016-10-18,3.48,90
136677,16名城G1,上海大名城企业股份有限公司,5,AA,02,2016-11-17,5.99,90
136678,16穗建03,广州市城市建设开发有限公司,6,AAA,02,2016-09-26,2.97,90
136679,16穗建04,广州市城市建设开发有限公司,5,AAA,02,2016-09-26,3.19,90
136680,16川电03,四川省水电投资经营集团有限公司,5,AA+,02,2016-09-26,3.35,90
136681,16晋交03,山西能源交通投资有限公司,5,AA+,02,2016-10-24,3,90
136682,G16三峡1,中国长江三峡集团有限公司,3,AAA,02,2016-09-21,2.92,90
136683,G16三峡2,中国长江三峡集团有限公司,10,AAA,02,2016-09-21,3.39,90
136684,16丰盛03,南京建工产业集团有限公司,5,AA,02,2016-09-29,5.8,90
136685,16海投债,厦门海沧投资集团有限公司,5,AA+,02,2016-09-22,3.59,90
136686,16环球01,中国环球租赁有限公司,5,AA+,02,2016-10-27,4,90
136687,16中泰01,中泰证券股份有限公司,3,AAA,02,2016-10-13,2.95,90
136688,16鸿商01,鸿商产业控股集团有限公司,5,AA+,02,2016-10-20,4.19,90
136689,16绿水01,广西绿城水务股份有限公司,5,AA+,02,2016-09-30,3.09,90
136690,16恒安01,恒安(中国)投资有限公司,5,AAA,02,2016-09-28,3.3,90
136692,16鲁能02,鲁能集团有限公司,7,AA+,02,2016-09-30,3.35,90
136693,16晋然02,山西天然气有限公司,5,AA+,02,2016-09-30,3.15,90
136694,16铁峰01,大同煤矿集团铁峰煤业有限公司,5,AAA,02,2016-11-17,7,90
136695,16长城02,中融双创(北京)科技集团有限公司,3,BB,02,2016-09-28,6.98,90
136696,16路劲01,北京路劲隽御房地产开发有限公司,5,AA,02,2016-10-20,4.5,90
136697,16中天02,中天钢铁集团有限公司,3,AA,02,2016-09-30,7.3,90
136698,16申信01,上海华信国际集团有限公司,5,AA+,02,2016-10-18,4.08,90
136699,16皖经03,安徽省外经建设(集团)有限公司,5,AA+,02,2016-10-14,5.68,90
136700,16蓝光01,四川蓝光发展股份有限公司,5,AA,02,2016-10-13,5.5,90
136701,16椒江债,台州市椒江区国有资本运营集团有限公司,5,AA+,02,2016-10-20,3.2,90
136702,16华润02,华润电力投资有限公司,3,AAA,02,2016-10-13,2.92,90
136703,16宁资01,宁德市国有资产投资经营有限公司,7,AA,02,2016-10-18,3.59,90
136704,16六建02,福建六建集团有限公司,3,AA,02,2016-10-20,6.5,90
136705,16协信08,重庆协信远创实业有限公司,5,AA,02,2016-10-20,6.5,90
136706,16当代03,武汉当代科技产业集团股份有限公司,5,AA+,02,2016-10-17,3.5,90
136707,16邢钢01,邢台钢铁有限责任公司,5,AA,02,2016-10-17,7,90
136708,16通运01,南通汽运实业集团有限公司,5,AA,02,2016-10-13,4.1,90
136709,16粤桥02,广东省路桥建设发展有限公司,15,AAA,02,2016-10-19,3.69,90
136710,16福新01,华电福新能源有限公司,5,AAA,02,2016-10-19,2.97,90
136711,16国君G5,国泰君安证券股份有限公司,5,AAA,02,2016-10-19,2.94,90
136712,16港务01,厦门港务控股集团有限公司,7,AAA,02,2016-10-19,3.18,90
136713,16康恩贝,浙江康恩贝制药股份有限公司,5,AA+,02,2016-10-24,3.17,90
136714,G16节能3,中国节能环保集团有限公司,7,AAA,02,2016-10-21,3.11,90
136715,G16节能4,中国节能环保集团有限公司,10,AAA,02,2016-10-21,3.55,90
136716,16旅业03,海航旅游集团有限公司,3,AA,02,2016-10-27,5.3,90
136718,16浙证债,浙商证券股份有限公司,5,AA+,02,2016-10-17,3.08,90
136719,16珠江02,广州珠江实业集团有限公司,5,AA+,02,2016-11-07,3.44,90
136720,16西王04,西王集团有限公司,5,AA+,02,2016-12-09,6.4,90
136721,16石化01,中国石油化工集团有限公司,5,AAA,02,2016-10-19,2.83,90
136722,16石化02,中国石油化工集团有限公司,7,AAA,02,2016-10-19,3.02,90
136723,16石化03,中国石油化工集团有限公司,10,AAA,02,2016-10-19,3.3,90
136724,16鲁公债,山东公用控股有限公司,5,AA,02,2016-11-30,3.9,90
136725,16中材01,中国建材股份有限公司,5,AAA,02,2016-11-03,3.09,90
136726,16中材02,中国建材股份有限公司,7,AAA,02,2016-11-03,3.45,90
136727,16平海01,广东惠州平海发电厂有限公司,5,AA+,02,2016-11-23,3.1,90
136728,16忠旺03,辽宁忠旺集团有限公司,5,AA+,02,2016-10-24,3.75,90
136729,16九牧01,九牧王股份有限公司,3,AA,02,2016-10-21,3.7,90
136730,G16唐新2,中国大唐集团新能源股份有限公司,5,AAA,02,2016-10-27,3.15,90
136731,16刚集01,刚泰集团有限公司,3,AA,02,2016-10-24,5.8,90
136732,16穗建05,广州市城市建设开发有限公司,5,AAA,02,2016-10-24,2.95,90
136733,16穗建06,广州市城市建设开发有限公司,7,AAA,02,2016-10-24,3.15,90
136734,16大唐01,中国大唐集团有限公司,6,AAA,02,2016-11-01,2.94,90
136735,16大唐02,中国大唐集团有限公司,10,AAA,02,2016-11-01,3.38,90
136736,16鸿商02,鸿商产业控股集团有限公司,5,AA+,02,2016-10-20,4,90
136737,16协鑫债,保利协鑫(苏州)新能源有限公司,5,AA+,02,2016-11-08,4.15,90
136738,16通用01,中国通用技术(集团)控股有限责任公司,5,AAA,02,2016-11-04,2.95,90
136739,16通用02,中国通用技术(集团)控股有限责任公司,5,AAA,02,2016-11-04,3.17,90
136740,16渝钢01,重庆钢铁集团矿业有限公司,5,AA+,02,2016-11-14,7.8,90
136741,16重机债,重庆机电股份有限公司,5,AA+,02,2016-11-07,4.28,90
136742,16众品02,河南众品食业股份有限公司,3,AA,02,2016-11-07,6,90
136743,16齐成03,山东齐成石油化工有限公司,5,AA,02,2016-11-03,6.5,90
136744,16祥源债,祥源控股集团有限责任公司,5,AA,02,2016-11-04,6.49,90
136745,16南港05,南京新港开发总公司,5,AA+,02,2016-10-26,3.18,90
136746,16南港06,南京新港开发有限公司,7,AA+,02,2016-10-26,3.55,90
136747,16南港07,南京新港开发有限公司,10,AA+,02,2016-10-26,3.7,90
136748,16长峰01,上海长峰(集团)有限公司,5,AA+,02,2016-11-25,3.64,90
136749,G16博天,博天环境集团股份有限公司,5,AAA,02,2016-10-28,4.67,90
136750,16荣盛01,浙江荣盛控股集团有限公司,5,AA,02,2016-11-03,4.06,90
136751,16佳源06,佳源创盛控股集团有限公司,3,AA,02,2016-10-31,6.2,90
136752,16佳源07,佳源创盛控股集团有限公司,5,AA,02,2016-10-31,6.4,90
136753,16大华02,大华(集团)有限公司,5,AA+,02,2016-11-04,3.35,90
136754,16兵装03,中国兵器装备集团有限公司,5,AAA,02,2016-11-08,2.92,90
136755,16兵装04,中国兵器装备集团有限公司,7,AAA,02,2016-11-08,3.14,90
136756,16兵装05,中国兵器装备集团有限公司,10,AAA,02,2016-11-08,3.39,90
136757,16凯华02,凯华地产(中国)集团有限公司,5,AA+,02,2016-11-10,5.1,90
136758,16凯华03,凯华地产(中国)集团有限公司,5,AA+,02,2016-11-10,4.09,90
136759,16三胞05,三胞集团有限公司,5,AA,02,2016-11-29,6.3,90
136760,16中工Y1,中铝国际工程股份有限公司,1.94,AAA,02,2016-11-03,5,90
136762,16长电01,中国长江电力股份有限公司,10,AAA,02,2016-11-01,3.35,90
136763,16张江02,上海张江高科技园区开发股份有限公司,5,AAA,02,2016-11-08,2.89,90
136764,16蓝光02,四川蓝光发展股份有限公司,5,AA,02,2016-11-08,5.25,90
136765,16陕燃01,陕西燃气集团有限公司,7,AA+,02,2016-11-07,3.14,90
136766,16油服03,中海油田服务股份有限公司,5,AAA,02,2016-11-03,3.08,90
136767,16油服04,中海油田服务股份有限公司,7,AAA,02,2016-11-03,3.35,90
136768,16苏海01,江苏省海外企业集团有限公司,5,AA+,02,2016-11-01,3.46,90
136769,16欣捷01,欣捷投资控股集团有限公司,3,AA,02,2016-10-31,7,90
136770,16华资01,中国华电集团资本控股有限公司,5,AA+,02,2016-11-04,2.98,90
136771,16沪宁01,上海大宁资产经营(集团)有限公司,7,AA+,02,2016-11-01,3.14,90
136772,16聚信一,聚信国际租赁股份有限公司,3,AA,02,2016-11-10,6,90
136773,16清控02,清华控股有限公司,5,AAA,02,2016-11-14,3.15,90
136774,16中船01,中国船舶工业集团有限公司,5,AAA,02,2016-11-04,2.95,90
136775,16中船02,中国船舶工业集团有限公司,7,AAA,02,2016-11-04,3.17,90
136776,16国航02,中国国际航空股份有限公司,5,AAA,02,2016-11-07,3.08,90
136777,G16唐新3,中国大唐集团新能源股份有限公司,5,AAA,02,2016-11-04,3.1,90
136778,16融强债,大连融强投资有限公司,5,AA,02,2016-11-17,6.5,90
136779,16腾越01,广东腾越建筑工程有限公司,4,AAA,02,2016-11-04,3.2,90
136780,16腾越02,腾越建筑科技集团有限公司,7,AAA,02,2016-11-04,3.9,90
136781,16湘财02,湘财证券股份有限公司,3,AA+,02,2016-11-08,3.08,90
136782,16宁建材,宁夏建材集团股份有限公司,3,AA,02,2016-11-07,3.5,90
136783,16金发01,金发科技股份有限公司,5,AA+,02,2016-11-10,3.1,90
136784,16旅业05,海航旅游集团有限公司,3,AA,02,2016-11-22,5.13,90
136786,16华泰03,华泰汽车集团有限公司,5,AA,02,2016-11-16,6.1,90
136787,16天目湖,江苏天目湖(集团)有限公司,5,AA,02,2016-11-03,3.23,90
136788,16京运01,北京京运通科技股份有限公司,5,AA,02,2016-11-01,4,90
136789,16东航01,中国东方航空股份有限公司,10,AAA,02,2016-11-08,3.03,90
136790,16东航02,中国东方航空股份有限公司,10,AAA,02,2016-11-08,3.3,90
136791,16丰盛04,南京建工产业集团有限公司,5,AA,02,2016-11-11,5.71,90
136792,16中筑01,江苏中南建筑产业集团有限责任公司,5,AA,02,2016-11-21,6.48,90
136793,16国投电,国投电力控股股份有限公司,5,AAA,02,2016-11-09,3.1,90
136794,16华阳01,中国华阳经贸集团有限公司,5,AA,02,2016-12-09,5,90
136796,16中航01,中国航空集团有限公司,3,AAA,02,2016-11-16,2.87,90
136797,16瀚蓝01,瀚蓝环境股份有限公司,5,AA+,02,2016-11-08,3.05,90
136798,16环球02,中国环球租赁有限公司,5,AA+,02,2016-11-11,3.14,90
136799,16中金03,中国国际金融股份有限公司,5,AAA,02,2016-11-10,2.95,90
136800,16中金04,中国国际金融股份有限公司,7,AAA,02,2016-11-10,3.13,90
136801,16津创01,天津创业环保集团股份有限公司,5,AA+,02,2016-11-16,3.13,90
136802,16中燃G1,中国燃气控股有限公司,5,AAA,02,2016-11-08,3.05,90
136803,16南三01,江苏南通三建集团股份有限公司,5,AA,02,2016-11-14,6.35,90
136804,16越交03,越秀交通基建有限公司,5,AAA,02,2016-11-18,2.9,90
136805,16七师01,第七师国有资产经营(集团)有限公司,5,AA,02,2016-11-08,3.98,90
136806,16越交04,越秀交通基建有限公司,7,AAA,02,2016-11-18,3.18,90
136807,16方圆01,东营方圆有色金属有限公司,3,AA,02,2016-11-11,6.5,90
136808,16永达01,上海永达投资控股集团有限公司,5,AA,02,2016-11-22,3.9,90
136809,16常城01,常熟市城市经营投资有限公司,5,AA+,02,2016-11-18,3.03,90
136810,16福新02,华电福新能源有限公司,5,AAA,02,2016-11-11,3.02,90
136811,16福新03,华电福新能源有限公司,7,AAA,02,2016-11-11,3.18,90
136812,16国泰01,国泰租赁有限公司,5,AA,02,2016-11-15,4.65,90
136813,16中电02,中国电子信息产业集团有限公司,5,AAA,02,2016-11-22,3.28,90
136814,16京运02,北京京运通科技股份有限公司,5,AA,02,2016-11-14,3.98,90
136815,16杭汽02,杭州汽轮动力集团有限公司,6,AA+,02,2016-12-01,4.1,90
136816,16伟星01,伟星集团有限公司,5,AA,02,2016-11-18,4.5,90
136817,16刚集02,刚泰集团有限公司,3,AA,02,2016-11-18,5.57,90
136818,16新华02,上海新华发行集团有限公司,4,AA+,02,2016-11-16,3.12,90
136819,16川发01,四川发展(控股)有限责任公司,10,AAA,02,2016-11-30,3.9,90
136820,16纳通02,北京纳通科技集团有限公司,3,AA,02,2016-11-15,4,90
136821,16中安消,中安科股份有限公司,3,AA,02,2016-11-18,4.45,90
136822,16南山06,南山集团有限公司,5,AA+,02,2016-11-25,3.6,90
136823,16南山07,南山集团有限公司,5,AA+,02,2016-11-25,4.2,90
136824,16滇路02,云南省公路开发投资有限责任公司,5,AAA,02,2016-11-21,3.16,90
136825,16滇路03,云南省公路开发投资有限责任公司,5,AAA,02,2016-11-21,3.6,90
136826,16国网01,国家电网有限公司,3,AAA,02,2016-11-22,2.99,90
136827,16国网02,国家电网有限公司,5,AAA,02,2016-11-22,3.15,90
136830,16中信G1,中信证券股份有限公司,3,AAA,02,2016-11-28,3.26,90
136831,16中信G2,中信证券股份有限公司,5,AAA,02,2016-11-28,3.38,90
136832,16正大债,正大(中国)投资有限公司,5,AA,02,2016-11-29,3.69,90
136833,G17三峡1,中国长江三峡集团有限公司,3,AAA,02,2017-08-29,4.56,90
136835,16紫金债,南京紫金资产管理有限公司,5,AAA,02,2016-11-29,3.26,90
136836,16鲁信01,山东省鲁信投资控股集团有限公司,10,AAA,02,2016-12-07,3.7,90
136837,16穗发01,广州产业投资控股集团有限公司,5,AAA,02,2016-12-05,3.28,90
136838,16国投控,国投电力控股股份有限公司,5,AAA,02,2016-11-30,3.32,90
136839,16港务02,厦门港务控股集团有限公司,7,AAA,02,2016-12-01,3.42,90
136840,16华福G2,华福证券有限责任公司,5,AA+,02,2016-12-01,3.53,90
136842,16银鹰01,山东银鹰化纤有限公司,5,AA,02,2016-12-08,6.5,90
136843,17苏新01,苏州苏高新集团有限公司,5,AA+,02,2017-02-06,4.38,90
136845,16环球03,中国环球租赁有限公司,5,AA+,02,2016-12-08,3.5,90
136846,16深燃02,深圳市燃气集团股份有限公司,5,AAA,02,2016-12-08,3.24,90
136847,16玉皇03,山东玉皇化工有限公司,5,AA,02,2016-12-12,6,90
136849,16华能债,中国华能集团有限公司,10,AAA,02,2016-12-15,3.65,90
136850,16宝丰02,宁夏宝丰能源集团股份有限公司,5,AA,02,2016-12-09,6.2,90
136851,16华泰G1,华泰证券股份有限公司,3,AAA,02,2016-12-13,3.57,90
136852,16华泰G2,华泰证券股份有限公司,5,AAA,02,2016-12-13,3.78,90
136853,16洪业02,洪业化工集团股份有限公司,6.34,AA,02,2016-12-12,6.48,90
136854,16鲁再担,山东省再担保集团股份有限公司,5,AA+,02,2016-12-06,3.65,90
136855,16光控03,中国光大控股有限公司,6,AAA,02,2016-12-15,3.22,90
136856,16光控04,中国光大控股有限公司,7,AAA,02,2016-12-15,3.37,90
136857,16重汽01,中国重型汽车集团有限公司,5,AA+,02,2016-12-07,3.5,90
136859,PR鲁通02,山东万通石油化工集团有限公司,5,AA,02,2016-12-09,5.97,90
136860,16乌资01,乌鲁木齐国有资产经营(集团)有限公司,7,AA,02,2016-12-07,4.28,90
136861,16恒健02,广东恒健投资控股有限公司,5,AAA,02,2016-12-09,3.45,90
136863,16丹港02,丹东港集团有限公司,5,AA,02,2016-12-01,8.5,90
136864,16华虹02,启东市华虹电子有限公司,5,AA,02,2016-12-09,4.68,90
136865,16新燃01,新奥(中国)燃气投资有限公司,3,AAA,02,2016-12-13,3.55,90
136866,16汇丰02,山东汇丰石化集团有限公司,5,AA,02,2016-12-13,5.68,90
136867,16歌山01,歌山控股集团有限公司,3,AA,02,2016-12-07,7.1,90
136868,16开元01,开元旅业集团有限公司,3,AA,02,2016-12-12,6,90
136869,16广核01,中国广核集团有限公司,10,AAA,02,2016-12-19,3.84,90
136870,16中关02,中关村发展集团股份有限公司,5,AAA,02,2016-12-16,3.8,90
136871,16玉皇04,山东玉皇化工有限公司,5,AA,02,2016-12-22,7,90
136872,16豫投债,河南投资集团有限公司,5,AAA,02,2016-12-21,4.18,90
136875,16华晨01,华晨电力股份公司,3,AA+,02,2016-12-21,6,90
136877,16合盛01,合盛硅业股份有限公司,5,AA,02,2016-12-23,5.55,90
136879,16国电资,国电资本控股有限公司,3,AAA,02,2016-12-22,3.64,90
136880,16恒信01,湖北恒信德龙实业有限公司,5,AA,02,2016-12-21,6.5,90
136881,17甬开投,宁波开发投资集团有限公司,5,AAA,02,2017-03-31,4.5,90
136882,16科发01,绵阳科技城发展投资(集团)有限公司,5,AA,02,2017-01-19,7,90
136883,16金工01,江苏省金陵建工集团有限公司,5,AA,02,2016-12-26,6.2,90
136884,16联讯01,粤开证券股份有限公司,3,AA,02,2016-12-30,4.19,90
136885,起航06优,招商证券资产管理有限公司,1,,10,2022-02-08,3.05,-100
136886,16南翔03,安徽省南翔贸易(集团)有限公司,5,AA,02,2016-12-30,6.9,90
136887,17沪资01,上海国际集团资产管理有限公司,5,AAA,02,2017-03-22,3.8,90
136888,17中材01,中国中材股份有限公司,5,AAA,02,2017-01-23,3.95,90
136889,17华阳01,中国华阳经贸集团有限公司,5,AA,02,2017-04-07,5.6,90
136892,17北汽01,北京汽车投资有限公司,7,AAA,02,2017-02-07,4.29,90
136893,17泰达债,天津泰达投资控股有限公司,5,AAA,02,2017-02-06,5.8,90
136894,17黄河01,陕西黄河矿业(集团)有限责任公司,5,AA,02,2017-01-26,7.1,90
136895,17中信G1,中信证券股份有限公司,3,AAA,02,2017-02-27,4.2,90
136896,17中信G2,中信证券股份有限公司,5,AAA,02,2017-02-27,4.4,90
136897,17绿原01,新疆绿原国有资本投资运营有限公司,5,AA,02,2017-03-01,5.29,90
136898,17蚌投01,蚌埠投资集团有限公司,5,AA,02,2017-02-28,5.48,90
136901,18海航Y5,海南航空控股股份有限公司,1,AAA,02,2018-12-06,7.3,90
136902,18铁工Y6,中国中铁股份有限公司,,AAA,02,2018-12-07,4.55,90
136903,18铁工Y7,中国中铁股份有限公司,1.08,AAA,02,2018-12-07,4.8,90
136904,熙悦6A2,招商证券资产管理有限公司,2.08,AAA,10,2022-02-23,3.4,-100
136905,18津保Y1,天津保税区投资控股集团有限公司,2.66,AAA,02,2018-12-14,6.55,90
136906,熙悦6A4,招商证券资产管理有限公司,2.83,AAA,10,2022-02-23,4.08,-100
136907,18建三Y1,中建三局集团有限公司,2.99,AAA,02,2018-12-07,4.8,90
136908,链融55A1,中信证券股份有限公司,0.96,,10,2022-03-03,2.9,-100
136909,国链34A1,国信证券股份有限公司,0.96,,10,2022-03-01,2.9,-100
136910,18航租Y1,中航国际融资租赁有限公司,0.98,AAA,02,2018-12-05,5.5,90
136911,惠和13A,国信证券股份有限公司,0.98,,10,2022-02-24,2.89,-100
136912,18路建Y1,中交路桥建设有限公司,2,AAA,02,2018-12-12,5.1,90
136913,G18京Y3,北京市基础设施投资有限公司,2,AAA,02,2018-12-06,4.45,90
136914,G18京Y4,北京市基础设施投资有限公司,0.97,AAA,02,2018-12-06,4.7,90
136915,18中大Y1,物产中大集团股份有限公司,,AAA,02,2018-12-05,5.2,90
136916,18中公Y2,中交一公局集团有限公司,0.98,AAA,02,2018-12-06,4.68,90
136917,18蒙电Y1,内蒙古蒙电华能热电股份有限公司,,AAA,02,2018-11-29,4.89,90
136918,18蒙电Y2,内蒙古蒙电华能热电股份有限公司,0.89,AAA,02,2018-11-29,5.15,90
136919,18三峡Y1,重庆三峡融资担保集团股份有限公司,1.89,AAA,02,2018-11-30,6.5,90
136921,18铁工Y3,中国中铁股份有限公司,,AAA,02,2018-11-26,4.59,90
136922,18铁工Y4,中国中铁股份有限公司,1,AAA,02,2018-11-26,4.9,90
136923,18特变Y3,特变电工股份有限公司,,AAA,02,2018-11-28,6.4,90
136924,18铁工Y1,中国中铁股份有限公司,0.97,AAA,02,2018-11-19,4.69,90
136925,18铁工Y2,中国中铁股份有限公司,,AAA,02,2018-11-19,4.99,90
136926,18方程Y1,中建方程投资发展集团有限公司,0.99,AAA,02,2018-11-26,5,90
136928,18联投Y1,湖北省联合发展投资集团有限公司,0.96,AAA,02,2018-12-05,5.44,90
136929,恒煦05A1,中信证券股份有限公司,0.98,,10,2022-03-04,2.78,-100
136930,徐保1A1,国金证券股份有限公司,1,AAA,10,2022-03-04,2.9,-100
136931,18滇建Y2,云南省建设投资控股集团有限公司,1.75,AAA,02,2018-12-06,7,90
136932,18中化Y5,中国中化股份有限公司,,AAA,02,2018-11-21,4.57,90
136933,18中化Y6,中国中化股份有限公司,0.97,AAA,02,2018-11-21,4.68,90
136934,18海航Y4,海南航空控股股份有限公司,1.97,AAA,02,2018-11-09,7.35,90
136935,G18XHY1,新华水力发电有限公司,2.97,AAA,02,2018-11-19,5,90
136936,18CHNG3Y,中国华能集团有限公司,,AAA,02,2018-11-13,4.88,90
136937,18CHNG4Y,中国华能集团有限公司,1.01,AAA,02,2018-11-13,5.3,90
136938,18CHNG1Y,中国华能集团有限公司,,AAA,02,2018-11-02,4.88,90
136939,18CHNG2Y,中国华能集团有限公司,0.96,AAA,02,2018-11-02,5.3,90
136941,金旅1A2,平安证券股份有限公司,1.44,,10,2022-03-14,3.7,-100
136942,18青城Y2,青岛城市建设投资(集团)有限责任公司,2.44,AAA,02,2018-11-13,5.5,90
136943,18大唐Y5,中国大唐集团有限公司,,AAA,02,2018-11-06,4.98,90
136944,18大唐Y4,中国大唐集团有限公司,1,AAA,02,2018-11-06,4.77,90
136945,18大唐Y3,中国大唐集团有限公司,,AAA,02,2018-11-06,4.64,90
136946,18海航Y3,海南航空控股股份有限公司,0.97,AAA,02,2018-10-26,7.45,90
136947,18建材Y5,中国建材股份有限公司,0.98,AAA,02,2018-11-05,4.9,90
136948,18建材Y6,中国建材股份有限公司,0.59,AAA,02,2018-11-05,5.25,90
136949,18中化Y3,中国中化股份有限公司,2.6,AAA,02,2018-10-25,4.65,90
136950,18中化Y4,中国中化股份有限公司,,AAA,02,2018-10-25,4.78,90
136951,18紫金Y1,紫金矿业集团股份有限公司,0.96,AAA,02,2018-10-31,5.17,90
136952,18中公Y1,中交一公局集团有限公司,,AAA,02,2018-10-31,5.2,90
136953,18风电Y1,中广核风电有限公司,0.98,AAA,02,2018-10-26,4.9,90
136954,18风电Y2,中广核风电有限公司,1.5,AAA,02,2018-10-26,5.3,90
136955,18沪建Y3,上海建工集团股份有限公司,1.5,AAA,02,2018-10-24,5.45,90
136956,18海航Y2,海南航空控股股份有限公司,2.55,AAA,02,2018-10-15,7.45,90
136957,18大唐Y1,中国大唐集团有限公司,2.55,AAA,02,2018-10-11,5.05,90
136959,18中交Y1,中交第一航务工程局有限公司,2.55,AAA,02,2018-11-07,4.94,90
136960,18海航Y1,海南航空控股股份有限公司,,AAA,02,2018-10-15,7.6,90
136961,18中化Y1,中国中化股份有限公司,0.97,AAA,02,2018-09-26,4.9,90
136962,18中化Y2,中国中化股份有限公司,1.5,AAA,02,2018-09-26,4.96,90
136963,G18京Y1,北京市基础设施投资有限公司,1.5,AAA,02,2018-09-21,4.91,90
136965,18新金Y2,新疆金融投资(集团)有限责任公司,1.01,AAA,02,2018-11-09,6.8,90
136966,18建集Y2,厦门建发集团有限公司,,AAA,02,2018-11-01,5.3,90
136967,潮鸣2优,银河金汇证券资产管理有限公司,0.96,,10,2022-03-04,3.01,-100
136968,18新际Y5,新兴际华集团有限公司,,AAA,02,2018-11-02,5,90
136969,22融惠1A,平安证券股份有限公司,0.96,AAA,10,2022-03-14,2.85,-100
136970,17沪建Y1,上海建工集团股份有限公司,,AAA,02,2017-03-17,4.78,90
136972,17中冶Y3,中国冶金科工股份有限公司,,AAA,02,2017-03-21,4.98,90
136974,17中工Y1,中铝国际工程股份有限公司,1.99,AAA,02,2017-03-24,6,90
136976,17苏建01,江苏省建工集团有限公司,5,AA,02,2017-05-23,6.8,90
136977,17中材02,中国中材股份有限公司,5,AAA,02,2017-04-13,4.55,90
136978,17迪信01,北京迪信通商贸股份有限公司,3,AA,02,2017-05-15,7.5,90
136979,17鑫海01,山东鑫海科技股份有限公司,5,AA,02,2017-04-20,7,90
136980,17申证01,申万宏源证券有限公司,5,AAA,02,2017-03-06,4.4,90
136981,17申证02,申万宏源证券有限公司,7,AAA,02,2017-03-06,4.5,90
136982,17金红01,金红叶纸业集团有限公司,2,AA,02,2017-03-03,6,90
136983,17晋电01,山西国际电力集团有限公司,5,AA+,02,2017-03-06,5.3,90
136984,17银鹰01,山东银鹰化纤有限公司,5,AA,02,2018-01-22,7,90
136985,17黄金债,赤峰吉隆黄金矿业股份有限公司,5,AA+,02,2017-03-06,5.5,90
136986,17中山01,中山证券有限责任公司,3,AA,02,2017-03-13,4.88,90
136987,17中冶Y1,中国冶金科工股份有限公司,1,AAA,02,2017-03-13,4.99,90
136989,17锡投Y1,无锡产业发展集团有限公司,1.5,AAA,02,2017-03-27,5.28,90
136991,G16北Y1,北控水务(中国)投资有限公司,0.59,AAA,02,2016-10-20,3.68,90
136992,16葛洲Y3,中国葛洲坝集团股份有限公司,5,AAA,02,2016-09-01,3.15,90
136993,16葛洲Y4,中国葛洲坝集团股份有限公司,3,AAA,02,2016-09-01,3.43,90
136994,16葛洲Y1,中国葛洲坝集团股份有限公司,,AAA,02,2016-08-24,3.24,90
136995,16葛洲Y2,中国葛洲坝集团股份有限公司,0.92,AAA,02,2016-08-24,3.48,90
136996,16电投Y1,国家电力投资集团有限公司,2,AAA,02,2016-07-27,3.65,90
136997,16铁建Y1,中国铁建股份有限公司,2.75,AAA,02,2016-07-22,3.53,90
136998,16金茂Y1,上海金茂投资管理集团有限公司,,AAA,02,2016-07-28,3.7,90
136999,16浙交Y1,浙江省交通投资集团有限公司,5,AAA,02,2016-03-16,3.6,90
137500,22格力K1,珠海格力集团有限公司,3,,02,2022-07-27,3,90
137501,22小米SK,小米通讯技术有限公司,1,,02,2022-07-13,2.38,90
137502,22西南01,西南证券股份有限公司,3,AAA,02,2022-07-14,3.01,90
137503,22西南02,西南证券股份有限公司,5,AAA,02,2022-07-14,3.49,90
137504,22中新01,中新苏州工业园区开发集团股份有限公司,3,AAA,02,2022-07-15,2.96,90
137505,22津投14,天津城市基础设施建设投资集团有限公司,2,AAA,02,2022-07-19,4.15,90
137506,22津投15,天津城市基础设施建设投资集团有限公司,2,AAA,02,2022-07-19,5.6,90
137507,22厦贸K1,厦门国贸控股集团有限公司,5,,02,2022-07-26,3.5,90
137510,22产融03,中航工业产融控股股份有限公司,3,AAA,02,2022-07-18,3.02,90
137512,22株发02,株洲市城市建设发展集团有限公司,5,AA+,02,2022-08-01,4,90
137513,22华福G3,华福证券有限责任公司,3,AAA,02,2022-07-21,2.94,90
137514,22华福G4,华福证券股份有限公司,5,AAA,02,2022-07-21,3.39,90
137516,GK苏投01,江苏高科技投资集团有限公司,5,,02,2022-07-26,2.95,90
137517,22宁证01,南京证券股份有限公司,1.1,AAA,02,2022-07-20,2.38,90
137520,22京发02,京投发展股份有限公司,3,AAA,02,2022-07-22,3.1,90
137523,22瀚蓝02,瀚蓝环境股份有限公司,2,AA+,02,2022-07-21,2.7,90
137525,G22HXY2,华电新能源集团股份有限公司,,AAA,02,2022-07-25,3.05,90
137526,22安租16,平安国际融资租赁有限公司,2,,02,2022-09-22,2.6,90
137527,22安租17,平安国际融资租赁有限公司,4,,02,2022-09-22,3.09,90
137528,22保利07,保利发展控股集团股份有限公司,5,AAA,02,2022-07-27,2.89,90
137529,22保利08,保利发展控股集团股份有限公司,7,AAA,02,2022-07-27,3.28,90
137530,22吴发G2,江苏省吴中经济技术发展集团有限公司,3,,02,2022-07-29,3,90
137531,22闽冶01,福建省冶金(控股)有限责任公司,3,,02,2022-07-21,2.9,90
137533,22铁建Y3,中国铁建股份有限公司,1.41,AAA,02,2022-07-21,2.98,90
137534,22铁建Y4,中国铁建股份有限公司,1.41,AAA,02,2022-07-21,3.37,90
137535,22能建01,中国能源建设股份有限公司,3,,02,2022-07-29,2.7,90
137536,22中化T1,中化资本投资管理有限责任公司,5,AAA,02,2022-07-29,3.05,90
137537,22中财G3,中国中金财富证券有限公司,3,AAA,02,2022-07-22,2.83,90
137538,22中财G4,中国中金财富证券有限公司,5,AAA,02,2022-07-22,3.2,90
137539,22张江二,上海张江(集团)有限公司,5,,02,2022-07-25,2.83,90
137540,22洪产01,南昌市产业投资集团有限公司,5,AAA,02,2022-07-26,2.97,90
137541,22华证01,华宝证券股份有限公司,3,AA+,02,2022-07-22,3.1,90
137544,22华新01,华新水泥股份有限公司,3,,02,2022-07-25,2.99,90
137545,22华新02,华新建材集团股份有限公司,5,,02,2022-07-25,3.39,90
137547,22东证01,东方证券股份有限公司,3,AAA,02,2022-07-27,2.79,90
137548,22东证02,东方证券股份有限公司,5,AAA,02,2022-07-27,3.18,90
137549,22华电03,中国华电集团有限公司,3,AAA,02,2022-07-22,2.76,90
137550,22华电04,中国华电集团有限公司,5,AAA,02,2022-07-22,3.18,90
137552,22环球03,中国环球租赁有限公司,5,AAA,02,2022-07-26,3.3,90
137553,22金港03,张家港保税区金港资产经营集团有限公司,3,,02,2022-07-28,3.1,90
137554,22金港04,张家港保税区金港资产经营集团有限公司,5,,02,2022-07-28,3.7,90
137555,22海通04,海通证券股份有限公司,3,AAA,02,2022-07-29,2.75,90
137556,22吴城G3,苏州市吴中城市建设投资集团有限公司,3,,02,2022-07-27,2.94,90
137557,22海江G1,宁波市镇海区海江投资发展有限公司,5,AA+,02,2022-08-05,3.43,90
137558,22丰港02,江苏盐城港大丰港开发集团有限公司,5,,02,2022-09-08,6,90
137559,22环保Y1,北京首创生态环保集团股份有限公司,0.96,AAA,02,2022-08-05,3,90
137560,22环保Y2,北京首创生态环保集团股份有限公司,,AAA,02,2022-08-05,3.5,90
137561,22成交02,成都交通投资集团有限公司,10,AAA,02,2022-08-01,3.2,90
137562,22广越Y1,广州越秀集团股份有限公司,0.99,AAA,02,2022-07-27,2.95,90
137563,22平证05,平安证券股份有限公司,3,AAA,02,2022-08-01,2.8,90
137564,22鲁高03,山东高速集团有限公司,5,AAA,02,2022-08-02,2.78,90
137565,22鲁高04,山东高速集团有限公司,10,AAA,02,2022-08-02,3.64,90
137566,22天地二,天地源股份有限公司,3,AA+,02,2022-08-25,7.5,90
137567,22海兴G2,盐城市海兴集团有限公司,5,AA+,02,2022-08-01,4,90
137568,22津投16,天津城市基础设施建设投资集团有限公司,2,AAA,02,2022-08-01,4.04,90
137569,22津投17,天津城市基础设施建设投资集团有限公司,2,AAA,02,2022-08-01,5.58,90
137570,22舟交02,舟山交通投资集团有限公司,5,,02,2022-08-05,3.48,90
137571,22鲁资07,山东省国有资产投资控股有限公司,3,,02,2022-08-02,2.85,90
137573,G22锡交1,无锡市交通产业集团有限公司,10,AAA,02,2022-08-04,3.94,90
137574,GC核融02,中核融资租赁有限公司,5,AAA,02,2022-08-08,2.72,90
137577,22浙金K1,浙江省创新投资集团有限公司,5,AAA,02,2022-08-10,2.7,90
137578,22狮桥02,狮桥融资租赁(中国)有限公司,2,AA+,02,2022-08-17,4.5,90
137579,22景控01,景德镇市国资运营投资控股集团有限责任公司,2,AA+,02,2022-08-12,4.1,90
137581,22鲁资10,山东省国有资产投资控股有限公司,5,,02,2022-08-11,3.23,90
137582,22津投18,天津城市基础设施建设投资集团有限公司,2,AAA,02,2022-08-10,4.1,90
137584,22恒健01,广东恒健投资控股有限公司,3,AAA,02,2022-08-11,2.6,90
137585,22浙报01,浙报传媒控股集团有限公司,5,AAA,02,2022-08-08,2.82,90
137586,22赣交03,江西省交通投资集团有限责任公司,3,AAA,02,2022-08-11,2.61,90
137587,22西城01,杭州西湖城市建设投资集团有限公司,5,,02,2022-08-08,2.83,90
137588,22鄂交Y6,湖北交通投资集团有限公司,0.98,AAA,02,2022-08-04,3.53,90
137589,22穗投02,广州产业投资控股集团有限公司,3,AAA,02,2022-08-17,2.6,90
137590,22紫金Y1,南京紫金投资集团有限责任公司,1,AAA,02,2022-08-08,2.85,90
137592,22苏新06,苏州苏高新集团有限公司,5,,02,2022-08-04,3.24,90
137594,22建材Y5,中国建材股份有限公司,1.15,AAA,02,2022-08-09,2.77,90
137596,22宁德02,宁德市国有资产投资经营集团有限公司,5,,02,2022-08-17,2.96,90
137597,22张科K2,上海张江科技创业投资有限公司,5,AAA,02,2022-08-10,2.78,90
137598,22安控03,厦门安居控股集团有限公司,3,,02,2022-08-09,2.9,90
137599,22安控04,厦门安居控股集团有限公司,5,,02,2022-08-09,3.48,90
137600,22四局Y2,中交建筑集团有限公司,1,AAA,02,2022-08-10,2.9,90
137601,22建发Y4,厦门建发股份有限公司,,AAA,02,2022-08-11,3.5,90
137602,22光明S1,光明食品(集团)有限公司,0.34,,02,2022-08-10,1.73,90
137603,22上建Y1,上海基础设施建设发展(集团)有限公司,,AA+,02,2022-08-31,3.16,90
137605,22浦土01,上海浦东土地控股(集团)有限公司,5,AAA,02,2022-08-15,2.71,90
137606,22甬城03,宁波城建投资集团有限公司,5,AAA,02,2022-08-09,3.05,90
137607,22甬城04,宁波城建投资集团有限公司,10,AAA,02,2022-08-09,3.69,90
137609,22交建Y8,中国交通建设股份有限公司,3.74,AAA,02,2022-08-09,2.78,90
137611,22张经03,张家港经开区控股集团有限公司,5,,02,2022-08-18,3.46,90
137612,22平煤债,平顶山天安煤业股份有限公司,5,AAA,02,2022-08-10,4.5,90
137613,22鲁能01,鲁能集团有限公司,3,AAA,02,2022-08-29,3.24,90
137614,22赣投S1,江西省投资集团有限公司,1,,02,2022-08-10,2.1,90
137615,22晋陵02,常州市晋陵投资集团有限公司,5,AA+,02,2022-08-17,3.48,90
137616,22信地03,信达地产股份有限公司,5,AA+,02,2022-08-10,3.8,90
137618,22财达01,财达证券股份有限公司,3,AAA,02,2022-08-24,2.78,90
137620,22连城G4,连云港市城建控股集团有限公司,5,,02,2022-08-12,3.73,90
137621,22皋通G3,如皋市交通产业集团有限公司,5,,02,2022-08-11,3,90
137622,22保利09,保利发展控股集团股份有限公司,5,AAA,02,2022-08-31,2.8,90
137623,22保利10,保利发展控股集团股份有限公司,7,AAA,02,2022-08-31,3.4,90
137626,22粤港03,广州港股份有限公司,3,AAA,02,2022-08-15,2.61,90
137627,22三投03,三门峡市投资集团有限公司,3,,02,2022-08-19,3.5,90
137632,22三航Y1,中交第三航务工程局有限公司,0.94,AAA,02,2022-08-31,3.03,90
137633,22湘新01,湖南湘江新区发展集团有限公司,5,AAA,02,2022-08-22,2.69,90
137634,22建工Y3,北京建工集团有限责任公司,1.8,AAA,02,2022-08-17,2.98,90
137635,22建工Y4,北京建工集团有限责任公司,1.8,AAA,02,2022-08-17,3.4,90
137636,22津投20,天津城市基础设施建设投资集团有限公司,2,AAA,02,2022-08-16,4.1,90
137637,22龙盛01,浙江龙盛集团股份有限公司,2,AAA,02,2022-08-16,2.9,90
137639,22西南03,西南证券股份有限公司,3,AAA,02,2022-08-16,2.76,90
137641,22宜兴02,宜兴市城市发展投资有限公司,7,,02,2022-08-18,2.8,90
137642,22路投02,台州市路桥公共资产投资管理集团有限公司,5,,02,2022-08-17,3.05,90
137644,22津投21,天津城市基础设施建设投资集团有限公司,2,AAA,02,2022-08-16,5.55,90
137646,22苏金K1,苏州金合盛控股有限公司,5,AAA,02,2022-08-16,2.99,90
137647,22山能01,山东能源集团有限公司,5,,02,2022-08-12,3.25,90
137650,22银河G3,中国银河证券股份有限公司,5,AAA,02,2022-08-17,3.08,90
137651,22九洲K1,四川九洲投资控股集团有限公司,5,AA,02,2022-08-16,4,90
137652,22北汽01,北京汽车集团有限公司,3,AAA,02,2022-08-17,3.1,90
137653,22招证G3,招商证券股份有限公司,2.54,AAA,02,2022-08-16,2.54,90
137654,22招证G4,招商证券股份有限公司,3,AAA,02,2022-08-16,2.59,90
137655,22建租06,中建投租赁股份有限公司,3,,02,2022-08-19,3.24,90
137656,22平证06,平安证券股份有限公司,3,AAA,02,2022-08-19,2.75,90
137657,22平证07,平安证券股份有限公司,5,AAA,02,2022-08-19,3.22,90
137659,22广越03,广州越秀集团股份有限公司,5,AAA,02,2022-08-22,2.58,90
137660,22广越04,广州越秀集团股份有限公司,10,AAA,02,2022-08-22,3.55,90
137661,22环球04,中国环球租赁有限公司,5,,02,2022-08-18,3.2,90
137662,22疏浚Y1,中交疏浚(集团)股份有限公司,0.99,AAA,02,2022-08-26,2.77,90
137663,22先导01,长沙先导投资控股集团有限公司,5,,02,2022-08-19,3.36,90
137664,22芜建02,芜湖市投资控股集团有限公司,3,,02,2022-08-25,2.78,90
137665,22泰城G1,泰州市城市建设投资集团有限公司,3,AAA,02,2022-09-02,2.85,90
137666,22华泰G2,华泰证券股份有限公司,2,AAA,02,2022-08-22,2.43,90
137668,22远东八,远东国际融资租赁有限公司,4,AAA,02,2022-08-19,3.4,90
137669,22苏交01,江苏交通控股有限公司,3,AAA,02,2022-08-26,2.51,90
137670,22鲁海洋,山东海洋集团有限公司,3,,02,2022-09-19,3.48,90
137671,22鄂投02,湖北省联合发展投资集团有限公司,5,AAA,02,2022-08-23,3.14,90
137672,22淮建投,淮北市建投控股集团有限公司,5,AA+,02,2022-09-02,3.9,90
137673,22红狮01,红狮控股集团有限公司,3,AAA,02,2022-08-29,3.1,90
137674,22杭旅01,杭州市商贸旅游集团有限公司,3,AAA,02,2022-10-21,2.69,90
137675,22锡建G1,无锡市建设发展投资有限公司,10,AAA,02,2022-08-22,3.88,90
137676,22路建Y2,中交路桥建设有限公司,0.71,AAA,02,2022-08-29,2.85,90
137677,22杭城01,杭州市城市建设投资集团有限公司,10,AAA,02,2022-09-01,3.55,90
137678,22闽冶02,福建省冶金(控股)有限责任公司,3,,02,2022-08-23,2.72,90
137679,22金茂04,上海金茂投资管理集团有限公司,5,AAA,02,2022-10-12,3.6,90
137683,22金港05,张家港保税区金港资产经营集团有限公司,3,AAA,02,2022-08-29,2.9,90
137685,22广物01,广东省广物控股集团有限公司,5,AAA,02,2022-08-24,2.79,90
137686,22宁沪G2,江苏宁沪高速公路股份有限公司,3,,02,2022-08-29,2.55,90
137687,22国创G1,苏州国发创业投资控股有限公司,3,AAA,02,2022-08-24,2.83,90
137688,22浦集05,上海浦东发展(集团)有限公司,7,AAA,02,2022-08-30,2.94,90
137689,22义乌01,义乌市国有资本运营有限公司,5,AA+,02,2022-08-29,3.3,90
137691,22联发01,联发集团有限公司,6,AAA,02,2022-08-31,3.9,90
137693,22光证G3,光大证券股份有限公司,3,AAA,02,2022-08-25,2.56,90
137694,22蓉高04,成都高新投资集团有限公司,10,AAA,02,2022-08-31,3.18,90
137695,22杭城建,杭州市城市建设发展集团有限公司,5,AA+,02,2022-09-01,2.76,90
137696,22滨江G2,南京滨江投资发展有限公司,5,,02,2022-09-02,3.6,90
137697,22铁发K1,山东铁路发展基金有限公司,5,,02,2022-08-24,2.78,90
137698,22铁发K2,山东铁路发展基金有限公司,7,,02,2022-08-24,3.2,90
137699,22国丰Y5,烟台国丰投资控股集团有限公司,0.98,AAA,02,2022-09-01,2.98,90
137700,22国丰Y6,烟台国丰投资控股集团有限公司,1,AAA,02,2022-09-01,3.65,90
137701,22宁证02,南京证券股份有限公司,2,AAA,02,2022-08-26,2.4,90
137702,22新创K1,无锡市高新区创业投资控股集团有限公司,5,AA+,02,2022-08-31,2.99,90
137703,22蓉产K2,成都产业投资集团有限公司,5,AAA,02,2022-09-01,2.78,90
137704,22兴投08,河南航空港投资集团有限公司,3,,02,2022-09-08,4.2,90
137705,22住总Y1,北京住总集团有限责任公司,2,AAA,02,2022-09-22,3,90
137706,22建邺G3,南京市建邺区高新科技投资集团有限公司,5,,02,2022-09-05,2.95,90
137707,22开源02,开源证券股份有限公司,3,,02,2022-09-02,2.99,90
137708,22金隅Y5,北京金隅集团股份有限公司,1,AAA,02,2022-08-29,2.95,90
137709,22金隅Y6,北京金隅集团股份有限公司,0.97,AAA,02,2022-08-29,3.35,90
137710,22山能Y1,山东能源集团有限公司,0.97,AAA,02,2022-08-30,2.98,90
137711,22山能Y2,山东能源集团有限公司,1.5,AAA,02,2022-08-30,3.49,90
137713,GC浦建01,上海浦东建设股份有限公司,5,,02,2022-09-02,2.5,90
137714,22翔业03,厦门翔业集团有限公司,3,,02,2022-08-29,2.66,90
137715,22津投22,天津城市基础设施建设投资集团有限公司,2,AAA,02,2022-08-30,4.15,90
137716,22津投23,天津城市基础设施建设投资集团有限公司,2,AAA,02,2022-08-30,5.6,90
137717,22华资Y3,中国华电集团产融控股有限公司,2.71,AAA,02,2022-09-01,2.72,90
137718,22华资Y4,中国华电集团产融控股有限公司,,AAA,02,2022-09-01,2.95,90
137719,22洪政04,南昌市政公用集团有限公司,3,,02,2022-09-06,2.73,90
137720,22洪政05,南昌市政公用集团有限公司,5,,02,2022-09-06,3.2,90
137722,G22天成8,华能天成融资租赁有限公司,3,AAA,02,2022-08-30,2.78,90
137723,22京投Y1,北京市基础设施投资有限公司,0.97,AAA,02,2022-09-05,2.73,90
137724,22沪国03,上海国有资产经营有限公司,5,,02,2022-09-02,2.91,90
137725,22东证03,东方证券股份有限公司,5,AAA,02,2022-08-30,3,90
137726,G22HXY3,华电新能源集团股份有限公司,,AAA,02,2022-09-01,2.83,90
137727,22穗发02,广州发展集团股份有限公司,5,AAA,02,2022-09-01,2.61,90
137728,22首股04,北京首都开发股份有限公司,5,AAA,02,2022-09-09,3.7,90
137729,22华安G2,华安证券股份有限公司,3,AAA,02,2022-09-05,2.73,90
137730,22特电Y1,新疆特变电工集团有限公司,,AA+,02,2022-09-01,4.5,90
137732,22华泰G3,华泰证券股份有限公司,2,AAA,02,2022-08-31,2.33,90
137733,G22锡交2,无锡市交通产业集团有限公司,10,AAA,02,2022-10-10,3.84,90
137734,22抚州04,抚州市市属国有资产投资控股集团有限公司,5,,02,2022-09-01,2.99,90
137735,22中财G5,中国中金财富证券有限公司,3,AAA,02,2022-09-02,2.69,90
137736,22中财G6,中国中金财富证券有限公司,5,AAA,02,2022-09-02,3.06,90
137737,22航租Y1,中航国际融资租赁有限公司,0.96,AAA,02,2022-09-09,3.29,90
137739,22科发01,绵阳科技城发展投资(集团)有限公司,3,AA,02,2022-09-09,5.9,90
137740,22小商01,浙江中国小商品城集团股份有限公司,3,,02,2022-09-08,2.88,90
137741,22北控Y1,北京控股集团有限公司,1,AAA,02,2022-09-02,2.75,90
137742,22河西03,南京市河西新城区国有资产经营控股(集团)有限责任公司,3,AAA,02,2022-09-09,2.7,90
137743,22河西04,南京市河西新城区国有资产经营控股(集团)有限责任公司,10,AAA,02,2022-09-09,3.94,90
137744,22上证02,上海证券有限责任公司,3,AAA,02,2022-09-07,2.75,90
137745,22上证03,上海证券有限责任公司,5,AAA,02,2022-09-07,3.19,90
137746,22蓝星01,中国蓝星(集团)股份有限公司,5,,02,2022-09-01,2.9,90
137747,22藏城发,西藏城市发展投资股份有限公司,5,AA+,02,2022-09-13,3.75,90
137748,22洪轨02,南昌轨道交通集团有限公司,5,AAA,02,2022-09-08,3.06,90
137749,22高科K1,武汉高科国有控股集团有限公司,10,AA+,02,2022-09-07,3.67,90
137750,22阳安03,华创云信数字技术股份有限公司,2,AA+,02,2022-09-06,5.4,90
137751,22中希02,中国希格玛有限公司,2,,02,2022-09-05,8.2,90
137752,22华发03,珠海华发实业股份有限公司,5,AAA,02,2022-09-16,4.8,90
137753,22HDGJY3,华电国际电力股份有限公司,,AAA,02,2022-11-15,2.49,90
137754,22远东Y1,远东国际融资租赁有限公司,1,AAA,02,2022-09-08,4.2,90
137755,22川电01,四川省水电投资经营集团有限公司,5,AA+,02,2022-09-06,2.98,90
137756,22建银05,中国建银投资有限责任公司,3,AAA,02,2022-09-16,2.6,90
137757,22长水01,长沙水业集团有限公司,5,AAA,02,2022-09-27,2.76,90
137759,22国联G1,无锡市国联发展(集团)有限公司,5,,02,2022-09-07,3.1,90
137762,22金投01,成都市金牛国有资产投资经营集团有限公司,5,AA+,02,2022-10-21,2.9,90
137763,22安控07,浙江安吉国控建设发展集团有限公司,5,,02,2022-09-14,3.72,90
137764,22豫通01,河南交通投资集团有限公司,5,AAA,02,2022-09-09,3.1,90
137765,22济建Y4,济南城市建设集团有限公司,0.96,AAA,02,2022-09-26,3.45,90
137766,22渝隆Y1,重庆渝隆资产经营(集团)有限公司,1,AAA,02,2022-09-22,3.21,90
137767,22渝隆Y2,重庆渝隆资产经营(集团)有限公司,1,AA+,02,2022-09-22,3.7,90
137768,22银河G4,中国银河证券股份有限公司,3,AAA,02,2022-09-09,2.54,90
137769,22银河G5,中国银河证券股份有限公司,5,AAA,02,2022-09-09,2.95,90
137771,22国元G1,安徽国元金融控股集团有限责任公司,3,AAA,02,2022-09-13,2.49,90
137772,22交投Y2,中交投资有限公司,,AAA,02,2022-09-14,2.79,90
137773,22资本Y1,国投资本股份有限公司,1,AAA,02,2022-09-08,2.8,90
137775,22昆租02,昆明市安居集团有限公司,2,AA+,02,2022-09-14,5.8,90
137777,22义乌02,义乌市国有资本运营有限公司,3,,02,2022-09-14,2.9,90
137778,22渝高01,重庆高速公路集团有限公司,5,AAA,02,2022-09-14,3.1,90
137779,22航投01,中航产业投资有限公司,5,AAA,02,2022-10-10,2.84,90
137780,22华泰G4,华泰证券股份有限公司,3,AAA,02,2022-09-08,2.52,90
137781,22锡产Y4,无锡产业发展集团有限公司,0.97,AAA,02,2022-09-14,2.89,90
137782,22葛洲Y3,中国葛洲坝集团有限公司,2.13,AAA,02,2022-09-09,2.76,90
137783,22葛洲Y4,中国葛洲坝集团有限公司,2.97,AAA,02,2022-09-09,3.21,90
137784,22鲁创K1,鲁信创业投资集团股份有限公司,10,AAA,02,2022-09-15,3.39,90
137785,22津投24,天津城市基础设施建设投资集团有限公司,2,AAA,02,2022-09-09,4.2,90
137787,22方正G1,方正证券股份有限公司,3,AAA,02,2022-09-23,2.95,90
137788,22星发02,长沙县星城发展集团有限公司,5,,02,2022-09-26,2.88,90
137789,22建发G2,乌鲁木齐经济技术开发区建发国有资本投资运营(集团)有限公司,2,,02,2022-11-09,3.44,90
137790,22海兴G3,盐城市海兴集团有限公司,5,AA+,02,2022-09-16,4,90
137791,22安租18,平安国际融资租赁有限公司,5,,02,2022-09-22,3.33,90
137792,22天合01,天合国际融资租赁有限公司,3,AA+,02,2022-09-19,3.48,90
137793,22蓉金Y1,成都交子金融控股集团有限公司,2,AAA,02,2022-09-26,3.02,90
137794,22吴发G3,江苏省吴中经济技术发展集团有限公司,3,,02,2022-09-21,2.84,90
137795,22中色01,中国有色矿业集团有限公司,3,,02,2022-09-15,2.83,90
137796,22嘉宝01,光大嘉宝股份有限公司,3,,02,2022-09-27,4.5,90
137798,甬通商03,宁波通商控股集团有限公司,5,AAA,02,2022-09-21,2.99,90
137799,22海通05,海通证券股份有限公司,3,AAA,02,2022-09-15,2.53,90
137800,甬通商04,宁波通商控股集团有限公司,10,AAA,02,2022-09-21,3.54,90
137801,GC风电01,中节能风力发电股份有限公司,5,AA+,02,2022-09-19,2.65,90
137802,22牡丹01,黑牡丹(集团)股份有限公司,3,,02,2022-09-21,3.5,90
137803,22平证08,平安证券股份有限公司,3,AAA,02,2022-09-23,2.65,90
137804,22宁安01,南京安居建设集团有限责任公司,5,AAA,02,2022-09-28,2.66,90
137805,22招金02,招金矿业股份有限公司,5,,02,2022-09-21,2.78,90
137806,22佛控01,佛山市投资控股集团有限公司,3,,02,2022-09-16,2.65,90
137809,22华数02,华数数字电视传媒集团有限公司,3,AAA,02,2022-09-28,2.67,90
137810,22福瑞Y1,福建华电福瑞能源发展有限公司,,AAA,02,2022-09-22,2.77,90
137811,22泰城G2,泰州市城市建设投资集团有限公司,3,AAA,02,2022-09-27,2.77,90
137812,22粤港04,广州港股份有限公司,3,AAA,02,2022-09-26,2.59,90
137813,22浙港01,浙江省海港投资运营集团有限公司,3,,02,2022-10-27,2.62,90
137814,22华泰G5,华泰证券股份有限公司,3,AAA,02,2022-09-19,2.5,90
137815,22小商02,浙江中国小商品城集团股份有限公司,3,,02,2022-09-27,2.88,90
137816,22江铜01,江西铜业股份有限公司,3,AAA,02,2022-09-23,2.67,90
137817,22远东九,远东国际融资租赁有限公司,3,AAA,02,2022-09-23,3.46,90
137818,G22桂冠3,广西桂冠电力股份有限公司,3,AAA,02,2022-09-26,2.7,90
137819,22鲁能02,鲁能集团有限公司,3,,02,2022-09-30,3.35,90
137820,22江海02,江海证券有限公司,3,AA+,02,2022-09-23,5.08,90
137821,22HDGJ02,华电国际电力股份有限公司,3,AAA,02,2022-09-22,2.58,90
137822,22皖控01,安徽省国有资本运营控股集团有限公司,5,AAA,02,2022-09-27,2.8,90
137823,22陕煤Y4,陕西煤业化工集团有限责任公司,3.03,AAA,02,2022-09-21,3.05,90
137824,22淮安04,淮安开发控股有限公司,3,,02,2022-09-21,4,90
137825,22三友01,唐山三友化工股份有限公司,3,,02,2022-10-10,3.5,90
137826,22穗建09,广州市城市建设开发有限公司,5,AAA,02,2022-09-28,2.78,90
137827,22穗建10,广州市城市建设开发有限公司,7,AAA,02,2022-09-28,3.09,90
137828,22张公G4,张家港市国有资本投资集团有限公司,3,,02,2022-09-28,2.7,90
137829,22元禾K1,苏州元禾控股股份有限公司,5,AAA,02,2022-09-26,2.89,90
137830,22元禾K2,苏州元禾控股股份有限公司,5,AAA,02,2022-09-26,3.35,90
137831,22建工Y5,北京建工集团有限责任公司,2.01,AAA,02,2022-09-29,2.93,90
137832,22建工Y6,北京建工集团有限责任公司,,AAA,02,2022-09-29,3.49,90
137834,22津投26,天津城市基础设施建设投资集团有限公司,2,AAA,02,2022-09-23,4.28,90
137835,22上证04,上海证券有限责任公司,5,AAA,02,2022-09-27,3.16,90
137836,22二航Y1,中交第二航务工程局有限公司,,AAA,02,2022-09-28,2.99,90
137837,22南山04,南山集团有限公司,2,AAA,02,2022-09-26,4.9,90
137840,22陆债01,上海陆家嘴金融贸易区开发股份有限公司,7,,02,2022-09-21,3.17,90
137841,22温岭02,温岭市国有资产投资集团有限公司,5,,02,2022-11-18,2.72,90
137842,22淮投债,淮北市建投控股集团有限公司,5,,02,2022-10-10,3.92,90
137843,22首钢01,首钢集团有限公司,3,AAA,02,2022-09-23,2.8,90
137844,22三峡Y1,重庆三峡融资担保集团股份有限公司,17.62,AAA,02,2022-09-27,4,90
137845,22海租03,海发宝诚融资租赁有限公司,3,,02,2022-09-29,3.75,90
137848,22兵国01,新疆生产建设兵团国有资产经营有限责任公司,5,,02,2022-09-27,2.99,90
137849,22兵国02,新疆生产建设兵团国有资产经营有限责任公司,5,,02,2022-09-27,3.87,90
137850,22财信01,湖南财信金融控股集团有限公司,5,AAA,02,2022-09-23,2.7,90
137851,G诚通K01,中国诚通控股集团有限公司,10,AAA,02,2022-09-26,3.2,90
137852,G诚通K02,中国诚通控股集团有限公司,10,AAA,02,2022-09-26,3.7,90
137855,22国君G9,国泰海通证券股份有限公司,3,AAA,02,2022-09-27,2.52,90
137856,22国君10,国泰海通证券股份有限公司,5,AAA,02,2022-09-27,2.9,90
137857,葛洲YK01,中国葛洲坝集团有限公司,3,AAA,02,2022-09-26,2.7,90
137858,葛洲YK02,中国葛洲坝集团有限公司,,AAA,02,2022-09-26,3.21,90
137859,22国发03,苏州国际发展集团有限公司,3,,02,2022-09-29,2.47,90
137860,22国发04,苏州国际发展集团有限公司,5,,02,2022-09-29,3,90
137861,22GLP02,普洛斯中国控股有限公司,3,AAA,02,2022-09-29,4.2,90
137862,22国联G2,无锡市国联发展(集团)有限公司,3,,02,2022-09-28,2.68,90
137863,22海晟G2,江苏海晟控股集团有限公司,3,,02,2022-10-18,2.88,90
137864,22洪政06,南昌市政公用集团有限公司,3,,02,2022-09-29,2.69,90
137866,22交Y10,中国交通建设股份有限公司,,AAA,02,2022-09-27,2.69,90
137867,22交Y9,中国交通建设股份有限公司,,AAA,02,2022-09-27,2.44,90
137868,23华电01,中国华电集团有限公司,3,,02,2023-03-27,3.03,90
137869,22中公Y3,中交一公局集团有限公司,1.16,AAA,02,2022-09-30,2.79,90
137870,23华电02,中国华电集团有限公司,5,AA+,02,2023-03-27,3.3,90
137872,22厦贸03,厦门国贸控股集团有限公司,5,BBB-,02,2022-09-30,3.19,90
137873,22首股05,北京首都开发股份有限公司,5,,02,2022-11-09,3.9,90
137874,22铁工Y1,中国中铁股份有限公司,1.25,AAA,02,2022-09-30,2.69,90
137875,22铁工Y2,中国中铁股份有限公司,1.25,AAA,02,2022-09-30,3.07,90
137876,22联发03,联发集团有限公司,6,AAA,02,2022-11-04,4.2,90
137878,22惠控02,无锡市惠山国有投资控股集团有限公司,5,,02,2022-10-17,2.9,90
137879,22津投28,天津城市基础设施建设投资集团有限公司,1.02,AAA,02,2022-10-10,4.4,90
137880,22佛建Y1,佛山市建设发展集团有限公司,2,AA+,02,2022-10-13,3.26,90
137881,22赣融02,江西省金融控股集团有限公司,3,AAA,02,2022-10-12,3.18,90
137882,22华租Y1,华电融资租赁有限公司,,AAA,02,2022-10-13,3.03,90
137883,22华租Y2,华电融资租赁有限公司,0.95,AAA,02,2022-10-13,3.3,90
137884,22动能K1,山东省新动能基金管理有限公司,5,AAA,02,2022-10-11,2.7,90
137885,22宏洋01,中海宏洋地产集团有限公司,3,AAA,02,2022-10-28,3.4,90
137886,22株发03,株洲市城市建设发展集团有限公司,5,AA+,02,2022-10-12,3.98,90
137888,G三航Y1,中交第三航务工程局有限公司,2,AAA,02,2022-10-19,2.97,90
137890,22中航Y6,中国航空技术国际控股有限公司,2.16,AAA,02,2022-10-19,2.8,90
137891,22陕煤Y5,陕西煤业化工集团有限责任公司,0.96,AAA,02,2022-10-11,3.8,90
137892,22航租Y3,中航国际融资租赁有限公司,2.49,AAA,02,2022-10-20,3.29,90
137895,22张投02,张家港市城市投资发展集团有限公司,5,AAA,02,2022-10-18,3.39,90
137896,22陕资01,陕西金融资产管理股份有限公司,5,AAA,02,2022-10-17,3.28,90
137897,22常通02,常州市交通产业集团有限公司,5,,02,2022-11-01,3.27,90
137898,22迈瑞G1,重庆迈瑞城市建设投资有限责任公司,5,,02,2022-10-19,4.2,90
137899,22控租01,国耀融汇融资租赁有限公司,3,AAA,02,2022-10-20,3.3,90
137900,22建控Y2,陕西建工控股集团有限公司,11.66,AAA,02,2022-10-17,5.5,90
137901,22信保Y2,江苏省信用再担保集团有限公司,,AAA,02,2022-10-27,2.89,90
137902,22国科K3,中国科学院控股有限公司,3,AA+,02,2022-10-28,2.7,90
137903,22津投29,天津城市基础设施建设投资集团有限公司,1.02,AAA,02,2022-10-18,4.48,90
137904,22海通06,海通证券股份有限公司,3,AAA,02,2022-10-19,2.6,90
137905,22建材Y7,中国建材股份有限公司,2.03,AAA,02,2022-10-20,2.74,90
137906,22陆集01,上海陆家嘴(集团)有限公司,5,,02,2022-10-19,2.93,90
137907,22榆财债,榆林市财金投资管理集团有限公司,5,,02,2022-11-01,3.5,90
137908,22国房01,厦门国贸房地产有限公司,3,AAA,02,2022-10-18,3.8,90
137911,22凤凰01,江苏凤凰出版传媒集团有限公司,3,AAA,02,2022-11-15,2.69,90
137912,22铁工Y3,中国中铁股份有限公司,,AAA,02,2022-10-31,2.7,90
137913,22铁工Y4,中国中铁股份有限公司,0.72,AAA,02,2022-10-31,3.09,90
137914,22国丰Y7,烟台国丰投资控股集团有限公司,,AAA,02,2022-10-21,2.6,90
137915,22国丰Y8,烟台国丰投资控股集团有限公司,18.01,AAA,02,2022-10-20,3.8,90
137916,22西电一,中国西电集团有限公司,3,AAA,02,2022-10-19,2.85,90
137918,22渤海01,渤海证券股份有限公司,3,AAA,02,2022-10-25,3.05,90
137919,22蓝星02,中国蓝星(集团)股份有限公司,5,,02,2022-10-20,2.92,90
137920,22豫港09,河南航空港投资集团有限公司,3,,02,2022-10-25,4.39,90
137922,22云龙03,株洲市云龙发展投资控股集团有限公司,5,AA+,02,2022-11-11,5.95,90
137924,GC华租01,华电融资租赁有限公司,3,AAA,02,2022-10-25,3,90
137925,22智光G2,泰兴市智光环保科技有限公司,3,AAA,02,2022-11-01,3,90
137926,22智光G3,泰兴市智光环保科技有限公司,3,AA+,02,2022-11-01,5.8,90
137927,22安租19,平安国际融资租赁有限公司,2,AAA,02,2022-10-27,2.8,90
137928,22富皋01,富皋万泰集团有限公司,5,,02,2022-10-21,3.2,90
137929,22东兴G4,东兴证券股份有限公司,1.02,AAA,02,2022-10-27,2.1,90
137930,22东兴G5,东兴证券股份有限公司,3,AAA,02,2022-10-27,2.63,90
137931,22苏交02,江苏交通控股有限公司,3,AAA,02,2022-10-27,2.5,90
137932,22衢资02,衢州市国有资本运营有限公司,3,A+,02,2022-10-24,2.9,90
137933,22衢资03,衢州市国有资本运营有限公司,5,,02,2022-10-24,3.4,90
137934,22先行01,江苏先行控股集团有限公司,5,,02,2022-11-03,3.06,90
137936,22杭资K1,杭州市国有资本投资运营有限公司,3,,02,2022-10-25,2.5,90
137937,22环保Y3,北京首创生态环保集团股份有限公司,2,AAA,02,2022-10-27,2.94,90
137938,22环保Y4,北京首创生态环保集团股份有限公司,2,AAA,02,2022-10-27,3.45,90
137941,22恒信G4,海通恒信国际融资租赁股份有限公司,3,AAA,02,2022-10-26,3.13,90
137942,22电建Y1,中国电力建设股份有限公司,1.7,AAA,02,2022-10-25,2.74,90
137943,22电建Y2,中国电力建设股份有限公司,1,AAA,02,2022-10-25,3.08,90
137944,22沪城01,上海城建(集团)有限公司,5,AAA,02,2022-10-27,2.63,90
137945,22蓉产02,成都产业投资集团有限公司,5,AAA,02,2022-10-26,2.75,90
137946,22交投G1,中交投资有限公司,3,,02,2022-10-31,2.69,90
137947,22交投G2,中交投资有限公司,5,,02,2022-10-31,3.2,90
137948,22远东Y2,远东国际融资租赁有限公司,2.49,AAA,02,2022-11-02,4.09,90
137949,22唐租G1,大唐融资租赁有限公司,3,,02,2022-10-28,2.67,90
137950,22东吴06,东吴证券股份有限公司,3,AAA,02,2022-10-31,2.63,90
137952,22北控02,北京控股集团有限公司,5,,02,2022-11-01,2.95,90
137953,22富通01,富通集团有限公司,2,,02,2022-11-15,6.9,90
137954,22张江三,上海张江(集团)有限公司,5,,02,2022-10-31,2.65,90
137960,22洪轨03,南昌轨道交通集团有限公司,3,AAA,02,2022-10-27,2.69,90
137961,22宏桥03,山东宏桥新型材料有限公司,5,AA+,02,2022-11-08,4,90
137962,G22宁沪1,江苏宁沪高速公路股份有限公司,3,AAA,02,2022-10-28,2.58,90
137963,22建银07,中国建银投资有限责任公司,3,AAA,02,2022-11-02,2.63,90
137964,22建银08,中国建银投资有限责任公司,5,AAA,02,2022-11-02,2.98,90
137966,22扬州01,扬州市城建国有资产控股(集团)有限责任公司,3,AAA,02,2022-11-01,2.66,90
137967,22方正G3,方正证券股份有限公司,3,AAA,02,2022-11-09,2.94,90
137968,22方正G2,方正证券股份有限公司,2,AAA,02,2022-11-09,2.75,90
137969,22锡建G3,无锡市建设发展投资有限公司,7,AAA,02,2022-10-27,3.5,90
137970,22锡建G2,无锡市建设发展投资有限公司,10,AAA,02,2022-10-27,3.82,90
137971,22葛洲Y5,中国葛洲坝集团有限公司,0.8,AAA,02,2022-11-01,3.18,90
137972,22保置07,保利置业集团有限公司,5,,02,2022-11-08,3.3,90
137974,22交YK01,中国交通建设股份有限公司,2.06,AAA,02,2022-10-26,2.44,90
137975,22交YK02,中国交通建设股份有限公司,3.06,AAA,02,2022-10-26,2.7,90
137976,22北控01,北京控股集团有限公司,3,AAA,02,2022-11-01,2.55,90
137977,22财证03,财信证券股份有限公司,3,AAA,02,2022-10-27,2.83,90
137978,22苏国01,苏州高新国有资产经营管理集团有限公司,3,,02,2022-10-27,2.87,90
137979,22海租04,海发宝诚融资租赁有限公司,3,,02,2022-11-09,3.55,90
137981,22中保Y1,中国投融资担保股份有限公司,2.65,AAA,02,2022-10-26,3.28,90
137982,22义乌03,义乌市国有资本运营有限公司,3,AA+,02,2022-11-04,2.99,90
137983,22丰港04,江苏盐城港大丰港开发集团有限公司,5,,02,2022-11-03,5.75,90
137984,22动能01,山东省新动能基金管理有限公司,5,AAA,02,2022-11-02,2.94,90
137985,22汾湖G1,苏州汾湖投资集团有限公司,3,,02,2022-11-02,3,90
137986,22东投01,东方航空产业投资有限公司,3,AAA,02,2022-11-02,2.8,90
137987,22中化Y2,中国中化股份有限公司,1.92,AAA,02,2022-10-27,2.46,90
137988,22河西05,南京市河西新城区国有资产经营控股(集团)有限责任公司,3,AAA,02,2022-11-07,2.7,90
137989,22国新05,中国国新控股有限责任公司,3,AAA,02,2022-10-28,2.59,90
137990,22泉城01,泉州城建集团有限公司,3,,02,2022-10-27,2.6,90
137991,22泉城02,泉州城建集团有限公司,5,,02,2022-10-27,3.09,90
137992,22河西06,南京市河西新城区国有资产经营控股(集团)有限责任公司,10,AAA,02,2022-11-07,3.89,90
137993,22诚泰01,诚泰融资租赁(上海)有限公司,3,,02,2022-11-21,4.3,90
137994,22渝富01,重庆渝富控股集团有限公司,5,AAA,02,2022-11-07,3.05,90
137995,22渝富02,重庆渝富控股集团有限公司,10,AAA,02,2022-11-08,4,90
137996,22青信04,青岛国信发展(集团)有限责任公司,3,AAA,02,2022-11-14,3.2,90
137998,22渝合G1,重庆市合川城市建设投资(集团)有限公司,5,AA+,02,2022-11-02,5,90
137999,22浙资02,浙江省国有资本运营有限公司,3,AAA,02,2022-11-02,2.59,90
138501,22南租01,南航国际融资租赁有限公司,3,,02,2022-11-02,2.88,90
138502,22海旅01,海南省旅游投资集团有限公司,5,AA+,02,2022-11-01,2.89,90
138503,22国投K3,国家开发投资集团有限公司,3,,02,2022-11-01,2.4,90
138504,22国投K4,国家开发投资集团有限公司,10,,02,2022-11-01,3.35,90
138505,22上控01,上饶投资控股集团有限公司,5,AAA,02,2022-11-09,4.3,90
138506,22京投Y2,北京市基础设施投资有限公司,2.9,AAA,02,2022-11-01,2.73,90
138508,22中色Y1,中国有色矿业集团有限公司,0.72,AAA,02,2022-11-02,3.22,90
138509,22山能Y3,山东能源集团有限公司,1.72,AAA,02,2022-11-08,2.97,90
138510,22山能Y4,山东能源集团有限公司,2.72,AAA,02,2022-11-08,3.6,90
138512,22上金02,上海汽车集团金控管理有限公司,3,,02,2022-11-07,2.95,90
138514,22狮桥03,狮桥融资租赁(中国)有限公司,2,AA+,02,2022-11-15,4.5,90
138515,22沿海G1,南通沿海开发集团有限公司,5,AAA,02,2022-11-07,2.8,90
138517,22兴泸04,泸州市兴泸投资集团有限公司,7,,02,2022-11-09,3.49,90
138518,22首钢02,首钢集团有限公司,5,AAA,02,2022-11-10,2.88,90
138519,22蓉投02,成都城建投资管理集团有限责任公司,5,,02,2022-11-09,2.67,90
138520,22蓉投03,成都城建投资管理集团有限责任公司,5,,02,2022-11-09,3.18,90
138521,22路建Y3,中交路桥建设有限公司,1.11,AAA,02,2022-11-08,2.8,90
138522,22京保03,北京保障房中心有限公司,25,,02,2022-11-09,2.97,90
138523,22京保02,北京保障房中心有限公司,24,,02,2022-11-09,2.55,90
138526,22新创K2,无锡市高新区创业投资控股集团有限公司,5,AA+,02,2022-11-22,3.09,90
138527,22海控Y2,青岛西海岸新区海洋控股集团有限公司,,AAA,02,2022-11-16,3.5,90
138528,22环球05,中国环球租赁有限公司,5,,02,2022-11-14,3.25,90
138529,22沪开01,上海城开(集团)有限公司,3,,02,2022-11-09,3.07,90
138531,22湘财02,湘财证券股份有限公司,3,,02,2022-11-10,4.53,90
138532,22新投03,新疆投资发展(集团)有限责任公司,5,,02,2022-11-14,4.5,90
138533,22新投04,新疆投资发展(集团)有限责任公司,5,,02,2022-11-14,3.85,90
138534,22津投30,天津城市基础设施建设投资集团有限公司,1.02,AAA,02,2022-11-08,4.59,90
138535,22金城G1,张家港市金城投资发展集团有限公司,3,,02,2022-11-16,3.07,90
138536,22金城G2,张家港市金城投资发展集团有限公司,5,,02,2022-11-16,3.55,90
138537,22皖投01,安徽省投资集团控股有限公司,3,,02,2022-11-08,2.69,90
138538,22皖投02,安徽省投资集团控股有限公司,5,,02,2022-11-08,3.04,90
138539,22首农Y1,北京首农食品集团有限公司,0.67,AAA,02,2022-11-10,2.87,90
138541,22南网02,中国南方电网有限责任公司,3,,02,2022-11-17,2.65,90
138542,22蓉轨01,成都轨道交通集团有限公司,5,,02,2022-11-11,3,90
138543,22万联G1,万联证券股份有限公司,3,AA+,02,2022-11-14,2.97,90
138545,22景控02,景德镇市国资运营投资控股集团有限责任公司,2,AA+,02,2022-11-16,4.8,90
138547,22核电Y2,中国核能电力股份有限公司,1.61,AAA,02,2022-11-14,2.63,90
138550,22格力02,珠海格力集团有限公司,3,,02,2022-11-17,3.05,90
138553,22产融Y2,中航工业产融控股股份有限公司,1.08,AAA,02,2022-11-16,3,90
138554,22龙川G1,扬州龙川控股集团有限责任公司,5,,02,2022-11-10,3.05,90
138555,22信投G3,中信建投证券股份有限公司,10,AAA,02,2022-11-17,3.29,90
138556,22信投G2,中信建投证券股份有限公司,5,AAA,02,2022-11-17,2.89,90
138557,22信投G1,中信建投证券股份有限公司,3,AAA,02,2022-11-17,2.55,90
138558,22浙商G5,浙江省浙商资产管理股份有限公司,5,,02,2022-11-22,2.89,90
138560,22永康G1,永康市国有资本投资控股集团有限公司,5,AAA,02,2022-11-18,2.95,90
138561,22创控K1,昆山创业控股集团有限公司,3,AAA,02,2022-11-21,3.05,90
138562,22成大01,辽宁成大股份有限公司,3,AA+,02,2022-11-16,6,90
138563,22东兴G6,东兴证券股份有限公司,3,AAA,02,2022-11-11,2.68,90
138564,22陕煤Y6,陕西煤业化工集团有限责任公司,,AAA,02,2022-11-16,3.34,90
138565,22吴发G4,江苏省吴中经济技术发展集团有限公司,3,,02,2022-11-21,3,90
138566,22国金G1,国金证券股份有限公司,3,AAA,02,2022-11-17,2.85,90
138567,22国联05,国联民生证券股份有限公司,3,AAA,02,2022-11-16,2.7,90
138568,22长虹K1,四川长虹电子控股集团有限公司,2,,02,2022-12-05,3.8,90
138569,22老窖01,泸州老窖集团有限责任公司,5,AAA,02,2022-11-14,3.14,90
138571,22海通07,海通证券股份有限公司,3,AAA,02,2022-11-15,2.61,90
138572,22上证05,上海证券有限责任公司,3,AAA,02,2022-11-17,2.7,90
138573,22豫通02,河南交通投资集团有限公司,3,AAA,02,2022-11-18,2.85,90
138575,恒信YK01,海通恒信国际融资租赁股份有限公司,2.78,AAA,02,2022-11-24,4.5,90
138576,22安租22,平安国际融资租赁有限公司,2,,02,2022-11-25,3.6,90
138578,22豫港10,河南航空港投资集团有限公司,2,,02,2022-12-01,5.8,90
138579,22金桥债,上海金桥出口加工区开发股份有限公司,5,,02,2022-11-21,2.99,90
138581,22电力Y2,国投电力控股股份有限公司,1.5,AAA,02,2022-11-17,3.05,90
138588,22交房02,中交房地产集团有限公司,3,AAA,02,2022-12-16,4.68,90
138597,22华泰G6,华泰证券股份有限公司,2,AAA,02,2022-11-29,2.87,90
138598,22华泰G7,华泰证券股份有限公司,5,AAA,02,2022-11-28,3.18,90
138599,22甬城05,宁波城建投资集团有限公司,3,,02,2022-12-14,3.47,90
138601,22中化Y3,中国中化股份有限公司,2.1,AAA,02,2022-12-06,3.18,90
138603,22常高G1,常高新集团有限公司,5,AAA,02,2022-12-13,3.78,90
138604,22环保Y5,北京首创生态环保集团股份有限公司,0.98,AAA,02,2022-12-01,3.89,90
138606,22杭金04,杭州市金融投资集团有限公司,5,AAA,02,2022-11-29,3.3,90
138608,22济建Y5,济南城市建设集团有限公司,0.43,AAA,02,2022-12-07,3.79,90
138609,22国投G1,国家开发投资集团有限公司,3,,02,2022-12-01,2.8,90
138610,22财金01,山东省财金投资集团有限公司,5,AAA,02,2022-12-08,3.65,90
138611,22国投G2,国家开发投资集团有限公司,10,,02,2022-12-01,3.43,90
138613,22HDGJY4,华电国际电力股份有限公司,,AAA,02,2022-12-19,3.65,90
138614,葛洲YK03,中国葛洲坝集团有限公司,12.01,AAA,02,2022-12-06,3.18,90
138616,22电YK01,中国电力建设股份有限公司,,AAA,02,2022-12-05,3.35,90
138618,22国联G3,无锡市国联发展(集团)有限公司,3,,02,2022-11-24,3.17,90
138619,22首科K1,北京首都科技发展集团有限公司,5,AAA,02,2022-11-28,3.1,90
138623,GC海通01,海通证券股份有限公司,1.03,AAA,02,2022-12-16,2.9,90
138624,22国管02,北京国有资本运营管理有限公司,10,AAA,02,2022-12-07,3.52,90
138627,22象屿G4,厦门象屿集团有限公司,5,,02,2022-11-29,4.24,90
138630,22宁沪G3,江苏宁沪高速公路股份有限公司,3,,02,2022-12-05,2.95,90
138631,22镇投G2,镇江国有投资控股集团有限公司,3,,02,2022-12-12,4.49,90
138633,22信投G4,中信建投证券股份有限公司,3,AAA,02,2022-12-13,3.08,90
138634,22信投G5,中信建投证券股份有限公司,5,AAA,02,2022-12-13,3.29,90
138635,22信投G6,中信建投证券股份有限公司,10,AAA,02,2022-12-13,3.55,90
138638,22延长Y1,陕西延长石油(集团)有限责任公司,,AAA,02,2022-11-29,3.3,90
138640,22交Y11,中国交通建设股份有限公司,0.42,AAA,02,2022-12-02,2.98,90
138641,22交Y12,中国交通建设股份有限公司,1.42,AAA,02,2022-12-02,3.2,90
138646,22铁工Y5,中国中铁股份有限公司,,AAA,02,2022-12-22,3.75,90
138647,22铁工Y6,中国中铁股份有限公司,1.03,AAA,02,2022-12-22,3.97,90
138652,22藏投02,拉萨市城市建设投资经营有限公司,5,,02,2022-11-30,4.2,90
138653,22临城G1,临沂城市建设投资集团有限公司,5,AAA,02,2022-12-12,4,90
138657,22广越06,广州越秀集团股份有限公司,10,,02,2022-12-15,3.77,90
138659,22穗投03,广州产业投资控股集团有限公司,5,AAA,02,2022-12-14,3.3,90
138660,22无锡G2,无锡市新发集团有限公司,5,,02,2022-12-02,3.6,90
138663,22绵控Y1,绵阳市投资控股(集团)有限公司,1.99,AA+,02,2022-12-12,5,90
138664,22中金G1,中国国际金融股份有限公司,5,AAA,02,2022-12-05,2.94,90
138665,22中金G2,中国国际金融股份有限公司,10,AAA,02,2022-12-05,3.52,90
138666,22津投32,天津城市基础设施建设投资集团有限公司,1.02,AAA,02,2022-12-05,5.6,90
138667,22四师02,新疆可克达拉市国有资本投资运营有限责任公司,3,AA+,02,2022-12-06,4.07,90
138670,22江宁Y3,南京江宁城市建设集团有限公司,1.04,AAA,02,2022-12-02,4.03,90
138673,22穗高Y1,广州高新区投资集团有限公司,1,AA+,02,2022-12-05,4.2,90
138677,22CHNG3Y,中国华能集团有限公司,,AAA,02,2022-12-06,3.2,90
138678,22CHNG4Y,中国华能集团有限公司,0.99,AAA,02,2022-12-06,3.95,90
138679,22华泰G8,华泰证券股份有限公司,2,AAA,02,2022-12-08,2.87,90
138681,22铁一Y1,中铁一局集团有限公司,,AAA,02,2022-12-15,4.2,90
138683,22津投33,天津城市基础设施建设投资集团有限公司,1.02,AAA,02,2022-12-16,5.8,90
138685,22三局Y2,中交第三公路工程局有限公司,,AA+,02,2022-12-09,4.28,90
138687,22延长Y3,陕西延长石油(集团)有限责任公司,,AAA,02,2022-12-13,3.4,90
138691,22铁京Y1,中铁北京工程局集团有限公司,1,AAA,02,2022-12-26,4.5,90
138692,22铁京Y2,中铁北京工程局集团有限公司,0.99,AAA,02,2022-12-26,4.57,90
138696,22蓉投04,成都城建投资管理集团有限责任公司,5,,02,2022-12-14,3.39,90
138700,22苏农01,苏州市农业发展集团有限公司,3,,02,2022-12-15,3.8,90
138701,22穗高Y3,广州高新区投资集团有限公司,2.81,AA+,02,2022-12-19,4.45,90
138702,22环球Y1,中国环球租赁有限公司,,AAA,02,2023-01-05,5,90
138703,22美置02,美的置业集团有限公司,2,AAA,02,2022-12-16,3.9,90
138704,22美置03,美的置业集团有限公司,4,AAA,02,2022-12-16,4.9,90
138705,22沿海G2,南通沿海开发集团有限公司,5,AAA,02,2022-12-14,3.99,90
138709,22华泰10,华泰证券股份有限公司,3,AAA,02,2022-12-15,3.35,90
138710,22华泰11,华泰证券股份有限公司,5,AAA,02,2022-12-15,3.49,90
138712,22中关01,中关村发展集团股份有限公司,3,,02,2022-12-16,3.7,90
138714,22济建Y6,济南城市建设集团有限公司,1,,02,2022-12-27,4.68,90
138716,22铁沪Y1,中铁上海工程局集团有限公司,3,AAA,02,2022-12-16,4.29,90
138718,22保利11,保利发展控股集团股份有限公司,5,AAA,02,2022-12-19,2.3,90
138720,22临城G2,临沂城市建设投资集团有限公司,3,AAA,02,2022-12-19,4.5,90
138721,华能YK01,中国华能集团有限公司,0.98,AAA,02,2022-12-20,4.06,90
138723,22张公G5,张家港市国有资本投资集团有限公司,3,AAA,02,2022-12-20,4.1,90
138725,22陕煤Y7,陕西煤业化工集团有限责任公司,1,AAA,02,2022-12-21,4.6,90
138726,22黔铁01,贵州铁路投资集团有限责任公司,5,AAA,02,2022-12-26,4.1,90
138727,22东证04,东方证券股份有限公司,3,AAA,02,2022-12-20,3.4,90
138728,中色YK01,中国有色矿业集团有限公司,17.93,AAA,02,2022-12-16,4.3,90
138729,产融YK01,中航工业产融控股股份有限公司,,AAA,02,2022-12-28,3.97,90
138732,22洛钼Y1,洛阳栾川钼业集团股份有限公司,0.99,,02,2022-12-22,5.62,90
138733,22娄城G2,太仓娄城高新集团有限公司,3,,02,2022-12-23,4.39,90
138735,22中金G3,中国国际金融股份有限公司,3,AAA,02,2022-12-22,3.36,90
138737,22华泰12,华泰证券股份有限公司,2,AAA,02,2022-12-27,3.24,90
138739,22镇投01,宁波市镇海投资有限公司,3,AA+,02,2023-01-06,4.22,90
138740,22希望01,新希望五新实业集团有限公司,4,AAA,02,2022-12-16,5.5,90
138741,22希望02,新希望五新实业集团有限公司,3,AAA,02,2022-12-16,4.8,90
138742,22希望03,新希望五新实业集团有限公司,2,AAA,02,2022-12-16,4.5,90
138743,22信投G7,中信建投证券股份有限公司,3,AAA,02,2022-12-23,3.49,90
138746,22绿发01,中国绿发投资集团有限公司,5,AAA,02,2022-12-28,3,90
138747,22化学Y1,中国化学工程集团有限公司,1.01,AAA,02,2022-12-26,4.08,90
138749,22津投34,天津城市基础设施建设投资集团有限公司,1.02,AAA,02,2022-12-26,6.5,90
138753,22产融Y5,中航工业产融控股股份有限公司,,AAA,02,2022-12-23,4.3,90
138755,22延长Y6,陕西延长石油(集团)有限责任公司,1.02,AAA,02,2022-12-23,4.4,90
138756,22延长Y5,陕西延长石油(集团)有限责任公司,1.02,AAA,02,2022-12-23,4.3,90
138757,22沪控01,上海城投控股股份有限公司,5,,02,2022-12-23,3.5,90
138759,铁建YK01,中国铁建股份有限公司,1,AAA,02,2022-12-26,3.95,90
138767,22方正G7,方正证券股份有限公司,2,AAA,02,2022-12-29,4.3,90
138768,22泰城G3,泰州市城市建设投资集团有限公司,3,AAA,02,2023-01-03,4.08,90
138769,22上控04,上饶投资控股集团有限公司,3,AAA,02,2022-12-29,5.6,90
138770,22邗江G1,扬州市邗江城市建设发展有限公司,5,,02,2022-12-30,4.9,90
138772,华电YK01,中国华电集团有限公司,,AAA,02,2022-12-28,3.63,90
138773,华电YK02,中国华电集团有限公司,2.03,AAA,02,2022-12-28,3.88,90
138774,22咸金06,咸阳金融控股集团有限公司,4,,02,2022-12-28,7,90
138777,22美置04,美的置业集团有限公司,4,AAA,02,2022-12-27,4.5,90
138778,22美置05,美的置业集团有限公司,2,AAA,02,2022-12-27,4.2,90
138780,工业YK01,中铁高新工业股份有限公司,1,AAA,02,2023-01-05,3.97,90
138782,华能YK03,中国华能集团有限公司,0.99,AAA,02,2023-01-06,3.75,90
138784,22润药Y1,华润医药商业集团有限公司,0.95,AAA,02,2022-12-29,4.4,90
138786,22交房03,中交房地产集团有限公司,3,AAA,02,2023-01-04,4.65,90
138788,22津投35,天津城市基础设施建设投资集团有限公司,1.02,AAA,02,2023-01-04,6.85,90
138789,23济城G1,济南城市投资集团有限公司,4,AAA,02,2023-01-11,3.3,90
138790,23济城G2,济南城市投资集团有限公司,5,AAA,02,2023-01-11,3.63,90
138791,22核建Y2,中国核工业建设股份有限公司,0.97,AAA,02,2023-01-09,3.5,90
138792,22延长Y7,陕西延长石油(集团)有限责任公司,,AAA,02,2023-01-05,3.98,90
138794,23国信01,青岛国信发展(集团)有限责任公司,2,AAA,02,2023-01-19,3.68,90
138796,23泰城G1,泰州市城市建设投资集团有限公司,3,AAA,02,2023-01-10,4.04,90
138797,23远东一,远东国际融资租赁有限公司,2,AAA,02,2023-01-18,4.9,90
138799,23无锡G1,无锡市新发集团有限公司,5,,02,2023-01-17,3.89,90
138800,铁建YK03,中国铁建股份有限公司,1.89,AAA,02,2023-01-04,3.75,90
138802,23奉发01,上海奉贤发展(集团)有限公司,3,,02,2023-01-12,3.73,90
138803,22润药Y3,华润医药商业集团有限公司,2.03,AAA,02,2023-01-05,4.12,90
138805,23沪开01,上海城开(集团)有限公司,3,,02,2023-01-16,4.2,90
138806,23国君G1,国泰君安证券股份有限公司,2.14,AAA,02,2023-01-12,2.9,90
138807,23国君G2,国泰海通证券股份有限公司,3,AAA,02,2023-01-12,3.07,90
138808,23鄂担Y1,湖北省融资担保集团有限责任公司,,AAA,02,2023-03-27,5.2,90
138810,23宁交01,南京市交通建设投资控股(集团)有限责任公司,3,,02,2023-03-24,3.1,90
138811,23中企01,中华企业股份有限公司,4,AAA,02,2023-01-13,3.57,90
138812,23津投01,天津城市基础设施建设投资集团有限公司,1.02,AAA,02,2023-01-17,6.85,90
138813,23国金01,国金证券股份有限公司,3,AAA,02,2023-01-17,3.37,90
138814,23鲁资K1,山东省国有资产投资控股有限公司,3,,02,2023-01-16,3.59,90
138816,23华泰G1,华泰证券股份有限公司,2,AAA,02,2023-01-13,2.92,90
138817,23迈瑞G1,重庆迈瑞城市建设投资有限责任公司,5,,02,2023-01-20,6.3,90
138819,23济建Y1,济南城市建设集团有限公司,1.02,AA+,02,2023-01-17,4.07,90
138824,23江东01,江东控股集团有限责任公司,3,,02,2023-01-17,4.98,90
138825,23阳安01,华创云信数字技术股份有限公司,3,AAA,02,2023-01-18,4.46,90
138828,23阳安02,华创云信数字技术股份有限公司,2,AA+,02,2023-01-18,5.9,90
138829,23陕资01,陕西金融资产管理股份有限公司,5,AAA,02,2023-01-18,4.4,90
138830,23西城01,杭州西湖城市建设投资集团有限公司,5,,02,2023-01-17,3.5,90
138831,23鲁金01,山东省金融资产管理股份有限公司,3,AAA,02,2023-02-01,3.3,90
138832,23北电01,北京电子城高科技集团股份有限公司,3,AAA,02,2023-01-31,3.85,90
138833,23安控01,浙江安吉国控建设发展集团有限公司,2,,02,2023-01-20,5.3,90
138834,23中置01,中冶置业集团有限公司,5,AAA,02,2023-03-24,4.21,90
138837,23南交01,南昌市交通投资集团有限公司,3,AAA,02,2023-01-20,3.89,90
138839,23财金01,山东省财金投资集团有限公司,5,AAA,02,2023-01-19,3.6,90
138841,23中金G1,中国国际金融股份有限公司,3,AAA,02,2023-01-30,3,90
138842,23中金G2,中国国际金融股份有限公司,5,AAA,02,2023-01-30,3.18,90
138844,23华泰G2,华泰证券股份有限公司,2,AAA,02,2023-01-19,3,90
138845,23华泰G3,华泰证券股份有限公司,5,AAA,02,2023-01-19,3.48,90
138847,23华资01,中国华电集团产融控股有限公司,2,AAA,02,2023-01-30,3.36,90
138848,23唐新Y1,中国大唐集团新能源股份有限公司,1,AAA,02,2023-01-31,3.52,90
138849,23绿城01,绿城房地产集团有限公司,2,AAA,02,2023-03-29,4,90
138850,23产融01,中航工业产融控股股份有限公司,2,AAA,02,2023-01-20,3.37,90
138852,23万开01,重庆万州经济技术开发(集团)有限公司,5,,02,2023-02-01,6.5,90
138853,23华福G1,华福证券股份有限公司,3,AAA,02,2023-01-20,3.49,90
138854,23海陵G1,泰州海陵城市发展集团有限公司,3,,02,2023-01-19,5.58,90
138855,23控租01,国耀融汇融资租赁有限公司,3,AAA,02,2023-02-08,4.1,90
138856,23海国01,北京市海淀区国有资本运营有限公司,5,AAA,02,2023-01-20,4.5,90
138857,23华泰G4,华泰证券股份有限公司,3,AAA,02,2023-02-09,3.23,90
138858,23东海01,东海证券股份有限公司,3,,02,2023-02-03,4.5,90
138859,23黄海K1,江苏黄海金融控股集团有限公司,5,,02,2023-03-22,4.6,90
138861,23淮安02,淮安开发控股有限公司,2,AAA,02,2023-02-10,5,90
138862,中电GK01,中国电力国际有限公司,3,AAA,02,2023-02-09,3.29,90
138864,23金茂01,上海金茂投资管理集团有限公司,5,AAA,02,2023-02-28,3.8,90
138865,23芜建01,芜湖市投资控股集团有限公司,3,,02,2023-02-21,3.78,90
138866,23津投02,天津城市基础设施建设投资集团有限公司,1.02,AAA,02,2023-02-08,6.85,90
138868,23陆集01,上海陆家嘴(集团)有限公司,3,,02,2023-02-09,3.5,90
138869,23海通01,海通证券股份有限公司,2,AAA,02,2023-02-13,2.95,90
138870,23海通02,海通证券股份有限公司,3,AAA,02,2023-02-13,3.23,90
138871,23中证G1,中信证券股份有限公司,2,AAA,02,2023-02-13,2.95,90
138872,23伟驰01,伟驰控股集团有限公司,3,AA+,02,2023-02-15,4.82,90
138873,23德达01,德州德达投资控股集团有限公司,5,,02,2023-03-27,4.62,90
138874,23景控01,景德镇市国资运营投资控股集团有限责任公司,2,AA+,02,2023-02-22,5.9,90
138875,23红塔01,红塔证券股份有限公司,3,AAA,02,2023-02-15,3.45,90
138877,23国信02,青岛国信发展(集团)有限责任公司,3,AAA,02,2023-02-23,3.92,90
138879,23同安01,同安控股有限责任公司,3,,02,2023-02-20,4.2,90
138880,23国联01,国联证券股份有限公司,1.86,AAA,02,2023-02-14,3.15,90
138882,23方正G1,方正证券股份有限公司,2,AAA,02,2023-02-22,3.56,90
138883,23豫港01,河南航空港投资集团有限公司,2,AAA,02,2023-03-23,6.5,90
138884,23新投01,新疆投资发展(集团)有限责任公司,3,AAA,02,2023-03-02,4.95,90
138885,23中航G1,中航证券有限公司,3,AA+,02,2023-02-16,3.65,90
138886,23华泰G5,华泰证券股份有限公司,5,AAA,02,2023-02-16,3.39,90
138887,23临城G1,临沂城市建设投资集团有限公司,3,,02,2023-03-07,4.45,90
138888,23津投03,天津城市基础设施建设投资集团有限公司,1.02,AAA,02,2023-02-17,6.98,90
138889,23国君G3,国泰君安证券股份有限公司,2,AAA,02,2023-02-20,2.92,90
138890,23国君G4,国泰海通证券股份有限公司,3,AAA,02,2023-02-20,3.16,90
138892,23平证02,平安证券股份有限公司,3,AAA,02,2023-02-22,3.33,90
138893,23平证03,平安证券股份有限公司,5,AAA,02,2023-02-22,3.6,90
138894,23安控02,厦门安居控股集团有限公司,2,,02,2023-02-15,3.8,90
138895,23安控03,厦门安居控股集团有限公司,3,AAA,02,2023-02-15,3.9,90
138896,23张江01,上海张江高科技园区开发股份有限公司,3,,02,2023-02-17,2.83,90
138897,23张江02,上海张江高科技园区开发股份有限公司,4,,02,2023-02-17,3.04,90
138898,23东方01,浙江东方控股集团股份有限公司,3,,02,2023-04-07,3.3,90
138899,23西基01,西安城市基础设施建设投资集团有限公司,10,,02,2023-02-20,4.18,90
138900,23海资01,青岛海发国有资本投资运营集团有限公司,3,,02,2023-03-01,4.36,90
138901,23海国02,北京市海淀区国有资本运营有限公司,4,AAA,02,2023-02-28,3.77,90
138902,23海国03,北京市海淀区国有资本运营有限公司,5,AAA,02,2023-02-28,4.19,90
138903,23宏洋01,中海宏洋地产集团有限公司,3,AAA,02,2023-03-02,3.9,90
138904,23平煤01,平顶山天安煤业股份有限公司,5,,02,2023-02-28,4.98,90
138905,23株国01,株洲市国有资产投资控股集团有限公司,3,,02,2023-03-09,5,90
138907,23信科K1,中国信息通信科技集团有限公司,3,AAA,02,2023-02-24,3.1,90
138909,23江东02,江东控股集团有限责任公司,3,AAA,02,2023-02-22,3.99,90
138910,23中证G2,中信证券股份有限公司,2,AAA,02,2023-02-24,2.89,90
138911,23中证G3,中信证券股份有限公司,3.06,AAA,02,2023-02-24,3.06,90
138912,23华安G1,华安证券股份有限公司,2,AAA,02,2023-02-23,3.05,90
138914,23产融04,中航工业产融控股股份有限公司,3,AAA,02,2023-02-27,3.34,90
138915,23华泰G6,华泰证券股份有限公司,3,AAA,02,2023-03-02,3.14,90
138916,23华泰G7,华泰证券股份有限公司,5,AAA,02,2023-03-02,3.36,90
138917,23东证01,东方证券股份有限公司,2,AAA,02,2023-02-27,2.92,90
138918,23东证02,东方证券股份有限公司,3,AAA,02,2023-02-27,3.13,90
138919,23华证01,华宝证券股份有限公司,3,AA+,02,2023-03-03,3.6,90
138920,23华综01,珠海华发综合发展有限公司,5,AAA,02,2023-03-01,4.19,90
138921,23安租01,平安国际融资租赁有限公司,2,,02,2023-02-27,3.62,90
138922,23安租02,平安国际融资租赁有限公司,4,,02,2023-02-27,4.3,90
138923,23浙商G1,浙江省浙商资产管理股份有限公司,5,,02,2023-03-09,3.68,90
138924,23厦贸01,厦门国贸控股集团有限公司,3,,02,2023-02-23,3.6,90
138925,23厦贸02,厦门国贸控股集团有限公司,5,,02,2023-02-23,3.8,90
138926,23凯盛K1,凯盛科技集团有限公司,3,AAA,02,2023-03-15,3.49,90
138928,23浦开01,上海浦东开发(集团)有限公司,3,,02,2023-03-03,3.3,90
138929,23首股01,北京首都开发股份有限公司,5,,02,2023-02-24,5,90
138930,23首股02,北京首都开发股份有限公司,3,,02,2023-02-24,4,90
138931,23兴业01,兴业证券股份有限公司,2,AAA,02,2023-02-28,2.95,90
138932,23鲁资Y1,山东省国有资产投资控股有限公司,0.95,AAA,02,2023-03-02,3.76,90
138933,23鲁资Y2,山东省国有资产投资控股有限公司,0.99,AAA,02,2023-03-02,4.03,90
138934,23兰创01,山西兰花科技创业股份有限公司,5,AA+,02,2023-03-03,4.2,90
138935,23穗建01,广州市城市建设开发有限公司,5,AAA,02,2023-02-24,3.15,90
138936,23穗建02,广州市城市建设开发有限公司,7,AAA,02,2023-02-24,3.5,90
138937,23绿发01,中国绿发投资集团有限公司,3,AAA,02,2023-03-17,3.34,90
138938,23陕煤Y1,陕西煤业化工集团有限责任公司,1,AAA,02,2023-02-28,4.3,90
138939,23株发01,株洲市城市建设发展集团有限公司,2,AA+,02,2023-02-24,4.8,90
138940,23株发02,株洲市城市建设发展集团有限公司,3,AA+,02,2023-02-24,5,90
138943,23兴城01,成都兴城投资集团有限公司,3,AAA,02,2023-03-03,3.2,90
138944,23环保Y1,北京首创生态环保集团股份有限公司,0.72,AAA,02,2023-03-01,3.67,90
138946,23保置01,保利置业集团有限公司,5,AAA,02,2023-03-02,3.7,90
138947,23保置02,保利置业集团有限公司,7,AAA,02,2023-03-03,4.2,90
138948,23金桥01,上海金桥出口加工区开发股份有限公司,5,AAA,02,2023-03-13,3.3,90
138949,23中化K1,中化国际控股股份有限公司,3,AAA,02,2023-04-25,2.9,90
138950,鄂交YK01,湖北交通投资集团有限公司,0.98,AAA,02,2023-02-27,3.8,90
138952,23铁投Y1,中国铁建投资集团有限公司,0.98,AAA,02,2023-04-27,3.3,90
138953,23铁投Y2,中国铁建投资集团有限公司,,AAA,02,2023-04-27,3.6,90
138954,23晋建01,山西建设投资集团有限公司,5,AAA,02,2023-03-03,4.5,90
138955,23光证G1,光大证券股份有限公司,1.03,AAA,02,2023-02-28,2.8,90
138956,23陕资02,陕西金融资产管理股份有限公司,5,AAA,02,2023-02-24,4.3,90
138957,23鲁高Y1,山东高速集团有限公司,5.89,AAA,02,2023-02-27,3.82,90
138958,23山钢01,山东钢铁集团有限公司,3,,02,2023-03-02,3,90
138959,23穗高Y1,广州高新区投资集团有限公司,,AA+,02,2023-03-09,3.9,90
138960,23穗高Y2,广州高新区投资集团有限公司,0.83,AA+,02,2023-03-09,4.68,90
138961,G23天成1,华能天成融资租赁有限公司,3,AAA,02,2023-03-03,3.6,90
138962,23鲁金02,山东省金融资产管理股份有限公司,5,AAA,02,2023-03-06,3.6,90
138964,23云龙02,株洲市云龙发展投资控股集团有限公司,5,AA+,02,2023-03-07,6,90
138966,23远东二,远东国际融资租赁有限公司,2,AAA,02,2023-03-13,4.49,90
138968,23唐新Y3,中国大唐集团新能源股份有限公司,1.05,AAA,02,2023-03-01,3.62,90
138969,23苏国01,苏州高新国有资产经营管理集团有限公司,3,,02,2023-03-01,3.6,90
138970,23济城G3,济南城市投资集团有限公司,5,AAA,02,2023-03-03,3.8,90
138971,23济城G4,济南城市投资集团有限公司,5,AAA,02,2023-03-03,4.05,90
138973,23产投G2,南京江北新区产业投资集团有限公司,5,AAA,02,2023-03-10,4.05,90
138974,23宁资K1,宁夏国有资本运营集团有限责任公司,3,AAA,02,2023-03-01,3.73,90
138975,23苏广K1,江苏省广电有线信息网络股份有限公司,3,,02,2023-03-17,3.2,90
138976,23厦贸S1,厦门国贸集团股份有限公司,0.5,,02,2023-03-08,2.99,90
138977,23恒信Y1,海通恒信国际融资租赁股份有限公司,1,AAA,02,2023-03-15,4.8,90
138978,23天路01,西藏天路股份有限公司,5,AA,02,2023-03-07,6,90
138981,23淮投01,淮北市建投控股集团有限公司,3,AA+,02,2023-03-06,6.5,90
138982,甬通商K1,宁波通商控股集团有限公司,3,AAA,02,2023-03-10,3.23,90
138983,23上控01,上饶投资控股集团有限公司,3,AAA,02,2023-03-06,4.86,90
138984,23豫资01,河南省豫资城乡一体化建设发展集团有限公司,3,,02,2023-03-08,3.5,90
138985,23控租02,国耀融汇融资租赁有限公司,3,AAA,02,2023-03-15,4,90
138988,23广越01,广州越秀集团股份有限公司,5,,02,2023-03-20,3.05,90
138989,23广越02,广州越秀集团股份有限公司,7,,02,2023-03-20,3.39,90
138990,23赣融01,江西省金融控股集团有限公司,3,AAA,02,2023-03-15,3.9,90
138991,23民生G1,民生证券股份有限公司,2,AA+,02,2023-03-20,5,90
138992,23航租Y1,中航国际融资租赁有限公司,0.95,AAA,02,2023-03-13,3.88,90
138993,23津投04,天津城市基础设施建设投资集团有限公司,1.02,AAA,02,2023-03-13,7.75,90
138994,23延长Y1,陕西延长石油(集团)有限责任公司,,AAA,02,2023-03-13,3.78,90
138995,23紫金01,南京紫金投资集团有限责任公司,5,AAA,02,2023-03-24,3.18,90
138996,23平证04,平安证券股份有限公司,3,AAA,02,2023-03-20,3.39,90
138997,23平证05,平安证券股份有限公司,5,AAA,02,2023-03-20,3.6,90
138998,23沪国01,上海国有资产经营有限公司,3,,02,2023-03-14,3.08,90
138999,23公用01,上海大众公用事业(集团)股份有限公司,3,AAA,02,2023-03-17,3.37,90
139001,PR襄经开,襄阳东津国有资本投资集团有限公司,7,AA,03,2016-03-23,4.62,30
139002,PR井发债,吉安市井冈山开发区金庐陵经济发展有限公司,7,AA,03,2016-04-18,4.87,30
139003,PR高密债,高密市国有资产经营投资有限公司,7,AA,03,2016-03-29,4.69,30
139004,PR浏产专,浏阳现代制造产业建设投资开发有限公司,7,AA+,03,2016-03-24,4.72,0
139005,PR郴福城,郴州福城高新投资有限公司,7,AA+,03,2016-03-23,4.73,30
139006,PR上饶债,上饶市国有资产经营集团责任公司,7,AA,03,2016-04-26,4.65,30
139007,PR富春债,杭州富阳开发区建设投资集团有限公司,7,AA,03,2016-03-23,4.76,30
139008,PR泸兴阳,泸州兴阳投资集团有限公司,7,AA,03,2016-06-02,4.87,30
139009,PR万宝01,娄底市万宝新区开发投资集团有限公司,7,AA,03,2016-11-28,5.13,30
139010,PR岳专项,岳阳市城市建设投资有限公司,10,AA,03,2016-04-19,4.8,0
139011,PR观投01,贵阳观山湖投资(集团)有限公司,7,AA,03,2016-03-28,4.87,30
139012,PR沣东债,西安沣东发展集团有限公司,7,AA,03,2016-03-24,4.67,30
139013,PR娄锑都,娄底锑都投资发展有限公司,7,AA+,03,2016-03-24,4.83,0
139014,PR普湾债,大连时泰城市建设发展有限公司,7,AA+,03,2016-04-06,4.5,30
139015,PR新密财,新密市财源投资集团有限公司,7,AA+,03,2016-03-24,4.35,30
139016,PR齐河债,齐河县城市经营建设投资有限公司,7,AA,03,2016-04-11,5.1,0
139017,PR四国资,四会市国有资产经营有限公司,7,AA,03,2016-03-23,4.59,30
139018,PR嘉建投,嘉鱼县城镇建设投资有限公司,7,AA+,03,2016-03-23,5.7,30
139019,PR常鼎力,常德鼎力投资开发有限公司,7,AA+,03,2016-03-24,4.3,0
139020,PR郴新天,郴州市新天投资有限公司,10,AA,03,2016-03-24,5.38,0
139021,PR瑞安债,瑞安市国有资产投资集团有限公司,7,AA,03,2016-03-24,4.56,30
139022,PR观投02,贵阳观山湖投资(集团)有限公司,7,AA,03,2016-04-05,4.48,30
139023,PR安开债,安庆经济技术开发区建设投资集团有限公司,7,AA+,03,2016-04-08,4.09,30
139025,PR恒澄债,苏州市恒澄建设发展有限公司,7,AA,03,2016-04-08,4.4,30
139026,PR盘资债,盘山县国有资产经营有限公司,7,AA+,03,2016-04-01,5.39,0
139027,PR建安债,建安投资控股集团有限公司,7,AA,03,2016-04-05,4.3,0
139028,PR龙旅发,鹰潭市文化旅游投资发展集团有限公司,7,AA,03,2016-04-15,4.35,30
139029,PR荆城投,荆州市城市建设投资开发有限公司,7,AA,03,2016-08-24,3.97,30
139030,PR资水投,资阳市水务投资有限责任公司,7,AA,03,2016-04-07,3.97,30
139031,PR百福债,郴州市百福投资集团有限公司,10,AA,03,2016-04-05,4.96,0
139032,PR广元债,广元市园区建设投资有限公司,7,AA,03,2016-04-06,4.48,30
139033,PR永银都,永兴银都投资发展集团有限公司,7,AA+,03,2016-07-27,5.6,30
139034,PR湘天易,湖南天易集团有限公司,7,AA,03,2016-03-29,4.2,0
139035,PR阿克债,阿克苏地区绿色实业开发集团有限公司,7,AA,03,2016-04-12,4.09,30
139036,PR枣阳债,枣阳市城市建设投资经营有限公司,7,AA,03,2016-08-16,5.5,30
139037,PR株循环,株洲循环经济投资发展集团有限公司,7,AA,03,2016-04-08,4.38,30
139038,美的01B,美的置业集团有限公司,2,,10,2018-08-28,7.8,-100
139039,16亿利债,亿利资源集团有限公司,5,AA,03,2016-05-06,7.5,30
139040,PR宝应债,宝应县城市建设投资发展有限公司,7,AAA,03,2016-04-26,4.5,30
139041,PR眉宏投,眉山市宏大建设投资有限责任公司,7,AA+,03,2016-05-19,4.18,30
139042,PR靖城投,靖江市城投基础设施发展有限公司,7,AA,03,2016-04-20,4.55,30
139043,PR如皋债,如皋市经济贸易开发有限公司,7,AA+,03,2016-04-18,3.95,30
139044,PR苏新城,苏州高新区北部新城城市建设投资发展有限公司,7,AA,03,2016-04-25,4.18,30
139045,PR筑城01,贵阳市城市建设投资集团有限公司,10,AA+,03,2016-04-22,4.37,0
139046,PR国融债,乌兰察布市集宁区国融投资发展有限公司,7,AA+,03,2016-04-21,6.16,30
139047,PR泰鑫债,泰州鑫泰集团有限公司,7,AA+,03,2016-04-15,4.07,30
139048,PR白国资,南京市白下国有资产经营中心,7,AAA,03,2016-04-22,3.98,30
139049,PR璧山债,重庆市璧山区城市建设投资有限公司,7,AA,03,2016-04-28,4.93,30
139050,PR肥城资,肥城市城市资产经营集团有限公司,7,AA+,03,2016-04-25,4.04,30
139051,国控保B,国药控股(中国)融资租赁有限公司,0.96,AA,10,2018-09-03,6.5,-100
139052,16冀建投,河北建设投资集团有限责任公司,,AAA,03,2016-06-28,4.25,30
139054,PR宿建债,宿州市城市建设投资集团(控股)有限公司,7,AA+,03,2016-06-06,3.89,30
139055,PR玉鑫债,和田玉鑫国有资产投资经营有限责任公司,7,AA,03,2016-05-17,4.65,30
139056,PR当鑫源,当阳市鑫源投资开发有限责任公司,7,AA,03,2016-07-19,4.97,30
139057,PR遵车债,遵义市新区开发投资有限责任公司,10,AA,03,2016-04-26,5.99,0
139058,PR仁怀债,仁怀市城市开发建设投资经营有限责任公司,7,AA,03,2016-07-04,5.12,30
139059,PR文专项,文登金滩投资管理有限公司,7,AA+,03,2016-04-20,3.97,0
139060,PR庐城投,九江市濂溪区城投(集团)有限公司,7,AA,03,2016-05-20,4.58,30
139061,PR开乾债,重庆开乾投资集团有限公司,7,AA,03,2016-04-25,4.64,0
139062,PR大冶01,湖北荆楚投资发展有限公司,7,AA,03,2016-06-29,4.5,30
139063,PR温港城,温州港城发展有限公司,7,AA,03,2016-05-09,5.19,30
139064,PR宣城债,宣城市国有资产投资有限公司,7,AA,03,2016-05-09,4.12,30
139066,PR钱城债,杭州萧山钱江世纪城开发建设有限责任公司,7,AA,03,2016-05-13,4,30
139068,PR海开债,海安经济技术开发区控股集团有限公司,7,AA,03,2016-05-18,5.45,30
139069,PR虞经开,绍兴市上虞经济开发区投资开发集团有限公司,7,AA,03,2016-05-19,4.76,30
139070,PR遂开债,遂宁开达投资有限公司,7,AA,03,2016-04-26,4.89,30
139071,PR安泰01,聊城市安泰城乡投资开发有限责任公司,7,AA+,03,2016-05-26,4.58,30
139072,PR盱眙债,淮安市盱眙城市资产经营有限责任公司,7,AA,03,2016-05-09,5.1,30
139073,PR安泰02,聊城市安泰城乡投资开发有限责任公司,7,AA,03,2016-05-26,5.16,30
139074,PR纳兴债,四川纳兴实业集团有限公司,7,AA,03,2016-05-16,4.68,30
139075,PR广安开,广安经济技术开发区恒生投资开发有限公司,7,AA,03,2016-07-01,5.16,30
139076,PR龙铁债,龙岩铁路建设发展集团有限公司,7,AA,03,2016-05-20,4.98,30
139077,PR都梁债,邵阳都梁投资发展有限公司,7,AA+,03,2016-04-28,5.5,0
139078,PR药都债,辽宁药都发展有限公司,7,AA,03,2016-07-25,6.5,30
139079,PR水城债,成都花园水城城乡建设投资有限责任公司,7,AA+,03,2016-05-18,6.15,30
139080,PR宜居债,亳州城建发展控股集团有限公司,7,AAA,03,2016-05-20,4.78,30
139081,PR16昌兴,萍乡市昌兴投资有限公司,7,AA,03,2016-05-23,5.26,30
139082,16海集01,海航集团有限公司,8.83,AA+,03,2016-06-22,7,30
139083,PR秦城发,秦皇岛城市发展投资控股集团有限公司,7,AA,03,2016-09-01,4.69,30
139084,PR牟发投,郑州牟中发展投资有限公司,7,AA+,03,2016-07-04,4.59,30
139085,PR红日债,涟水县交通产业发展(集团)有限公司,7,AA,03,2016-05-20,5.09,30
139086,PR扬中01,扬中市交通投资发展有限公司,7,AA+,03,2016-07-11,4.98,30
139087,PR扬中02,扬中市交通投资发展有限公司,7,AA+,03,2016-07-11,4.95,30
139088,PR内人和,内江人和国有资产经营有限责任公司,7,AA,03,2016-05-25,6.2,30
139089,PR津广集,天津广成投资集团有限公司,7,AA+,03,2016-06-02,5.4,30
139090,PR聊开债,聊城市兴业控股集团有限公司,7,AA,03,2016-07-05,5.2,30
139091,PR渝迈瑞,重庆迈瑞城市建设投资有限责任公司,7,AA+,03,2016-06-22,4.95,0
139092,PR长乐债,福州市长乐区国有资产营运公司有限公司,7,AA,03,2016-05-05,4.5,30
139093,PR秀工投,秀山工业发展投资有限公司,7,AA+,03,2016-05-25,5.85,30
139094,16遵小微,遵义市投资(集团)有限责任公司,4,AA,03,2016-06-01,5.68,0
139095,PR仙桃债,仙桃市城市建设投资开发有限公司,7,AA+,03,2016-05-19,4.59,30
139096,PR西湖债,杭州西湖投资集团有限公司,7,AA+,03,2016-06-06,4.3,30
139097,PR温城02,温州市城市建设发展集团有限公司,7,AA+,03,2016-05-24,5,0
139098,PR舒城债,舒城县城镇建设投资有限责任公司,7,AA+,03,2016-07-05,5.5,30
139099,PR金专债,金寨县城镇开发投资有限公司,7,AA+,03,2016-06-07,5.9,0
139100,PR阆名城,四川阆中名城经营投资有限公司,7,AA+,03,2016-05-20,5.6,30
139101,PR泰控债,泰安泰山控股有限公司,7,AA,03,2016-07-04,5.5,30
139102,PR津宁河,天津宁河投资控股集团有限公司,7,AA+,03,2016-05-19,5.5,30
139103,PR瀚瑞02,江苏瀚瑞投资控股有限公司,7,AA+,03,2016-09-29,5,30
139104,PR溧水债,南京溧水城市建设集团有限公司,7,AA,03,2016-08-17,4.97,30
139105,PR怀化投,怀化市交通建设投资有限公司,7,AA,03,2016-07-21,4.96,30
139106,PR开元债,成都新开元城市建设投资有限公司,7,AA,03,2016-06-08,5.29,30
139108,PR平城发,平湖市城市发展投资(集团)有限公司,7,AA,03,2016-08-17,5.13,30
139109,16广铁01,广州地铁集团有限公司,10,AAA,03,2016-05-30,3.99,0
139110,PR芜交01,芜湖市交通投资有限公司,7,AA+,03,2016-08-26,4.5,0
139111,PR渝宏安,重庆百盐投资(集团)有限公司,7,AA+,03,2016-09-23,5.75,30
139112,PR新东港,新东港控股集团有限公司,7,AA,03,2016-07-12,5.53,30
139114,PR宜建债,宜城市建设投资经营有限公司,7,AA,03,2016-05-31,5.44,30
139115,PR襄建债,襄阳市襄州区建设投资经营有限公司,7,AA,03,2016-05-30,5.18,30
139117,PR吉经开,吉林经济技术开发区经济技术开发总公司,7,AA,03,2016-07-19,6.2,30
139118,PR娄经债,湖南省娄底经济技术开发投资建设有限公司,7,AA,03,2016-07-07,4.89,30
139119,PR堰管廊,十堰国有资本投资运营集团有限公司,10,AA,03,2016-05-30,4.88,0
139120,PR海西债,青岛海洋投资集团有限公司,7,AA+,03,2016-06-06,4.36,30
139121,PR全椒债,全椒县城市基础设施开发建设有限公司,7,AAA,03,2016-07-06,5.1,30
139122,PR浏城建,浏阳市城市建设集团有限公司,7,AA+,03,2016-06-13,4.45,30
139123,PR湘城建,湘乡市城市建设投资开发有限公司,7,AA+,03,2016-06-21,5.84,30
139124,PR惠交01,惠州市交通投资集团有限公司,7,AA+,03,2016-06-17,4.16,30
139125,PR16文登,威海市文登区城市资产经营有限公司,7,AA,03,2016-07-08,4.8,30
139126,PR莆高新,莆田市高新技术产业园开发有限公司,6,AA+,03,2016-06-20,5.9,30
139127,18卓越A2,深圳市卓越商业管理有限公司,2,,10,2018-10-25,5.7,-100
139128,PR龙建投,四川龙阳天府新区建设投资有限公司,7,AA+,03,2016-10-17,5.45,30
139130,PR云和债,云阳县人和投资开发(集团)有限公司,7,AA+,03,2018-05-23,7.49,30
139131,PR空港债,陕西省西咸新区空港新城开发建设集团有限公司,7,AA,03,2016-07-01,5.1,30
139132,PR西发01,青岛海发国有资本投资运营集团有限公司,7,AA+,03,2016-06-28,4.26,30
139133,PR磁湖02,黄石磁湖高新科技发展有限公司,7,AA+,03,2016-08-01,4.97,30
139134,PR曲经投,曲靖市经济开发投资集团有限公司,7,AA,03,2016-06-23,5.75,30
139135,PR姜堰债,泰州市姜堰城市建设投资发展有限公司,7,AA+,03,2016-07-04,5.1,30
139136,PR萧县债,萧县建设投资有限责任公司,7,AAA,03,2016-10-24,4.85,30
139137,PR江夏城,武汉市江夏城投集团有限公司,7,AA,03,2016-07-01,4.8,30
139139,16首创01,北京首都创业集团有限公司,17.83,AAA,03,2016-07-18,4.4,30
139141,16蓉铁01,成都轨道交通集团有限公司,17.83,AAA,03,2016-12-01,4.24,30
139142,PR栖霞债,南京栖霞国有资产经营有限公司,7,AA+,03,2016-08-09,4.1,0
139143,PR宁科债,南京市建邺区高新科技投资集团有限公司,7,AA+,03,2016-08-05,4.37,0
139144,16鄂旅投,湖北文化旅游集团有限公司,7,AA+,03,2016-10-20,4.2,30
139145,PR汝城01,汝城县城建开发有限责任公司,7,AA+,03,2016-07-18,6,30
139146,16旅顺债,大连旅顺建设发展投资有限公司,10,AA,03,2016-07-18,6.19,0
139147,PR北固债,江苏北固产业投资有限公司,7,AA+,03,2016-08-19,5.8,30
139148,PR临川债,抚州市临川区城镇建设开发投资有限公司,7,AA,03,2016-09-05,5.68,30
139149,PR遵红城,遵义市红花岗城市建设投资经营有限公司,7,AA,03,2016-12-07,5.05,30
139150,PR汇华债,珠海汇华基础设施投资有限公司,7,AA,03,2016-07-22,4.7,0
139151,PR湘发展,湖南省攸州投资发展集团有限公司,7,AA,03,2016-08-05,4.8,30
139152,16鄂交01,湖北交通投资集团有限公司,1,AAA,03,2016-08-18,4,30
139153,PR东坡债,眉山市东坡发展投资集团有限公司,7,AA,03,2016-07-21,5.9,30
139154,16洪轨01,南昌轨道交通集团有限公司,2.08,AA+,03,2016-08-19,5.27,30
139155,PR金农债,金堂县现代农业投资有限公司,7,AA,03,2016-08-11,5.49,30
139157,PR16鑫城,合肥鑫城控股集团有限公司,7,AA,03,2016-08-09,4.13,30
139158,PR南投债,重庆市南川区城市建设投资(集团)有限公司,7,AA+,03,2016-08-09,4.2,30
139159,PR洪泽债,洪泽县城市资产经营有限公司,7,AA+,03,2016-08-17,4.37,30
139160,PR江南债,安徽省江南产业集中区建设投资发展(集团)有限公司,7,AA,03,2017-03-31,4.76,30
139161,PR柳东通,柳州东通投资发展有限公司,7,AA,03,2016-08-23,4.45,30
139163,PR嘉湘01,嘉兴市湘家荡发展投资集团有限公司,7,AA,03,2016-08-11,4.13,30
139165,PR汉建投,汉川市汉融投资建设开发有限公司,7,AA,03,2016-08-25,4.25,30
139166,PR安城债,安吉县城西北开发有限公司,7,AA,03,2016-09-09,5.9,0
139167,PR镜停债,芜湖市镜湖建设投资有限公司,7,AA,03,2017-01-05,4.37,0
139168,PR宜双01,宜昌高新投资开发有限公司,7,AA+,03,2016-08-22,3.74,0
139169,PR安顺债,安顺市国有资产管理有限公司,7,AA+,03,2016-08-12,4.48,30
139171,PR金湖债,金湖县国有资产经营投资有限责任公司,6,AAA,03,2016-10-17,4,30
139172,16穗城01,广州市城市建设投资集团有限公司,1,AAA,03,2016-09-02,3.81,0
139173,PR禹停车,禹州市国运资本运营有限公司,10,AA,03,2016-09-05,3.89,0
139174,PR马经01,马鞍山南部承接产业转移新区经济技术发展有限公司,7,AA,03,2016-08-18,4.53,30
139175,PR岳港01,湖南临港开发投资集团有限公司,7,AA+,03,2016-12-02,4.24,30
139177,PR新路鑫,新民市路鑫市政工程有限公司,7,AA,03,2016-08-19,6.41,30
139178,PR东至债,东至县城市经营投资有限公司,7,AAA,03,2017-01-26,4.88,30
139179,PR双创债,湘潭九华经济建设投资有限公司,10,AA,03,2016-10-26,5,0
139182,PR镇新债,镇江新区城市建设投资有限公司,7,AA+,03,2016-10-20,5.31,0
139183,PR兴港债,河南航空港投资集团有限公司,10,AA+,03,2016-09-02,4.27,30
139184,PR古蔺债,古蔺县国有资产经营有限责任公司,7,AA+,03,2016-09-02,4.18,30
139185,16穗铁02,广州地铁集团有限公司,0.52,AAA,03,2016-09-08,4.19,30
139186,PR湘潭02,湘潭市城市建设投资经营有限责任公司,7,AA,03,2016-08-26,3.95,0
139187,PR营开01,营口经济技术开发区城市开发建设投资有限公司,7,AA,03,2016-08-23,5.2,30
139188,PR16荆高,荆门高新技术产业开发有限责任公司,7,AA,03,2016-09-20,4.15,0
139189,PR万宝02,娄底市万宝新区开发投资集团有限公司,7,AA,03,2016-09-05,4.42,30
139190,PR海财债,海城市金财土地房屋投资有限公司,7,AA,03,2016-09-08,5.37,30
139191,PR合江债,泸州阜阳投资集团有限公司,7,AA,03,2016-09-13,5,30
139192,PR新干债,新干县城乡建设投资开发有限责任公司,7,AA,03,2016-12-12,5.48,0
139193,PR赤壁债,赤壁市蓝天城市建设投资开发有限责任公司,7,AA+,03,2016-09-09,4.38,30
139194,PR章丘债,章丘市国有资产运营有限公司,7,AA,03,2016-09-13,3.69,30
139195,PR十经开,十堰经济开发区城市基础设施建设投资有限公司,7,AA,03,2016-09-08,3.98,30
139196,16穗铁03,广州地铁集团有限公司,0.75,AAA,03,2016-10-13,3.95,30
139197,16穗城03,广州市城市建设投资集团有限公司,1.75,AAA,03,2016-10-20,3.81,0
139198,PR玉城01,玉环市城市建设集团有限公司,7,AA,03,2016-09-13,5.1,30
139199,PR公安债,公安县城建投资有限公司,7,AA+,03,2016-10-26,4.3,30
139200,PR秦经开,秦皇岛开发区国有资产经营有限公司,7,AA,03,2016-09-26,4.07,30
139201,PR牡城01,牡丹江市城市投资集团有限公司,7,AA,03,2016-12-22,6.44,30
139202,PR金发债,江苏金坛国发国际投资发展有限公司,7,AA,03,2016-09-27,4.6,0
139203,PR内兴元,内江兴元实业集团有限责任公司,7,AA,03,2017-05-17,4.28,30
139204,PR开福02,长沙开福城市建设投资有限公司,7,AA+,03,2016-09-30,3.73,30
139205,16海集02,海航集团有限公司,1,AAA,03,2016-10-20,6.2,30
139206,PR宜兴投,宜章县兴宜建设投资有限责任公司,8,AA,03,2016-09-26,5.49,0
139207,PR大冶02,湖北荆楚投资发展有限公司,7,AA,03,2016-10-11,4.05,30
139208,PR渝新梁,重庆新梁投资开发(集团)有限公司,7,AA+,03,2016-11-18,4.76,30
139209,PR湘环科,长沙雨花经开开发建设有限公司,7,AA,03,2016-09-29,4.17,30
139211,PR合川债,重庆市合川城市建设投资(集团)有限公司,7,AA,03,2016-09-29,3.95,0
139212,PR金沙债,金沙县建设投资集团股份有限公司,7,AA,03,2016-11-09,6.01,30
139213,PR马经02,马鞍山南部承接产业转移新区经济技术发展有限公司,7,AA,03,2016-12-14,4.43,30
139214,PR湘乡投,湘乡市经济开发区建设投资开发有限公司,7,AA,03,2016-09-29,5.28,0
139215,PR怀专项,怀化市城市建设投资有限公司,7,AA,03,2016-11-01,4.18,0
139216,PR建安02,建安投资控股集团有限公司,7,AA,03,2016-10-13,3.85,30
139217,16济专项,济宁城投控股集团有限公司,15,AA+,03,2016-09-30,3.55,0
139218,16兴小01,合肥兴泰金融控股(集团)有限公司,3,AA+,03,2016-11-10,3.5,0
139221,16黔开投,黔东南州开发投资(集团)有限责任公司,7,AA,03,2016-09-30,4.42,30
139222,16鲁经投,山东省财金投资集团有限公司,10,AA+,03,2016-11-30,3.54,30
139223,PR白城投,贵阳白云城市建设投资集团有限公司,10,AA+,03,2016-11-24,4.75,0
139224,集顺优06,北京一方商业保理有限公司,0.99,AAA,10,2018-12-11,5.2,-100
139225,PR诸城建,诸暨市城东新城建设有限公司,7,AA,03,2016-10-10,3.89,30
139226,PR瑞金债,瑞金市城市发展投资集团有限公司,7,AA+,03,2016-10-24,4.13,30
139227,PR文山债,文山城市建设投资(集团)有限公司,7,AA,03,2016-10-20,4.5,30
139229,PR柯城债,绍兴市柯桥区城建投资开发集团有限公司,7,AA,03,2016-10-20,3.64,30
139230,PR瀛洲债,江苏瀛洲发展集团有限公司,7,AA,03,2016-10-19,4.33,30
139231,PR番禺01,广州市番禺信息技术投资发展有限公司,10,AA,03,2016-10-24,4.5,30
139232,PR青昌阳,青岛昌阳投资开发有限公司,7,AA,03,2017-01-03,3.73,30
139233,16滨旅债,潍坊滨海旅游集团有限公司,9,AA,03,2016-10-21,4.68,30
139234,PR荆经开,荆州开发区城市建设投资开发有限公司,10,AA,03,2016-11-09,4.87,0
139235,PR洪经债,南昌经济技术开发区投资控股有限公司,7,AA,03,2017-01-05,3.83,30
139236,PR凯宏债,黔东南州凯宏城市投资运营(集团)有限责任公司,10,AA,03,2016-10-28,5.3,0
139237,PR宁高01,江苏高淳经济开发区开发集团有限公司,7,AAA,03,2016-10-24,3.67,30
139238,PR芜交02,芜湖市交通投资有限公司,7,AA+,03,2016-10-24,3.58,0
139239,PR嘉湘02,嘉兴市湘家荡发展投资集团有限公司,7,AA,03,2016-10-20,3.87,30
139240,PR汝州投,汝州市鑫源投资有限公司,7,AA,03,2016-11-07,4.43,30
139241,16永专01,永嘉投资集团有限公司,10,AA+,03,2016-10-26,4.19,0
139242,PR苏大行,江苏大行临港产业投资有限公司,7,AA,03,2016-11-15,5.18,0
139243,PR株高孵,株洲高科集团有限公司,7,AA+,03,2016-11-16,3.78,0
139244,16温铁债,温州市铁路与轨道交通投资集团有限公司,15,AA,03,2016-11-25,3.85,0
139245,16宁投01,宁德市交通投资集团有限公司,10,AA,03,2016-10-20,3.68,30
139246,PR鹤山01,鹤山市公营资产经营有限公司,7,AA,03,2016-11-24,4.08,30
139247,PR黔凯专,贵州省凯里城镇建设投资有限公司,7,AA,03,2016-11-04,4.2,0
139248,PR锦都债,成都兴锦生态建设投资集团有限公司,7,AA,03,2016-11-28,3.65,30
139249,16中瑞债,新疆中瑞恒远商贸集团有限公司,7,AA,03,2016-11-01,6.5,30
139250,PR大方债,大方县建设投资有限公司,7,AA,03,2016-11-10,6,0
139251,PR蕲春债,蕲春县国建投资有限公司,7,AA,03,2016-11-03,4.96,30
139252,16武铁01,武汉地铁集团有限公司,2.03,AAA,03,2016-10-27,3.94,30
139253,PR邕高02,南宁高新产业建设开发集团有限公司,7,AA,03,2016-11-04,3.82,30
139254,PR新港债,常州新港经济发展有限公司,7,AA+,03,2016-11-30,3.42,0
139255,PR大洼临,盘锦临港建设发展集团有限公司,8,AA,03,2016-11-10,5.99,0
139256,16鄂国资,鄂尔多斯市国有资产投资控股集团有限公司,15,AA,03,2016-11-10,5.55,30
139257,PR玉城02,玉环市城市建设集团有限公司,7,AA,03,2016-12-21,3.72,30
139258,PR瓯新城,温州市瓯海新城建设集团有限公司,7,AA,03,2016-11-23,3.98,0
139259,PR杭运,杭州市运河综合保护开发建设集团有限责任公司,7,AA,03,2016-11-11,3.4,0
139260,PR韶关债,韶关市城市投资发展集团有限公司,8,AA,03,2016-11-09,3.67,30
139261,16陕高01,陕西省高速公路建设集团公司,5,AA+,03,2016-11-03,4.18,30
139263,PR文蓝海,威海市文登区蓝海投资开发有限公司,7,AA+,03,2016-11-09,3.64,30
139265,PR恩施债,恩施城市建设投资有限公司,7,AA,03,2016-11-24,3.84,30
139268,PR贵溪债,贵溪市国有控股集团有限公司,7,AA+,03,2016-11-15,4.18,30
139270,PR岳港02,湖南临港开发投资集团有限公司,7,AA+,03,2016-12-09,3.94,30
139272,16桂金02,广西金融投资集团有限公司,7,AA+,03,2016-11-11,4.8,30
139273,PR钟楼债,常州钟楼经济开发区投资建设有限公司,7,AA+,03,2016-11-28,3.64,30
139274,PR河国投,河池市国有资本投资运营(集团)有限公司,7,AA,03,2016-11-24,4.37,30
139275,PR淳安债,淳安县新安江生态开发集团有限公司,7,AA,03,2017-01-26,3.84,0
139276,16泉小微,泉州市城建国有资产投资有限公司,3,AA+,03,2016-11-11,3.44,0
139277,PR共青城,共青城财政管理投资有限公司,7,AA+,03,2017-02-14,5.85,30
139278,PR16达州,达州市投资有限公司,10,AA+,03,2016-12-21,3.99,30
139279,PR锡新城,无锡锡东新城建设发展有限公司,7,AA,03,2016-11-23,3.92,30
139280,PR徐高开,徐州高新技术产业开发区国有资产经营有限公司,7,AA,03,2016-11-24,3.78,30
139281,PR简州债,简阳发展(控股)有限公司,7,AA,03,2016-12-15,3.93,30
139282,PR筑城02,贵阳市城市建设投资集团有限公司,10,AA+,03,2016-12-01,4,0
139283,PR牡城02,牡丹江市城市投资集团有限公司,7,AA,03,2016-12-22,5.34,30
139284,PR分宜债,分宜县城市建设投资开发有限公司,7,AA,03,2017-01-03,4.54,0
139286,PR海创债,海安开发区建设投资有限公司,7,AA,03,2016-12-02,4.47,0
139287,PR天城债,天门市城市建设投资有限公司,7,AA+,03,2016-11-30,3.98,30
139288,PR京诚债,京山市京诚投资开发集团有限公司,7,AA+,03,2016-12-08,4.38,30
139289,PR东宝债,荆门市东宝区城乡建设投资有限公司,7,AA+,03,2016-11-29,4.44,30
139290,PR水城投,六盘水市水城区城市投资开发有限责任公司,7,AA,03,2017-01-11,4.98,30
139291,PR昌吉债,昌吉城市建设投资发展有限责任公司,7,AA,03,2016-12-05,4.24,30
139292,PR江城建,南京江宁城市建设集团有限公司,7,AA+,03,2016-11-29,3.48,30
139294,PR湘开债,株洲市湘江风光带建设开发有限公司,7,AA,03,2017-02-14,5.39,30
139295,PR乐平债,乐平市国有资产经营管理集团有限公司,7,AA+,03,2017-01-11,3.7,30
139297,PR金潼01,重庆市金潼工业建设投资有限公司,7,AA,03,2016-12-08,4.44,30
139298,PR金阳01,贵阳市投资控股集团有限公司,10,AA+,03,2016-11-28,4.46,0
139299,PR德溪01,毕节市德溪建设开发投资有限公司,7,AA,03,2016-12-06,4.6,0
139300,PR兴安债,兴安盟城市发展投资经营有限责任公司,7,AA,03,2016-12-26,6.18,30
139302,PR宁高02,江苏高淳经济开发区开发集团有限公司,7,AAA,03,2016-12-12,3.92,30
139303,PR冠隆债,辽宁冠隆建设集团有限公司,7,AA,03,2016-12-27,4.7,30
139304,PR益集02,湖南省益阳市2016年第二期县域创新创业基地建设集合发行人,7,AA,03,2016-12-08,5.16,0
139305,PR西秀债,安顺市西秀区黔城产业股份有限公司,7,AA,03,2016-11-29,4.7,30
139306,PR临城开,临沂城市发展集团有限公司,7,AA+,03,2016-12-21,3.85,30
139307,PR七城建,七台河市城市建设投资发展有限公司,7,AA+,03,2016-12-06,5.75,30
139308,16宁投02,宁德市交通投资集团有限公司,10,AA,03,2017-01-09,3.87,30
139309,PR富源债,遂宁市富源实业有限公司,7,AA,03,2016-12-15,5.34,30
139310,PR韩城投,韩城市城市投资(集团)有限公司,7,AA+,03,2016-12-30,4.69,30
139311,PR沾化债,滨州市沾化区宏达财金投资集团有限公司,7,AA+,03,2016-12-26,4.93,30
139312,PR鹤山02,鹤山市公营资产经营有限公司,7,AA+,03,2016-12-19,5.08,30
139313,PR德溪02,毕节市德溪建设开发投资有限公司,7,AA,03,2016-12-19,5.1,0
139315,PR邵开债,湖南邵东生态产业园开发建设投资有限责任公司,7,AA,03,2016-12-27,6.58,0
139316,PR金鑫01,如东县金鑫交通工程建设投资有限公司,7,AA+,03,2016-12-26,4.57,30
139317,PR金鑫02,如东县金鑫交通工程建设投资有限公司,7,AAA,03,2016-12-26,3.8,30
139320,16首创02,北京首都创业集团有限公司,1.03,AAA,03,2017-01-03,3.7,30
139322,16奥德02,奥德集团有限公司,7,AA+,03,2017-01-25,4.7,30
139323,PR惠交02,惠州市交通投资集团有限公司,7,AA+,03,2017-01-06,4.95,30
139324,PR衡东债,衡东县城乡建设投资开发有限公司,7,AA,03,2017-01-11,6.6,0
139326,PR嘉鱼01,嘉鱼县城镇建设投资有限公司,7,AA+,03,2017-02-03,6.5,0
139327,煦日01次,中国东方资产管理股份有限公司,1.01,,10,2019-01-10,,-100
139328,渔阳优01,同方国信投资控股有限公司,11.65,,10,2018-12-28,5.6,-100
139329,PR肇东01,肇东市东盛城市建设投资有限责任公司,7,AA+,03,2017-02-13,6.5,30
139330,PR柔刚01,遂宁柔刚投资集团有限公司,7,AA,03,2017-09-08,5.65,30
139331,PR南漳01,南漳县建设投资集团有限公司,7,AA+,03,2017-02-15,6,30
139332,PR浏阳01,浏阳经开区开发投资有限公司,7,AA+,03,2017-03-23,4.37,30
139333,PR浏经债,浏阳经开区开发投资有限公司,7,AA+,03,2017-03-23,4.39,30
139334,16汝城02,汝城县城建开发有限责任公司,7,AA+,03,2017-03-09,5.69,30
139335,PR昆滇投,昆明滇池投资有限责任公司,7,AA+,03,2017-08-07,5.75,30
139336,PR广水债,广水市城市发展投资有限公司,7,AA+,03,2017-03-16,6.19,30
139337,PR綦江东,重庆市綦江区东部新城开发建设有限公司,7,AA,03,2017-03-02,4,30
139338,徐租3A2,江苏徐工工程机械租赁有限公司,2.9,,10,2018-12-28,5.35,-100
139339,PR东乡债,抚州市东乡区城市投资发展有限公司,7,AA,03,2017-06-19,6.2,30
139340,PR蚌埠债,蚌埠市城市投资控股有限公司,7,AA,03,2017-04-19,5.8,30
139341,PR凤台债,凤台县华兴城市建设投资有限公司,7,AAA,03,2017-04-10,5.6,30
139342,17永专债,永嘉投资集团有限公司,10,AA+,03,2017-05-08,6.3,0
139343,PR嘉鱼02,嘉鱼县城镇建设投资有限公司,7,AA+,03,2017-04-13,5.7,0
139344,PR资兴01,资兴市成诚投资有限公司,7,AA+,03,2017-03-29,6.2,30
139345,PR南开债,南通开元投资开发集团有限公司,7,AA,03,2017-12-14,7.25,30
139346,PR遂天泰,遂宁市天泰实业有限责任公司,7,AA,03,2017-04-12,5.98,0
139347,PR博山债,淄博市博山区公有资产经营有限公司,7,AA+,03,2017-04-13,5.63,30
139348,PR随专01,随州市城市投资集团有限公司,7,AA,03,2017-07-06,5.7,0
139349,PR达投02,达州市投资有限公司,10,AA+,03,2017-05-26,6.5,30
139350,17鄂高投,湖北省高新产业投资集团有限公司,7,AA,03,2017-08-03,5.9,30
139351,17鄂交Y1,湖北交通投资集团有限公司,,AAA,03,2017-04-26,5.4,30
139352,PR惠华01,岳阳惠华城市投资发展集团有限公司,7,AA+,03,2017-07-07,5.78,30
139353,PR邵建投,邵东新区开发建设投资有限责任公司,7,AA,03,2017-08-29,7.1,30
139354,PR应城债,应城市蒲阳开发投资有限公司,7,AA+,03,2017-05-15,6.5,30
139355,PR营开02,营口经济技术开发区城市开发建设投资有限公司,7,AA,03,2017-04-26,6.98,30
139356,PR黔南01,黔南州国有资本营运有限责任公司,7,AA,03,2017-05-02,6.99,30
139357,PR营北01,营口北海新区城区开发建设投资有限公司,7,AA,03,2017-07-28,7.19,30
139358,PR资城01,资兴市城市建设投资有限责任公司,7,AA+,03,2017-09-11,6,30
139359,PR襄汉江,汉江国有资本投资集团有限公司,7,AA+,03,2017-05-10,5.4,30
139360,17醴陵债,醴陵市渌江投资控股集团有限公司,7,AA,03,2017-05-10,6.5,30
139361,PR德山债,常德市德源产业投资有限公司,7,AA,03,2017-09-22,6.46,30
139362,PR沣西G1,陕西省西咸新区沣西新城开发建设(集团)有限公司,7,AA,03,2017-09-05,7.1,0
139363,PR阳新债,阳新县城镇建设投资开发有限公司,7,AA+,03,2017-10-10,6.5,30
139365,PR伍家债,宜昌伍家新城投资控股集团有限公司,7,AA,03,2017-05-23,6.5,30
139366,PR松滋债,湖北松滋金松投资控股集团有限公司,7,AA+,03,2017-07-11,6.6,30
139367,PR监利债,监利市丰源城市投资开发有限责任公司,7,AA+,03,2018-01-04,6.78,30
139370,PR石首债,石首市博雅城市建设投资有限公司,7,AA+,03,2017-07-11,6.98,30
139371,PR长葛债,长葛市金财公有资产经营有限公司,7,AA,03,2017-05-15,7.1,0
139372,G17云绿1,云南水务投资股份有限公司,10,AA+,03,2017-06-09,6.3,0
139373,PR西双创,西安高新区创业园发展中心有限公司,7,AAA,03,2017-12-01,6.2,0
139374,PR简工债,简阳市现代工业投资发展有限公司,7,AA+,03,2017-06-09,6,30
139375,PR宜创01,宜昌高新投资开发有限公司,7,AA+,03,2017-06-09,6.1,0
139376,PR嘉禾01,嘉禾铸都发展集团有限公司,7,AA+,03,2017-06-05,6.5,30
139377,PR开元01,贵州凯里开元城市投资开发有限责任公司,7,AA,03,2017-06-07,7.3,0
139378,PR咸双创,咸宁高新投资集团有限公司,10,AA,03,2017-06-27,6.6,0
139380,17鄂交Y2,湖北交通投资集团有限公司,,AAA,03,2017-06-26,5.65,30
139381,PR襄高新,襄阳高新国有资本投资运营集团有限公司,7,AA+,03,2017-06-27,6.25,30
139382,17武铁Y1,武汉地铁集团有限公司,0.98,AAA,03,2017-07-05,5.55,30
139383,PR鹤城建,黑龙江省鹤城建设投资发展有限公司,7,AA,03,2017-07-03,6.95,30
139384,PR阿纺织,阿克苏纺织城发展有限责任公司,7,AA,03,2017-07-06,7.5,30
139385,PR巴州债,巴州国信建设发展投融资有限公司,7,AA+,03,2017-06-30,6.08,30
139386,PR吉首01,吉首华泰国有资产投资管理有限责任公司,7,AA+,03,2017-07-04,6.5,0
139387,17鄂交Y3,湖北交通投资集团有限公司,1,AAA,03,2017-06-30,5.6,30
139388,PR津国投,成都市新津县国有资产投资经营有限责任公司,7,AA,03,2017-07-24,6.4,0
139389,18广田A3,深圳广田集团股份有限公司,1,AA,10,2019-01-17,7.5,-100
139390,PR宁开01,江苏高淳经济开发区开发集团有限公司,7,AAA,03,2017-07-11,5.66,30
139391,PR观投债,贵阳观山湖投资(集团)有限公司,7,AA,03,2017-07-28,6.49,30
139392,PR科投债,浙江杭州青山湖科技城投资集团有限公司,7,AA,03,2017-07-17,5.99,0
139393,PR黔南02,黔南州国有资本营运有限责任公司,7,AA,03,2017-07-17,6.98,30
139394,PR金鑫债,四川金财金鑫投资有限公司,7,AA+,03,2017-08-11,7.08,30
139395,PR市北01,南通市北高新技术开发集团有限公司,7,AA,03,2017-08-25,5.98,30
139396,PR湘东山,湘乡市东山投资建设开发有限公司,7,AA+,03,2017-09-14,6.2,30
139397,PR宿马债,宿州马鞍山投资集团(控股)有限公司,7,AAA,03,2017-08-23,6.1,30
139398,17蓉轨Y1,成都轨道交通集团有限公司,,AAA,03,2017-08-29,5.69,30
139399,PR高科01,武汉高科国有控股集团有限公司,10,AA+,03,2017-10-24,5.6,0
139400,PR钟祥债,钟祥市城市建设投资公司,7,AA+,03,2017-09-20,6.5,30
139401,PR清浦债,淮安市清江浦融合投资控股集团有限公司,7,AA,03,2017-10-20,6.75,30
139402,PR蒙自01,蒙自市城市建设投资有限责任公司,7,AA,03,2017-12-06,7.65,0
139403,PR西高01,西安高新控股有限公司,7,AAA,03,2018-06-28,6.12,30
139404,18陕高Y1,陕西省高速公路建设集团公司,2.84,AAA,03,2018-08-15,5.97,30
139405,18首旅01,北京首都旅游集团有限责任公司,9,AAA,03,2018-08-31,4.67,30
139406,18首旅02,北京首都旅游集团有限责任公司,10,AAA,03,2018-08-31,5,30
139407,PR上饶县,上饶市广信城投集团有限公司,7,AA,03,2018-09-14,7.95,30
139408,18瑞专01,瑞安市国有资产投资集团有限公司,10,AA+,03,2018-09-28,6.48,0
139410,PR绵金债,绵竹市金申投资集团有限公司,7,AAA,03,2019-01-09,7.87,0
139411,G18HGY1,河钢集团有限公司,1,AAA,03,2019-02-26,5.8,30
139413,PR建德债,建德市城市建设发展投资有限公司,7,AA,03,2019-01-11,7.43,0
139414,19首旅01,北京首都旅游集团有限责任公司,9,AAA,03,2019-04-01,3.99,30
139415,19首旅02,北京首都旅游集团有限责任公司,10,AAA,03,2019-04-01,4.39,30
139416,19首创Y1,北京首都创业集团有限公司,0.94,AAA,03,2019-12-30,3.99,30
139417,PR清镇债,清镇市建设投资(集团)股份有限公司,7,AA+,03,2019-04-10,7.5,30
139418,PR兴开投,黔西南州兴安开发投资股份有限公司,7,AA,03,2019-04-18,5.9,30
139419,G19QGY1,青岛地铁集团有限公司,0.99,AAA,03,2019-06-11,5.2,30
139420,PR凉农投,六盘水市农业投资开发有限责任公司,8,AA,03,2019-05-20,8,30
139421,PR和县债,和县城市建设投资有限责任公司,7,AAA,03,2019-05-31,7.2,30
139422,19般阳债,淄博般阳城市资产经营有限公司,7,AAA,03,2019-07-24,6.8,30
139423,19蓉轨Y1,成都轨道交通集团有限公司,3,AAA,03,2019-09-05,4.35,30
139424,PR漯经开,漯河经济开发区投资发展有限公司,7,AAA,03,2019-05-27,7.5,30
139425,G19HGY2,河钢集团有限公司,1,AAA,03,2019-09-06,4.72,30
139426,19蓉轨Y2,成都轨道交通集团有限公司,,AAA,03,2019-10-15,4.13,30
139427,G19商都1,曹县商都投资有限公司,7,AA,03,2019-11-15,7.8,0
139428,19惠宁01,广西宁明惠宁建设投资集团有限公司,7,AAA,03,2019-11-15,8.5,30
139429,19陕投Y1,陕西投资集团有限公司,3,AAA,03,2019-11-25,4.88,30
139430,19鄂交Y1,湖北交通投资集团有限公司,5,AAA,03,2019-12-10,4.47,30
139431,19河钢01,河钢集团有限公司,5,AAA,03,2019-12-13,4.28,30
139432,G19QGY2,青岛地铁集团有限公司,,AAA,03,2019-12-27,4.39,30
139433,19陕煤Y1,陕西煤业化工集团有限责任公司,1,AAA,03,2019-12-24,4.28,30
139434,G19珠Y1,珠海港控股集团有限公司,,AA+,03,2019-12-27,5.48,30
139435,19桂铁Y1,广西铁路投资集团有限公司,0.99,AAA,03,2019-12-31,5.89,30
139436,19陕投Y2,陕西投资集团有限公司,3,AAA,03,2019-12-27,4.48,30
139437,19陕煤Y2,陕西煤业化工集团有限责任公司,1,AAA,03,2019-12-31,4.26,30
139438,20河钢01,河钢集团有限公司,5,AAA,03,2020-01-23,4.1,30
139439,20甘交Y1,甘肃省公路交通建设集团有限公司,18,AAA,03,2020-02-18,4.49,30
139440,20鄂交Y1,湖北交通投资集团有限公司,,AAA,03,2020-03-17,3.93,30
139442,20云投Y2,云南省投资控股集团有限公司,3,AAA,03,2020-04-20,5.17,30
139443,20蓉轨Y1,成都轨道交通集团有限公司,3,AAA,03,2020-05-06,3.3,30
139444,20兖矿01,山东能源集团有限公司,10,AAA,03,2020-05-08,3.48,30
139446,20北港Y1,广西北部湾国际港务集团有限公司,3,AAA,03,2020-06-12,5.8,30
139447,20河钢02,河钢集团有限公司,5,AAA,03,2020-06-10,3.78,30
139448,20融鑫债,黄河三角洲融鑫集团有限公司,7,AA+,03,2020-07-31,6.5,30
139449,20河钢03,河钢集团有限公司,3,AAA,03,2020-09-09,3.7,30
139450,20兖矿02,山东能源集团有限公司,10,AAA,03,2020-09-04,4.48,30
139451,20陕投Y1,陕西投资集团有限公司,3,AAA,03,2020-09-04,4.59,30
139452,G20公交1,广州市公共交通集团有限公司,6,AAA,03,2020-09-28,3.88,0
139453,G20武Y1,武汉地铁集团有限公司,0.96,AAA,03,2020-09-07,4.5,30
139455,20中色Y1,中国有色矿业集团有限公司,1,AAA,03,2020-10-09,4.88,30
139456,20特变Y1,特变电工股份有限公司,3,AAA,03,2020-12-01,5.5,30
139457,20蓉轨Y2,成都轨道交通集团有限公司,0.98,AAA,03,2020-11-10,4.42,30
139459,18陕交Y,陕西省交通建设集团公司,,AAA,03,2018-12-26,6.5,30
139460,19桂铁01,广西铁路投资集团有限公司,5,AAA,03,2019-03-25,4.78,30
139461,20环微01,眉山环天实业有限公司,4,AA,03,2021-01-06,6.5,0
139462,20柳房债,柳州市房地产开发有限责任公司,7,AA+,03,2021-01-26,6.9,30
139463,20曲控Y1,西安曲江文化控股有限公司,3,AAA,03,2021-01-06,5.6,30
139464,21蓉轨Y1,成都轨道交通集团有限公司,,AAA,03,2021-01-29,4.24,30
139465,21兖矿01,山东能源集团有限公司,5,AAA,03,2021-03-09,4.35,30
139466,G21武Y1,武汉地铁集团有限公司,0.96,AAA,03,2021-03-12,4.23,30
139467,21天投Y1,成都天府新区投资集团有限公司,0.96,AAA,03,2021-03-19,4.79,30
139468,21蓉轨Y2,成都轨道交通集团有限公司,,AAA,03,2021-04-01,4.23,30
139469,G21港Y1,珠海港控股集团有限公司,0.96,AA+,03,2021-04-30,5.5,30
139470,21首集Y1,北京首都创业集团有限公司,0.92,AAA,03,2021-05-13,4.01,30
139471,21臻龙01,温州臻龙建设投资集团有限公司,7,AAA,03,2021-06-30,4.79,30
139472,21银开债,银川高新技术产业开发有限责任公司,7,AAA,03,2021-08-13,6.8,30
139473,21鄂交Y3,湖北交通投资集团有限公司,0.66,AAA,03,2021-09-07,3.7,30
139474,G21武Y2,武汉地铁集团有限公司,1.69,AAA,03,2021-09-07,3.48,30
139475,21河钢01,河钢集团有限公司,3,AAA,03,2021-09-28,3.78,30
139476,21南阳债,南阳投资集团有限公司,4,AA+,03,2021-09-28,3.87,0
139477,22天府Y1,成都天府新区投资集团有限公司,1.04,AAA,03,2022-02-08,3.57,30
139478,22天投Y2,成都天府新区投资集团有限公司,,AAA,03,2022-03-15,3.55,30
139479,22天投Y3,成都天府新区投资集团有限公司,0.93,AAA,03,2022-03-22,3.72,30
139480,22宁都01,宁都县城市发展投资有限公司,7,AAA,03,2022-05-06,6,30
139481,22蓉高Y1,成都高新投资集团有限公司,,AAA,03,2022-05-06,3.57,30
143001,17浦建01,上海浦东路桥建设股份有限公司,3,AA+,02,2017-03-13,4.46,90
143002,17中核01,中国核工业集团有限公司,5,AAA,02,2017-05-09,4.6,90
143003,17中核02,中国核工业集团有限公司,10,AAA,02,2017-05-09,4.9,90
143004,17联邦01,珠海联邦制药股份有限公司,5,AA+,02,2017-03-15,5.5,90
143005,17长发01,长江经济联合发展(集团)股份有限公司,5,AA,02,2017-03-20,5,90
143006,17洛娃01,洛娃科技实业集团有限公司,5,AA,02,2017-03-14,6.4,90
143007,17东旭01,东旭集团有限公司,5,AA+,02,2017-03-27,6.55,90
143008,17东旭02,东旭集团有限公司,5,AA+,02,2017-03-27,6.8,90
143009,17宏泰债,湖北省宏泰国有资本投资运营集团有限公司,3,AA+,02,2017-03-20,4.69,90
143010,17鲁资01,山东省国有资产投资控股有限公司,5,AAA,02,2017-03-20,4.35,90
143011,17沪投01,上海市信息投资股份有限公司,5,AAA,02,2017-03-20,4.45,90
143012,17渝信01,同方国信投资控股有限公司,3,AAA,02,2017-03-28,4.68,90
143013,17渝信02,同方国信投资控股有限公司,7,AAA,02,2017-03-28,5,90
143014,17正奇01,正奇金融控股股份有限公司,3,AA,02,2017-10-17,7.2,90
143015,17锡公01,无锡市市政公用产业集团有限公司,5,AAA,02,2017-03-21,4.38,90
143016,17智慧01,远东智慧能源股份有限公司,3,AA,02,2017-03-21,5.68,90
143017,17华汽01,华晨汽车集团控股有限公司,5,AAA,02,2017-03-29,4.85,90
143018,18金地07,金地(集团)股份有限公司,5,AAA,02,2018-07-26,5,90
143019,17东莞债,东莞证券股份有限公司,5,AA+,02,2017-03-17,4.62,90
143020,17复药01,上海复星医药(集团)股份有限公司,5,AAA,02,2017-03-23,4.5,90
143021,17东吴债,东吴证券股份有限公司,5,AAA,02,2017-03-27,4.7,90
143022,G17协合1,协合风电投资有限公司,3,AA,02,2017-12-18,7.17,90
143023,17豫电01,河南有线电视网络集团有限公司,3,AA+,02,2017-03-28,4.85,90
143024,17桂农01,广西农垦集团有限责任公司,3,AA+,02,2017-03-20,5.5,90
143025,17辽能01,辽宁能源投资(集团)有限责任公司,5,AA+,02,2017-03-20,5.2,90
143026,18中储01,中储发展股份有限公司,5,AA+,02,2018-08-14,5.78,90
143027,17荣盛01,浙江荣盛控股集团有限公司,5,AA,02,2017-03-24,5.69,90
143028,17兴源01,兴源轮胎集团有限公司,4,AA,02,2017-04-05,6.37,90
143029,18沪资02,上海国际集团资产管理有限公司,5,AAA,02,2018-08-03,4.32,90
143030,17金元债,金元证券股份有限公司,3,AA,02,2017-03-28,4.99,90
143031,17华置债,华融实业投资管理有限公司,5,AA+,02,2017-03-28,5.48,90
143032,17杭旅01,杭州市商贸旅游集团有限公司,5,AA+,02,2017-03-31,4.71,90
143033,17保文01,保利文化集团股份有限公司,3,AA+,02,2017-03-28,4.8,90
143034,17中保债,中国投融资担保股份有限公司,5,AAA,02,2017-03-27,4.49,90
143035,17工投01,合肥工投工业科技发展有限公司,5,AAA,02,2017-04-10,5.5,90
143036,17国证债,国开证券股份有限公司,3,AAA,02,2017-03-24,4.39,90
143037,17中科01,重庆市中科控股有限公司,5,AA,02,2017-04-12,6.5,90
143038,17海建01,海天建设集团有限公司,3,AA,02,2017-03-23,7.19,90
143039,17北方01,中国北方稀土(集团)高科技股份有限公司,5,AA+,02,2017-03-29,5,90
143040,17金钰债,东方金钰股份有限公司,5,AA,02,2017-03-24,7,90
143041,17维维01,维维集团股份有限公司,3,AA,02,2017-03-31,7,90
143042,17闽电01,福建省电子信息(集团)有限责任公司,5,AA+,02,2017-03-31,5,90
143043,17邮政01,中国邮政集团有限公司,5,AAA,02,2017-04-06,4.48,90
143044,17晋电05,山西国际电力集团有限公司,5,AA+,02,2017-03-31,5.28,90
143045,17广晟01,广东省广晟控股集团有限公司,5,AAA,02,2017-03-30,4.59,90
143046,18富海01,富海集团有限公司,5,AA,02,2018-08-02,7,90
143047,17南传01,南京高精传动设备制造集团有限公司,5,AA,02,2017-04-06,6.47,90
143048,17兵器01,中国兵器工业集团有限公司,5,AAA,02,2017-04-27,4.24,90
143049,17国地01,国贸地产集团有限公司,5,AAA,02,2017-03-30,5.3,90
143050,17海矿01,海南矿业股份有限公司,5,AA,02,2017-04-12,6.5,90
143051,17长峰01,上海长峰(集团)有限公司,5,AA+,02,2017-03-31,5.95,90
143052,17成龙01,成龙建设集团有限公司,5,AA,02,2017-04-21,7.6,90
143053,17成龙02,成龙建设集团有限公司,3,AA,02,2017-04-21,7.5,90
143054,17现牧01,现代牧业(集团)有限公司,3,AA,02,2017-03-31,5.49,90
143055,17南三01,江苏南通三建集团股份有限公司,5,AA,02,2017-04-25,6.8,90
143056,17力控债,重庆力帆控股有限公司,3,AA,02,2017-04-25,7.2,90
143057,17富宇01,山东富宇化工有限公司,5,AA,02,2017-04-14,7.7,90
143058,17中经债,湖北联投资本投资发展有限公司,5,AA+,02,2017-04-19,5.17,90
143059,17大海01,山东大海集团有限公司,5,AA,02,2017-04-21,7.3,90
143060,17蚌投02,蚌埠投资集团有限公司,5,AA,02,2017-04-28,5.25,90
143061,17正集01,正泰集团股份有限公司,3,AA+,02,2017-04-21,4.98,90
143062,17首农01,北京首都农业集团有限公司,5,AA+,02,2017-04-20,4.63,90
143063,17三鼎01,三鼎控股集团有限公司,3,AA,02,2017-09-28,7.5,90
143064,17邮政02,中国邮政集团有限公司,5,AAA,02,2017-04-26,4.32,90
143065,17海资01,海宁市资产经营公司,7,AA+,02,2017-04-25,5.03,90
143066,17桂铁01,广西铁路投资集团有限公司,5,AAA,02,2017-04-26,4.96,90
143067,17广晟02,广东省广晟控股集团有限公司,5,AAA,02,2017-04-21,4.48,90
143068,17新新能,新疆新能源(集团)有限责任公司,7,AA+,02,2017-04-21,5.79,90
143069,17川投01,四川省投资集团有限责任公司,5,AAA,02,2017-04-24,4.39,90
143070,17鲁高01,山东高速集团有限公司,3,AAA,02,2017-04-25,4.34,90
143071,17鲁高02,山东高速集团有限公司,5,AAA,02,2017-04-25,4.58,90
143072,17北汽集,北京汽车集团有限公司,3,AAA,02,2017-05-15,4.35,90
143073,17桂交01,广西交通投资集团有限公司,5,AAA,02,2017-06-16,4.62,90
143074,18亦庄01,北京亦庄国际投资发展有限公司,5,AAA,02,2018-08-06,4.58,90
143075,17重汽01,中国重型汽车集团有限公司,5,AA+,02,2017-04-28,5.2,90
143076,17兵装01,中国兵器装备集团有限公司,3,AAA,02,2017-04-28,4.45,90
143077,17兵装02,中国兵器装备集团有限公司,5,AAA,02,2017-04-28,4.6,90
143078,17神州01,神州租车有限公司,5,AA+,02,2017-05-11,5.5,90
143079,17信投G1,中信建投证券股份有限公司,3,AAA,02,2017-05-02,4.48,90
143080,17津投01,天津城市基础设施建设投资集团有限公司,5,AAA,02,2017-05-08,4.6,90
143081,17长电01,中国长江电力股份有限公司,3,AAA,02,2017-07-24,4.5,90
143082,18陕燃01,陕西燃气集团有限公司,5,AA+,02,2018-08-08,5,90
143083,17金诚01,金诚信矿业管理股份有限公司,3,AA,02,2017-05-09,7.15,90
143084,17国电资,国电资本控股有限公司,5,AAA,02,2017-05-09,4.68,90
143085,17光明01,光明食品(集团)有限公司,5,AAA,02,2017-05-08,4.55,90
143086,17鲁资02,山东省国有资产投资控股有限公司,5,AAA,02,2017-05-05,4.78,90
143087,17穗发01,广州产业投资控股集团有限公司,5,AAA,02,2017-05-10,4.7,90
143088,17南水01,南方水泥有限公司,5,AAA,02,2017-05-11,4.95,90
143089,17南水02,南方水泥有限公司,7,AAA,02,2017-05-11,5,90
143090,17桂铁02,广西铁路投资集团有限公司,3,AAA,02,2017-05-05,5.08,90
143091,17华资01,中国华电集团资本控股有限公司,5,AAA,02,2017-06-23,4.78,90
143092,17广汇G1,广汇汽车服务有限责任公司,3,AA+,02,2017-07-24,7.5,90
143093,17瑞控01,河南瑞贝卡控股有限责任公司,5,AA,02,2017-06-27,7,90
143094,18三友01,唐山三友化工股份有限公司,5,AA+,02,2018-08-07,5.38,90
143095,17金玛01,大连金玛商城企业集团有限公司,3,AA,02,2017-05-15,7.5,90
143096,17宜交01,宜昌市交通投资有限公司,5,AA+,02,2017-05-12,5.5,90
143097,17华阳02,中国华阳经贸集团有限公司,5,AA,02,2017-05-12,5.7,90
143098,18川投01,四川省投资集团有限责任公司,5,AAA,02,2018-08-10,4.37,90
143099,17连港01,辽宁港口股份有限公司,5,AAA,02,2017-05-24,4.8,90
143100,17晋交01,华远国际陆港集团有限公司,5,AA+,02,2017-05-22,6.5,90
143101,17当代01,武汉当代科技产业集团股份有限公司,5,AA+,02,2017-05-15,5.9,90
143102,17南海01,广东南海控股集团有限公司,5,AA+,02,2017-09-28,5.04,90
143103,17云投G1,云南省康旅控股集团有限公司,5,AAA,02,2017-05-15,5.5,90
143104,17陕能债,陕西投资集团有限公司,7,AAA,02,2017-05-12,5.5,90
143105,17能投01,云南省能源投资集团有限公司,5,AAA,02,2017-06-30,4.84,90
143106,17洋河01,江苏洋河集团有限公司,10,AAA,02,2017-05-10,4.95,90
143107,17欣捷01,欣捷投资控股集团有限公司,5,AA,02,2017-05-24,7.5,90
143108,17翔业01,厦门翔业集团有限公司,5,AAA,02,2017-07-12,4.49,90
143109,18国证债,国开证券股份有限公司,3,AAA,02,2018-07-30,4.35,90
143110,G17龙源1,龙源电力集团股份有限公司,5,AAA,02,2017-05-31,4.9,90
143112,17兵器03,中国兵器工业集团有限公司,10,AAA,02,2017-05-26,5.05,90
143113,17亦庄01,北京亦庄国际投资发展有限公司,5,AA+,02,2017-06-13,5.6,90
143114,17电投01,国家电力投资集团有限公司,3,AAA,02,2017-06-07,3.2,90
143115,17电投02,国家电力投资集团有限公司,5,AAA,02,2017-06-07,4.85,90
143116,17信投G2,中信建投证券股份有限公司,3,AAA,02,2017-05-25,4.88,90
143117,17常熟01,常熟市城市经营投资有限公司,5,AA+,02,2017-06-05,5.5,90
143118,17常熟02,常熟市城市经营投资有限公司,5,AA+,02,2017-06-05,5.97,90
143119,PR璞泰01,上海璞泰来新能源科技股份有限公司,3,AA+,02,2017-06-01,5.3,90
143120,17电投03,国家电力投资集团有限公司,3,AAA,02,2017-06-07,3.2,90
143121,17电投04,国家电力投资集团有限公司,5,AAA,02,2017-06-07,4.8,90
143122,皖交控01,安徽省交通控股集团有限公司,5,AAA,02,2017-06-09,4.95,90
143123,皖交控02,安徽省交通控股集团有限公司,5,AAA,02,2017-06-09,5.1,90
143124,17天图01,深圳市天图投资管理股份有限公司,5,AAA,02,2017-06-05,6.5,90
143125,17金隅01,北京金隅股份有限公司,5,AAA,02,2017-06-07,5.2,90
143126,17金隅02,北京金隅股份有限公司,7,AAA,02,2017-06-07,5.38,90
143127,17天风01,天风证券股份有限公司,5,AA+,02,2017-07-11,5.38,90
143129,17兵装04,中国兵器装备集团有限公司,10,AAA,02,2017-06-14,5.04,90
143130,G17华电1,中国华电集团有限公司,5,AAA,02,2017-06-23,4.8,90
143131,17中泰01,中泰证券股份有限公司,2,AAA,02,2017-06-15,4.88,90
143132,17浦土01,上海浦东土地控股(集团)有限公司,5,AAA,02,2017-06-26,4.9,90
143133,17兴泸01,泸州市兴泸投资集团有限公司,5,AA+,02,2017-06-20,5.7,90
143134,18双欣01,内蒙古双欣能源化工有限公司,3,AA,02,2018-08-24,7.8,90
143135,17东兴02,东兴证券股份有限公司,3,AAA,02,2017-06-26,4.8,90
143136,17东兴03,东兴证券股份有限公司,5,AAA,02,2017-06-26,4.99,90
143137,18际华01,际华集团股份有限公司,5,AAA,02,2018-08-02,4.6,90
143139,17长园债,长园科技集团股份有限公司,5,AAA,02,2017-07-27,5.67,90
143140,17维维02,维维集团股份有限公司,3,AA,02,2017-06-22,7.5,90
143141,18金玛01,大连金玛商城企业集团有限公司,5,AA,02,2018-08-20,7.5,90
143142,PR武投01,武汉市城市建设投资开发集团有限公司,7,AAA,02,2017-06-26,4.99,90
143143,17鹏博债,鹏博士电信传媒集团股份有限公司,5,AA,02,2017-07-04,6,90
143144,17祥鹏01,云南祥鹏航空有限责任公司,5,AA,02,2017-06-29,8.98,90
143145,17皖盐债,安徽省盐业投资控股集团有限公司,5,AA,02,2017-06-30,6.9,90
143146,17恒信01,海通恒信国际租赁股份有限公司,3,AAA,02,2017-06-30,4.95,90
143147,17特变01,新疆特变电工集团有限公司,3,AA+,02,2017-07-07,5.64,90
143148,17特变02,新疆特变电工集团有限公司,5,AA+,02,2017-07-07,6.05,90
143149,17广汇01,广汇能源股份有限公司,5,AA+,02,2017-07-19,7.7,90
143150,17金玛02,大连金玛商城企业集团有限公司,5,AA,02,2017-07-11,7.5,90
143151,17国信一,江苏省国信集团有限公司,2,AAA,02,2017-07-19,4.5,90
143152,17国信二,江苏省国信集团有限公司,3,AAA,02,2017-07-19,4.57,90
143153,17圆融01,厦门金圆投资集团有限公司,3,AAA,02,2017-07-13,4.53,90
143154,17光证G1,光大证券股份有限公司,3,AAA,02,2017-07-19,4.58,90
143155,17光证G2,光大证券股份有限公司,5,AAA,02,2017-07-19,4.7,90
143156,17港务01,厦门港务控股集团有限公司,5,AAA,02,2017-07-12,4.48,90
143157,17华融G1,华融证券股份有限公司,3,AA+,02,2017-07-24,4.98,90
143158,17银河G1,中国银河证券股份有限公司,3,AAA,02,2017-07-21,4.55,90
143159,17联想01,联想控股股份有限公司,5,AAA,02,2017-07-21,5.05,90
143160,17电投05,国家电力投资集团有限公司,3,AAA,02,2017-07-21,4.5,90
143161,17电投06,国家电力投资集团有限公司,5,AAA,02,2017-07-21,4.6,90
143162,17电投07,国家电力投资集团有限公司,3,AAA,02,2017-07-21,4.49,90
143163,17电投08,国家电力投资集团有限公司,5,AAA,02,2017-07-21,4.53,90
143164,17建屋01,苏州工业园区建屋发展集团有限公司,5,AA+,02,2017-07-25,4.9,90
143165,17世茂G1,上海世茂股份有限公司,3,AAA,02,2017-07-28,4.95,90
143166,17光控01,中国光大控股有限公司,5,AAA,02,2017-07-26,4.55,90
143167,17光控02,中国光大控股有限公司,7,AAA,02,2017-07-26,4.8,90
143168,17南传02,南京高精传动设备制造集团有限公司,5,AA,02,2017-08-03,6.5,90
143169,17兵装05,中国兵器装备集团有限公司,5,AAA,02,2017-07-25,4.55,90
143170,17兵装06,中国兵器装备集团有限公司,10,AAA,02,2017-07-25,4.9,90
143171,17杭旅02,杭州市商贸旅游集团有限公司,5,AAA,02,2017-08-10,4.71,90
143172,17沪宁01,上海大宁资产经营(集团)有限公司,7,AA+,02,2017-08-01,5,90
143173,17广药01,广州医药集团有限公司,3,AAA,02,2017-07-25,4.45,90
143174,17广药02,广州医药集团有限公司,5,AAA,02,2017-07-25,4.53,90
143175,17金地01,金地(集团)股份有限公司,5,AAA,02,2017-07-28,4.85,90
143176,17金地02,金地(集团)股份有限公司,7,AAA,02,2017-07-28,5.05,90
143177,17金红02,金红叶纸业集团有限公司,2,AA,02,2017-08-04,7.69,90
143178,17杭金01,杭州市金融投资集团有限公司,5,AAA,02,2017-07-27,4.79,90
143179,17杭金02,杭州市金融投资集团有限公司,5,AAA,02,2017-07-27,4.6,90
143180,G17华电2,中国华电集团有限公司,5,AAA,02,2017-08-03,4.42,90
143181,G17华电3,中国华电集团有限公司,10,AAA,02,2017-08-03,4.64,90
143182,17建材01,中国建材股份有限公司,5,AAA,02,2017-07-25,4.6,90
143183,17建材02,中国建材股份有限公司,7,AAA,02,2017-07-25,4.89,90
143184,17巨化01,巨化集团有限公司,3,AA+,02,2017-07-25,5.15,90
143185,17湘财01,湘财证券股份有限公司,3,AA+,02,2017-10-19,5.43,90
143186,17工贸债,龙岩投资发展集团有限公司,3,AA,02,2017-07-28,6.3,90
143187,17洪政01,南昌市政公用集团有限公司,5,AAA,02,2017-08-23,4.58,90
143188,18长电01,中国长江电力股份有限公司,3,AAA,02,2018-08-14,4.19,90
143189,18蓉产01,成都产业投资集团有限公司,5,AAA,02,2018-09-13,5.28,90
143190,17荣盛02,浙江荣盛控股集团有限公司,3,AA+,02,2017-08-03,5.58,90
143191,17恒信02,海通恒信国际租赁股份有限公司,3,AAA,02,2017-07-31,4.7,90
143192,17邮政03,中国邮政集团有限公司,5,AAA,02,2017-08-04,4.45,90
143193,17电投09,国家电力投资集团有限公司,3,AAA,02,2017-07-31,4.4,90
143194,17电投10,国家电力投资集团有限公司,5,AAA,02,2017-07-31,4.45,90
143195,18格地02,格力地产股份有限公司,5,AAA,02,2018-08-06,5.3,90
143196,17张江01,上海张江(集团)有限公司,5,AAA,02,2017-07-31,4.45,90
143197,17晋圣01,山西晋煤集团晋圣矿业投资有限公司,5,AAA,02,2017-07-31,5.8,90
143198,17华鲁01,华鲁控股集团有限公司,3,AA+,02,2017-08-04,4.94,90
143199,17中煤01,中国中煤能源股份有限公司,5,AAA,02,2017-08-03,4.61,90
143200,17产发01,宿迁产业发展集团有限公司,10,AAA,02,2017-08-02,4.85,90
143201,17南山01,南山集团有限公司,5,AAA,02,2017-07-31,5.5,90
143202,18晶澳01,晶澳太阳能有限公司,3,AA,02,2018-03-26,6.9,90
143203,17电控01,北京电子控股有限责任公司,3,AAA,02,2017-08-11,4.5,90
143204,17平租02,平安国际融资租赁有限公司,5,AAA,02,2017-08-10,4.7,90
143205,17福投01,福建省投资开发集团有限责任公司,8,AAA,02,2017-08-09,4.69,90
143206,17圣泉01,济南圣泉集团股份有限公司,3,AA,02,2017-08-11,7,90
143207,17皖交03,安徽省交通控股集团有限公司,5,AAA,02,2017-08-14,4.5,90
143208,17皖交04,安徽省交通控股集团有限公司,5,AAA,02,2017-08-14,4.7,90
143209,G17光水1,中国光大水务有限公司,5,AAA,02,2017-08-07,4.55,90
143210,17合盛01,合盛硅业股份有限公司,5,AA,02,2017-10-12,6.8,90
143211,17花集01,花园集团有限公司,3,AA+,02,2017-08-07,7.5,90
143212,17花集02,花园集团有限公司,3,AA+,02,2017-08-07,7,90
143213,17豫高速,河南中原高速公路股份有限公司,5,AA+,02,2017-08-16,4.95,90
143214,17晋然债,山西天然气有限公司,5,AA+,02,2017-08-11,5,90
143215,17京资01,北京市国有资产经营有限责任公司,5,AAA,02,2017-08-14,4.53,90
143216,17京资02,北京市国有资产经营有限责任公司,5,AAA,02,2017-08-14,4.68,90
143217,17华药债,华北制药股份有限公司,4,AA,02,2017-08-08,6.5,90
143218,17清控01,天府清源控股有限公司,5,AAA,02,2017-08-25,4.95,90
143219,17昌控01,南昌市产业投资集团有限公司,5,AA+,02,2017-08-11,5.05,90
143220,17连云港,连云港港口集团有限公司,5,AA+,02,2017-08-22,5.1,90
143221,17海资02,海宁市资产经营公司,7,AA+,02,2017-08-14,4.99,90
143222,17圆融02,厦门金圆投资集团有限公司,5,AAA,02,2017-08-14,4.58,90
143223,17南水03,南方水泥有限公司,5,AAA,02,2017-08-15,4.79,90
143224,17南水04,南方水泥有限公司,5,AAA,02,2017-08-15,5,90
143225,17津投03,天津城市基础设施建设投资集团有限公司,15,AAA,02,2017-08-16,4.64,90
143226,18格地03,格力地产股份有限公司,5,AAA,02,2018-08-06,5.5,90
143227,17船重01,中国船舶重工集团有限公司,5,AAA,02,2017-08-18,4.55,90
143228,18中煤07,中国中煤能源股份有限公司,5,AAA,02,2018-08-10,4.4,90
143229,17国君G1,国泰君安证券股份有限公司,3,AAA,02,2017-08-17,4.57,90
143230,17国君G2,国泰君安证券股份有限公司,5,AAA,02,2017-08-17,4.7,90
143231,17海通01,海通证券股份有限公司,3,AAA,02,2017-08-24,4.63,90
143232,17海通02,海通证券股份有限公司,5,AAA,02,2017-08-24,4.8,90
143233,17东方债,东方证券股份有限公司,10,AAA,02,2017-08-15,4.98,90
143234,17陕煤01,陕西煤业股份有限公司,3,AAA,02,2017-08-25,4.75,90
143235,17舟交01,舟山交通投资集团有限公司,5,AA+,02,2017-08-21,5.33,90
143236,17鲁信01,山东省鲁信投资控股集团有限公司,7,AAA,02,2017-08-16,4.77,90
143237,17苏新02,苏州苏高新集团有限公司,5,AA+,02,2017-08-18,5.1,90
143238,17普天01,中国普天信息产业股份有限公司,9,AAA,02,2017-08-18,4.99,90
143239,17电投11,国家电力投资集团有限公司,3,AAA,02,2017-08-22,4.45,90
143240,17电投12,国家电力投资集团有限公司,5,AAA,02,2017-08-22,4.5,90
143241,17南山02,南山集团有限公司,5,AAA,02,2017-08-22,5.49,90
143242,17首农02,北京首都农业集团有限公司,5,AA+,02,2017-08-24,5,90
143243,17光大01,中国光大集团股份公司,5,AAA,02,2017-08-24,4.6,90
143244,17光大02,中国光大集团股份公司,7,AAA,02,2017-08-24,4.8,90
143245,17电投13,国家电力投资集团有限公司,3,AAA,02,2017-08-28,4.58,90
143246,17电投14,国家电力投资集团有限公司,5,AAA,02,2017-08-28,4.64,90
143247,17浦土02,上海浦东土地控股(集团)有限公司,5,AAA,02,2017-08-28,4.65,90
143248,18杭金03,杭州市金融投资集团有限公司,5,AAA,02,2018-08-06,4.41,90
143249,G17华电4,中国华电集团有限公司,5,AAA,02,2017-09-01,4.55,90
143250,18杭金04,杭州市金融投资集团有限公司,5,AAA,02,2018-08-06,4.79,90
143251,17荣盛03,浙江荣盛控股集团有限公司,3,AA+,02,2017-08-28,6,90
143252,17鄂资01,内蒙古鄂尔多斯资源股份有限公司,5,AA+,02,2017-08-29,6.77,90
143253,17豫电02,河南有线电视网络集团有限公司,3,AA+,02,2017-09-27,5.2,90
143254,17国联01,国联证券股份有限公司,3,AA+,02,2017-09-05,5,90
143255,17中油01,中国石油天然气股份有限公司,3,AAA,02,2017-09-04,4.3,90
143256,17泰瑞01,宁夏泰瑞制药股份有限公司,5,AA,02,2017-09-04,6.5,90
143257,17广电01,广州无线电集团有限公司,5,AAA,02,2017-09-08,4.97,90
143258,17洋河02,江苏洋河集团有限公司,9,AAA,02,2017-08-30,4.62,90
143259,18闽能02,福建省能源集团有限责任公司,3,AAA,02,2018-08-13,4.3,90
143260,17国投01,国家开发投资集团有限公司,5,AAA,02,2017-08-31,4.55,90
143261,17百联01,百联集团有限公司,5,AAA,02,2017-09-15,4.69,90
143263,17平租04,平安国际融资租赁有限公司,5,AAA,02,2017-09-06,4.89,90
143264,17港务02,厦门港务控股集团有限公司,5,AAA,02,2017-09-01,4.63,90
143265,17泰达02,天津泰达投资控股有限公司,5,AAA,02,2017-09-13,5.19,90
143266,17光大03,中国光大集团股份公司,5,AAA,02,2017-08-31,4.54,90
143267,17光大04,中国光大集团股份公司,7,AAA,02,2017-08-31,4.79,90
143268,17远东四,远东国际融资租赁有限公司,3,AAA,02,2017-09-11,4.75,90
143269,17远东五,远东国际融资租赁有限公司,5,AAA,02,2017-09-11,5.19,90
143270,17东港01,东港投资发展集团有限公司,5,AA,02,2017-09-04,5.68,90
143271,17南铝债,山东南山铝业股份有限公司,5,AAA,02,2017-09-11,5.37,90
143272,17建发01,厦门建发股份有限公司,3,AAA,02,2017-09-07,4.65,90
143273,17两江01,重庆两江新区开发投资集团有限公司,3,AAA,02,2017-09-11,4.69,90
143274,17君华01,雪松实业集团有限公司,3,AA+,02,2017-09-12,7.45,90
143275,17沪国01,上海国有资产经营有限公司,5,AAA,02,2017-09-12,4.9,90
143276,17川电01,四川省水电投资经营集团有限公司,5,AA+,02,2017-09-18,5.58,90
143277,17瑞控03,河南瑞贝卡控股有限责任公司,5,AA,02,2017-09-08,7.1,90
143278,17信债01,中国中信有限公司,5,AAA,02,2017-09-14,4.6,90
143280,17宁资债,宁德市国有资产投资经营有限公司,5,AA,02,2017-09-18,5.6,90
143281,18张江02,上海张江(集团)有限公司,5,AAA,02,2018-08-07,4.29,90
143282,17平租05,平安国际融资租赁有限公司,5,AAA,02,2017-09-19,4.89,90
143283,17江海G1,江海证券有限公司,3,AA+,02,2017-09-20,5.3,90
143284,17鑫海02,山东鑫海科技股份有限公司,3,AA,02,2017-09-12,7.2,90
143285,G17风电1,中节能风力发电股份有限公司,5,AAA,02,2017-09-22,4.83,90
143286,17杭汽01,杭州汽轮动力集团有限公司,5,AA+,02,2017-09-22,5.88,90
143287,17联投01,湖北省联合发展投资集团有限公司,5,AAA,02,2017-09-22,4.9,90
143288,17国联02,国联证券股份有限公司,2,AA+,02,2017-09-26,4.95,90
143289,18鲁商01,山东省商业集团有限公司,2,AA+,02,2018-08-07,7,90
143290,17广汇02,广汇能源股份有限公司,5,AA+,02,2017-10-11,7.5,90
143291,17渝高01,重庆高速公路集团有限公司,5,AAA,02,2017-09-27,4.93,90
143292,17津投05,天津城市基础设施建设投资集团有限公司,15,AAA,02,2017-09-27,4.8,90
143293,18川发02,四川发展(控股)有限责任公司,7,AAA,02,2018-08-16,4.55,90
143294,17银河G2,中国银河证券股份有限公司,3,AAA,02,2017-09-27,4.69,90
143295,17象屿01,厦门象屿股份有限公司,5,AA+,02,2017-09-26,5.18,90
143296,17富宇02,山东富宇化工有限公司,5,AA,02,2017-09-28,7.7,90
143297,17大华01,大华(集团)有限公司,5,AA+,02,2017-12-22,6.2,90
143298,17兵装07,中国兵器装备集团有限公司,5,AAA,02,2017-09-29,4.7,90
143299,17兵装08,中国兵器装备集团有限公司,7,AAA,02,2017-09-29,4.85,90
143300,17兵装09,中国兵器装备集团有限公司,10,AAA,02,2017-09-29,5,90
143301,17海通03,海通证券股份有限公司,10,AAA,02,2017-10-10,4.99,90
143302,17中科02,重庆市中科控股有限公司,5,AA,02,2017-10-18,7.5,90
143303,17北方02,中国北方稀土(集团)高科技股份有限公司,5,AA+,02,2017-09-29,5.12,90
143304,17江铜01,江西铜业股份有限公司,5,AAA,02,2017-09-29,4.74,90
143305,17电建债,中国电建地产集团有限公司,5,AA+,02,2017-10-19,5.58,90
143306,17不动01,平安不动产有限公司,5,AAA,02,2017-10-12,4.88,90
143307,17福投02,福建省投资开发集团有限责任公司,3,AAA,02,2017-09-29,4.66,90
143308,17世茂G2,上海世茂股份有限公司,3,AAA,02,2017-10-10,5.15,90
143309,18苏通01,江苏交通控股有限公司,5,AAA,02,2018-05-29,4.8,90
143310,17建租01,中建投租赁股份有限公司,3,AA+,02,2017-10-24,5.48,90
143311,17义乌01,义乌市国有资本运营有限公司,5,AA+,02,2017-10-10,5.1,90
143312,17义乌02,义乌市国有资本运营有限公司,5,AA+,02,2017-10-10,5.3,90
143313,17华药02,华北制药股份有限公司,4,AA,02,2017-10-18,6.2,90
143314,17居然01,北京居然之家投资控股集团有限公司,5,AA+,02,2017-10-18,5.98,90
143315,17广汇G2,广汇汽车服务有限责任公司,3,AA+,02,2017-10-20,7.48,90
143316,17三鼎02,三鼎控股集团有限公司,3,AA,02,2017-11-06,7.3,90
143317,18五资02,五矿资本控股有限公司,3,AAA,02,2018-08-08,4.39,90
143318,17六建01,福建六建集团有限公司,2,AA,02,2017-10-19,7.5,90
143319,17农投01,北京市农业投资有限公司,5,AAA,02,2017-10-11,4.95,90
143320,17晋中01,晋中市公用基础设施投资控股(集团)有限公司,5,AA,02,2017-10-19,5.7,90
143321,17金玛03,大连金玛商城企业集团有限公司,4,AA,02,2017-10-25,7.3,90
143322,17金玛04,大连金玛商城企业集团有限公司,5,AA,02,2017-10-25,7.3,90
143323,17首创债,首创证券股份有限公司,5,AA,02,2017-10-27,5.42,90
143324,17苏保债,江苏省信用再担保集团有限公司,5,AAA,02,2017-11-13,4.95,90
143325,17光证G3,光大证券股份有限公司,3,AAA,02,2017-10-27,4.8,90
143326,17光证G4,光大证券股份有限公司,5,AAA,02,2017-10-27,4.9,90
143327,17招商G1,招商证券股份有限公司,2,AAA,02,2017-10-24,4.78,90
143328,17中材03,中国中材股份有限公司,7,AAA,02,2017-10-26,4.99,90
143329,G17三峡3,中国长江三峡集团有限公司,3,AAA,02,2017-10-30,4.68,90
143330,18华数02,华数数字电视传媒集团有限公司,5,AAA,02,2018-08-17,4.33,90
143331,17广汇03,广汇能源股份有限公司,5,AA+,02,2017-11-08,7.5,90
143332,17世茂G3,上海世茂股份有限公司,3,AAA,02,2017-10-27,5.19,90
143333,17江海G2,江海证券有限公司,3,AA+,02,2017-10-30,5.5,90
143334,17蓉工01,成都产业投资集团有限公司,5,AA+,02,2017-11-08,5.3,90
143335,17国元01,安徽国元金融控股集团有限责任公司,5,AAA,02,2017-10-30,4.78,90
143336,17海通04,海通证券股份有限公司,3,AAA,02,2017-11-07,4.77,90
143337,17国君G3,国泰君安证券股份有限公司,3,AAA,02,2017-11-02,4.78,90
143338,17益佰01,贵州益佰制药股份有限公司,5,AA,02,2017-11-03,5.9,90
143339,17卓越01,深圳市卓越商业管理有限公司,5,AA+,02,2017-11-03,6.48,90
143340,17老窖01,泸州老窖集团有限责任公司,5,AAA,02,2017-11-30,4.99,90
143341,17南京01,南京证券股份有限公司,5,AAA,02,2017-10-31,4.88,90
143342,17招商G2,招商证券股份有限公司,3,AAA,02,2017-11-03,4.78,90
143343,17洪政02,南昌市政公用集团有限公司,5,AAA,02,2017-11-06,4.88,90
143344,17红星01,红星美凯龙控股集团有限公司,5,AAA,02,2017-11-20,5.7,90
143345,17红星02,红星美凯龙控股集团有限公司,7,AAA,02,2017-11-20,6.5,90
143346,17科工01,中国航天科工集团公司,5,AAA,02,2017-11-09,4.8,90
143347,G17能源1,山西国际能源集团有限公司,5,AA+,02,2017-11-14,5.7,90
143348,17五资01,五矿资本控股有限公司,3,AAA,02,2017-11-08,4.8,90
143349,17天图02,深圳市天图投资管理股份有限公司,5,AAA,02,2017-11-02,6,90
143350,17科发债,绵阳科技城发展投资(集团)有限公司,5,AA,02,2017-11-16,7.5,90
143351,17花集03,花园集团有限公司,3,AA+,02,2017-11-13,7,90
143352,18翔业01,厦门翔业集团有限公司,5,AAA,02,2018-08-15,4.18,90
143353,17中车G1,中国中车集团有限公司,5,AAA,02,2017-11-09,4.8,90
143354,17中车G2,中国中车集团有限公司,10,AAA,02,2017-11-09,5,90
143355,17国控01,国药控股股份有限公司,5,AAA,02,2017-11-07,4.8,90
143356,17日照01,日照港股份有限公司,5,AA+,02,2017-11-08,5.07,90
143357,17工投02,合肥工投工业科技发展有限公司,5,AAA,02,2017-12-26,6,90
143358,17天风02,天风证券股份有限公司,5,AA+,02,2017-11-08,5.24,90
143359,17华汇01,华融汇通资产管理有限公司,3,AA+,02,2017-11-06,5.6,90
143360,17川发01,四川发展(控股)有限责任公司,7,AAA,02,2017-11-14,5.09,90
143361,17中冶01,中国冶金科工股份有限公司,5,AAA,02,2017-11-23,4.99,90
143362,17三鼎03,三鼎控股集团有限公司,3,AA,02,2017-11-14,7.3,90
143363,18广汇G1,广汇汽车服务有限责任公司,3,AA+,02,2018-08-22,7.3,90
143364,17北控02,北京控股集团有限公司,5,AAA,02,2017-11-22,5,90
143365,17九华旅,安徽九华山文化旅游集团有限公司,5,AA,02,2017-11-14,5.63,90
143366,17环能01,山西潞安环保能源开发股份有限公司,5,AAA,02,2017-11-22,5.34,90
143367,17金证01,深圳市金证科技股份有限公司,5,AAA,02,2017-11-30,5.39,90
143368,17招金01,招金矿业股份有限公司,5,AAA,02,2017-11-13,5.1,90
143369,17招商G3,招商证券股份有限公司,3,AAA,02,2017-11-09,4.85,90
143370,17联合04,联合光伏(常州)投资有限公司,3,AA,02,2017-11-07,7,90
143371,17沪中环,上海中环投资开发(集团)有限公司,5,AA,02,2017-11-14,5.5,90
143372,18核建01,中国核工业建设集团有限公司,5,AAA,02,2018-04-26,4.8,90
143373,18核建02,中国核工业建设集团有限公司,5,AAA,02,2018-05-07,4.67,90
143374,17红豆01,红豆集团有限公司,5,AA+,02,2017-11-14,6.5,90
143375,17东辰01,东辰控股集团有限公司,3,AA,02,2017-11-08,7.3,90
143376,H17成龙3,成龙建设集团有限公司,5,AA,02,2017-11-24,7.6,90
143377,17穗金控,广州金融控股集团有限公司,5,AAA,02,2017-11-09,5.24,90
143378,17绍交02,绍兴市交通投资集团有限公司,5,AA+,02,2017-11-10,5.39,90
143379,17合盛02,合盛硅业股份有限公司,5,AA,02,2017-11-14,6.8,90
143380,17华能01,华能国际电力股份有限公司,3,AAA,02,2017-11-16,4.99,90
143381,18宁安02,南京安居建设集团有限责任公司,5,AAA,02,2018-08-21,4.15,90
143382,17国联03,国联证券股份有限公司,2,AA+,02,2017-11-27,5.3,90
143383,17颖泰01,北京颖泰嘉和生物科技股份有限公司,5,AA+,02,2017-11-21,6.8,90
143385,17富宇03,山东富宇化工有限公司,5,AA,02,2017-11-16,7.7,90
143386,18粤控01,广东粤海控股集团有限公司,5,AAA,02,2018-08-21,3.97,90
143387,17刚股01,甘肃刚泰控股(集团)股份有限公司,5,AA,02,2017-11-22,7.2,90
143388,17如意01,山东如意科技集团有限公司,5,AA,02,2017-11-27,7.6,90
143389,17永钢01,江苏永钢集团有限公司,5,AA+,02,2017-11-23,6.28,90
143390,17永钢02,江苏永钢集团有限公司,7,AA+,02,2017-11-23,6.8,90
143391,17金玛05,大连金玛商城企业集团有限公司,5,AA,02,2017-12-06,7.3,90
143392,18招商G6,招商证券股份有限公司,3,AAA,02,2018-08-17,3.94,90
143394,17招金02,招金矿业股份有限公司,5,AAA,02,2017-11-24,5.1,90
143395,17汇鸿01,江苏汇鸿国际集团股份有限公司,5,AA+,02,2017-11-28,5.68,90
143396,17浙旅01,浙江省旅游投资集团有限公司,5,AA,02,2017-11-28,5.88,90
143397,18闽电01,福建省电子信息(集团)有限责任公司,5,AAA,02,2018-08-24,5,90
143398,17中船01,中国船舶工业集团有限公司,5,AAA,02,2017-11-29,5,90
143399,17中船02,中国船舶工业集团有限公司,7,AAA,02,2017-11-29,5.2,90
143400,17精工01,长江精工钢结构(集团)股份有限公司,4,AA,02,2017-12-05,6.5,90
143401,17开旅01,开元旅业集团有限公司,3,AA,02,2017-12-13,6.98,90
143402,17远洋01,远洋控股集团(中国)有限公司,5,AAA,02,2017-12-01,5.29,90
143403,17三福01,泰州三福重工集团有限公司,5,AA,02,2017-12-08,7,90
143404,17三福02,泰州三福重工集团有限公司,5,AA,02,2017-12-08,7.1,90
143405,H7新大01,中融新大集团有限公司,5,AAA,02,2017-12-12,7,90
143406,H7新大02,中融新大集团有限公司,7,AAA,02,2017-12-12,7.5,90
143407,17不动02,平安不动产有限公司,5,AAA,02,2017-12-05,5.27,90
143408,18招金02,招金矿业股份有限公司,5,AAA,02,2018-08-30,4.19,90
143409,17万向01,中国万向控股有限公司,5,AA+,02,2017-12-15,5.8,90
143410,17义乌03,义乌市国有资本运营有限公司,5,AA+,02,2017-12-04,5.62,90
143411,17航租01,中航国际租赁有限公司,3,AAA,02,2017-12-04,5.3,90
143412,17星星01,星星集团有限公司,3,AA,02,2017-12-11,7.5,90
143413,17贵产01,贵州乌江能源投资有限公司,5,AA+,02,2017-12-27,6.2,90
143414,17兴泸03,泸州市兴泸投资集团有限公司,5,AA+,02,2017-12-06,5.98,90
143415,18钢钒02,攀钢集团攀枝花钢钒有限公司,5,AAA,02,2018-08-21,5.4,90
143416,17中信G3,中信证券股份有限公司,2,AAA,02,2017-12-11,5.25,90
143417,17中信G4,中信证券股份有限公司,3,AAA,02,2017-12-11,5.33,90
143418,17亚通01,东营市亚通石化有限公司,5,AA,02,2017-12-27,7.5,90
143419,18津投05,天津城市基础设施建设投资集团有限公司,3,AAA,02,2018-08-09,4.8,90
143420,18津投06,天津城市基础设施建设投资集团有限公司,5,AAA,02,2018-08-09,5.05,90
143421,18新发01,无锡市新发集团有限公司,5,AA+,02,2018-02-26,6.3,90
143422,18复药01,上海复星医药(集团)股份有限公司,5,AAA,02,2018-08-27,5.1,90
143423,17联讯01,粤开证券股份有限公司,3,AA,02,2017-12-11,6.6,90
143424,17绍交03,绍兴市交通投资集团有限公司,5,AA+,02,2017-12-11,5.69,90
143425,17歌山01,歌山控股集团有限公司,3,AA,02,2017-12-22,7.3,90
143426,17绍城投,绍兴市城市建设投资集团有限公司,7,AA+,02,2017-12-14,5.5,90
143427,17红星03,红星美凯龙控股集团有限公司,5,AAA,02,2017-12-21,6.2,90
143429,17三鼎04,三鼎控股集团有限公司,3,AA,02,2017-12-21,7.2,90
143430,18三峡01,重庆三峡担保集团股份有限公司,5,AAA,02,2018-04-13,5.78,90
143431,17泰瑞02,宁夏泰瑞制药股份有限公司,5,AA,02,2018-01-16,7,90
143432,18云工01,云南省工业投资控股集团有限责任公司,3,AA+,02,2018-09-17,7.5,90
143433,17陕能02,陕西投资集团有限公司,5,AAA,02,2017-12-22,5.65,90
143434,17陕能03,陕西投资集团有限公司,7,AAA,02,2017-12-22,6,90
143435,17紫江01,上海紫江(集团)有限公司,5,AA+,02,2017-12-27,6.6,90
143436,17海科01,山东海科化工集团有限公司,5,AA,02,2017-12-27,7.5,90
143437,H7新大03,中融新大集团有限公司,5,AAA,02,2017-12-28,7.2,90
143438,17乌资01,乌鲁木齐国有资产经营(集团)有限公司,7,AA,02,2017-12-29,6.4,90
143439,17昌润01,昌润投资控股集团有限公司,5,AA,02,2018-01-09,6.85,90
143440,18熊猫01,南京中电熊猫信息产业集团有限公司,5,AA+,02,2018-05-23,6.8,90
143441,17贵安01,贵州贵安发展集团有限公司,7,AA+,02,2017-12-28,6.8,90
143442,18光水01,中国光大水务有限公司,5,AAA,02,2018-09-03,4.58,90
143443,17中民G1,中国民生投资股份有限公司,3,AAA,02,2018-01-08,7,90
143445,17南传03,南京高精传动设备制造集团有限公司,5,AA,02,2018-01-17,7.5,90
143446,18复星01,上海复星高科技(集团)有限公司,5,AAA,02,2018-01-23,6.48,90
143447,18力控01,重庆力帆控股有限公司,3,AA,02,2018-02-01,7.5,90
143448,18大华01,大华(集团)有限公司,5,AA+,02,2018-03-28,6.48,90
143449,18航租01,中航国际租赁有限公司,3,AAA,02,2018-01-26,5.5,90
143450,18绿城01,绿城房地产集团有限公司,5,AAA,02,2018-03-23,5.5,90
143451,18市北02,上海市北高新(集团)有限公司,5,AA+,02,2018-08-22,4.55,90
143452,18国都G1,国都证券股份有限公司,2,AA+,02,2018-01-29,5.82,90
143453,18吉高01,吉林省高速公路集团有限公司,5,AAA,02,2018-02-02,6.15,90
143454,18路桥01,厦门路桥建设集团有限公司,5,AAA,02,2018-02-02,5.59,90
143455,18红狮01,红狮控股集团有限公司,3,AAA,02,2018-01-30,6.34,90
143456,18新大01,中融新大集团有限公司,3,AAA,02,2018-02-05,7,90
143457,18新大02,中融新大集团有限公司,3,AAA,02,2018-02-05,6.8,90
143458,18成大01,辽宁成大股份有限公司,5,AA+,02,2018-02-05,6.35,90
143459,18宝丰01,宁夏宝丰能源集团股份有限公司,5,AA+,02,2018-03-20,6.8,90
143460,18招商G1,招商证券股份有限公司,3,AAA,02,2018-02-09,5.35,90
143461,18紫金01,南京紫金投资集团有限责任公司,5,AAA,02,2018-02-08,5.6,90
143462,18东风01,东风汽车集团股份有限公司,3,AAA,02,2018-02-27,5.49,90
143463,18延长01,陕西延长石油(集团)有限责任公司,5,AAA,02,2018-04-18,5.23,90
143464,18海通04,海通证券股份有限公司,3,AAA,02,2018-08-17,3.98,90
143465,18亦庄02,北京亦庄国际投资发展有限公司,5,AAA,02,2018-08-27,4.43,90
143466,18中银01,中银国际证券股份有限公司,2,AAA,02,2018-02-12,5.27,90
143467,18联想01,联想控股股份有限公司,5,AAA,02,2018-02-28,6,90
143468,18国联01,国联证券股份有限公司,2,AA+,02,2018-02-14,5.65,90
143469,18建材09,中国建材股份有限公司,3,AAA,02,2018-08-21,4.03,90
143470,18建材10,中国建材股份有限公司,5,AAA,02,2018-08-21,4.25,90
143471,18新业01,新疆新业国有资产经营(集团)有限责任公司,7,AA+,02,2018-03-02,6.8,90
143473,18陕投01,陕西投资集团有限公司,5,AAA,02,2018-02-28,5.74,90
143474,18陕投02,陕西投资集团有限公司,7,AAA,02,2018-02-28,6.05,90
143475,18建材01,中国建材股份有限公司,3,AAA,02,2018-02-26,5.5,90
143476,18台金01,台州市金融投资有限责任公司,5,AA+,02,2018-04-02,6.3,90
143477,18贵安01,贵州贵安发展集团有限公司,7,AA+,02,2018-06-05,7.6,90
143478,18皖投01,安徽省投资集团控股有限公司,5,AAA,02,2018-03-02,5.5,90
143479,18浦建01,上海浦东建设股份有限公司,4,AA+,02,2018-03-23,5.57,90
143480,18海通01,海通证券股份有限公司,3,AAA,02,2018-03-16,5.15,90
143481,18东辰01,东辰控股集团有限公司,3,AA,02,2018-03-22,7.3,90
143482,18京资01,北京市国有资产经营有限责任公司,5,AAA,02,2018-03-22,5.28,90
143483,18京资02,北京市国有资产经营有限责任公司,8,AAA,02,2018-03-22,5.4,90
143484,H18房信1,天津市房地产信托集团有限公司,5,AA+,02,2018-03-23,8,90
143485,H18房信2,天津市房地产信托集团有限公司,5,AA+,02,2018-03-23,9.5,90
143486,18南水02,南方水泥有限公司,3,AAA,02,2018-08-30,4.39,90
143487,18帝泰01,上海帝泰发展有限公司,3,AA,02,2018-04-23,7.5,90
143488,18复星02,上海复星高科技(集团)有限公司,5,AAA,02,2018-03-20,6.8,90
143489,18渝高01,重庆高速公路集团有限公司,5,AAA,02,2018-03-26,5.36,90
143490,18武商01,武汉商贸国有控股集团有限公司,3,AA,02,2018-03-27,7.1,90
143492,18银河G1,中国银河证券股份有限公司,3,AAA,02,2018-03-29,7,90
143493,18象屿01,厦门象屿集团有限公司,5,AAA,02,2018-03-23,5.59,90
143494,18香江01,深圳香江控股股份有限公司,4,AA,02,2018-03-19,7.9,90
143495,18豫高01,河南中原高速公路股份有限公司,5,AA+,02,2018-04-03,5.67,90
143496,18沪资01,上海国际集团资产管理有限公司,5,AAA,02,2018-03-21,5.28,90
143497,18天风01,天风证券股份有限公司,5,AA+,02,2018-03-28,5.95,90
143498,18国信三,江苏省国信集团有限公司,3,AAA,02,2018-09-06,4.2,90
143499,18深航02,深圳航空有限责任公司,3,AAA,02,2018-03-23,5.27,90
143500,18公用01,上海大众公用事业(集团)股份有限公司,5,AA+,02,2018-03-28,5.58,90
143501,18南山03,南山集团有限公司,3,AAA,02,2018-08-30,5.8,90
143502,18铁建Y1,中国铁建股份有限公司,1.02,AAA,02,2018-04-02,5.56,90
143503,18招金01,招金矿业股份有限公司,3,AAA,02,2018-03-27,5.45,90
143504,18华能01,华能国际电力股份有限公司,3,AAA,02,2018-04-17,4.9,90
143505,18舟交01,舟山交通投资集团有限公司,3,AA+,02,2018-03-29,6,90
143507,18建材02,中国建材股份有限公司,3,AAA,02,2018-03-27,5.37,90
143508,18榕投01,福州国有资本投资运营集团有限公司,8,AA+,02,2018-03-29,5.5,90
143509,18宜华01,宜华企业(集团)有限公司,3,AA+,02,2018-03-28,6.8,90
143510,18龙湖01,重庆龙湖企业拓展有限公司,5,AAA,02,2018-04-11,5.6,90
143511,18南报01,广东南方报业传媒集团有限公司,5,AA+,02,2018-09-13,5.38,90
143512,18中信G1,中信证券股份有限公司,3,AAA,02,2018-03-29,5.14,90
143513,18国控01,江西省国有资本运营控股集团有限公司,5,AAA,02,2018-03-30,5.85,90
143514,PR璞泰02,上海璞泰来新能源科技股份有限公司,3,AA+,02,2018-03-29,5.5,90
143515,18粤桥01,广东省路桥建设发展有限公司,15,AAA,02,2018-08-28,4.9,90
143516,18当代01,武汉当代科技产业集团股份有限公司,3,AA+,02,2018-03-22,7,90
143517,18锦江01,锦江国际集团有限公司,5,AAA,02,2018-03-30,5.25,90
143518,G18临港1,上海临港经济发展(集团)有限公司,4,AAA,02,2018-04-04,5.28,90
143519,G18临港2,上海临港经济发展(集团)有限公司,5,AAA,02,2018-04-04,5.28,90
143520,18金地01,金地(集团)股份有限公司,5,AAA,02,2018-03-28,5.68,90
143522,18吉高02,吉林省高速公路集团有限公司,5,AAA,02,2018-03-29,6.08,90
143523,18宁安01,南京安居建设集团有限责任公司,5,AAA,02,2018-04-03,5.36,90
143524,18信通01,中信富通融资租赁有限公司,3,AA,02,2018-03-29,6.9,90
143525,G18光水1,中国光大水务有限公司,5,AAA,02,2018-09-03,4.6,90
143526,18老窖01,泸州老窖集团有限责任公司,5,AAA,02,2018-04-04,5.2,90
143527,18华药01,华立医药集团有限公司,5,AA,02,2018-04-16,6.8,90
143528,18国君G1,国泰君安证券股份有限公司,3,AAA,02,2018-03-30,5.15,90
143529,18海通02,海通证券股份有限公司,3,AAA,02,2018-04-03,5.14,90
143530,18陕投03,陕西投资集团有限公司,5,AAA,02,2018-04-04,5.65,90
143531,18陕投04,陕西投资集团有限公司,7,AAA,02,2018-04-04,5.98,90
143532,18绍城01,绍兴市城市建设投资集团有限公司,5,AA+,02,2018-03-30,5.87,90
143533,18国投01,国家开发投资集团有限公司,5,AAA,02,2018-04-04,5.17,90
143534,18天风02,天风证券股份有限公司,5,AA+,02,2018-04-13,5.8,90
143535,18荣和01,广西荣和有限责任公司,5,AA,02,2018-04-16,7.55,90
143536,18复星03,上海复星高科技(集团)有限公司,3,AAA,02,2018-08-29,6.17,90
143537,18五资01,五矿资本控股有限公司,2,AAA,02,2018-04-27,4.7,90
143538,18陆债01,上海陆家嘴金融贸易区开发股份有限公司,5,AAA,02,2018-04-11,5.08,90
143539,18凤祥01,新凤祥控股集团有限责任公司,5,AA,02,2018-04-17,7.4,90
143540,18栖建01,南京栖霞建设股份有限公司,5,AA+,02,2018-04-13,6.36,90
143541,18南资01,南方工业资产管理有限责任公司,5,AA+,02,2018-05-09,5.3,90
143542,18钢钒01,攀钢集团攀枝花钢钒有限公司,5,AAA,02,2018-04-27,6.1,90
143544,G18华综1,珠海华发综合发展有限公司,5,AAA,02,2018-04-24,5.27,90
143545,18建材11,中国建材股份有限公司,3,AAA,02,2018-11-23,3.99,90
143546,18福日01,福建福日电子股份有限公司,3,AA,02,2018-04-16,6.9,90
143547,18旭辉03,旭辉集团股份有限公司,3,AAA,02,2018-08-16,5.46,90
143548,18海科01,山东海科化工集团有限公司,5,AA,02,2018-04-26,7.3,90
143549,18珠实01,广州珠江实业开发股份有限公司,5,AA,02,2018-04-16,6.93,90
143550,18华夏01,华夏幸福基业股份有限公司,4,AAA,02,2018-06-07,6.8,90
143551,18华夏02,华夏幸福基业股份有限公司,5,AAA,02,2018-06-07,6.8,90
143552,18市政01,天津市政投资有限公司,10,AAA,02,2018-04-16,5.15,90
143553,18市政02,天津市政投资有限公司,10,AAA,02,2018-04-16,5.4,90
143554,18国信一,江苏省国信集团有限公司,2,AAA,02,2018-05-10,4.72,90
143555,18国信二,江苏省国信集团有限公司,3,AAA,02,2018-05-10,4.79,90
143556,18特变01,新疆特变电工集团有限公司,3,AA+,02,2018-05-07,5.83,90
143557,18特变02,新疆特变电工集团有限公司,5,AA+,02,2018-05-07,6.15,90
143559,18桂交01,广西交通投资集团有限公司,3,AAA,02,2018-07-19,5.29,90
143560,18豫高02,河南中原高速公路股份有限公司,5,AA+,02,2018-05-10,5.21,90
143561,18航集01,中国南方航空集团有限公司,3,AAA,02,2018-04-24,4.78,90
143562,18川发01,四川发展(控股)有限责任公司,7,AAA,02,2018-06-14,5.7,90
143563,18张江01,上海张江(集团)有限公司,5,AAA,02,2018-04-20,4.87,90
143564,18京投03,北京市基础设施投资有限公司,5,AAA,02,2018-04-20,4.79,90
143565,18京投04,北京市基础设施投资有限公司,10,AAA,02,2018-04-20,5.09,90
143566,18不动01,平安不动产有限公司,3,AAA,02,2018-04-25,5,90
143567,18住总01,北京住总集团有限责任公司,5,AA+,02,2018-05-03,5.34,60
143568,18建材12,中国建材股份有限公司,5,AAA,02,2018-11-23,4.35,90
143569,18国控02,江西省国有资本运营控股集团有限公司,5,AAA,02,2018-04-26,5.4,90
143570,18兵器01,中国兵器工业集团有限公司,5,AAA,02,2018-04-27,4.77,90
143571,18南水01,南方水泥有限公司,3,AAA,02,2018-04-26,4.89,90
143572,18南京01,南京证券股份有限公司,5,AAA,02,2018-05-03,4.86,90
143573,18杭金01,杭州市金融投资集团有限公司,5,AAA,02,2018-04-26,4.9,90
143574,18杭金02,杭州市金融投资集团有限公司,5,AAA,02,2018-04-26,5.1,90
143575,18光证G1,光大证券股份有限公司,2,AAA,02,2018-04-27,4.68,90
143576,18光证G2,光大证券股份有限公司,3,AAA,02,2018-04-27,4.78,90
143577,18南山01,南山集团有限公司,3,AAA,02,2018-05-07,5.3,90
143578,18南山02,南山集团有限公司,5,AAA,02,2018-05-07,5.5,90
143579,18军工债,安徽军工集团控股有限公司,5,AA,02,2018-05-07,5.91,90
143580,18穗发01,广州产业投资控股集团有限公司,5,AAA,02,2018-05-04,4.84,90
143581,18象屿02,厦门象屿集团有限公司,5,AAA,02,2018-05-10,4.8,90
143582,18中化01,中国中化股份有限公司,5,AAA,02,2018-04-25,4.59,90
143583,18龙湖03,重庆龙湖企业拓展有限公司,5,AAA,02,2018-08-20,4.96,90
143584,18电投01,国家电力投资集团有限公司,3,AAA,02,2018-05-10,4.5,90
143585,18深燃01,深圳市燃气集团股份有限公司,5,AAA,02,2018-05-09,4.8,90
143586,18神州01,神州租车有限公司,3,AA+,02,2018-05-14,6.3,90
143587,18航集02,中国南方航空集团有限公司,3,AAA,02,2018-09-11,3.89,90
143588,18沪国01,上海国有资产经营有限公司,5,AAA,02,2018-05-04,4.9,90
143589,18建材03,中国建材股份有限公司,3,AAA,02,2018-05-09,4.59,90
143590,18建材04,中国建材股份有限公司,5,AAA,02,2018-05-09,4.78,90
143591,18鲁金02,山东省金融资产管理股份有限公司,5,AAA,02,2018-05-10,4.99,90
143592,18能建01,中国能源建设股份有限公司,5,AAA,02,2018-05-14,4.65,90
143593,18招金03,招金矿业股份有限公司,3,AAA,02,2018-09-06,4.47,90
143594,18华数01,华数数字电视传媒集团有限公司,5,AAA,02,2018-05-03,4.7,90
143595,18君华01,雪松实业集团有限公司,3,AAA,02,2018-05-14,7,90
143596,18华胜01,北京华胜天成科技股份有限公司,5,AA,02,2018-05-07,8,90
143598,18陕煤01,陕西煤业股份有限公司,3,AAA,02,2018-05-18,4.86,90
143599,18甬投01,宁波开发投资集团有限公司,5,AAA,02,2018-05-15,4.68,90
143600,18阳集01,福建阳光集团有限公司,3,AA+,02,2018-09-05,7.5,90
143601,18深航04,深圳航空有限责任公司,3,AAA,02,2018-05-10,4.55,90
143602,18雅砻01,雅砻江流域水电开发有限公司,5,AAA,02,2018-05-10,4.5,90
143603,18同济01,同济堂医药有限公司,3,AA,02,2018-05-14,7.8,90
143604,18同济02,同济堂医药有限公司,3,AA,02,2018-05-14,7.8,90
143605,18扬城控,扬州市城建国有资产控股(集团)有限责任公司,5,AA+,02,2018-05-18,5.5,90
143606,18鹏博债,鹏博士电信传媒集团股份有限公司,5,AA,02,2018-05-09,7,90
143607,18国君G2,国泰君安证券股份有限公司,3,AAA,02,2018-05-10,4.55,90
143608,18威国01,威海产业投资集团有限公司,5,AA+,02,2018-05-18,5.7,90
143609,18津创01,天津创业环保集团股份有限公司,5,AA+,02,2018-05-11,5.17,90
143610,18新工01,南京新工投资集团有限责任公司,5,AAA,02,2018-05-17,4.97,90
143611,18新工02,南京新工投资集团有限责任公司,7,AAA,02,2018-05-17,4.97,90
143612,18绍城02,绍兴市城市建设投资集团有限公司,5,AA+,02,2018-05-10,4.99,90
143613,18市北01,上海市北高新(集团)有限公司,5,AA+,02,2018-05-09,5.03,90
143614,18景国01,景德镇市国资运营投资控股集团有限责任公司,3,AA,02,2018-05-14,6.92,90
143615,18远海01,中国远洋海运集团有限公司,3,AAA,02,2018-05-09,4.5,90
143616,18浙能01,浙江省能源集团有限公司,5,AAA,02,2018-05-15,4.88,90
143617,18迈科01,西安迈科金属国际集团有限公司,3,AA,02,2018-05-25,7.5,90
143618,18陕旅01,陕西旅游集团有限公司,10,AA,02,2018-06-27,7.66,90
143619,18歌山01,歌山控股集团有限公司,3,AA,02,2018-05-21,7.4,90
143620,18国科01,中国科学院控股有限公司,6,AAA,02,2018-05-10,4.7,90
143621,18蓝星02,中国蓝星(集团)股份有限公司,5,AAA,02,2018-09-06,5,90
143622,18东方02,东方集团股份有限公司,3,AA+,02,2018-05-17,7.2,90
143623,18粤电01,广东省能源集团有限公司,3,AAA,02,2018-05-23,4.72,90
143624,18中科01,中科实业集团(控股)有限公司,3,AA,02,2018-05-23,5.9,90
143625,18贵产01,贵州乌江能源投资有限公司,5,AA+,02,2018-06-28,6.6,90
143626,18招商G2,招商证券股份有限公司,2,AAA,02,2018-06-26,4.78,90
143627,18招商G3,招商证券股份有限公司,3,AAA,02,2018-06-26,4.78,90
143628,18新业03,新疆新业国有资产经营(集团)有限责任公司,7,AA+,02,2018-05-11,6.57,90
143629,18中凯01,中国建材国际工程集团有限公司,5,AAA,02,2018-06-27,5.49,90
143630,18华谊01,上海华谊控股集团有限公司,7,AAA,02,2018-05-18,5.1,90
143631,18南港01,南京新港开发有限公司,5,AA+,02,2018-09-20,5.7,90
143632,18海通03,海通证券股份有限公司,3,AAA,02,2018-05-25,4.7,90
143633,18粤财01,广东粤财投资控股有限公司,5,AAA,02,2018-05-25,4.75,90
143634,18中冶01,中国冶金科工股份有限公司,3,AAA,02,2018-05-18,4.78,90
143635,18中冶02,中国冶金科工股份有限公司,5,AAA,02,2018-05-18,4.98,90
143636,18国联G1,无锡市国联发展(集团)有限公司,5,AAA,02,2018-05-18,4.88,90
143637,18日照01,日照港股份有限公司,5,AA+,02,2018-05-25,5.38,90
143638,18中煤01,中国中煤能源股份有限公司,5,AAA,02,2018-05-18,4.85,90
143639,18中煤02,中国中煤能源股份有限公司,7,AAA,02,2018-05-18,5,90
143640,18隧道01,上海隧道工程股份有限公司,3,AAA,02,2018-06-04,4.8,90
143641,18江海债,江海证券有限公司,3,AA+,02,2018-05-29,5.8,90
143642,18国电01,国电电力发展股份有限公司,3,AAA,02,2018-05-31,4.74,90
143643,18联想02,联想控股股份有限公司,3,AAA,02,2018-07-23,5.99,90
143644,18复地01,复地(集团)股份有限公司,3,AAA,02,2018-09-06,6.8,90
143645,18电投02,国家电力投资集团有限公司,3,AAA,02,2018-05-25,4.84,90
143646,18中租一,中民投租赁控股有限公司,3,AAA,02,2018-10-12,7.55,90
143647,18电投03,国家电力投资集团有限公司,3,AAA,02,2018-05-31,4.83,90
143648,18国投02,国家开发投资集团有限公司,5,AAA,02,2018-05-29,4.74,90
143649,H18成龙1,成龙建设集团有限公司,5,AA,02,2018-06-06,7.5,90
143650,18绿城07,绿城房地产集团有限公司,5,AAA,02,2018-09-19,4.73,90
143651,18北方01,中国北方工业有限公司,3,AAA,02,2018-10-08,4.12,90
143652,18光证G3,光大证券股份有限公司,3,AAA,02,2018-10-25,4.3,90
143653,18元禾01,苏州元禾控股股份有限公司,5,AA+,02,2018-06-11,5.18,90
143654,18泰富01,中信泰富有限公司,3,AAA,02,2018-06-12,4.9,90
143656,18文投01,北京市文化投资发展集团有限责任公司,5,AAA,02,2018-06-13,5.1,90
143657,18金地03,金地(集团)股份有限公司,3,AAA,02,2018-06-15,5.29,90
143658,18金地04,金地(集团)股份有限公司,5,AAA,02,2018-06-15,5.38,90
143659,18西地01,西安高新技术产业开发区房地产开发有限公司,5,AA+,02,2018-07-03,7.5,90
143661,18泛海G1,中国泛海控股集团有限公司,5,AA+,02,2018-06-21,7.55,90
143662,18国电02,国电电力发展股份有限公司,3,AAA,02,2018-06-13,4.72,90
143663,18苏城01,苏州城市建设投资发展(集团)有限公司,5,AAA,02,2018-06-14,4.8,90
143664,PR保集01,保集控股集团有限公司,3,AA,02,2018-06-15,7.5,90
143665,18兴泸01,泸州市兴泸投资集团有限公司,7,AA+,02,2018-06-20,3.72,90
143666,18远洋01,北京远洋控股集团有限公司,5,AAA,02,2018-08-07,4.7,90
143667,18农投01,北京市农业投资有限公司,5,AAA,02,2018-06-20,5.35,90
143668,18皖高速,安徽省高速地产集团有限公司,5,AAA,02,2018-06-20,5.6,90
143669,18宁开控,宁波经济技术开发区控股有限公司,5,AA+,02,2018-06-20,6.38,90
143670,18中煤03,中国中煤能源股份有限公司,5,AAA,02,2018-06-21,4.9,90
143671,18恒安01,恒安(中国)投资有限公司,3,AAA,02,2018-08-07,4.58,90
143672,18兴泸02,泸州市兴泸投资集团有限公司,7,AA+,02,2018-06-20,6.4,90
143673,18伊泰01,内蒙古伊泰煤炭股份有限公司,3,AAA,02,2018-06-28,6,90
143674,18临债01,上海临港控股股份有限公司,4,AAA,02,2018-06-25,5.01,90
143675,18方正12,北大方正集团有限公司,5,AAA,02,2018-09-18,6.05,90
143676,18津投02,天津城市基础设施建设投资集团有限公司,15,AAA,02,2018-06-20,5.47,90
143677,18临债02,上海临港控股股份有限公司,5,AAA,02,2018-06-25,5.17,90
143678,18新望01,新希望集团有限公司,2,AAA,02,2018-06-27,5.79,90
143679,18龙湖04,重庆龙湖企业拓展有限公司,5,AAA,02,2018-09-04,4.98,90
143680,18西股01,西部矿业股份有限公司,5,AA+,02,2018-07-13,6.5,90
143681,18中银投,中银集团投资有限公司,3,AAA,02,2018-07-02,4.9,90
143682,18中核01,中国核工业集团有限公司,5,AAA,02,2018-07-11,4.78,90
143683,H18铁牛1,铁牛集团有限公司,5,AA+,02,2018-07-03,7.2,90
143684,18建材05,中国建材股份有限公司,3,AAA,02,2018-06-25,4.97,90
143685,18中证G1,中信证券股份有限公司,3,AAA,02,2018-06-28,4.8,90
143686,18中证G2,中信证券股份有限公司,5,AAA,02,2018-06-28,4.9,90
143687,18建材06,中国建材股份有限公司,5,AAA,02,2018-06-25,5.19,90
143688,18泛海G2,中国泛海控股集团有限公司,5,AA+,02,2018-06-28,7.8,90
143689,18建投01,河北建设投资集团有限责任公司,5,AAA,02,2018-07-05,4.99,90
143690,18齐鲁01,齐鲁交通发展集团有限公司,5,AAA,02,2018-06-26,5,90
143691,18桂交02,广西交通投资集团有限公司,5,AAA,02,2018-07-27,5.38,90
143692,18当代02,武汉当代科技产业集团股份有限公司,5,AA+,02,2018-06-28,7.55,90
143693,18华夏03,华夏幸福基业股份有限公司,4,AAA,02,2018-06-27,7.15,90
143694,18金地05,金地(集团)股份有限公司,3,AAA,02,2018-06-28,5.58,90
143695,18金地06,金地(集团)股份有限公司,5,AAA,02,2018-06-28,5.7,90
143696,18盛屯01,盛屯矿业集团股份有限公司,5,AA,02,2018-07-11,7.5,90
143697,18中民G1,中国民生投资股份有限公司,3,AAA,02,2018-08-24,7.5,90
143698,18华宇05,重庆华宇集团有限公司,5,AA,02,2018-07-12,6.99,90
143699,18佛控01,佛山市公用事业控股有限公司,3,AAA,02,2018-07-13,4.72,90
143700,18宁资01,宁夏国有资本运营集团有限责任公司,3,AAA,02,2018-07-19,4.77,90
143701,18居然01,北京居然之家投资控股集团有限公司,3,AA+,02,2018-07-06,7.5,90
143704,18闽能01,福建省能源集团有限责任公司,3,AAA,02,2018-07-31,4.6,90
143705,18蓝星01,中国蓝星(集团)股份有限公司,5,AAA,02,2018-07-12,5.28,90
143706,18中煤05,中国中煤能源股份有限公司,5,AAA,02,2018-07-16,4.69,90
143707,18中煤06,中国中煤能源股份有限公司,7,AAA,02,2018-07-16,4.89,90
143708,18中庚G1,中庚置业集团有限公司,5,AA,02,2018-07-12,8.5,90
143709,18诚通01,中国诚通控股集团有限公司,3,AAA,02,2018-07-19,4.67,90
143712,18招商G5,招商证券股份有限公司,3,AAA,02,2018-07-25,4.38,90
143714,18实业02,新疆广汇实业投资(集团)有限责任公司,3,AA+,02,2018-08-20,7.5,90
143716,18国电03,国电电力发展股份有限公司,3,AAA,02,2018-07-24,4.43,90
143719,18渝高02,重庆高速公路集团有限公司,5,AAA,02,2018-07-27,4.6,90
143720,18联泰01,广东省联泰集团有限公司,2,AA+,02,2018-07-20,7,90
143721,18建材07,中国建材股份有限公司,3,AAA,02,2018-07-27,4.65,90
143722,18建材08,中国建材股份有限公司,5,AAA,02,2018-07-27,4.89,90
143723,G18风电1,中节能风力发电股份有限公司,5,AAA,02,2018-07-31,4.9,90
143724,18津投03,天津城市基础设施建设投资集团有限公司,3,AAA,02,2018-07-25,5,90
143725,18光明01,光明食品(集团)有限公司,3,AAA,02,2018-07-25,4.43,90
143727,18津投04,天津城市基础设施建设投资集团有限公司,5,AAA,02,2018-07-25,5.28,90
143728,18国科02,中国科学院控股有限公司,5,AAA,02,2018-07-27,4.57,90
143729,18国科03,中国科学院控股有限公司,8,AAA,02,2018-07-27,4.8,90
143730,18康美01,康美药业股份有限公司,3,AAA,02,2018-07-31,6.8,90
143731,18金隅01,北京金隅集团股份有限公司,5,AAA,02,2018-07-24,4.7,90
143732,18国君G3,国泰君安证券股份有限公司,3,AAA,02,2018-07-24,4.44,90
143733,18国君G4,国泰君安证券股份有限公司,5,AAA,02,2018-07-24,4.64,90
143734,18金隅02,北京金隅集团股份有限公司,7,AAA,02,2018-07-24,5,90
143735,18方正09,北大方正集团有限公司,5,AAA,02,2018-08-03,6.2,90
143736,18远海02,中国远洋海运集团有限公司,3,AAA,02,2018-07-31,4.43,90
143737,18远海03,中国远洋海运集团有限公司,5,AAA,02,2018-07-31,4.64,90
143738,18广开01,广州开发区控股集团有限公司,5,AAA,02,2018-08-02,4.95,90
143739,18广开02,广州开发区控股集团有限公司,5,AAA,02,2018-08-02,4.75,90
143740,18公用03,上海大众公用事业(集团)股份有限公司,5,AAA,02,2018-08-02,4.65,90
143741,18江河01,江河创建集团股份有限公司,3,AA+,02,2018-08-01,7.2,90
143742,18华资01,中国华电集团资本控股有限公司,5,AAA,02,2018-08-01,4.48,90
143743,18公用04,上海大众公用事业(集团)股份有限公司,5,AAA,02,2018-08-02,4.89,90
143744,G18三峡1,中国长江三峡集团有限公司,3,AAA,02,2018-08-16,4,90
143745,G18三峡2,中国长江三峡集团有限公司,5,AAA,02,2018-08-16,4.2,90
143746,18光明02,光明食品(集团)有限公司,5,AAA,02,2018-08-13,4.09,90
143747,18粤财02,广东粤财投资控股有限公司,5,AAA,02,2018-08-31,4.2,90
143748,18粤财03,广东粤财投资控股有限公司,7,AAA,02,2018-08-31,4.5,90
143749,18云城01,云南省康旅控股集团有限公司,3,AAA,02,2018-08-29,5.9,90
143750,18云城02,云南省康旅控股集团有限公司,5,AAA,02,2018-08-30,6.2,90
143751,18华综01,珠海华发综合发展有限公司,5,AAA,02,2018-08-29,4.68,90
143752,助业13A2,国联民生证券股份有限公司,1.21,AAA,10,2023-12-28,3.09,-100
143753,18京投05,北京市基础设施投资有限公司,5,AAA,02,2018-09-03,4.2,90
143754,18京投06,北京市基础设施投资有限公司,10,AAA,02,2018-09-03,4.8,90
143755,18CHNG1A,中国华能集团有限公司,10,AAA,02,2018-09-03,4.89,90
143756,18CHNG1B,中国华能集团有限公司,10,AAA,02,2018-09-03,5.14,90
143757,18CHNG1C,中国华能集团有限公司,5,AAA,02,2018-09-03,4.48,90
143758,18CHNG1D,中国华能集团有限公司,1.5,AAA,02,2018-09-03,3,90
143760,18保文01,保利文化集团股份有限公司,3,AA+,02,2018-09-17,4.92,90
143761,18电投04,国家电力投资集团有限公司,3,AAA,02,2018-09-05,4.38,90
143762,18招商G8,招商证券股份有限公司,3,AAA,02,2018-09-18,4.23,90
143764,18电投05,国家电力投资集团有限公司,3,AAA,02,2018-09-11,4.34,90
143765,18津投07,天津城市基础设施建设投资集团有限公司,2,AAA,02,2018-10-23,4.58,90
143767,18石化01,中国石油化工集团有限公司,3,AAA,02,2018-09-19,3.68,90
143769,18兵装01,中国兵器装备集团有限公司,3,AAA,02,2018-09-12,4.3,90
143771,18诚通03,中国诚通控股集团有限公司,3,AAA,02,2018-09-25,4.59,90
143772,18诚通02,中国诚通控股集团有限公司,3,AAA,02,2018-09-05,4.5,90
143774,18北汽集,北京汽车集团有限公司,5,AAA,02,2018-09-13,4.69,90
143777,18红星01,红星美凯龙控股集团有限公司,3,AAA,02,2018-11-05,6.5,90
143778,鲲鹏15A1,中信证券股份有限公司,0.91,AAA,10,2024-01-12,2.97,-100
143779,18绿城09,绿城房地产集团有限公司,5,AAA,02,2018-09-17,4.98,90
143781,18中燃01,中国燃气控股有限公司,5,AAA,02,2018-09-27,4.5,90
143783,18国元债,安徽国元金融控股集团有限责任公司,5,AAA,02,2018-09-13,4.7,90
143784,18湘财01,湘财证券股份有限公司,2,AA+,02,2018-10-11,5.77,90
143785,18湘财02,湘财证券股份有限公司,3,AA+,02,2018-10-11,6,90
143787,18京投07,北京市基础设施投资有限公司,5,AAA,02,2018-09-20,4.3,90
143788,18京投08,北京市基础设施投资有限公司,10,AAA,02,2018-09-20,4.9,90
143789,18中车G1,中国中车集团有限公司,5,AAA,02,2018-09-21,4.29,90
143791,18电投06,国家电力投资集团有限公司,3,AAA,02,2018-09-14,4.29,90
143793,18深航06,深圳航空有限责任公司,3,AAA,02,2018-09-21,4.35,90
143794,18兵器02,中国兵器工业集团有限公司,5,AAA,02,2018-09-25,4.27,90
143795,18华福G1,华福证券有限责任公司,3,AA+,02,2018-09-28,4.55,90
143798,18华能03,华能国际电力股份有限公司,10,AAA,02,2018-09-26,5.05,90
143799,18天目湖,江苏天目湖(集团)有限公司,5,AA,02,2018-10-15,6.78,90
143800,18佛控02,佛山市投资控股集团有限公司,5,AAA,02,2018-09-27,4.49,90
143801,18双欣02,内蒙古双欣能源化工有限公司,3,AA,02,2018-10-09,7.8,90
143802,18爱众01,四川广安爱众股份有限公司,5,AA,02,2018-10-11,6.2,90
143804,18中铝01,中国铝业股份有限公司,3,AAA,02,2018-09-26,4.55,90
143805,18中铝02,中国铝业股份有限公司,5,AAA,02,2018-09-26,4.99,90
143806,18纺织01,上海纺织(集团)有限公司,3,AAA,02,2018-09-26,4.45,90
143807,18电投07,国家电力投资集团有限公司,3,AAA,02,2018-10-08,4.34,90
143808,18华宝01,华宝投资有限公司,3,AAA,02,2018-10-08,4.6,90
143812,18首置01,首创置业有限公司,5,AAA,02,2018-09-28,4.89,90
143813,安腾1B,平安证券股份有限公司,2.03,AA+,10,2024-01-25,3.6,-100
143814,18通用01,中国通用技术(集团)控股有限责任公司,5,AAA,02,2018-10-12,4.48,90
143816,18居然02,北京居然之家投资控股集团有限公司,3,AA+,02,2018-10-11,6.9,90
143817,18广汇G2,广汇汽车服务有限责任公司,3,AA+,02,2018-10-18,7.2,90
143818,18如意01,山东如意科技集团有限公司,5,AA+,02,2018-09-28,7.9,90
143820,18杭城01,杭州市城市建设投资集团有限公司,5,AAA,02,2018-10-15,4.37,90
143821,18旭辉05,旭辉集团股份有限公司,4,AAA,02,2018-10-11,6.39,90
143822,G18绿园1,中国葛洲坝集团绿园科技有限公司,5,AAA,02,2018-10-12,4.74,90
143823,18闽能03,福建省能源集团有限责任公司,3,AAA,02,2018-10-17,4.42,90
143824,18国美01,国美电器有限公司,6,AA+,02,2019-01-04,7.8,90
143825,18长电02,中国长江电力股份有限公司,3,AAA,02,2018-10-17,3.88,90
143826,18粤电02,广东省能源集团有限公司,3,AAA,02,2018-10-11,4.3,90
143827,18中航集,中国航空集团有限公司,3,AAA,02,2018-10-09,4.3,90
143828,18油气01,中国化工油气股份有限公司,5,AAA,02,2018-10-11,4.68,90
143829,18恒信01,海通恒信国际融资租赁股份有限公司,3,AAA,02,2018-10-12,5.05,90
143830,星灿2A1,华泰证券(上海)资产管理有限公司,0.91,AAA,10,2024-01-29,3.3,-100
143831,18保利01,中国保利集团有限公司,3,AAA,02,2018-10-19,4.28,90
143835,18奥园04,奥园集团有限公司,3,AA+,02,2018-10-23,8.5,90
143836,18建投02,河北建设投资集团有限责任公司,5,AAA,02,2018-10-31,4.22,90
143837,星鸿4A,财通证券资产管理有限公司,1.07,AAA,10,2024-02-08,3.02,-100
143838,18永钢01,江苏永钢集团有限公司,5,AA+,02,2018-10-17,7,90
143839,18晟晏G1,宁夏晟晏实业集团有限公司,5,AA,02,2018-11-05,7.5,90
143840,18雪松01,雪松实业集团有限公司,3,AA+,02,2018-10-31,7.5,90
143841,18香江02,深圳香江控股股份有限公司,4,AA,02,2018-10-12,7.9,90
143842,H8康美04,康美药业股份有限公司,5,AAA,02,2018-10-19,6.8,90
143843,18淄矿01,淄博矿业集团有限责任公司,5,AA+,02,2018-10-24,6,90
143844,18南港02,南京新港开发有限公司,5,AA+,02,2018-10-31,5.5,90
143845,23惠民3B,天风(上海)证券资产管理有限公司,2.78,AA+,10,2024-01-24,5.75,-100
143846,18航租02,中航国际租赁有限公司,3,AAA,02,2018-10-25,4.34,90
143847,18方正13,北大方正集团有限公司,5,AAA,02,2018-10-29,6.05,90
143848,18兴杭01,闽西兴杭国有资产投资经营有限公司,5,AAA,02,2018-10-31,4.35,90
143849,S18红狮2,红狮控股集团有限公司,3,AAA,02,2018-11-08,5.5,90
143850,18华宝03,华宝投资有限公司,3,AAA,02,2018-10-25,4.3,90
143851,18华宝04,华宝投资有限公司,5,AAA,02,2018-10-25,4.6,90
143852,18中凯02,中国建材国际工程集团有限公司,5,AAA,02,2018-10-30,4.68,90
143853,18阳集02,福建阳光集团有限公司,3,AA+,02,2018-10-30,7.5,90
143854,18穗建01,广州市城市建设开发有限公司,3,AAA,02,2018-11-12,4.24,90
143855,18穗建02,广州市城市建设开发有限公司,5,AAA,02,2018-11-12,4.25,90
143856,18北汽02,北京汽车集团有限公司,5,AAA,02,2018-10-26,4.48,90
143857,18鸿坤01,北京鸿坤伟业房地产开发有限公司,4,AA,02,2018-10-29,7.5,90
143858,18甬投02,宁波开发投资集团有限公司,5,AAA,02,2018-10-29,4.24,90
143859,18东港01,东港投资发展集团有限公司,5,AA,02,2018-10-26,6.6,90
143860,18南水04,南方水泥有限公司,3,AAA,02,2018-10-25,4.26,90
143862,PR保集02,保集控股集团有限公司,3,AA,02,2018-12-17,7.5,90
143863,18腾越01,广东腾越建筑工程有限公司,3,AAA,02,2018-11-07,6.8,90
143864,荟享113C,平安证券股份有限公司,1.5,,10,2024-02-06,,-100
143865,18渝信01,同方国信投资控股有限公司,3,AAA,02,2018-11-07,5.5,90
143867,18电投08,国家电力投资集团有限公司,3,AAA,02,2018-11-05,4.1,90
143868,18电投09,国家电力投资集团有限公司,5,AAA,02,2018-11-05,4.45,90
143869,18格力01,珠海格力集团有限公司,5,AAA,02,2018-11-02,4.24,90
143870,万宝6A1,平安证券股份有限公司,0.97,AAA,10,2024-02-27,3,-100
143871,18蓉高01,成都高新投资集团有限公司,3,AAA,02,2018-11-02,4.48,90
143872,万宝6A3,平安证券股份有限公司,2.47,AAA,10,2024-02-27,3.6,-100
143874,18实业05,新疆广汇实业投资(集团)有限责任公司,3,AA+,02,2018-11-01,7.5,90
143875,18宜华02,宜华企业(集团)有限公司,3,AA+,02,2018-11-05,7.5,90
143876,G18三峡3,中国长江三峡集团有限公司,3,AAA,02,2018-11-05,4.08,90
143878,18浦土01,上海浦东土地控股(集团)有限公司,5,AAA,02,2018-11-05,4.24,90
143879,18中民G2,中国民生投资股份有限公司,3,AAA,02,2018-11-07,7.5,90
143880,18滇城01,云南城投置业股份有限公司,3,AAA,02,2018-11-05,8.1,90
143881,熹焱01A3,东方汇智资产管理有限公司,2.98,AAA,10,2024-01-23,5.1,-100
143883,18恒信03,海通恒信国际融资租赁股份有限公司,3,AAA,02,2018-11-06,4.85,90
143885,18复星04,上海复星高科技(集团)有限公司,3,AAA,02,2018-11-12,5.8,90
143886,18津投09,天津城市基础设施建设投资集团有限公司,3,AAA,02,2018-11-05,4.52,90
143887,18津投10,天津城市基础设施建设投资集团有限公司,5,AAA,02,2018-11-05,5,90
143888,18西地02,西安高新技术产业开发区房地产开发有限公司,5,AA+,02,2018-12-11,7.5,90
143889,18华证01,华安证券股份有限公司,3,AA+,02,2018-11-16,4.4,90
143890,18陆债02,上海陆家嘴金融贸易区开发股份有限公司,5,AAA,02,2018-11-13,4.15,90
143891,18疏浚01,中交疏浚(集团)股份有限公司,5,AAA,02,2018-11-06,4.25,90
143892,18凤祥02,新凤祥控股集团有限责任公司,3,AA,02,2018-11-09,7.9,90
143893,18洋河01,江苏洋河集团有限公司,5,AAA,02,2018-11-16,4.49,90
143894,18洋河02,江苏洋河集团有限公司,5,AAA,02,2018-11-16,4.17,90
143896,18新控05,新城控股集团股份有限公司,4,AAA,02,2018-11-12,7.43,90
143897,18兴杭02,闽西兴杭国有资产投资经营有限公司,5,AAA,02,2018-11-09,4.27,90
143899,H18福晟2,福建福晟集团有限公司,3,AA+,02,2018-11-28,7.9,90
143900,17招金Y1,招金矿业股份有限公司,1.33,AAA,02,2017-05-08,5.43,90
143901,17云续Y1,云南省城市建设投资集团有限公司,,AAA,02,2017-05-24,5.9,90
143902,17中冶Y5,中国冶金科工股份有限公司,1,AAA,02,2017-07-21,5.1,90
143903,18能投Y5,云南省能源集团有限公司,,AAA,02,2018-09-28,6.14,90
143904,17远东Y1,远东国际融资租赁有限公司,0.9,AAA,02,2017-07-18,5.5,90
143905,17首旅Y1,北京首都旅游集团有限责任公司,0.9,AAA,02,2017-07-20,4.99,90
143906,17首旅Y2,北京首都旅游集团有限责任公司,0.82,AAA,02,2017-07-20,5.2,90
143907,17中冶Y7,中国冶金科工股份有限公司,1.82,AAA,02,2017-08-08,5.1,90
143909,17中航Y1,中国航空技术国际控股有限公司,0.92,AAA,02,2017-08-22,5,90
143910,18建五Y3,中国建筑第五工程局有限公司,,AAA,02,2018-08-14,5.37,90
143911,17首旅Y3,北京首都旅游集团有限责任公司,0.4,AAA,02,2017-08-18,4.95,90
143912,17首旅Y4,北京首都旅游集团有限责任公司,1.33,AAA,02,2017-08-18,5.2,90
143913,17渝信Y1,同方国信投资控股有限公司,2.33,AAA,02,2017-09-04,5.58,90
143914,17渝信Y2,同方国信投资控股有限公司,,AAA,02,2017-09-04,5.78,90
143915,17电投Y1,国家电力投资集团有限公司,1.87,AAA,02,2017-08-25,5.1,90
143916,17兖煤Y1,兖州煤业股份有限公司,3,AAA,02,2017-09-04,5.7,90
143917,17紫金Y1,紫金矿业集团股份有限公司,2.7,AAA,02,2017-09-27,5.17,90
143918,17华能Y1,华能国际电力股份有限公司,0.62,AAA,02,2017-10-13,5.05,90
143919,17华能Y2,华能国际电力股份有限公司,1.53,AAA,02,2017-10-13,5.17,90
143920,17云建Y1,云南省建设投资控股集团有限公司,2.53,AAA,02,2017-10-23,5.88,90
143921,18阳煤Y3,山西华阳集团新能股份有限公司,3.2,AAA,02,2018-08-22,6.9,90
143922,17锡投Y2,无锡产业发展集团有限公司,1.96,AAA,02,2017-10-30,5.56,90
143923,17建材Y1,中国建材股份有限公司,1.96,AAA,02,2017-10-26,5.18,90
143924,17建材Y2,中国建材股份有限公司,1.76,AAA,02,2017-10-26,5.3,90
143925,17电投Y2,国家电力投资集团有限公司,2.24,AAA,02,2017-10-31,5.14,90
143926,17电投Y3,国家电力投资集团有限公司,3.08,AAA,02,2017-10-31,5.13,90
143927,17鲁高Y1,山东高速集团有限公司,3.08,AAA,02,2017-10-30,5.22,90
143928,17平租Y1,平安国际融资租赁有限公司,3.08,AAA,02,2017-11-07,5.47,90
143929,17建集Y1,厦门建发集团有限公司,,AAA,02,2017-11-09,5.4,90
143930,17中保Y1,中国投融资担保股份有限公司,1,AAA,02,2017-11-10,5.3,90
143931,17中保Y2,中国投融资担保股份有限公司,,AAA,02,2017-11-10,5.49,90
143932,17云建Y3,云南省建设投资控股集团有限公司,1,AAA,02,2017-11-10,5.98,90
143933,18建集Y1,厦门建发集团有限公司,,AAA,02,2018-08-15,5.12,90
143934,17新际Y1,新兴际华集团有限公司,1.25,AAA,02,2017-11-17,5.25,90
143935,17新际Y2,新兴际华集团有限公司,1.25,AAA,02,2017-11-17,5.4,90
143936,17福新Y1,华电福新能源有限公司,1.25,AAA,02,2017-11-24,5.3,90
143938,17鲁高Y2,山东高速集团有限公司,1.65,AAA,02,2017-11-20,5.3,90
143939,17中交Y1,中交第一航务工程局有限公司,1.65,AAA,02,2017-11-30,5.45,90
143940,17建集Y2,厦门建发集团有限公司,1.65,AAA,02,2017-11-29,5.69,90
143941,18新际Y3,新兴际华集团有限公司,1,AAA,02,2018-08-03,5.15,90
143943,17华信Y1,上海华信国际集团有限公司,1,AAA,02,2017-12-21,7.8,90
143944,17华信Y2,上海华信国际集团有限公司,,AAA,02,2018-01-08,7.8,90
143945,17能投Y1,云南省能源集团有限公司,1,AAA,02,2018-01-05,6.28,90
143946,18闽电Y1,福建省电子信息(集团)有限责任公司,,AAA,02,2018-10-08,6.54,90
143947,17铁投Y1,中国铁建投资集团有限公司,0.46,AAA,02,2018-01-08,5.95,90
143948,18航集Y1,中国南方航空集团有限公司,1.21,AAA,02,2018-01-29,5.5,90
143950,18航集Y2,中国南方航空集团有限公司,1,AAA,02,2018-02-02,5.49,90
143951,18中建Y1,中国建筑第六工程局有限公司,1,AAA,02,2018-02-14,6.55,90
143952,G18新Y1,新天绿色能源股份有限公司,3,AAA,02,2018-03-27,5.96,90
143953,18电力Y1,国投电力控股股份有限公司,2.99,AAA,02,2018-03-28,5.5,90
143954,18能投Y1,云南省能源集团有限公司,2.99,AAA,02,2018-04-13,6.27,90
143955,18供销Y1,中国供销集团有限公司,0.99,AAA,02,2018-08-30,5.99,90
143956,18鲁高Y2,山东高速集团有限公司,,AAA,02,2018-04-16,5.57,90
143957,18鲁高Y1,山东高速集团有限公司,0.94,AAA,02,2018-03-30,5.7,90
143958,18京汽Y1,北京汽车股份有限公司,1.94,AAA,02,2018-04-10,5.6,90
143959,18兖煤Y1,兖矿能源集团股份有限公司,2.94,AAA,02,2018-04-10,6,90
143960,18阳煤Y1,山西华阳集团新能股份有限公司,,AAA,02,2018-04-20,7,90
143961,18铁建Y2,中国铁建股份有限公司,1.5,AAA,02,2018-05-03,5.23,90
143962,18能投Y3,云南省能源集团有限公司,,AAA,02,2018-05-08,6,90
143963,18华电Y3,华电国际电力股份有限公司,2.97,AAA,02,2018-08-22,4.87,90
143964,18特变Y1,特变电工股份有限公司,2.97,AAA,02,2018-05-02,6.3,90
143965,18华电Y4,华电国际电力股份有限公司,2.97,AAA,02,2018-08-22,5.05,90
143966,18新际Y1,新兴际华集团有限公司,2.97,AAA,02,2018-05-11,5.2,90
143967,18新际Y2,新兴际华集团有限公司,,AAA,02,2018-05-11,5.29,90
143968,18渝信Y1,同方国信投资控股有限公司,0.97,AAA,02,2018-05-15,6.1,90
143969,18新金Y1,新疆金融投资(集团)有限责任公司,1.73,AAA,02,2018-05-14,6.1,90
143970,18鲁商Y1,山东省商业集团有限公司,2.3,AA+,02,2018-12-25,7.5,90
143971,18鲁商Y2,山东省商业集团有限公司,12,AA+,02,2019-01-04,7.5,90
143972,18厦贸Y1,厦门国贸集团股份有限公司,,AAA,02,2018-05-10,5.3,90
143973,18电力Y2,国投电力控股股份有限公司,1.01,AAA,02,2018-05-25,5.23,90
143974,18铁投Y1,中国铁建投资集团有限公司,2.75,AAA,02,2018-05-17,5.6,90
143975,18兵装Y1,中国兵器装备集团有限公司,,AAA,02,2018-05-25,5.28,90
143976,18建五Y1,中国建筑第五工程局有限公司,1,AAA,02,2018-06-05,6,90
143977,18沪建Y1,上海建工集团股份有限公司,3,AAA,02,2018-09-06,5.15,90
143978,18铁建Y3,中国铁建股份有限公司,,AAA,02,2018-06-15,5.3,90
143979,18阳煤Y2,山西华阳集团新能股份有限公司,1.49,AAA,02,2018-07-03,7,90
143980,18建材Y1,中国建材股份有限公司,1.49,AAA,02,2018-06-21,5.5,90
143981,18建材Y2,中国建材股份有限公司,1.82,AAA,02,2018-06-21,5.7,90
143982,18电投Y1,国家电力投资集团有限公司,5,AAA,02,2018-06-22,5.5,90
143983,18电投Y2,国家电力投资集团有限公司,1.25,AAA,02,2018-06-22,5.57,90
143984,18建二Y1,中国建筑第二工程局有限公司,1.25,AAA,02,2018-07-09,6.25,90
143989,18中关Y1,中关村发展集团股份有限公司,1.21,AAA,02,2018-07-31,5.79,90
143990,18铁投Y2,中国铁建投资集团有限公司,1.29,AAA,02,2018-07-27,5.4,90
143991,18铁投Y3,中国铁建投资集团有限公司,1.33,AAA,02,2018-07-27,5.79,90
143992,18华电Y1,华电国际电力股份有限公司,,AAA,02,2018-07-26,5,90
143993,18华电Y2,华电国际电力股份有限公司,1.5,AAA,02,2018-07-26,5.2,90
143994,18电力Y3,国投电力控股股份有限公司,,AAA,02,2018-07-26,4.98,90
143995,18福新Y1,华电福新能源有限公司,0.92,AAA,02,2018-08-23,4.7,90
143996,18福新Y2,华电福新能源有限公司,1.92,AAA,02,2018-08-23,5,90
143997,18山招Y2,山东招金集团有限公司,2.75,AAA,02,2018-08-21,5.03,90
143998,18建材Y3,中国建材股份有限公司,2.84,AAA,02,2018-08-23,4.79,90
143999,18建材Y4,中国建材股份有限公司,1.5,AAA,02,2018-08-23,5,90
148001,22山证05,山西证券股份有限公司,3,,02,2022-07-29,2.89,190
148002,22华录01,北京易华录信息技术股份有限公司,5,AA+,02,2022-08-23,5.5,190
148003,22福控01,深圳市福田投资控股有限公司,5,AAA,02,2022-08-01,2.8,190
148006,22粤垦03,广东省农垦集团公司,3,,02,2022-08-05,2.7,190
148007,22重发01,重庆发展投资有限公司,5,AAA,02,2022-08-11,3.05,190
148008,22重发02,重庆发展投资有限公司,5,AAA,02,2022-08-11,2.72,190
148009,22广发04,广发证券股份有限公司,3,AAA,02,2022-08-11,2.59,190
148010,22广发05,广发证券股份有限公司,5,AAA,02,2022-08-11,3.03,190
148011,22广发06,广发证券股份有限公司,10,AAA,02,2022-08-11,3.59,190
148012,22深投05,深圳市投资控股有限公司,3,,02,2022-08-11,2.65,190
148013,22一创03,第一创业证券股份有限公司,3,AAA,02,2022-08-11,2.9,190
148014,22一创04,第一创业证券股份有限公司,5,AAA,02,2022-08-11,3.5,190
148015,22广电01,广州数字科技集团有限公司,5,AAA,02,2022-08-15,2.72,190
148017,22深铁06,深圳市地铁集团有限公司,3,AAA,02,2022-08-17,2.58,190
148018,22招路01,招商局公路网络科技控股股份有限公司,3,,02,2022-08-17,2.69,190
148019,22长新02,长春新区发展集团有限公司,3,AAA,02,2022-08-25,6,190
148021,22湘路06,湖南省高速公路集团有限公司,5,AAA,02,2022-08-18,2.8,190
148022,22广新Y1,广东省广新控股集团有限公司,,AAA,02,2022-08-18,3.1,190
148023,22莞金01,东莞市投资控股集团有限公司,5,,02,2022-08-23,2.93,190
148024,22川能02,四川省能源投资集团有限责任公司,3,AAA,02,2022-08-22,2.65,190
148025,22川能03,四川省能源投资集团有限责任公司,10,AAA,02,2022-08-22,4.2,190
148026,22广发07,广发证券股份有限公司,3,AAA,02,2022-08-23,2.68,190
148027,22广发08,广发证券股份有限公司,5,AAA,02,2022-08-23,3.12,190
148028,22广发09,广发证券股份有限公司,10,AAA,02,2022-08-23,3.6,190
148029,22国信05,国信证券股份有限公司,3,AAA,02,2022-08-22,2.64,190
148030,22中盈01,广东中盈盛达融资担保投资股份有限公司,5,AAA,02,2022-08-26,3.5,190
148031,22长江03,长江证券股份有限公司,3,AAA,02,2022-08-23,2.65,190
148032,22长江04,长江证券股份有限公司,5,AAA,02,2022-08-23,3.03,190
148033,22兴城Y1,成都兴城投资集团有限公司,,AAA,02,2022-08-24,2.82,190
148034,22兴城Y2,成都兴城投资集团有限公司,,AAA,02,2022-08-24,3.3,190
148035,22广新03,广东省广新控股集团有限公司,5,AAA,02,2022-08-25,3.18,190
148036,22广资Y1,广州资产管理有限公司,,AAA,02,2022-08-25,3.3,190
148037,22宝安01,中国宝安集团股份有限公司,3,AA+,02,2022-08-24,6.3,190
148038,22招租G3,招商局融资租赁有限公司,3,,02,2022-08-26,2.76,190
148039,22招租G4,招商局融资租赁有限公司,5,,02,2022-08-26,3.43,190
148041,22广发10,广发证券股份有限公司,3,AAA,02,2022-09-02,2.6,190
148042,22东财05,东方财富证券股份有限公司,2,AAA,02,2022-08-31,2.5,190
148043,22东财06,东方财富证券股份有限公司,3,AAA,02,2022-08-31,2.68,190
148044,22仁寿01,仁寿发展投资集团有限公司,3,AAA,02,2022-09-02,5,190
148045,22仁寿02,仁寿发展投资集团有限公司,3,AA,02,2022-09-02,7.5,190
148046,22润资01,华润资产管理有限公司,3,AAA,02,2022-09-05,2.8,190
148047,22润资02,华润资产经营有限公司,5,AAA,02,2022-09-05,2.8,190
148048,22赣水Y2,江西省水利投资集团有限公司,,AAA,02,2022-09-05,2.99,190
148049,22武铁01,武汉地铁集团有限公司,7,AAA,02,2022-09-08,3.14,190
148050,22润置08,华润置地控股有限公司,3,AAA,02,2022-09-05,2.8,190
148051,22润置09,华润置地控股有限公司,5,AAA,02,2022-09-05,3.2,190
148052,22招港01,招商局港口集团股份有限公司,3,AAA,02,2022-09-06,2.69,190
148054,22申宏06,申万宏源集团股份有限公司,10,AAA,02,2022-09-05,3.56,190
148055,22深新01,深圳市投资控股有限公司,3,,02,2022-09-07,2.6,190
148057,22湘路08,湖南省高速公路集团有限公司,5,AAA,02,2022-09-09,2.75,190
148058,22招港02,招商局港口集团股份有限公司,2,AAA,02,2022-09-13,2.45,190
148059,22赣金02,江西省金融资产管理股份有限公司,5,AA+,02,2022-09-19,4.2,190
148060,22招港03,招商局港口集团股份有限公司,1,,02,2022-09-16,1.93,190
148061,22润置10,华润置地控股有限公司,3,AAA,02,2022-09-19,2.88,190
148062,22润置11,华润置地控股有限公司,5,AAA,02,2022-09-19,3.25,190
148064,22越控02,广州越秀资本控股集团股份有限公司,5,AAA,02,2022-09-22,2.67,190
148066,22广发11,广发证券股份有限公司,3,AAA,02,2022-09-23,2.55,190
148067,22广发12,广发证券股份有限公司,5,AAA,02,2022-09-23,2.95,190
148068,22顺丰01,深圳顺丰泰森控股(集团)有限公司,3,,02,2022-09-27,2.79,190
148069,22粤航01,广东省港航集团有限公司,3,,02,2022-09-27,2.7,190
148070,22榕金01,福州市金融控股集团有限公司,3,,02,2022-09-28,2.84,190
148071,22天山01,天山材料股份有限公司,3,AAA,02,2022-09-28,2.68,190
148073,22南网01,中国南方电网有限责任公司,6,,02,2022-09-30,2.55,190
148074,22广铁G2,广州地铁集团有限公司,5,,02,2022-09-28,2.88,190
148075,22深铁07,深圳市地铁集团有限公司,5,,02,2022-09-30,2.9,190
148076,22华润Y2,华润电力投资有限公司,,AAA,02,2022-09-30,2.72,190
148077,22福投G1,福建省投资开发集团有限责任公司,3,,02,2022-10-11,2.6,190
148079,22龙建01,深圳市龙华建设发展集团有限公司,5,AA+,02,2022-10-10,2.7,190
148080,22电建05,中国电建地产集团有限公司,5,,02,2022-09-30,3.6,190
148081,22招资01,深圳市招商平安资产管理有限责任公司,3,AAA,02,2022-10-12,2.75,190
148083,22东莞02,东莞证券股份有限公司,3,,02,2022-10-21,2.9,190
148087,22国信06,国信证券股份有限公司,3,AAA,02,2022-10-26,2.58,190
148088,22华股03,华西证券股份有限公司,3,AAA,02,2022-10-27,2.7,190
148089,22越租G1,广州越秀融资租赁有限公司,5,AAA,02,2022-11-09,2.8,190
148090,22天投01,成都天府新区投资集团有限公司,3,,02,2022-10-31,2.74,190
148091,22天投02,成都天府新区投资集团有限公司,5,,02,2022-10-31,3.18,190
148092,22深担02,深圳担保集团有限公司,3,AAA,02,2022-10-24,2.7,190
148093,22光控01,武汉光谷金融控股集团有限公司,5,AA+,02,2022-10-31,3.43,190
148095,22广金02,广州金融控股集团有限公司,3,,02,2022-10-26,2.5,190
148096,22吉电G2,吉林电力股份有限公司,3,,02,2022-10-31,2.9,190
148097,22越控04,广州越秀资本控股集团股份有限公司,5,AAA,02,2022-10-27,2.65,190
148098,22电建06,中国电建地产集团有限公司,5,,02,2022-11-09,3.79,190
148099,22万科07,万科企业股份有限公司,5,AAA,02,2022-11-04,3.45,190
148101,22深资03,深圳市资本运营集团有限公司,3,AAA,02,2022-10-28,2.6,190
148102,22大悦01,大悦城控股集团股份有限公司,5,AAA,02,2022-11-02,3.13,190
148103,22粤科02,广东省粤科金融集团有限公司,5,AAA,02,2022-11-01,2.7,190
148104,22北港02,广西北部湾国际港务集团有限公司,5,AAA,02,2022-11-07,3.6,190
148105,22皮城01,海宁中国皮革城股份有限公司,2,AA+,02,2022-11-03,2.35,190
148106,22香建02,中山城市建设集团有限公司,5,,02,2022-11-03,2.77,190
148107,22蛇口05,招商局蛇口工业区控股股份有限公司,3,AAA,02,2022-11-03,2.6,190
148108,22蛇口06,招商局蛇口工业区控股股份有限公司,5,AAA,02,2022-11-03,3.12,190
148109,22山路02,山东高速路桥集团股份有限公司,5,AA+,02,2022-11-04,2.9,190
148110,22深投06,深圳市投资控股有限公司,5,,02,2022-11-04,2.9,190
148111,22川能Y1,四川省能源投资集团有限责任公司,,AAA,02,2022-11-04,3,190
148112,22川能Y2,四川省能源投资集团有限责任公司,,AAA,02,2022-11-04,3.48,190
148113,22怡亚01,深圳市怡亚通供应链股份有限公司,3,AAA,02,2022-11-08,4,190
148114,22粤桥01,广东省路桥建设发展有限公司,10,AAA,02,2022-11-11,3.05,190
148115,22鲲鹏K5,深圳市鲲鹏股权投资管理有限公司,3,AAA,02,2022-11-14,2.5,190
148116,22兴城Y3,成都兴城投资集团有限公司,,AAA,02,2022-11-16,2.96,190
148117,22兴城Y4,成都兴城投资集团有限公司,,AAA,02,2022-11-16,3.58,190
148118,22能投03,云南省能源投资集团有限公司,2,AAA,02,2022-11-18,5.1,190
148119,22蛇口07,招商局蛇口工业区控股股份有限公司,3,AAA,02,2022-11-23,2.75,190
148123,22盐港G1,深圳港集团有限公司,3,,02,2022-11-18,2.5,190
148124,22盐港02,深圳港集团有限公司,3,,02,2022-11-18,2.6,190
148125,22深铁08,深圳市地铁集团有限公司,5,AAA,02,2022-11-21,3.08,190
148126,22深铁09,深圳市地铁集团有限公司,10,AAA,02,2022-11-21,3.43,190
148127,22中证10,中证信用增进股份有限公司,5,AAA,02,2022-11-23,2.99,190
148128,23穗交01,广州交通投资集团有限公司,3,AAA,02,2023-01-18,3.14,190
148129,22DJLQ02,中电建路桥集团有限公司,3,,02,2022-12-01,3.22,190
148130,22南集01,南平武夷集团有限公司,3,,02,2022-11-28,4.5,190
148131,22润置12,华润置地控股有限公司,3,AAA,02,2022-12-01,2.4,190
148132,22润置13,华润置地控股有限公司,5,AAA,02,2022-12-01,2.9,190
148133,22泸窖01,泸州老窖股份有限公司,3,AAA,02,2022-12-08,2.85,190
148135,22兴城Y6,成都兴城投资集团有限公司,,AAA,02,2022-12-12,3.75,190
148136,GK润租Y1,华润融资租赁有限公司,,AAA,02,2022-12-23,4.5,190
148137,23越资01,广州越秀资本控股集团股份有限公司,3,AAA,02,2023-04-12,3.15,190
148140,22粤环G1,广东省环保集团有限公司,,AAA,02,2022-12-20,4.2,190
148141,22大悦02,大悦城控股集团股份有限公司,5,AAA,02,2022-12-27,4.27,190
148143,22华润Y3,华润电力投资有限公司,,AAA,02,2022-12-20,3.67,190
148144,22华润Y4,华润电力投资有限公司,,AAA,02,2022-12-20,3.93,190
148145,22粤财01,广东粤财投资控股有限公司,5,,02,2022-12-15,2.8,190
148147,22长安K1,重庆长安汽车股份有限公司,5,AAA,02,2022-12-26,3,190
148148,22长城04,长城证券股份有限公司,2,AAA,02,2022-12-30,3.39,190
148149,22长城05,长城证券股份有限公司,3,AAA,02,2022-12-30,3.46,190
148150,22铁隧Y1,中铁隧道局集团有限公司,,AAA,02,2022-12-26,4.29,190
148151,22铁隧Y2,中铁隧道局集团有限公司,,AAA,02,2022-12-26,4.5,190
148152,22碧地02,碧桂园地产集团有限公司,2,,02,2023-02-22,4.88,190
148153,22碧地03,碧桂园地产集团有限公司,2,,02,2023-02-22,4,190
148154,22蛇口09,招商局蛇口工业区控股股份有限公司,3,AAA,02,2022-12-20,2.4,190
148155,22蛇口10,招商局蛇口工业区控股股份有限公司,5,AAA,02,2022-12-20,2.8,190
148158,22广电02,广州数字科技集团有限公司,5,AAA,02,2022-12-26,3.8,190
148159,22深D10,深圳市地铁集团有限公司,1,,02,2022-12-27,3.15,190
148160,22中海07,中海企业发展集团有限公司,3,AAA,02,2022-12-26,2.25,190
148161,22中海08,中海企业发展集团有限公司,5,AAA,02,2022-12-26,2.7,190
148162,22中交01,中交地产股份有限公司,2,AA+,02,2022-12-27,5.9,190
148163,22海垦03,海南省农垦投资控股集团有限公司,5,,02,2023-01-03,3.7,190
148167,23溧投01,南京溧水产业投资控股集团有限公司,3,,02,2023-01-19,4.8,190
148168,23特建工,深圳市特区建工集团有限公司,3,AAA,02,2023-01-18,3.25,190
148169,23武铁Y1,武汉地铁集团有限公司,,AAA,02,2023-01-18,3.67,190
148170,23南集01,南平武夷集团有限公司,3,,02,2023-01-19,6,190
148174,23大悦01,大悦城控股集团股份有限公司,5,AAA,02,2023-02-02,3.97,190
148176,23西部01,西部证券股份有限公司,2,AAA,02,2023-02-13,3.25,190
148177,23西部02,西部证券股份有限公司,3,AAA,02,2023-02-13,3.45,190
148179,23国证02,国信证券股份有限公司,3,AAA,02,2023-02-15,3.22,190
148180,23华股01,华西证券股份有限公司,3,AAA,02,2023-02-14,3.45,190
148182,23广开Y2,广州开发区控股集团有限公司,,AAA,02,2023-02-17,3.9,190
148184,23长江02,长江证券股份有限公司,3,AAA,02,2023-02-28,3.22,190
148186,23润租G1,华润融资租赁有限公司,2,AAA,02,2023-02-27,3.08,190
148187,23川能Y1,四川省能源投资集团有限责任公司,,AAA,02,2023-02-28,3.77,190
148188,23川能Y2,四川省能源投资集团有限责任公司,,AAA,02,2023-02-28,4.19,190
148189,23粤环G1,广东省环保集团有限公司,,AAA,02,2023-03-02,3.9,190
148190,23圆融01,厦门金圆投资集团有限公司,3,AAA,02,2023-03-06,3.26,190
148191,23湘路D1,湖南省高速公路集团有限公司,0.5,A-1,02,2023-03-10,2.75,190
148193,23广开Y3,广州开发区控股集团有限公司,,AAA,02,2023-03-10,3.35,190
148194,23广开Y4,广州开发区控股集团有限公司,,AAA,02,2023-03-10,3.89,190
148195,23赣投Y1,江西省投资集团有限公司,,AAA,02,2023-03-09,3.53,190
148196,23赣投Y2,江西省投资集团有限公司,,AAA,02,2023-03-09,3.8,190
148197,23成交Y1,成都交通投资集团有限公司,,AAA,02,2023-03-08,3.44,190
148201,23鄂交K2,湖北交通投资集团有限公司,5,AAA,02,2023-03-16,3.5,190
148202,23光大Y1,中国光大集团股份公司,,AAA,02,2023-03-15,3.47,190
148203,23光大Y2,中国光大集团股份公司,,AAA,02,2023-03-15,3.8,190
148204,23武铁Y2,武汉地铁集团有限公司,,AAA,02,2023-03-17,3.38,190
148205,23重发01,重庆发展投资有限公司,5,,02,2023-03-20,3.2,190
148206,23长城01,长城证券股份有限公司,2,AAA,02,2023-03-20,3.08,190
148207,23长城02,长城证券股份有限公司,3,AAA,02,2023-03-20,3.25,190
148208,23中交01,中交地产股份有限公司,2,,02,2023-03-17,4.4,190
148209,23科城Y1,科学城(广州)投资集团有限公司,,AA+,02,2023-03-24,4.9,190
148210,23鲲鹏K1,深圳市鲲鹏股权投资管理有限公司,2,AAA,02,2023-03-23,2.97,190
148211,23越产01,广州越秀产业投资有限公司,5,AAA,02,2023-03-27,3.35,190
148212,23广开Y5,广州开发区控股集团有限公司,,AAA,02,2023-03-29,3.19,190
148213,23广开Y6,广州开发区控股集团有限公司,,AAA,02,2023-03-29,3.6,190
148214,23珠高K1,珠海市高新建设投资有限公司,5,AA+,02,2023-03-27,3.6,190
148215,23蓉金01,成都交子金融控股集团有限公司,3,,02,2023-03-31,3.1,190
148216,23新化01,新疆中泰化学股份有限公司,5,,02,2023-03-28,4.49,190
148217,23国元01,国元证券股份有限公司,3,AAA,02,2023-03-29,3.2,190
148218,23火炬01,厦门火炬集团有限公司,3,,02,2023-03-29,3.6,190
148219,23路桥K1,中电建路桥集团有限公司,3,,02,2023-03-29,3.21,190
148220,23润租G2,华润融资租赁有限公司,3,AAA,02,2023-03-29,3.2,190
148222,23赣金G1,江西省金融资产管理股份有限公司,5,AA+,02,2023-03-30,4.5,190
148224,23南集02,南平武夷集团有限公司,3,,02,2023-03-31,4.5,190
148225,23天投01,成都天府新区投资集团有限公司,3,,02,2023-04-06,3.15,190
148226,23天投02,成都天府新区投资集团有限公司,5,,02,2023-04-06,3.5,190
148227,23国证03,国信证券股份有限公司,2,AAA,02,2023-03-31,2.97,190
148228,23中粮01,中粮置业投资有限公司,5,AAA,02,2023-05-15,3.34,190
148230,23溧投02,南京溧水产业投资控股集团有限公司,3,,02,2023-04-06,4.8,190
148231,23鞍钢Y1,鞍山钢铁集团有限公司,,AAA,02,2023-04-04,3.85,190
148232,23越资02,广州越秀资本控股集团股份有限公司,5,AAA,02,2023-04-12,3.58,190
148234,23建房F2,建发房地产集团有限公司,7,AAA,02,2023-04-13,4.25,190
148235,23中交02,中交地产股份有限公司,2,,02,2023-04-12,4.27,190
148237,23福投01,福建省投资开发集团有限责任公司,10,,02,2023-04-12,3.6,190
148240,23光大Y4,中国光大集团股份公司,,AAA,02,2023-04-14,3.7,190
148241,23粤科01,广东省粤科金融集团有限公司,5,,02,2023-04-20,3.1,190
148243,23长城03,长城证券股份有限公司,3,AAA,02,2023-04-18,3.05,190
148244,23长城04,长城证券股份有限公司,5,AAA,02,2023-04-18,3.45,190
148245,23天健Y1,深圳市天健(集团)股份有限公司,,AAA,02,2023-04-14,3.98,190
148247,23申证01,申万宏源证券有限公司,2,AAA,02,2023-04-20,2.85,190
148248,23申证02,申万宏源证券有限公司,3,AAA,02,2023-04-20,2.99,190
148250,23岸资01,武汉市江岸国有资产经营管理有限责任公司,5,,02,2023-04-25,3.35,190
148251,23电建01,中国电建地产集团有限公司,5,,02,2023-04-21,3.57,190
148254,23徐租01,江苏徐工工程机械租赁有限公司,3,AAA,02,2023-04-26,3.4,190
148255,23深铁01,深圳市地铁集团有限公司,3,AAA,02,2023-04-26,3.05,190
148256,23深铁02,深圳市地铁集团有限公司,5,AAA,02,2023-04-26,3.24,190
148257,23圆融K1,厦门金圆投资集团有限公司,3,AAA,02,2023-04-28,3.17,190
148258,23陕投01,陕西投资集团有限公司,3,AAA,02,2023-04-26,3.28,190
148259,23招商局YK01,招商局集团有限公司,,AAA,02,2023-04-25,3.24,190
148262,23工控K1,广州工业投资控股集团有限公司,3,,02,2023-04-27,3.3,190
148263,23广金K1,广州金融控股集团有限公司,3,,02,2023-04-26,3.07,190
148264,23深业01,深业集团有限公司,3,,02,2023-05-18,3.1,190
148265,23长轨G1,长沙市轨道交通集团有限公司,5,,02,2023-05-09,2.92,190
148266,23重药Y1,重庆医药(集团)股份有限公司,,AAA,02,2023-04-28,7,190
148268,23金街01,金融街控股股份有限公司,5,AAA,02,2023-04-27,3.29,190
148269,23金街02,金融街控股股份有限公司,7,AAA,02,2023-04-27,3.6,190
148270,23广发04,广发证券股份有限公司,3,AAA,02,2023-04-28,3.06,190
148271,23广发05,广发证券股份有限公司,5,AAA,02,2023-04-28,3.21,190
148272,23深投01,深圳市投资控股有限公司,3,,02,2023-04-28,3.05,190
148274,23鲲鹏K2,深圳市鲲鹏股权投资管理有限公司,1,,02,2023-05-11,2.8,190
148275,23粤财01,广东粤财投资控股有限公司,5,,02,2023-05-12,3.2,190
148276,23金街03,金融街控股股份有限公司,5,AAA,02,2023-05-16,3.25,190
148277,23金街04,金融街控股股份有限公司,7,AAA,02,2023-05-16,3.6,190
148278,23路桥YK01,中电建路桥集团有限公司,,AAA,02,2023-05-12,3.55,190
148279,23赣金公开02,江西省金融资产管理股份有限公司,5,AA+,02,2023-05-10,4.33,190
148280,23振业01,深圳市振业(集团)股份有限公司,3,AAA,02,2023-05-11,3.3,190
148281,23赣水01,江西省水利投资集团有限公司,3,,02,2023-05-10,3.1,190
148282,23国证04,国信证券股份有限公司,3,AAA,02,2023-05-15,2.99,190
148283,23火炬02,厦门火炬集团有限公司,5,,02,2023-05-15,3.47,190
148284,23龙城05,太原市龙城发展投资集团有限公司,3,,02,2023-05-15,3.17,190
148287,23东莞01,东莞证券股份有限公司,3,,02,2023-05-19,3.35,190
148288,23粤海资本01,广东粤海资本集团有限公司,5,AA+,02,2023-05-29,3.29,190
148289,23长城05,长城证券股份有限公司,3,AAA,02,2023-05-24,2.95,190
148290,23长城06,长城证券股份有限公司,5,AAA,02,2023-05-24,3.3,190
148291,23中证01,中证信用增进股份有限公司,5,AAA,02,2023-05-29,3.05,190
148292,23华股02,华西证券股份有限公司,3,AAA,02,2023-05-29,3.09,190
148293,23金街05,金融街控股股份有限公司,5,AAA,02,2023-05-31,3.2,190
148294,23金街06,金融街控股股份有限公司,7,AAA,02,2023-05-31,3.59,190
148295,23太阳GK01,中节能太阳能股份有限公司,2,,02,2023-05-25,2.5,190
148296,23太阳GK02,中节能太阳能股份有限公司,5,,02,2023-05-25,3.13,190
148298,23光大Y6,中国光大集团股份公司,,AAA,02,2023-05-29,3.47,190
148299,23科建01,重庆科学城城市建设集团有限公司,5,AAA,02,2023-05-26,3.48,190
148300,23广资01,广州资产管理有限公司,5,,02,2023-06-01,3.18,190
148301,23HBIS01,河钢股份有限公司,3,,02,2023-06-01,3.48,190
148302,23徐工K1,徐州工程机械集团有限公司,3,,02,2023-05-31,3,190
148303,23鞍钢Y2,鞍山钢铁集团有限公司,,AAA,02,2023-05-31,3.54,190
148304,23蓉高Y2,成都高新投资集团有限公司,,AAA,02,2023-06-05,3.37,190
148305,23深机01,深圳市机场(集团)有限公司,3,,02,2023-06-02,2.89,190
148306,23粤开01,粤开证券股份有限公司,2,AA+,02,2023-06-08,3.49,190
148307,23鄂交K3,湖北交通投资集团有限公司,10,AAA,02,2023-06-12,3.57,190
148308,23鄂交K4,湖北交通投资集团有限公司,5,AAA,02,2023-06-12,3.24,190
148311,23穗交Y1,广州交通投资集团有限公司,,AAA,02,2023-06-27,3.08,190
148313,23国证06,国信证券股份有限公司,3,AAA,02,2023-06-21,2.83,190
148314,23深铁03,深圳市地铁集团有限公司,5,AAA,02,2023-06-15,3.1,190
148315,23兴城Y1,成都兴城投资集团有限公司,,AAA,02,2023-06-19,3.27,190
148316,23兴城Y2,成都兴城投资集团有限公司,,AAA,02,2023-06-19,3.85,190
148318,23申宏02,申万宏源集团股份有限公司,10,AAA,02,2023-06-21,3.49,190
148319,23长城07,长城证券股份有限公司,3,AAA,02,2023-06-21,2.88,190
148320,23长城08,长城证券股份有限公司,5,AAA,02,2023-06-21,3.25,190
148321,23风电GK01,中广核风电有限公司,3,,02,2023-06-29,2.83,190
148322,23珠华Y1,珠海华发集团有限公司,,AAA,02,2023-06-20,3.8,190
148323,23圆融02,厦门金圆投资集团有限公司,5,,02,2023-06-28,3.35,190
148324,23深安01,深圳市安居集团有限公司,3,,02,2023-06-21,2.55,190
148325,23榕金01,福州市金榕控股集团有限公司,3,,02,2023-06-28,3.47,190
148326,23长江03,长江证券股份有限公司,3,AAA,02,2023-06-28,2.9,190
148327,23长开01,重庆长寿开发投资(集团)有限公司,5,,02,2023-06-28,7.4,190
148329,23湘路D2,湖南省高速公路集团有限公司,0.75,,02,2023-06-26,2.4,190
148330,23越产02,广州越秀产业投资有限公司,5,AAA,02,2023-06-30,3.1,190
148332,23蓉金K1,成都交子金融控股集团有限公司,3,,02,2023-06-28,2.9,190
148333,23金街07,金融街控股股份有限公司,5,AAA,02,2023-06-30,3.14,190
148335,23成交Y2,成都交通投资集团有限公司,,AAA,02,2023-06-29,3.1,190
148336,23浙建01,浙江省建设投资集团股份有限公司,2,,02,2023-06-30,3.55,190
148337,23浙建02,浙江省建设投资集团股份有限公司,3,,02,2023-06-30,3.7,190
148338,23交城01,中交城市投资控股有限公司,3,,02,2023-06-28,3.2,190
148339,23西部03,西部证券股份有限公司,3,AAA,02,2023-07-03,3.06,190
148340,23中豫01,中原豫资投资控股集团有限公司,3,,02,2023-06-29,3.1,190
148341,23鞍钢Y3,鞍山钢铁集团有限公司,,AAA,02,2023-07-05,3.53,190
148342,23深铁04,深圳市地铁集团有限公司,2,AAA,02,2023-06-29,2.75,190
148343,23深铁05,深圳市地铁集团有限公司,10,AAA,02,2023-06-29,3.38,190
148345,23建房F4,建发房地产集团有限公司,7,AAA,02,2023-06-30,4.03,190
148346,23建工02,深圳市特区建工集团有限公司,3,AAA,02,2023-07-04,3.1,190
148347,23珠华Y2,珠海华发集团有限公司,,AAA,02,2023-06-30,4.08,190
148348,23珠华Y3,珠海华发集团有限公司,,AAA,02,2023-06-30,4.2,190
148349,23路桥YK02,中电建路桥集团有限公司,,AAA,02,2023-07-06,3.48,190
148350,23深投02,深圳市投资控股有限公司,3,,02,2023-07-05,2.82,190
148351,23兴城Y3,成都兴城投资集团有限公司,,AAA,02,2023-07-06,3.4,190
148353,23越资03,广州越秀资本控股集团股份有限公司,3,AAA,02,2023-07-28,2.91,190
148355,23粤科02,广东省粤科金融集团有限公司,5,,02,2023-07-12,3,190
148356,23深安02,深圳市安居集团有限公司,3,,02,2023-07-13,2.92,190
148357,23湘建01,湖南建工集团有限公司,3,AAA,02,2023-07-13,3.6,190
148358,23粤财K2,广东粤财投资控股有限公司,15,AAA,02,2023-07-18,3.19,190
148359,23粤财K3,广东粤财投资控股有限公司,10,AAA,02,2023-07-18,3.6,190
148360,23川投K1,四川省投资集团有限责任公司,5,,02,2023-07-18,2.89,190
148361,23粤环保K1,广东省环保集团有限公司,5,,02,2023-07-18,3.36,190
148362,23润置01,华润置地控股有限公司,3,AAA,02,2023-07-14,2.85,190
148363,23润置02,华润置地控股有限公司,5,AAA,02,2023-07-14,3.2,190
148364,23润置03,华润置地控股有限公司,10,AAA,02,2023-07-14,3.55,190
148365,23怡亚01,深圳市怡亚通供应链股份有限公司,3,AAA,02,2023-07-18,4.2,190
148366,23克投01,克拉玛依市城市建设投资发展有限责任公司,5,,02,2023-07-18,3.67,190
148367,23粤开02,粤开证券股份有限公司,3,AA+,02,2023-07-24,3.58,190
148371,23川能Y3,四川省能源投资集团有限责任公司,,AAA,02,2023-07-19,3.45,190
148372,23国际P1,深圳国际控股有限公司,6,AAA,02,2023-07-26,2.88,190
148374,23深铁06,深圳市地铁集团有限公司,8,AAA,02,2023-07-19,3.05,190
148375,23中山K1,中山公用事业集团股份有限公司,3,,02,2023-07-21,2.95,190
148376,23广发06,广发证券股份有限公司,3,AAA,02,2023-07-24,2.75,190
148378,23金街10,金融街控股股份有限公司,7,AAA,02,2023-07-27,3.68,190
148379,23穗交Y2,广州交通投资集团有限公司,,AAA,02,2023-07-25,3.05,190
148380,23万科01,万科企业股份有限公司,3,AAA,02,2023-07-31,3.1,190
148382,23蛇口01,招商局蛇口工业区控股股份有限公司,3,AAA,02,2023-07-25,2.79,190
148383,23蛇口02,招商局蛇口工业区控股股份有限公司,5,AAA,02,2023-07-25,3.15,190
148384,23天投Y1,成都天府新区投资集团有限公司,,,02,2023-08-03,3.34,190
148385,23中交04,中交地产股份有限公司,2,,02,2023-08-02,4.08,190
148387,23鞍钢KY04,鞍山钢铁集团有限公司,,AAA,02,2023-07-28,3.55,190
148388,23长轨G2,长沙市轨道交通集团有限公司,5,,02,2023-08-07,2.8,190
148390,23重发03,重庆发展投资有限公司,5,,02,2023-08-04,2.95,190
148391,23西部04,西部证券股份有限公司,3,AAA,02,2023-08-01,2.9,190
148392,23招资Y1,深圳市招商平安资产管理有限责任公司,,AAA,02,2023-07-28,3.5,190
148393,23招商局YK02,招商局集团有限公司,,AAA,02,2023-07-31,2.9,190
148394,23漳经01,漳州市经济发展集团有限公司,5,,02,2023-08-03,4.4,190
148395,23振业02,深圳市振业(集团)股份有限公司,3,AAA,02,2023-08-07,3.45,190
148396,23深铁07,深圳市地铁集团有限公司,2,AAA,02,2023-08-02,2.68,190
148397,23深铁08,深圳市地铁集团有限公司,10,AAA,02,2023-08-02,3.31,190
148398,23国际P3,深圳国际控股有限公司,5,AAA,02,2023-08-07,2.99,190
148400,23鞍钢KY05,鞍山钢铁集团有限公司,,AAA,02,2023-08-08,3.6,190
148401,23兴城Y5,成都兴城投资集团有限公司,,AAA,02,2023-08-09,3.4,190
148402,23兴城Y6,成都兴城投资集团有限公司,,AAA,02,2023-08-09,4.03,190
148403,23粤海资本02,广东粤海资本集团有限公司,5,AA+,02,2023-08-08,3.2,190
148404,23龙城07,太原市龙城发展投资集团有限公司,3,,02,2023-08-08,3.15,190
148407,23天投03,成都天府新区投资集团有限公司,3,,02,2023-08-23,2.97,190
148408,23天投04,成都天府新区投资集团有限公司,5,,02,2023-08-23,3.45,190
148409,23路桥YK03,中电建路桥集团有限公司,,AAA,02,2023-08-09,3.3,190
148410,23滨房01,杭州滨江房产集团股份有限公司,2,,02,2023-08-10,4.2,190
148411,23怡亚02,深圳市怡亚通供应链股份有限公司,3,AAA,02,2023-08-10,4.1,190
148412,23深铁09,深圳市地铁集团有限公司,2,AAA,02,2023-08-16,2.63,190
148413,23深铁10,深圳市地铁集团有限公司,10,AAA,02,2023-08-16,3.28,190
148414,23广晟KD,广东省广晟控股集团有限公司,1.02,,02,2023-08-15,2.35,190
148415,23越租G1,广州越秀融资租赁有限公司,3,AAA,02,2023-08-16,3.19,190
148416,23蓉金02,成都交子金融控股集团有限公司,5,,02,2023-08-25,3.2,190
148417,23中航K1,中航科创有限公司,3,AAA,02,2023-08-18,2.84,190
148418,23长开03,重庆长寿开发投资(集团)有限公司,5,,02,2023-08-16,7.1,190
148419,23长开04,重庆长寿开发投资(集团)有限公司,5,,02,2023-08-16,7.5,190
148420,23深投03,深圳市投资控股有限公司,5,AAA,02,2023-08-17,3,190
148421,23深投04,深圳市投资控股有限公司,10,AAA,02,2023-08-17,3.23,190
148422,23徐工01,徐工集团工程机械股份有限公司,3,,02,2023-08-22,2.93,190
148424,23西部05,西部证券股份有限公司,3,AAA,02,2023-08-21,2.95,190
148425,23国证07,国信证券股份有限公司,2,AAA,02,2023-08-23,2.53,190
148426,23国证08,国信证券股份有限公司,3,AAA,02,2023-08-23,2.72,190
148427,23蛇口03,招商局蛇口工业区控股股份有限公司,3,AAA,02,2023-08-29,2.79,190
148428,23蛇口04,招商局蛇口工业区控股股份有限公司,5,AAA,02,2023-08-29,3.1,190
148429,23申证03,申万宏源证券有限公司,2,AAA,02,2023-08-25,2.5,190
148430,23申证04,申万宏源证券有限公司,3,AAA,02,2023-08-25,2.67,190
148431,23招路K1,招商局公路网络科技控股股份有限公司,3,,02,2023-08-25,2.69,190
148432,23深铁11,深圳市地铁集团有限公司,10,AAA,02,2023-08-25,3.14,190
148434,23京粮01,海南京粮控股股份有限公司,3,AAA,02,2023-08-29,2.88,190
148435,23广资02,广州资产管理有限公司,5,,02,2023-08-29,3.2,190
148436,23中建国投G1,中建国际投资集团有限公司,3,AAA,02,2023-08-28,2.88,190
148437,23新化K1,新疆中泰化学股份有限公司,5,,02,2023-08-29,4.28,190
148438,23珠华01,珠海华发集团有限公司,5,AAA,02,2023-09-01,3.48,190
148439,23招商局YK03,招商局集团有限公司,,AAA,02,2023-08-31,2.86,190
148440,23龙建01,深圳市龙华建设发展集团有限公司,5,,02,2023-08-31,2.84,190
148442,23长新02,长春新区发展集团有限公司,3,AAA,02,2023-09-07,6.5,190
148443,23路桥YK04,中电建路桥集团有限公司,,AAA,02,2023-09-06,3.14,190
148444,23申证05,申万宏源证券有限公司,2,AAA,02,2023-09-05,2.56,190
148445,23申证06,申万宏源证券有限公司,5,AAA,02,2023-09-05,2.95,190
148446,23深安03,深圳市安居集团有限公司,3,,02,2023-09-05,2.76,190
148447,23广能K2,广西能源集团有限公司,3,AA+,02,2023-09-07,4.3,190
148448,23申宏03,申万宏源集团股份有限公司,1,AAA,02,2023-09-12,2.49,190
148449,23申宏04,申万宏源集团股份有限公司,3,AAA,02,2023-09-12,2.85,190
148450,23科城Y2,科学城(广州)投资集团有限公司,,AA+,02,2023-09-15,3.88,190
148452,23深铁12,深圳市地铁集团有限公司,10,AAA,02,2023-09-12,3.21,190
148453,23桂投01,广西投资集团有限公司,5,AAA,02,2023-09-08,3.5,190
148454,23深创投01,深圳市创新投资集团有限公司,5,AAA,02,2023-09-11,3.35,190
148457,23广晟K03,广东省广晟控股集团有限公司,5,,02,2023-09-18,3.18,190
148458,23金瓯Y1,光大金瓯资产管理有限公司,,AA+,02,2023-09-21,4.3,190
148459,23金街11,金融街控股股份有限公司,5,AAA,02,2023-09-27,3.49,190
148461,23华控01,珠海华发投资控股集团有限公司,5,AAA,02,2023-09-28,3.7,190
148462,23西部06,西部证券股份有限公司,1.08,AAA,02,2023-09-27,2.68,190
148463,23深投05,深圳市投资控股有限公司,3,,02,2023-09-25,3,190
148464,23深铁13,深圳市地铁集团有限公司,10,AAA,02,2023-09-27,3.26,190
148465,23国际P7,深圳国际控股有限公司,5,AAA,02,2023-10-12,2.95,190
148467,23申证07,申万宏源证券有限公司,2,AAA,02,2023-09-28,2.8,190
148468,23申证08,申万宏源证券有限公司,5,AAA,02,2023-09-28,3.14,190
148469,23越产03,广州越秀产业投资有限公司,3,AAA,02,2023-09-28,3.15,190
148470,23深投06,深圳市投资控股有限公司,10,AAA,02,2023-09-28,3.25,190
148471,23一创01,第一创业证券股份有限公司,3,AAA,02,2023-09-28,3.4,190
148473,23科城Y4,科学城(广州)投资集团有限公司,,AA+,02,2023-10-13,4.5,190
148474,23浙建Y1,浙江省建设投资集团股份有限公司,,AA+,02,2023-10-11,5,190
148475,23深铁14,深圳市地铁集团有限公司,2,AAA,02,2023-10-23,2.82,190
148476,23深铁15,深圳市地铁集团有限公司,10,AAA,02,2023-10-23,3.34,190
148477,23HBIS02,河钢股份有限公司,3,,02,2023-10-20,3.5,190
148478,23广金K2,广州金融控股集团有限公司,10,,02,2023-10-24,3.32,190
148479,23国元02,国元证券股份有限公司,3,AAA,02,2023-10-25,3,190
148480,23榕水01,福州水务集团有限公司,3,,02,2023-10-30,3.09,190
148484,23广发09,广发证券股份有限公司,3,AAA,02,2023-10-30,3,190
148485,23中山投控K1,中山投资控股集团有限公司,2,AAA,02,2023-11-22,2.88,190
148486,23湘路D3,湖南省高速公路集团有限公司,0.5,,02,2023-11-01,2.7,190
148487,23金投K1,杭州高新金投控股集团有限公司,5,AAA,02,2023-11-03,3.58,190
148488,23鄂交KY01,湖北交通投资集团有限公司,,AAA,02,2023-11-15,3.58,190
148489,23长江04,长江证券股份有限公司,3,AAA,02,2023-11-03,3,190
148490,23长轨G3,长沙市轨道交通集团有限公司,5,,02,2023-11-13,3.09,190
148492,23润置05,华润置地控股有限公司,5,AAA,02,2023-11-10,3.3,190
148493,23福投02,福建省投资开发集团有限责任公司,5,,02,2023-11-06,3.19,190
148494,23桂投02,广西投资集团有限公司,5,,02,2023-11-17,3.89,190
148495,23圆融03,厦门金圆投资集团有限公司,3,AAA,02,2023-11-08,2.94,190
148496,23中海01,中海企业发展集团有限公司,3,AAA,02,2023-11-14,3.25,190
148497,23中海02,中海企业发展集团有限公司,5,AAA,02,2023-11-14,2.9,190
148499,23华控02,珠海华发投资控股集团有限公司,5,AAA,02,2023-11-22,3.59,190
148503,23科工YK01,中建科工集团有限公司,,AA+,02,2023-11-16,3.93,190
148504,23重发K1,重庆发展投资有限公司,5,,02,2023-11-17,3.2,190
148506,23怡亚03,深圳市怡亚通供应链股份有限公司,3,AAA,02,2023-11-17,3.85,190
148507,23科建02,重庆科学城城市建设集团有限公司,5,AAA,02,2023-11-16,3.38,190
148508,23陕投02,陕西投资集团有限公司,5,AAA,02,2023-11-20,3.38,190
148509,23长城09,长城证券股份有限公司,2,AAA,02,2023-11-23,2.87,190
148510,23长城10,长城证券股份有限公司,3,AAA,02,2023-11-23,2.93,190
148511,23天投Y2,成都天府新区投资集团有限公司,,AAA,02,2023-11-24,3.37,190
148512,23东北01,东北证券股份有限公司,3,AAA,02,2023-11-27,3.4,190
148513,23国证09,国信证券股份有限公司,3,AAA,02,2023-11-24,2.89,190
148516,23龙岗01,深圳市龙岗区城市建设投资集团有限公司,5,AAA,02,2023-11-28,2.7,190
148517,23格林G1,格林美股份有限公司,3,AA+,02,2023-11-30,4,190
148518,23攀钢Y1,攀钢集团有限公司,,AAA,02,2023-12-01,3.39,190
148519,23华股03,华西证券股份有限公司,3,AAA,02,2023-11-28,2.98,190
148521,23天投05,成都天府新区投资集团有限公司,3,,02,2023-12-04,2.99,190
148522,23长江05,长江证券股份有限公司,2,AAA,02,2023-12-07,2.88,190
148523,23长江06,长江证券股份有限公司,3,AAA,02,2023-12-07,2.98,190
148524,23陕投03,陕西投资集团有限公司,5,,02,2023-11-30,3.43,190
148525,23蛇口05,招商局蛇口工业区控股股份有限公司,3,AAA,02,2023-12-04,3.2,190
148527,23润置06,华润置地控股有限公司,5,AAA,02,2023-12-04,3.25,190
148528,23投资01,信达投资有限公司,5,AAA,02,2023-12-06,4.14,190
148529,23投资02,信达投资有限公司,5,AAA,02,2023-12-06,3.99,190
148530,23吉电GCKV01,国电投绿色能源股份有限公司,3,,02,2023-12-07,2.99,190
148531,23国证10,国信证券股份有限公司,2,AAA,02,2023-12-19,2.9,190
148532,23国证11,国信证券股份有限公司,5,AAA,02,2023-12-19,3.12,190
148534,23电建04,中国电建地产集团有限公司,5,,02,2023-12-13,4.3,190
148535,23广资03,广州资产管理有限公司,3,,02,2023-12-18,3.18,190
148536,23深投07,深圳市投资控股有限公司,3,,02,2023-12-11,2.9,190
148537,23深创投02,深圳市创新投资集团有限公司,5,AAA,02,2023-12-14,3.35,190
148539,23火炬K2,厦门火炬集团有限公司,5,,02,2023-12-15,3.34,190
148540,23申证C4,申万宏源证券有限公司,5,AAA,02,2023-12-13,3.35,-40
148542,23中海04,中海企业发展集团有限公司,5,AAA,02,2023-12-20,3.2,190
148543,23穗城01,广州市城市建设投资集团有限公司,5,AAA,02,2023-12-18,3.15,190
148544,23国宏G2,洛阳国宏投资控股集团有限公司,5,,02,2023-12-20,3.65,190
148545,23招路K2,招商局公路网络科技控股股份有限公司,3,,02,2023-12-19,3.04,190
148548,23黄投01,黄石市国有资产经营有限公司,2,AA,02,2023-12-22,3.95,190
148549,23国证12,国信证券股份有限公司,3,AAA,02,2023-12-27,2.96,190
148550,23国证13,国信证券股份有限公司,5,AAA,02,2023-12-27,3.12,190
148551,23中交06,中交地产股份有限公司,2,,02,2023-12-20,3.9,190
148552,23长城11,长城证券股份有限公司,2,AAA,02,2023-12-26,2.94,190
148553,23长城12,长城证券股份有限公司,3,AAA,02,2023-12-26,3,190
148555,23铁隧Y1,中铁隧道局集团有限公司,,AAA,02,2023-12-27,3.08,190
148556,23铁隧Y2,中铁隧道局集团有限公司,,AAA,02,2023-12-27,3.2,190
148557,23圆融04,厦门金圆投资集团有限公司,2,,02,2023-12-26,2.94,190
148558,23润置07,华润置地控股有限公司,3,AAA,02,2024-01-03,2.95,190
148559,23润置08,华润置地控股有限公司,5,AAA,02,2024-01-03,3.25,190
148560,23长轨G4,长沙市轨道交通集团有限公司,5,,02,2024-01-04,2.9,190
148561,24锡公01,无锡市市政公用产业集团有限公司,10,AAA,02,2024-01-12,3.39,190
148562,23绿电G1,天津绿发电力集团股份有限公司,3,AA+,02,2024-01-05,3.37,190
148563,24福投01,福建省投资开发集团有限责任公司,5,,02,2024-01-08,2.95,190
148564,24绿发01,中国绿发投资集团有限公司,3,AAA,02,2024-01-17,3.14,190
148566,24穗城02,广州市城市建设投资集团有限公司,5,AAA,02,2024-01-15,2.94,190
148568,24投资01,信达投资有限公司,5,AAA,02,2024-01-23,3.8,190
148569,24投资02,信达投资有限公司,5,AAA,02,2024-01-23,3.58,190
148570,24中粮01,中粮置业投资有限公司,5,AAA,02,2024-01-31,3.13,190
148573,24顺控01,广东顺德控股集团有限公司,5,,02,2024-01-23,2.7,190
148574,24华控01,珠海华发投资控股集团有限公司,5,AAA,02,2024-01-26,3.25,190
148575,24一创01,第一创业证券股份有限公司,3,AAA,02,2024-01-23,2.98,190
148576,24怡亚01,深圳市怡亚通供应链股份有限公司,3,AAA,02,2024-01-24,3.45,190
148577,24招租K1,招商局融资租赁有限公司,3,,02,2024-01-26,2.87,190
148578,24科建01,重庆科学城城市建设集团有限公司,5,AAA,02,2024-01-25,3,190
148579,24科建02,重庆科学城城市建设集团有限公司,5,AAA,02,2024-01-25,3.35,190
148580,24国证01,国信证券股份有限公司,3,AAA,02,2024-01-29,2.75,190
148581,24HBIS01,河钢股份有限公司,3,,02,2024-01-29,2.98,190
148582,24深创投01,深圳市创新投资集团有限公司,5,AAA,02,2024-01-31,2.99,190
148583,24广发01,广发证券股份有限公司,3,AAA,02,2024-01-26,2.75,190
148584,24广发02,广发证券股份有限公司,5,AAA,02,2024-01-26,2.93,190
148585,24广发03,广发证券股份有限公司,10,AAA,02,2024-01-26,3.07,190
148586,24福投02,福建省投资开发集团有限责任公司,5,,02,2024-01-29,2.85,190
148587,24光明科发01,深圳市光明科学城产业发展集团有限公司,5,AA+,02,2024-01-29,2.8,190
148588,24华股01,华西证券股份有限公司,3,AAA,02,2024-01-30,2.8,190
148589,24成交KY01,成都交通投资集团有限公司,,AAA,02,2024-01-26,2.9,190
148590,24中山投控K1,中山投资控股集团有限公司,5,,02,2024-02-01,2.67,190
148592,24国证02,国信证券股份有限公司,2,AAA,02,2024-02-07,2.65,190
148593,24国证03,国信证券股份有限公司,5,AAA,02,2024-02-07,2.85,190
148594,24中兴新K1,中兴新通讯有限公司,5,,02,2024-02-08,2.8,190
148595,24重发01,重庆发展投资有限公司,5,AAA,02,2024-02-02,2.93,190
148597,24长江01,长江证券股份有限公司,3,AAA,02,2024-02-07,2.72,190
148598,24金街05,金融街控股股份有限公司,5,AAA,02,2024-08-02,2.3,190
148599,24金街06,金融街控股股份有限公司,7,AAA,02,2024-08-02,2.7,190
148600,24TCLK1,TCL科技集团股份有限公司,2,AAA,02,2024-02-07,2.64,190
148601,24东财证券01,东方财富证券股份有限公司,2,AAA,02,2024-02-27,2.56,190
148602,24东财证券02,东方财富证券股份有限公司,3,AAA,02,2024-02-27,2.65,190
148603,24广发04,广发证券股份有限公司,3,AAA,02,2024-03-04,2.56,190
148604,24广发05,广发证券股份有限公司,5,AAA,02,2024-03-04,2.7,190
148605,24中山K1,中山公用事业集团股份有限公司,3,,02,2024-03-04,2.63,190
148606,24申证01,申万宏源证券有限公司,3,AAA,02,2024-03-01,2.52,190
148607,24申证02,申万宏源证券有限公司,5,AAA,02,2024-03-01,2.66,190
148608,24鲲鹏01,深圳市鲲鹏股权投资管理有限公司,5,AAA,02,2024-03-08,2.83,190
148609,24广资01,广州资产管理有限公司,5,,02,2024-03-08,2.89,190
148610,24深铁01,深圳市地铁集团有限公司,3,AAA,02,2024-03-07,2.51,190
148611,24深铁02,深圳市地铁集团有限公司,10,AAA,02,2024-03-07,2.8,190
148612,24陕投01,陕西投资集团有限公司,5,,02,2024-03-06,2.77,190
148613,24涪陵01,重庆市涪陵国有资产投资经营集团有限公司,5,,02,2024-03-06,2.78,190
148614,24涪陵02,重庆市涪陵国有资产投资经营集团有限公司,5,,02,2024-03-06,3.17,190
148615,24穗城03,广州市城市建设投资集团有限公司,5,AAA,02,2024-03-08,2.64,190
148616,24福控01,深圳市福田投资控股有限公司,5,AAA,02,2024-03-07,2.5,190
148617,24圆融01,厦门金圆投资集团有限公司,5,,02,2024-03-11,2.7,190
148618,24火炬01,厦门火炬集团有限公司,5,,02,2024-03-12,2.75,190
148619,24火炬02,厦门火炬集团有限公司,5,,02,2024-03-12,3.11,190
148620,24拱城控01,杭州市拱墅区城市建设发展控股集团有限公司,5,,02,2024-03-13,2.77,190
148621,24深创投02,深圳市创新投资集团有限公司,3,AAA,02,2024-03-14,2.6,190
148622,24福投03,福建省投资开发集团有限责任公司,10,,02,2024-03-13,2.8,190
148623,24深铁03,深圳市地铁集团有限公司,3,AAA,02,2024-03-13,2.6,190
148624,24深铁04,深圳市地铁集团有限公司,10,AAA,02,2024-03-13,2.86,190
148625,24兴城YK01,成都兴城投资集团有限公司,,,02,2024-03-11,2.74,190
148626,24兴城YK02,成都兴城投资集团有限公司,,,02,2024-03-11,2.95,190
148627,24广州数字科技K1,广州数字科技集团有限公司,5,,02,2024-03-18,2.6,190
148628,24深能Y1,深圳能源集团股份有限公司,,AAA,02,2024-03-13,2.6,190
148629,24广晟K01,广东省广晟控股集团有限公司,3,,02,2024-03-13,2.55,190
148631,24建工01,深圳市特区建工集团有限公司,3,AAA,02,2024-03-14,2.6,190
148632,24建工02,深圳市特区建工集团有限公司,5,AAA,02,2024-03-14,2.85,190
148633,24泉旅01,泉州文化旅游发展集团有限公司,3,,02,2024-03-20,2.62,190
148634,24中山投控K2,中山投资控股集团有限公司,5,,02,2024-03-15,2.57,190
148636,24中豫02,中原豫资投资控股集团有限公司,5,,02,2024-03-22,2.76,190
148638,24申宏02,申万宏源集团股份有限公司,5,AAA,02,2024-03-19,2.71,190
148639,24顺丰01,深圳顺丰泰森控股(集团)有限公司,3,,02,2024-03-20,2.6,190
148640,24深铁05,深圳市地铁集团有限公司,3,AAA,02,2024-03-15,2.57,190
148641,24深铁06,深圳市地铁集团有限公司,15,AAA,02,2024-03-15,2.96,190
148642,24蜀道Y1,蜀道投资集团有限责任公司,,AAA,02,2024-03-19,2.83,190
148643,24鲲鹏02,深圳市鲲鹏股权投资管理有限公司,5,AAA,02,2024-03-18,2.8,190
148644,24深业01,深业集团有限公司,3,,02,2024-03-27,2.65,190
148645,24深业02,深业集团有限公司,5,,02,2024-03-27,2.8,190
148646,24穗城04,广州市城市建设投资集团有限公司,5,AAA,02,2024-03-28,2.69,190
148648,24越产02,广州越秀产业投资有限公司,5,AAA,02,2024-04-02,2.84,190
148650,24攀钢Y2,攀钢集团有限公司,,AAA,02,2024-03-28,2.97,190
148651,24国元01,国元证券股份有限公司,3,AAA,02,2024-03-25,2.58,190
148652,24大族01,大族控股集团有限公司,3,AAA,02,2024-03-29,3.2,190
148653,24长汇01,长安汇通集团有限责任公司,5,AAA,02,2024-03-25,2.8,190
148654,24鲲鹏03,深圳市鲲鹏股权投资管理有限公司,5,AAA,02,2024-03-22,2.83,190
148655,24粤海01,广东粤海控股集团有限公司,10,AAA,02,2024-03-25,2.65,190
148657,24天投Y2,成都天府新区投资集团有限公司,,AAA,02,2024-03-28,2.91,190
148660,24广金01,广州金融控股集团有限公司,3,,02,2024-03-27,2.6,190
148661,24广金02,广州金融控股集团有限公司,5,,02,2024-03-27,2.7,190
148662,24广越资01,广州越秀资本控股集团有限公司,3,AAA,02,2024-03-28,2.69,190
148663,24广越资02,广州越秀资本控股集团有限公司,5,AAA,02,2024-03-28,2.85,190
148664,24深铁07,深圳市地铁集团有限公司,15,AAA,02,2024-03-28,2.99,190
148665,24中证融担Y1,中证信用融资担保有限公司,,AAA,02,2024-03-27,2.75,190
148666,24榕水01,福州水务集团有限公司,3,AAA,02,2024-04-02,2.58,190
148667,24榕水02,福州水务集团有限公司,5,AAA,02,2024-04-02,2.77,190
148668,24中山投控K3,中山投资控股集团有限公司,5,,02,2024-04-08,2.6,190
148669,24兴城YK03,成都兴城投资集团有限公司,,,02,2024-04-02,2.72,190
148670,24兴城YK04,成都兴城投资集团有限公司,,,02,2024-04-02,2.97,190
148671,24资产01,深圳资产管理有限公司,3,AAA,02,2024-04-03,2.79,190
148674,24榕城02,福州城市建设投资集团有限公司,10,AAA,02,2024-04-16,2.94,190
148675,24财信01,湖南财信金融控股集团有限公司,5,,02,2024-04-02,2.51,190
148676,24投资03,信达投资有限公司,5,AAA,02,2024-04-09,3.5,190
148677,24投资04,信达投资有限公司,5,AAA,02,2024-04-09,3.7,190
148678,24长轨G1,长沙市轨道交通集团有限公司,5,,02,2024-04-12,2.55,190
148679,24粤航01,广东省港航集团有限公司,3,,02,2024-04-12,2.6,190
148681,24路桥K1,中电建路桥集团有限公司,3,,02,2024-04-19,2.5,190
148682,24路桥K2,中电建路桥集团有限公司,5,,02,2024-04-19,2.7,190
148683,24TCLK2,TCL科技集团股份有限公司,5,AAA,02,2024-04-19,2.69,190
148685,24中航K2,中航科创有限公司,10,AAA,02,2024-04-18,2.9,190
148686,24广金03,广州金融控股集团有限公司,3,,02,2024-04-15,2.5,190
148687,24深能01,深圳能源集团股份有限公司,10,AAA,02,2024-04-16,2.78,190
148688,24东财证券03,东方财富证券股份有限公司,2,AAA,02,2024-04-19,2.39,190
148689,24东财证券04,东方财富证券股份有限公司,3,AAA,02,2024-04-19,2.49,190
148690,24桂投01,广西投资集团有限公司,5,AAA,02,2024-04-22,2.8,190
148693,24深港02,深圳港集团有限公司,5,,02,2024-04-25,2.65,190
148694,24厦港01,厦门国际港务有限公司,5,,02,2024-04-19,2.45,190
148695,24蓉金01,成都交子金融控股集团有限公司,5,,02,2024-04-30,2.48,190
148697,24涪陵04,重庆市涪陵国有资产投资经营集团有限公司,5,,02,2024-04-24,2.9,190
148698,24广晟KY01,广东省广晟控股集团有限公司,,AAA,02,2024-04-23,2.56,190
148699,24西部01,西部证券股份有限公司,3,AAA,02,2024-04-24,2.4,190
148700,24资产03,深圳资产管理有限公司,3,AAA,02,2024-04-25,2.64,190
148701,24资产04,深圳资产管理有限公司,5,AAA,02,2024-04-25,2.89,190
148702,24深铁08,深圳市地铁集团有限公司,15,AAA,02,2024-04-25,2.89,190
148703,24冀东01,金隅冀东水泥集团股份有限公司,5,AAA,02,2024-04-25,2.44,190
148704,24东北01,东北证券股份有限公司,3,AAA,02,2024-04-25,2.45,190
148705,24东莞01,东莞证券股份有限公司,3,,02,2024-04-29,2.48,190
148706,24高科01,武汉高科国有控股集团有限公司,5,AA+,02,2024-04-30,2.58,190
148707,24中山K2,中山公用事业集团股份有限公司,3,,02,2024-05-08,2.38,190
148708,24榕金01,福州市金榕控股集团有限公司,3,,02,2024-04-30,2.53,190
148709,24锡公Y1,无锡市市政公用产业集团有限公司,,,02,2024-04-29,2.53,190
148710,24广建01,广东省建筑工程集团控股有限公司,3,AAA,02,2024-05-08,2.35,190
148711,24广发06,广发证券股份有限公司,3,AAA,02,2024-04-29,2.3,190
148712,24天山K1,天山材料股份有限公司,3,AAA,02,2024-05-08,2.38,190
148714,24中海02,中海企业发展集团有限公司,5,AAA,02,2024-04-30,2.68,190
148715,24拱城控02,杭州市拱墅区城市建设发展控股集团有限公司,5,,02,2024-05-09,2.46,190
148716,24中航K3,中航科创有限公司,3,AAA,02,2024-05-06,2.3,190
148717,24中航K4,中航科创有限公司,10,AAA,02,2024-05-06,2.74,190
148718,24中建投资01,中建国际投资集团有限公司,5,AAA,02,2024-04-30,2.54,190
148720,24圆融K2,厦门金圆投资集团有限公司,10,AAA,02,2024-05-07,2.8,190
148721,24锡KY01,云南锡业股份有限公司,,AA+,02,2024-05-10,3.5,190
148722,24国元02,国元证券股份有限公司,3,AAA,02,2024-05-07,2.29,190
148723,24国元03,国元证券股份有限公司,5,AAA,02,2024-05-07,2.4,190
148724,24陕投KY02,陕西投资集团有限公司,,AAA,02,2024-05-09,2.55,190
148725,24穗开Y1,广州开发区投资集团有限公司,,AAA,02,2024-05-07,2.5,190
148728,24金街01,金融街控股股份有限公司,5,AAA,02,2024-05-08,2.73,190
148730,24运通01,广电运通集团股份有限公司,3,,02,2024-05-09,2.3,190
148731,24攀钢Y3,攀钢集团有限公司,,AAA,02,2024-05-13,2.55,190
148733,24深铁09,深圳市地铁集团有限公司,10,AAA,02,2024-05-07,2.78,190
148734,24广能G1,广西能源集团有限公司,3,AA+,02,2024-05-09,3.2,190
148735,24财信02,湖南财信金融控股集团有限公司,5,,02,2024-05-08,2.3,190
148736,24长城01,长城证券股份有限公司,3,AAA,02,2024-05-24,2.37,190
148737,24长城02,长城证券股份有限公司,5,AAA,02,2024-05-24,2.54,190
148738,24路桥K3,中电建路桥集团有限公司,5,,02,2024-05-27,2.55,190
148739,24厦资01,厦门资产管理有限公司,3,AA+,02,2024-05-29,2.54,190
148740,24深机01,深圳市机场(集团)有限公司,3,AAA,02,2024-05-28,2.25,190
148741,24风电KV01,中广核风电有限公司,10,AAA,02,2024-06-03,2.73,190
148742,24徐工K1,徐州工程机械集团有限公司,5,,02,2024-05-31,2.5,190
148744,24越租G2,广州越秀融资租赁有限公司,5,AAA,02,2024-05-30,2.61,190
148745,24招租YK01,招商局融资租赁有限公司,,AAA,02,2024-05-30,2.45,190
148746,24山路01,山东高速路桥集团股份有限公司,3,AAA,02,2024-06-03,2.37,190
148747,24锡KY02,云南锡业股份有限公司,,,02,2024-06-03,2.78,190
148749,24榕金02,福州市金榕控股集团有限公司,3,,02,2024-06-05,2.39,190
148750,24工控资本01,广州工控资本管理有限公司,3,AA+,02,2024-06-17,2.38,190
148751,24鞍矿K1,鞍钢集团矿业有限公司,5,AAA,02,2024-06-05,2.35,190
148752,24蜀道Y2,蜀道投资集团有限责任公司,,AAA,02,2024-06-07,2.43,190
148753,24西部02,西部证券股份有限公司,3,AAA,02,2024-06-07,2.29,190
148754,24华股02,华西证券股份有限公司,3,AAA,02,2024-06-13,2.25,190
148755,24广金K1,广州金融控股集团有限公司,10,,02,2024-06-11,2.38,190
148756,24深投01,深圳市投资控股有限公司,3,AAA,02,2024-06-12,2.19,190
148757,24深投02,深圳市投资控股有限公司,15,AAA,02,2024-06-12,2.72,190
148759,24天材K3,天山材料股份有限公司,5,AAA,02,2024-06-13,2.44,190
148760,GC风电KV01,中广核风电有限公司,10,AAA,02,2024-06-17,2.67,190
148761,24福投04,福建省投资开发集团有限责任公司,3,,02,2024-06-20,2.2,190
148763,24格金01,珠海格力金融投资管理有限公司,5,AAA,02,2024-06-17,2.3,190
148764,24格力01,珠海格力集团有限公司,3,,02,2024-06-19,2.31,190
148765,24广州数字科技K2,广州数字科技集团有限公司,5,,02,2024-06-20,2.25,190
148766,24赣金01,江西省金融资产管理股份有限公司,3,,02,2024-06-17,2.73,190
148768,24蜀道Y3,蜀道投资集团有限责任公司,,AAA,02,2024-06-19,2.41,190
148769,24南集01,中国南山开发(集团)股份有限公司,3,AAA,02,2024-06-19,2.3,190
148770,24南集02,中国南山开发(集团)股份有限公司,5,AAA,02,2024-06-19,2.45,190
148771,24越租03,广州越秀融资租赁有限公司,3,AAA,02,2024-06-19,2.29,190
148772,24越租04,广州越秀融资租赁有限公司,5,AAA,02,2024-06-19,2.45,190
148773,24广金04,广州金融控股集团有限公司,3,,02,2024-06-19,2.22,190
148774,24广金05,广州金融控股集团有限公司,5,,02,2024-06-19,2.36,190
148775,24珠华01,珠海华发集团有限公司,5,AAA,02,2024-06-24,2.53,190
148776,24广资Y1,广州资产管理有限公司,,AAA,02,2024-06-21,2.36,190
148777,24招路K1,招商局公路网络科技控股股份有限公司,5,,02,2024-06-21,2.34,190
148778,24路桥K4,中电建路桥集团有限公司,5,,02,2024-06-27,2.38,190
148779,24穗开K1,广州开发区投资集团有限公司,5,AAA,02,2024-06-25,2.32,190
148780,24长城03,长城证券股份有限公司,3,AAA,02,2024-06-25,2.2,190
148781,24长城04,长城证券股份有限公司,5,AAA,02,2024-06-25,2.35,190
148782,24广金06,广州金融控股集团有限公司,3,,02,2024-06-26,2.2,190
148783,24广金07,广州金融控股集团有限公司,5,,02,2024-06-26,2.34,190
148784,24广晟KY02,广东省广晟控股集团有限公司,,AAA,02,2024-06-26,2.4,190
148785,24赣水01,江西省水利投资集团有限公司,5,AAA,02,2024-06-27,2.32,190
148786,24赣水02,江西省水利投资集团有限公司,10,AAA,02,2024-06-27,2.66,190
148787,24深铁10,深圳市地铁集团有限公司,15,AAA,02,2024-06-25,2.62,190
148788,24山证01,山西证券股份有限公司,3,,02,2024-06-28,2.19,190
148789,24福投06,福建省投资开发集团有限责任公司,3,,02,2024-06-26,2.18,190
148791,24长汇K2,长安汇通集团有限责任公司,5,AAA,02,2024-06-27,2.3,190
148792,24拱国控01,杭州市拱墅区国有资本控股集团有限公司,5,,02,2024-07-05,2.35,190
148793,24蜀道Y4,蜀道投资集团有限责任公司,,AAA,02,2024-07-01,2.4,190
148794,24河钢Y1,河钢股份有限公司,,AAA,02,2024-07-05,2.46,190
148795,24河钢Y2,河钢股份有限公司,,AAA,02,2024-07-05,2.61,190
148796,24金街03,金融街控股股份有限公司,5,AAA,02,2024-07-04,2.46,190
148797,24金街04,金融街控股股份有限公司,7,AAA,02,2024-07-04,2.95,190
148798,24水投K1,广州市水务投资集团有限公司,5,AAA,02,2024-07-09,2.05,190
148799,24广新01,广东省广新控股集团有限公司,3,AAA,02,2024-07-11,2.1,190
148800,24广新02,广东省广新控股集团有限公司,10,AAA,02,2024-07-11,2.56,190
148801,24穗开Y2,广州开发区投资集团有限公司,,AAA,02,2024-07-11,2.25,190
148802,24穗开Y3,广州开发区投资集团有限公司,,AAA,02,2024-07-11,2.37,190
148803,24TCLK3,TCL科技集团股份有限公司,5,AAA,02,2024-07-15,2.29,190
148804,24TCLK4,TCL科技集团股份有限公司,5,AAA,02,2024-07-15,2.46,190
148805,24深创投03,深圳市创新投资集团有限公司,5,AAA,02,2024-07-18,2.35,190
148806,24广资02,广州资产管理有限公司,5,AAA,02,2024-07-19,2.33,190
148808,24东北02,东北证券股份有限公司,3,AAA,02,2024-07-18,2.23,190
148809,24粤环保K1,广东省环保集团有限公司,5,,02,2024-07-18,2.3,190
148810,24陕投K3,陕西投资集团有限公司,10,AAA,02,2024-07-22,2.6,190
148811,24长城05,长城证券股份有限公司,3,AAA,02,2024-07-23,2.16,190
148812,24长城06,长城证券股份有限公司,5,AAA,02,2024-07-23,2.29,190
148813,24长江02,长江证券股份有限公司,3,AAA,02,2024-07-18,2.14,190
148814,24榕水03,福州水务集团有限公司,5,,02,2024-07-22,2.3,190
148815,24榕水04,福州水务集团有限公司,7,,02,2024-07-22,2.41,190
148816,24厦资02,厦门资产管理有限公司,5,AA+,02,2024-07-23,2.57,190
148817,24顺丰02,深圳顺丰泰森控股(集团)有限公司,5,,02,2024-07-24,2.3,190
148818,24中航K5,中航科创有限公司,3,AAA,02,2024-07-26,2.13,190
148819,24中航K6,中航科创有限公司,5,AAA,02,2024-07-26,2.27,190
148820,24工控K1,广州工业投资控股集团有限公司,5,,02,2024-07-23,2.27,190
148821,24川能K1,四川省能源投资集团有限责任公司,15,AAA,02,2024-07-30,2.62,190
148822,24深创投04,深圳市创新投资集团有限公司,5,AAA,02,2024-07-26,2.3,190
148823,24山证02,山西证券股份有限公司,3,,02,2024-07-29,2.14,190
148824,24锡公02,无锡市市政公用产业集团有限公司,5,,02,2024-07-31,2.2,190
148825,24风电GVK1,中广核风电有限公司,3,AAA,02,2024-07-30,2.09,190
148826,24风电GVK2,中广核风电有限公司,10,AAA,02,2024-07-30,2.49,190
148828,24顺控03,广东顺德控股集团有限公司,5,AAA,02,2024-07-30,2.26,190
148829,24深担01,深圳担保集团有限公司,3,AAA,02,2024-08-02,2.1,190
148830,24拱城控03,杭州市拱墅区城市建设发展控股集团有限公司,5,,02,2024-08-01,2.24,190
148831,24越租G5,广州越秀融资租赁有限公司,3,AAA,02,2024-07-31,2.14,190
148832,24越租G6,广州越秀融资租赁有限公司,5,AAA,02,2024-07-31,2.25,190
148833,24重发03,重庆发展投资有限公司,10,AAA,02,2024-08-02,2.45,190
148834,24资本K1,广投资本管理集团有限公司,5,AA+,02,2024-08-07,2.7,190
148836,24越资02,广州越秀资本控股集团股份有限公司,10,AAA,02,2024-08-08,2.49,190
148838,24光大02,中国光大集团股份公司,10,AAA,02,2024-08-02,2.38,190
148839,24华股03,华西证券股份有限公司,3,AAA,02,2024-08-12,2.02,190
148840,24金桂01,广西金桂浆纸业有限公司,5,,02,2024-08-07,4.1,190
148841,24拱国控02,杭州市拱墅区国有资本控股集团有限公司,5,,02,2024-08-12,2.15,190
148842,24粤环保K2,广东省环保集团有限公司,3,,02,2024-08-08,2.04,190
148843,24深投03,深圳市投资控股有限公司,3,AAA,02,2024-08-07,1.9,190
148844,24深投04,深圳市投资控股有限公司,15,AAA,02,2024-08-07,2.36,190
148845,24蓉金02,成都交子金融控股集团有限公司,10,,02,2024-08-14,2.37,190
148846,24东北03,东北证券股份有限公司,3,AAA,02,2024-08-16,2.05,190
148847,24一创02,第一创业证券股份有限公司,5,AAA,02,2024-08-13,2.14,190
148850,24穗开Y5,广州开发区投资集团有限公司,,AAA,02,2024-08-14,2.23,190
148852,24中材K2,中材科技股份有限公司,3,,02,2024-08-14,2,190
148854,24投资06,信达投资有限公司,5,AAA,02,2024-08-16,2.56,190
148855,24粤财01,广东粤财投资控股有限公司,9,,02,2024-08-14,1.94,190
148856,24国元04,国元证券股份有限公司,3,AAA,02,2024-08-16,2.04,190
148857,24东财证券05,东方财富证券股份有限公司,3,AAA,02,2024-08-21,2.05,190
148858,24东财证券06,东方财富证券股份有限公司,5,AAA,02,2024-08-21,2.17,190
148859,24蛇口01,招商局蛇口工业区控股股份有限公司,3,AAA,02,2024-08-16,2.1,190
148860,24蛇口02,招商局蛇口工业区控股股份有限公司,5,AAA,02,2024-08-16,2.3,190
148861,24陕投K4,陕西投资集团有限公司,5,,02,2024-08-19,2.09,190
148862,24河钢Y3,河钢股份有限公司,,,02,2024-08-26,2.61,190
148863,24工控K2,广州工业投资控股集团有限公司,5,AAA,02,2024-08-27,2.25,190
148865,24西部03,西部证券股份有限公司,3,AAA,02,2024-08-23,2.12,190
148866,24赣担Y1,江西省信用融资担保集团股份有限公司,,AAA,02,2024-08-27,2.25,190
148867,24川高01,四川高速公路建设开发集团有限公司,10,AAA,02,2024-08-27,2.45,190
148868,24南集03,中国南山开发(集团)股份有限公司,3,,02,2024-08-27,2.19,190
148869,24南集04,中国南山开发(集团)股份有限公司,5,,02,2024-08-27,2.27,190
148870,24深港03,深圳港集团有限公司,3,AAA,02,2024-08-30,1.95,190
148871,24深港04,深圳港集团有限公司,10,AAA,02,2024-08-30,2.42,190
148872,24川投K1,四川省投资集团有限责任公司,5,,02,2024-08-27,2.17,190
148873,24中航K7,中航科创有限公司,3,AAA,02,2024-08-27,2.1,190
148874,24中航K8,中航科创有限公司,5,AAA,02,2024-08-27,2.2,190
148875,24广资04,广州资产管理有限公司,5,AAA,02,2024-09-05,2.33,190
148877,24招港K1,招商局港口集团股份有限公司,5,AAA,02,2024-08-30,2.18,190
148879,24国经01,四川省国有资产经营投资管理有限责任公司,5,AAA,02,2024-08-29,2.29,190
148880,24长轨G2,长沙市轨道交通集团有限公司,5,,02,2024-09-02,2.1,190
148881,24榕金03,福州市金榕控股集团有限公司,5,,02,2024-08-30,2.25,190
148882,24粤航03,广东省港航集团有限公司,3,,02,2024-08-29,2.1,190
148884,24金街07,金融街控股股份有限公司,5,AAA,02,2024-08-30,2.3,190
148886,24鞍钢集K1,鞍钢集团有限公司,5,,02,2024-09-03,2.5,190
148888,24格力02,珠海格力集团有限公司,5,,02,2024-09-05,2.3,190
148889,24交城01,中交城市投资控股有限公司,5,AAA,02,2024-09-03,2.45,190
148891,24潍投02,潍坊市投资集团有限公司,3,,02,2024-09-18,2.54,190
148892,24潍投03,潍坊市投资集团有限公司,7,,02,2024-09-18,3.36,190
148893,24高科Y1,武汉高科国有控股集团有限公司,,AA+,02,2024-09-04,2.7,190
148894,24粤环保K3,广东省环保集团有限公司,5,,02,2024-09-10,2.35,190
148895,24水投K2,广州市水务投资集团有限公司,5,AAA,02,2024-09-10,2.18,190
148896,24水投K3,广州市水务投资集团有限公司,10,AAA,02,2024-09-10,2.55,190
148897,24陕投K5,陕西投资集团有限公司,10,,02,2024-09-24,2.72,190
148899,24深投06,深圳市投资控股有限公司,15,AAA,02,2024-09-12,2.48,190
148900,24蛇口03,招商局蛇口工业区控股股份有限公司,3,AAA,02,2024-09-12,2.25,190
148901,24蛇口04,招商局蛇口工业区控股股份有限公司,5,AAA,02,2024-09-12,2.35,190
148904,24绿发02,中国绿发投资集团有限公司,3,AAA,02,2024-09-20,2.5,190
148906,24华控02,珠海华发投资控股集团有限公司,3,AAA,02,2024-10-11,2.43,190
148907,24蓉金03,成都交子金融控股集团有限公司,5,AAA,02,2024-09-25,2.28,190
148909,24东水Y1,东莞市水务环境投资控股集团有限公司,,,02,2024-09-23,2.27,190
148910,24招租G1,招商局融资租赁有限公司,3,,02,2024-09-23,2.05,190
148912,24川高Y1,四川高速公路建设开发集团有限公司,,AAA,02,2024-09-23,2.3,190
148913,24福投07,福建省投资开发集团有限责任公司,5,,02,2024-09-26,2.13,190
148914,24珠高K1,珠海市高新建设投资有限公司,5,AA+,02,2024-09-26,2.28,190
148916,24重发04,重庆发展投资有限公司,10,AAA,02,2024-09-26,2.45,190
148918,24冀东02,金隅冀东水泥集团股份有限公司,5,AAA,02,2024-09-26,2.15,190
148919,24长江03,长江证券股份有限公司,3,AAA,02,2024-10-11,2.1,190
148920,24交城03,中交城市投资控股有限公司,5,,02,2024-10-10,2.35,190
148922,24河钢Y4,河钢股份有限公司,,AAA,02,2024-10-09,2.5,190
148924,24西部04,西部证券股份有限公司,3,AAA,02,2024-10-08,2.14,190
148926,24榕城05,福州城市建设投资集团有限公司,10,AAA,02,2024-10-10,2.48,190
148927,24格力03,珠海格力集团有限公司,5,,02,2024-10-14,2.26,190
148930,24中豫03,中原豫资投资控股集团有限公司,5,,02,2024-10-17,2.29,190
148931,24深业03,深业集团有限公司,5,,02,2024-10-17,2.47,190
148934,24山证04,山西证券股份有限公司,3,,02,2024-10-24,2.25,190
148935,24资本K2,广投资本管理集团有限公司,5,AA+,02,2024-11-12,3.3,190
148936,24川新能GCV01,四川省新能源动力股份有限公司,3,,02,2024-11-08,2.42,190
148938,24深投07,深圳市投资控股有限公司,3,AAA,02,2024-10-16,2.43,190
148939,24深投08,深圳市投资控股有限公司,15,AAA,02,2024-10-16,2.85,190
148940,24东财证券07,东方财富证券股份有限公司,2,AAA,02,2024-10-21,2.35,190
148945,24陕金02,陕西金融控股集团有限公司,5,,02,2024-10-25,2.65,190
148946,24鲲鹏04,深圳市鲲鹏股权投资管理有限公司,2,AAA,02,2024-10-23,2.24,190
148948,24长江04,长江证券股份有限公司,1.03,,02,2024-10-30,2.02,190
148949,24长江05,长江证券股份有限公司,2,,02,2024-10-30,2.13,190
148952,24宝安投资01,深圳市宝安区投资管理集团有限公司,5,AAA,02,2024-10-28,2.1,190
148954,24深投10,深圳市投资控股有限公司,15,AAA,02,2024-10-24,2.65,190
148957,24鞍钢集K3,鞍钢集团有限公司,3,,02,2024-10-29,2.38,190
148958,24鞍钢集K4,鞍钢集团有限公司,5,,02,2024-10-29,2.55,190
148960,24泉旅04,泉州文化旅游发展集团有限公司,5,,02,2024-10-31,2.49,190
148961,24粤财02,广东粤财投资控股有限公司,9,,02,2024-10-29,2.03,190
148962,24工控K4,广州工业投资控股集团有限公司,5,AAA,02,2024-10-29,2.43,190
148964,24东财证券09,东方财富证券股份有限公司,2,AAA,02,2024-10-30,2.2,190
148965,24东财证券10,东方财富证券股份有限公司,3,AAA,02,2024-10-30,2.26,190
148966,24东北04,东北证券股份有限公司,3,AAA,02,2024-11-01,2.44,190
148967,24克投01,克拉玛依市城市建设投资发展有限责任公司,5,,02,2024-10-30,2.99,190
148968,24赣水K1,江西省水利投资集团有限公司,3,,02,2024-10-30,2.29,190
148970,24赣金Y1,江西省金融资产管理股份有限公司,,,02,2024-10-31,3.2,190
148971,24格力04,珠海格力集团有限公司,3,,02,2024-11-01,2.4,190
148972,24粤航05,广东省港航集团有限公司,5,,02,2024-11-01,2.48,190
148974,24广新K1,广东省广新控股集团有限公司,5,AAA,02,2024-10-31,2.49,190
148976,24申证03,申万宏源证券有限公司,2,AAA,02,2024-11-01,2.2,190
148977,24申证04,申万宏源证券有限公司,3,AAA,02,2024-11-01,2.28,190
148978,24穗交Y1,广州交通投资集团有限公司,,AAA,02,2024-11-07,2.49,190
148980,24格力05,珠海格力集团有限公司,3,,02,2024-11-08,2.44,190
148981,24克投02,克拉玛依市城市建设投资发展有限责任公司,3,,02,2024-11-11,2.47,190
148982,24粤海02,广东粤海控股集团有限公司,5,AAA,02,2024-11-12,2.3,190
148983,24粤海03,广东粤海控股集团有限公司,15,AAA,02,2024-11-12,2.77,190
148984,24重发06,重庆发展投资有限公司,5,AAA,02,2024-11-15,2.25,190
148985,24重发07,重庆发展投资有限公司,5,AAA,02,2024-11-15,2.45,190
148986,24广金08,广州金融控股集团有限公司,3,,02,2024-11-12,2.22,190
148987,24广金09,广州金融控股集团有限公司,5,,02,2024-11-12,2.44,190
148988,24广发08,广发证券股份有限公司,2,AAA,02,2024-11-15,2.14,190
148989,24广发09,广发证券股份有限公司,3,AAA,02,2024-11-15,2.2,190
148990,24国经02,四川省国有资产经营投资管理有限责任公司,5,AAA,02,2024-11-14,2.54,190
148991,24高金K2,杭州高新金投控股集团有限公司,5,,02,2024-11-15,2.44,190
148992,24广建02,广东省建筑工程集团控股有限公司,3,,02,2024-11-15,2.25,190
148993,24福投08,福建省投资开发集团有限责任公司,5,,02,2024-11-14,2.35,190
148994,24杭高03,杭州高新国有控股集团有限公司,5,,02,2024-11-18,2.23,190
148995,24杭高04,杭州高新国有控股集团有限公司,5,,02,2024-11-18,2.42,190
148996,24长江06,长江证券股份有限公司,1.08,,02,2024-11-18,1.98,190
148997,24长江07,长江证券股份有限公司,3,,02,2024-11-18,2.25,190
148999,24蜀道Y6,蜀道投资集团有限责任公司,,AAA,02,2024-11-19,2.54,190
149001,19广核01,中国广核集团有限公司,3,AAA,02,2019-12-06,3.5,190
149002,19伊犁02,新疆可克达拉市国有资本投资运营有限责任公司,5,AA+,02,2019-12-26,4.34,190
149003,19产控01,南通产业控股集团有限公司,5,AA+,02,2019-12-10,4.3,190
149004,19许继01,许继电气股份有限公司,5,AA+,02,2019-12-09,3.82,190
149005,19苏投S2,江苏高科技投资集团有限公司,5,AAA,02,2019-12-16,3.8,190
149007,19北控PG,山高新能源集团有限公司,3,AA+,02,2019-12-13,5.99,190
149008,19电科投,中电科投资控股有限公司,3,AA,02,2019-12-16,4.8,190
149010,19基建01,天津天保基建股份有限公司,3,AAA,02,2019-12-17,6,190
149011,19河钢02,河钢股份有限公司,5,AAA,02,2019-12-25,4.11,190
149012,19和佳S1,珠海和佳医疗设备股份有限公司,3,AAA,02,2019-12-19,7.5,190
149013,19杰赛债,中电科普天科技股份有限公司,3,AA,02,2019-12-27,5.48,190
149014,19怡亚01,深圳市怡亚通供应链股份有限公司,3,AAA,02,2020-01-08,5.4,190
149015,19赛格01,深圳市赛格集团有限公司,5,AA+,02,2019-12-30,4.1,190
149016,19浙建01,浙江省建设投资集团有限公司,5,AA+,02,2020-01-06,4.3,190
149018,19穗湾01,广州金融控股集团有限公司,10,AAA,02,2020-01-02,4.48,190
149019,20冀峰01,冀中能源峰峰集团有限公司,3,AAA,02,2020-01-17,5,190
149021,20恒大01,恒大地产集团有限公司,3,AAA,02,2020-01-16,6.98,190
149022,20深投01,深圳市投资控股有限公司,3,AAA,02,2020-01-14,3.37,190
149023,20长源01,国家能源集团长源电力股份有限公司,3,AA+,02,2020-01-17,3.55,190
149024,20太钢Y1,太原钢铁(集团)有限公司,1.59,AAA,02,2020-01-17,3.85,190
149025,20物美01,物美科技集团有限公司,3,AAA,02,2020-01-20,3.95,190
149026,20物美02,物美科技集团有限公司,3,AAA,02,2020-01-20,4.49,190
149027,20荣安01,荣安地产股份有限公司,5,AA,02,2020-02-14,8,190
149028,20CATL01,宁德时代新能源科技股份有限公司,5,AAA,02,2020-02-14,3.63,190
149029,20圆融S1,厦门金圆投资集团有限公司,5,AAA,02,2020-02-03,3.54,190
149030,20领益01,领益科技(深圳)有限公司,3,AAA,02,2020-02-21,4.8,190
149032,20卫星02,卫星化学股份有限公司,3,AA+,02,2020-02-27,6.2,190
149033,20中证01,中证信用增进股份有限公司,5,AAA,02,2020-02-12,3.53,190
149034,20中证02,中证信用增进股份有限公司,5,AAA,02,2020-02-12,3.95,190
149035,20泛控01,泛海控股股份有限公司,3,AA+,02,2020-02-17,7.5,190
149036,20长城01,长城证券股份有限公司,3,AAA,02,2020-03-02,3.09,190
149037,H0金科01,金科地产集团股份有限公司,3,AAA,02,2020-02-26,6,190
149038,H0金科02,金科地产集团股份有限公司,5,AAA,02,2020-02-26,6.3,190
149039,20国投Y1,国家开发投资集团有限公司,,AAA,02,2020-02-26,3.38,190
149040,20深铁01,深圳市地铁集团有限公司,3,AAA,02,2020-02-28,3.05,190
149041,20长江01,长江证券股份有限公司,3,AAA,02,2020-03-02,3.2,190
149043,20华股01,华西证券股份有限公司,5,AAA,02,2020-03-02,3.05,190
149044,20泛控02,泛海控股股份有限公司,3,AA+,02,2020-04-08,7.5,190
149045,20海普瑞,深圳市海普瑞药业集团股份有限公司,5,AAA,02,2020-03-04,3.8,190
149046,20BOEY1,京东方科技集团股份有限公司,2.38,AAA,02,2020-03-12,3.64,190
149047,20合力01,合力泰科技股份有限公司,3,AAA,02,2020-03-06,5.33,190
149048,20火炬01,厦门火炬集团有限公司,3,AA,02,2020-03-16,3.6,190
149049,20火炬02,厦门火炬集团有限公司,5,AA,02,2020-03-16,3.8,190
149050,20中南01,江苏中南建设集团股份有限公司,4,AA+,02,2020-03-16,6.8,190
149051,H0中南02,江苏中南建设集团股份有限公司,9,AA+,02,2020-03-16,7.4,190
149052,20深铁G2,深圳市地铁集团有限公司,3,AAA,02,2020-03-23,2.9,190
149053,20和佳S1,珠海和佳医疗设备股份有限公司,3,AAA,02,2020-03-18,7,190
149054,20中联01,中联重科股份有限公司,5,AAA,02,2020-03-20,3.3,190
149055,20太钢Y2,太原钢铁(集团)有限公司,1.84,AAA,02,2020-03-25,3.49,190
149056,20万科01,万科企业股份有限公司,5,AAA,02,2020-03-23,3.02,190
149057,20万科02,万科企业股份有限公司,7,AAA,02,2020-03-23,3.42,190
149058,20涪陵Y1,重庆市涪陵国有资产投资经营集团有限公司,3.33,AA+,02,2020-03-19,3.87,190
149059,20涪陵Y2,重庆市涪陵国有资产投资经营集团有限公司,3.02,AA+,02,2020-03-19,4.8,190
149060,20清新G1,北京清新环境技术股份有限公司,5,AAA,02,2020-03-19,3.79,190
149061,20恒逸01,恒逸石化股份有限公司,3,AA+,02,2020-03-23,5.89,190
149062,20老窖01,泸州老窖股份有限公司,5,AAA,02,2020-03-25,3.5,190
149063,20华控01,珠海华发投资控股集团有限公司,5,AAA,02,2020-03-25,3.95,190
149064,20港纾01,河南航空港投资集团有限公司,5,AAA,02,2020-03-26,3.9,190
149065,20BOEY2,京东方科技集团股份有限公司,3.01,AAA,02,2020-04-03,3.54,190
149066,20宝龙02,上海宝龙实业发展(集团)有限公司,3,AA+,02,2020-03-31,6,190
149068,20浙建Y1,浙江省建设投资集团有限公司,1.07,AA+,02,2020-04-01,5.3,190
149069,20光大Y1,中国光大集团股份公司,0.1,AAA,02,2020-03-27,3.4,190
149070,20长江03,长江证券股份有限公司,3,AAA,02,2020-03-30,3.2,190
149072,20中粮01,中粮置业投资有限公司,3,AAA,02,2020-04-09,3.14,190
149073,20中粮02,中粮置业投资有限公司,5,AAA,02,2020-04-09,3.6,190
149074,20赛格01,深圳市赛格集团有限公司,5,AA+,02,2020-03-30,3.5,190
149075,20天马01,天马微电子股份有限公司,3,AAA,02,2020-03-30,3.2,190
149077,20厦贸01,厦门国贸控股集团有限公司,5,AAA,02,2020-04-01,3.23,190
149078,20厦贸02,厦门国贸控股集团有限公司,5,AAA,02,2020-04-01,3.68,190
149079,20南玻01,中国南玻集团股份有限公司,3,AA+,02,2020-03-30,6,190
149080,20深铁G3,深圳市地铁集团有限公司,1,A-1,02,2020-04-02,2.54,190
149081,20泰达01,天津泰达股份有限公司,5,AAA,02,2020-04-03,7,190
149082,20特发01,深圳市特发集团有限公司,5,AA+,02,2020-04-02,3.19,190
149083,20粤控01,广东粤海控股集团有限公司,7,AAA,02,2020-04-03,2.96,190
149084,20海康01,中电海康集团有限公司,3,AAA,02,2020-04-03,3.03,190
149085,20卓越02,深圳市卓越商业管理有限公司,4,AAA,02,2020-04-08,5.8,190
149086,20赣金01,江西省金融资产管理股份有限公司,5,AA+,02,2020-04-07,5,190
149087,20荣盛G1,荣盛石化股份有限公司,4,AA+,02,2020-04-27,4.77,190
149088,20光大Y2,中国光大集团股份公司,1.04,AAA,02,2020-05-07,3.09,190
149089,20东信S1,北京东方国信科技股份有限公司,3,AAA,02,2020-04-13,4.8,190
149090,20七狼01,福建七匹狼集团有限公司,3,AA+,02,2020-04-17,5.2,190
149091,20穗控01,广州金融控股集团有限公司,10,AAA,02,2020-04-22,3.99,190
149092,20穗控02,广州金融控股集团有限公司,5,AAA,02,2020-04-22,3.28,190
149093,20山路01,山东高速路桥集团股份有限公司,5,AA+,02,2020-04-23,3.13,190
149094,20华控02,珠海华发投资控股集团有限公司,5,AAA,02,2020-04-23,3.6,190
149095,20天健Y1,深圳市天健(集团)股份有限公司,0.92,AA+,02,2020-04-21,4.45,190
149096,20核租G1,中广核国际融资租赁有限公司,3,AA+,02,2020-04-27,3.7,190
149097,20万集01,万达集团股份有限公司,3,AA+,02,2020-04-21,7.5,190
149098,20蓝焰01,山西蓝焰控股股份有限公司,5,AAA,02,2020-04-23,3.38,190
149099,20HBIS01,河钢股份有限公司,5,AAA,02,2020-04-24,3.38,190
149100,20国元01,国元证券股份有限公司,3,AAA,02,2020-04-28,2.64,190
149101,20亚迪01,比亚迪股份有限公司,5,AAA,02,2020-04-28,3.56,190
149102,20深资01,深圳市资本运营集团有限公司,5,AAA,02,2020-05-07,2.6,190
149103,H0阳城01,阳光城集团股份有限公司,4,AAA,02,2020-05-12,6.95,190
149104,H0阳城02,阳光城集团股份有限公司,5,AAA,02,2020-05-12,7.3,190
149105,20华大01,深圳华大基因股份有限公司,3,AAA,02,2020-05-08,3.5,190
149106,20华大02,深圳华大基因股份有限公司,3,AAA,02,2020-05-08,3.5,190
149107,20STO01,申通快递股份有限公司,3,AA+,02,2020-05-13,3.18,190
149108,20BOEY3,京东方科技集团股份有限公司,7,AAA,02,2020-05-12,3.5,190
149109,20越控01,广州越秀资本控股集团股份有限公司,5,AAA,02,2020-05-07,2.4,190
149110,14地方债10,中华人民共和国财政部,5,,04,2014-08-22,4.16,-200
149111,20海控03,海南省发展控股有限公司,5,AAA,02,2020-05-18,2.88,190
149112,20海控04,海南省发展控股有限公司,7,AAA,02,2020-05-18,3.29,190
149113,20粤电01,广东电力发展股份有限公司,5,AAA,02,2020-05-15,2.45,190
149114,20物美03,物美科技集团有限公司,4,AAA,02,2020-05-07,3.75,190
149115,20北控PG,山高新能源集团有限公司,3,AA+,02,2020-05-08,5.5,190
149116,20泛控03,泛海控股股份有限公司,3,AA+,02,2020-05-25,7.5,190
149117,20深投02,深圳市投资控股有限公司,3,AAA,02,2020-05-13,2.29,190
149118,20金桂01,广西金桂浆纸业有限公司,5,AA+,02,2020-05-12,7.5,190
149119,20太钢Y3,太原钢铁(集团)有限公司,3,AAA,02,2020-05-14,3.1,190
149120,20湘建01,湖南建工集团有限公司,3,AA+,02,2020-05-13,3.07,190
149121,20天马03,天马微电子股份有限公司,3,AAA,02,2020-05-18,2.85,190
149123,20万科03,万科企业股份有限公司,5,AAA,02,2020-05-27,2.56,190
149124,20万科04,万科企业股份有限公司,7,AAA,02,2020-05-27,3.45,190
149125,20深投03,深圳市投资控股有限公司,5,AAA,02,2020-05-26,3.09,190
149126,20皖能01,安徽省皖能股份有限公司,3,AAA,02,2020-06-02,2.75,190
149127,20招路Y1,招商局公路网络科技控股股份有限公司,1.03,AAA,02,2020-09-25,4.05,190
149128,20恒大02,恒大地产集团有限公司,3,AAA,02,2020-06-03,5.9,190
149129,H0金科03,金科地产集团股份有限公司,4,AAA,02,2020-06-03,5,190
149130,H0金科04,金科地产集团股份有限公司,5,AAA,02,2020-06-03,5.6,190
149131,20鞍钢Y1,鞍山钢铁集团有限公司,1.03,AAA,02,2020-06-04,3.73,190
149132,20不动D1,平安不动产有限公司,0.5,A-1,02,2020-06-04,1.85,190
149133,20怡亚01,深圳市怡亚通供应链股份有限公司,3,AAA,02,2020-06-10,4.8,190
149134,20云铜01,云南铜业股份有限公司,3,AA+,02,2020-06-15,3.79,190
149135,20工控01,武汉产业投资发展集团有限公司,5,AA,02,2020-06-12,4.5,190
149136,20牧原D1,牧原食品股份有限公司,1,A-1,02,2020-06-10,3,190
149137,20物美04,物美科技集团有限公司,3,AAA,02,2020-06-16,3.6,190
149139,20恒大03,恒大地产集团有限公司,3,AAA,02,2020-06-16,5.6,190
149140,20TCLD1,TCL科技集团股份有限公司,0.5,,02,2020-06-16,2.5,190
149141,20万科05,万科企业股份有限公司,5,AAA,02,2020-06-30,3.2,190
149142,20万科06,万科企业股份有限公司,7,AAA,02,2020-06-30,3.9,190
149143,20中证Y1,中证信用增进股份有限公司,2.33,AAA,02,2020-06-22,4.2,190
149144,20招路D1,招商局公路网络科技控股股份有限公司,0.42,AAA,02,2020-07-23,2.3,190
149145,20产控01,南通产业控股集团有限公司,3,AA+,02,2020-06-19,3.9,190
149146,20深机01,深圳市机场(集团)有限公司,3,AAA,02,2020-06-18,2.7,190
149147,20不动02,平安不动产有限公司,3,AAA,02,2020-06-30,3.45,190
149148,20怡亚02,深圳市怡亚通供应链股份有限公司,3,AAA,02,2020-06-29,4.7,190
149149,20桂投D1,广西投资集团有限公司,1,AAA,02,2020-06-24,3.06,190
149150,20桂投01,广西投资集团有限公司,5,AAA,02,2020-06-24,3.7,190
149151,20中环01,TCL中环新能源科技股份有限公司,3,AA+,02,2020-07-02,5.2,190
149152,20沃尔01,深圳市沃尔核材股份有限公司,3,AAA,02,2020-07-03,4.58,190
149153,20榕金01,福州市金融控股集团有限公司,5,AA+,02,2020-07-03,3.7,190
149154,20赣金02,江西省金融资产管理股份有限公司,5,AA+,02,2020-07-01,4.95,190
149155,20安纾01,深圳市人才安居集团有限公司,3,AAA,02,2020-06-30,2.8,190
149156,20鞍钢Y2,鞍山钢铁集团有限公司,,AAA,02,2020-07-02,4.1,190
149157,20欣旺01,欣旺达电子股份有限公司,3,AAA,02,2020-07-03,3.98,190
149158,20穗控D1,广州金融控股集团有限公司,1,AAA,02,2020-07-07,2.8,190
149159,20湘路01,湖南省高速公路集团有限公司,7,AAA,02,2020-07-01,3.85,190
149160,20湘路02,湖南省高速公路集团有限公司,5,AAA,02,2020-07-01,3.4,190
149161,20穗控03,广州金融控股集团有限公司,10,AAA,02,2020-07-07,3.94,190
149162,20华发Y1,珠海华发集团有限公司,1.63,AAA,02,2020-07-01,4.06,190
149163,20劲嘉01,深圳市劲嘉创业投资有限公司,3,AAA,02,2020-07-03,4.38,190
149164,20鞍钢Y3,鞍山钢铁集团有限公司,3.13,AAA,02,2020-07-16,4.43,190
149166,H0中骏02,厦门中骏集团有限公司,4,AA+,02,2020-07-07,5.5,190
149167,20温氏01,温氏食品集团股份有限公司,5,AAA,02,2020-07-07,3.77,190
149168,20深投04,深圳市投资控股有限公司,3,AAA,02,2020-07-09,3.18,190
149169,20广物01,广东省广物控股集团有限公司,5,AAA,02,2020-07-10,3.47,190
149170,20招港01,招商局港口集团股份有限公司,3,AAA,02,2020-07-15,3.36,190
149171,20兴投02,河南航空港投资集团有限公司,3,AAA,02,2020-08-06,3.8,190
149172,20申证D5,申万宏源证券有限公司,1,AAA,02,2020-07-31,2.97,190
149173,20申证06,申万宏源证券有限公司,3,AAA,02,2020-07-31,3.49,190
149174,20金街01,金融街控股股份有限公司,3,AAA,02,2020-08-11,3.5,190
149175,20连金01,连云港市金融控股集团有限公司,5,AA+,02,2020-08-06,4.9,190
149176,20西部01,西部证券股份有限公司,3,AAA,02,2020-07-31,3.77,190
149177,20远东D1,远东国际融资租赁有限公司,1,A-1,02,2020-08-05,3.17,190
149178,20工控02,武汉产业投资发展集团有限公司,5,AA,02,2020-08-03,4.2,190
149179,20润置01,华润置地控股有限公司,3,AAA,02,2020-08-24,3.2,190
149180,20长江04,长江证券股份有限公司,2,AAA,02,2020-08-06,3.53,190
149181,20HBIS02,河钢股份有限公司,5,AAA,02,2020-08-07,4.2,190
149182,20长城02,长城证券股份有限公司,2,AAA,02,2020-08-06,2.97,190
149183,20长城03,长城证券股份有限公司,2,AAA,02,2020-08-06,3.25,190
149184,20鞍钢Y4,鞍山钢铁集团有限公司,8.98,AAA,02,2020-08-10,4.28,190
149185,20涪陵03,重庆市涪陵国有资产投资经营集团有限公司,5,AA+,02,2020-08-06,4.19,190
149187,20穗环G1,广州环保投资集团有限公司,18,AAA,02,2020-08-10,3.9,190
149188,20珠海01,珠海港股份有限公司,5,AA+,02,2020-08-07,4.15,190
149189,20大悦01,大悦城控股集团股份有限公司,5,AAA,02,2020-08-13,3.78,190
149191,20广物02,广东省广物控股集团有限公司,5,AAA,02,2020-08-11,3.98,190
149192,20中交债,中交地产股份有限公司,5,AAA,02,2020-08-10,3.8,190
149193,20兴蓉01,成都市兴蓉环境股份有限公司,5,AAA,02,2020-08-18,3.64,190
149194,H0宝龙04,上海宝龙实业发展(集团)有限公司,4,AA+,02,2020-08-13,6.5,190
149195,20润金01,华润金控投资有限公司,5,AAA,02,2020-08-13,3.2,190
149196,20金街02,金融街控股股份有限公司,5,AAA,02,2020-08-20,3.6,190
149197,20中海01,中海企业发展集团有限公司,6,AAA,02,2020-08-25,3.2,190
149199,20荣安02,荣安地产股份有限公司,5,AA,02,2020-08-18,8,190
149202,20深投05,深圳市投资控股有限公司,3,AAA,02,2020-08-21,3.5,190
149203,20远东D2,远东国际融资租赁有限公司,1,A-1,02,2020-08-27,3.21,190
149204,20兴投03,河南航空港投资集团有限公司,3,AAA,02,2020-08-28,3.8,190
149205,20安纾02,深圳市人才安居集团有限公司,3,AAA,02,2020-08-28,3.5,190
149206,20高铁01,神州高铁技术股份有限公司,3,AAA,02,2020-08-26,3.95,190
149207,20华发Y2,珠海华发集团有限公司,,AAA,02,2020-09-01,4.22,190
149208,H0阳城03,阳光城集团股份有限公司,4,AAA,02,2020-09-01,7,190
149209,20金街03,金融街控股股份有限公司,5,AAA,02,2020-09-02,3.6,190
149210,20滨房01,杭州滨江房产集团股份有限公司,3,AAA,02,2020-09-07,4,190
149211,20徐工01,徐工集团工程机械股份有限公司,3,AAA,02,2020-09-01,3.72,190
149213,20北新R1,新疆北新路桥集团股份有限公司,5,AA,02,2020-09-01,5,190
149214,20联发01,联发集团有限公司,5,AA+,02,2020-09-01,3.88,190
149216,20西部02,西部证券股份有限公司,2,AAA,02,2020-09-03,3.68,190
149217,20长城04,长城证券股份有限公司,1.5,AAA,02,2020-09-02,3.37,190
149218,20欣旺02,欣旺达电子股份有限公司,3,AAA,02,2020-09-04,4.25,190
149219,20欣旺03,欣旺达电子股份有限公司,5,AAA,02,2020-09-04,4.83,190
149220,20荣盛G2,荣盛石化股份有限公司,4,AAA,02,2020-09-10,4.79,190
149221,20山证01,山西证券股份有限公司,3,AAA,02,2020-09-08,3.9,190
149223,20湘路04,湖南省高速公路集团有限公司,5,AAA,02,2020-09-09,3.9,190
149224,20远东D3,远东国际融资租赁有限公司,1,A-1,02,2020-09-16,3.4,190
149225,20创投S1,深圳市创新投资集团有限公司,3,AAA,02,2020-09-17,3.6,190
149226,20兴城Y1,成都兴城投资集团有限公司,18,AAA,02,2020-09-14,4.49,190
149227,20兴城Y2,成都兴城投资集团有限公司,,AAA,02,2020-09-14,4.8,190
149228,20粤科01,广东省粤科金融集团有限公司,7,AAA,02,2020-09-17,3.5,190
149229,20申证D7,申万宏源证券有限公司,0.76,A-1,02,2020-09-17,3.15,190
149230,20申证08,申万宏源证券有限公司,3,AAA,02,2020-09-17,3.76,190
149231,20潍投01,潍坊市投资集团有限公司,5,AA+,02,2020-09-21,4.5,190
149232,20潍投02,潍坊市投资集团有限公司,5,AA+,02,2020-09-21,5.38,190
149233,20长新03,长春新区发展集团有限公司,3,AAA,02,2020-09-17,5.5,190
149234,20华润01,华润电力投资有限公司,3,AAA,02,2020-09-29,3.19,190
149235,20碧水G1,北京碧水源科技股份有限公司,3,AA+,02,2020-09-25,5.4,190
149236,20首迁01,北京首钢股份有限公司,5,AAA,02,2020-09-24,3.98,190
149237,20侨集Y1,华侨城集团有限公司,21.31,AAA,02,2020-09-29,4.38,190
149239,20深投D1,深圳市投资控股有限公司,1,A-1,02,2020-09-25,3.15,190
149240,20长江05,长江证券股份有限公司,3,AAA,02,2020-09-28,3.99,190
149241,20深能Y1,深圳能源集团股份有限公司,1.89,AAA,02,2020-09-24,4.5,190
149242,20湘路05,湖南省高速公路集团有限公司,7,AAA,02,2020-09-28,4.15,190
149243,20湘路06,湖南省高速公路集团有限公司,5,AAA,02,2020-09-28,3.9,190
149245,20长新05,长春新区发展集团有限公司,5,AAA,02,2020-09-25,6,190
149246,20天投Y1,成都天府新区投资集团有限公司,1.04,AAA,02,2020-09-29,4.7,190
149247,H0恒大04,恒大地产集团有限公司,5,AAA,02,2020-09-30,5.8,190
149248,20长城05,长城证券股份有限公司,3,AAA,02,2020-09-30,3.84,190
149249,20深铁G4,深圳市地铁集团有限公司,5,AAA,02,2020-10-15,4.08,190
149250,20黄石01,黄石市国有资产经营有限公司,5,AA,02,2020-10-12,5.18,190
149251,20远东D4,远东国际融资租赁有限公司,0.64,A-1,02,2020-10-16,3.43,190
149252,22申证08,申万宏源证券有限公司,5,AAA,02,2022-05-30,3.2,190
149253,20DJLQY2,中电建路桥集团有限公司,1.04,AAA,02,2020-12-07,4.6,190
149254,20兴城Y3,成都兴城投资集团有限公司,2.25,AAA,02,2020-12-07,4.8,190
149255,20STO02,申通快递股份有限公司,3,AA+,02,2020-10-21,4.3,190
149256,H0阳城04,阳光城集团股份有限公司,5,AAA,02,2020-10-21,6.67,190
149257,22深投02,深圳市投资控股有限公司,3,AAA,02,2022-05-27,2.78,190
149258,H0恒大05,恒大地产集团有限公司,5,AAA,02,2020-10-28,5.8,190
149259,20怡亚03,深圳市怡亚通供应链股份有限公司,3,AAA,02,2020-11-13,5.3,190
149260,20怡亚04,深圳市怡亚通供应链股份有限公司,3,AAA,02,2020-11-13,5.3,190
149261,20招路Y2,招商局公路网络科技控股股份有限公司,3.62,AAA,02,2020-10-26,4.13,190
149262,20招路Y3,招商局公路网络科技控股股份有限公司,0.5,AAA,02,2020-10-26,4.4,190
149263,20东林G1,北京东方园林环境股份有限公司,5,AAA,02,2020-12-29,5.2,190
149264,20合和01,云南合和(集团)股份有限公司,5,AAA,02,2020-10-26,3.75,190
149265,20深铁05,深圳市地铁集团有限公司,3,AAA,02,2020-10-30,3.7,190
149266,20兴投04,河南航空港投资集团有限公司,3,AAA,02,2020-10-27,3.95,190
149267,20中骏03,厦门中骏集团有限公司,5,AA+,02,2020-10-27,5.5,190
149268,20长城06,长城证券股份有限公司,1.5,AAA,02,2020-10-28,3.47,190
149269,20长城07,长城证券股份有限公司,2,AAA,02,2020-10-28,3.58,190
149270,20华润Y1,华润电力投资有限公司,0.17,AAA,02,2020-10-30,3.99,190
149271,20福投01,福建省投资开发集团有限责任公司,5,AAA,02,2020-10-29,4.05,190
149272,20深能Y2,深圳能源集团股份有限公司,1.92,AAA,02,2020-10-29,4.29,190
149273,20申证09,申万宏源证券有限公司,1.04,AAA,02,2020-11-02,3.16,190
149274,20申证10,申万宏源证券有限公司,3,AAA,02,2020-11-02,3.68,190
149275,20攀钢Y1,攀钢集团有限公司,4.92,AAA,02,2020-11-02,5.7,190
149276,20润金Y1,华润金控投资有限公司,5.92,AAA,02,2020-11-04,4.15,190
149278,20湘路08,湖南省高速公路集团有限公司,5,AAA,02,2020-10-30,3.8,190
149279,20川能Y1,四川省能源投资集团有限责任公司,8.42,AAA,02,2020-11-02,4.55,190
149281,20华发Y3,珠海华发集团有限公司,1,AAA,02,2020-11-03,4.58,190
149282,20大族01,大族控股集团有限公司,3,AAA,02,2020-11-03,4.78,190
149283,20中海03,中海企业发展集团有限公司,3,AAA,02,2020-11-13,3.4,190
149285,20深铁06,深圳市地铁集团有限公司,3,AAA,02,2020-11-16,3.62,190
149286,20鄂交Y3,湖北交通投资集团有限公司,1.04,AAA,02,2020-11-20,4.47,190
149287,20海垦01,海南省农垦投资控股集团有限公司,5,AAA,02,2020-11-13,3.9,190
149288,20长江06,长江证券股份有限公司,1.03,AAA,02,2020-11-16,3.4,190
149289,20川机G1,四川省机场集团有限公司,3,AAA,02,2020-11-18,3.7,190
149290,22碧地01,碧桂园地产集团有限公司,3,AA+,02,2022-06-01,4.5,190
149291,20力合01,力合科创集团有限公司,5,AA+,02,2020-11-19,4.3,190
149292,20成华01,成都成华旧城改造投资有限责任公司,5,AA+,02,2020-11-19,4.6,190
149293,20穗交01,广州交通投资集团有限公司,5,AAA,02,2020-11-26,4,190
149294,20穗交02,广州交通投资集团有限公司,3,AAA,02,2020-11-26,3.73,190
149295,20润创01,华润投资创业(天津)有限公司,5,AAA,02,2020-11-19,4.1,190
149296,20万科07,万科企业股份有限公司,5,AAA,02,2020-11-23,3.5,190
149297,20万科08,万科企业股份有限公司,7,AAA,02,2020-11-23,4.11,190
149299,20申证12,申万宏源证券有限公司,2,AAA,02,2020-11-23,3.55,190
149300,20DJLQY1,中电建路桥集团有限公司,17.58,AAA,02,2020-11-19,4.5,190
149301,20蛇口01,招商局蛇口工业区控股股份有限公司,5,AAA,02,2020-11-23,4.15,190
149303,20桂交02,广西交通投资集团有限公司,5,AAA,02,2020-11-24,4.09,190
149304,20甘电债,甘肃电投能源发展股份有限公司,5,AAA,02,2020-12-22,4.5,190
149305,20广开Y1,广州开发区控股集团有限公司,5,AAA,02,2020-11-27,4.79,190
149307,20广金01,广州金融控股集团有限公司,10,AAA,02,2020-11-26,4.35,190
149310,20深能01,深圳能源集团股份有限公司,5,AAA,02,2020-11-26,3.97,190
149312,20创投S2,深圳市创新投资集团有限公司,3,AAA,02,2020-12-18,4.03,190
149313,20热力Y1,北京市热力集团有限责任公司,12,AAA,02,2020-12-02,4.49,190
149314,20电建01,中国电建地产集团有限公司,5,AAA,02,2020-12-03,4.5,190
149316,20珠华01,珠海华发集团有限公司,5,AAA,02,2020-12-10,4.28,190
149317,20国投Y2,国家开发投资集团有限公司,1.03,AAA,02,2020-12-08,3.95,190
149318,20嘉投02,浙江嘉兴国有资本投资运营有限公司,10,AAA,02,2020-12-09,4.19,190
149320,20青城05,青岛城市建设投资(集团)有限责任公司,9,AAA,02,2020-12-14,3.98,190
149321,20青城06,青岛城市建设投资(集团)有限责任公司,8,AAA,02,2020-12-14,4.35,190
149322,20高铁02,神州高铁技术股份有限公司,3,AAA,02,2020-12-14,4.3,190
149323,20华发Y4,珠海华发集团有限公司,,AAA,02,2020-12-18,4.8,190
149324,20远东D5,远东国际融资租赁有限公司,0.86,A-1,02,2020-12-15,3.9,190
149325,20国信03,国信证券股份有限公司,1.04,AAA,02,2020-12-18,3.35,190
149326,20国信04,国信证券股份有限公司,2,AAA,02,2020-12-18,3.6,190
149327,20华润Y2,华润电力投资有限公司,4.21,AAA,02,2020-12-18,3.99,190
149328,20安纾03,深圳市人才安居集团有限公司,3,AAA,02,2020-12-18,3.8,190
149329,20长新06,长春新区发展集团有限公司,5,AAA,02,2020-12-23,6.7,190
149330,20广开Y3,广州开发区控股集团有限公司,2.04,AAA,02,2020-12-23,4.9,190
149332,20金桂02,广西金桂浆纸业有限公司,5,AA+,02,2020-12-22,7.5,190
149333,20申证13,申万宏源证券有限公司,0.76,A-1,02,2020-12-24,3.13,190
149334,20国信05,国信证券股份有限公司,1.03,AAA,02,2020-12-28,3.15,190
149335,20国信06,国信证券股份有限公司,3,AAA,02,2020-12-28,3.7,190
149336,20广开Y5,广州开发区控股集团有限公司,2.08,AAA,02,2020-12-31,4.7,190
149337,20科城Y1,科学城(广州)投资集团有限公司,2.33,AA+,02,2021-01-05,5.5,190
149338,20海能01,海能达通信股份有限公司,3,AAA,02,2021-01-07,6.5,190
149339,20兴城Y5,成都兴城投资集团有限公司,1.05,AAA,02,2021-01-07,4.74,190
149340,20广开Y6,广州开发区控股集团有限公司,2.07,AAA,02,2021-01-13,4.28,190
149341,21福投01,福建省投资开发集团有限责任公司,3,AAA,02,2021-01-13,3.53,190
149342,21侨城01,深圳华侨城股份有限公司,5,AAA,02,2021-01-18,3.58,190
149343,21侨城02,深圳华侨城股份有限公司,7,AAA,02,2021-01-18,3.89,190
149344,21金街01,金融街控股股份有限公司,5,AAA,02,2021-01-19,3.54,190
149345,21长江01,长江证券股份有限公司,3,AAA,02,2021-01-19,3.74,190
149347,21湘路02,湖南省高速公路集团有限公司,5,AAA,02,2021-01-20,3.75,190
149348,21穗交01,广州交通投资集团有限公司,5,AAA,02,2021-01-26,3.79,190
149349,21华控01,珠海华发投资控股集团有限公司,5,AAA,02,2021-01-25,4.06,190
149350,H1融创01,融创房地产集团有限公司,5.89,AAA,02,2021-01-26,6.8,190
149352,21越控01,广州越秀资本控股集团股份有限公司,5,AAA,02,2021-01-25,3.59,190
149353,21侨城03,深圳华侨城股份有限公司,5,AAA,02,2021-01-22,3.57,190
149354,21侨城04,深圳华侨城股份有限公司,7,AAA,02,2021-01-22,3.89,190
149355,21广资01,广州资产管理有限公司,3,AAA,02,2021-01-28,3.79,190
149356,21长城01,长城证券股份有限公司,3,AAA,02,2021-01-25,3.57,190
149357,21万科01,万科企业股份有限公司,3,AAA,02,2021-01-29,3.38,190
149358,21万科02,万科企业股份有限公司,7,AAA,02,2021-01-29,3.98,190
149359,21穗城01,广州市城发投资基金管理有限公司,5,AAA,02,2021-01-27,3.8,190
149362,21招租01,招商局通商融资租赁有限公司,3,AAA,02,2021-02-02,3.79,190
149363,H1阳城01,阳光城集团股份有限公司,5,AAA,02,2021-02-03,6.9,190
149364,21厦贸01,厦门国贸控股集团有限公司,5,AAA,02,2021-02-01,4.03,190
149366,21交通01,珠海交通集团有限公司,5,AA+,02,2021-02-02,3.9,190
149367,21不动01,平安不动产有限公司,3,AAA,02,2021-02-02,3.8,190
149368,21DJLQ01,中电建路桥集团有限公司,5,AAA,02,2021-02-02,3.79,190
149369,21粤电01,广东电力发展股份有限公司,3,AAA,02,2021-02-03,3.57,190
149370,21润置01,华润置地控股有限公司,3,AAA,02,2021-02-01,3.3,190
149371,H1金科01,金科地产集团股份有限公司,4,AAA,02,2021-02-03,6.2,190
149373,21安居01,深圳市人才安居集团有限公司,3,AAA,02,2021-02-03,3.69,190
149374,21国信01,国信证券股份有限公司,1.04,AAA,02,2021-02-05,3.15,190
149375,21国信02,国信证券股份有限公司,3,AAA,02,2021-02-05,3.64,190
149376,21珠华01,珠海华发集团有限公司,5,AAA,02,2021-02-24,4.32,190
149377,21东北D1,东北证券股份有限公司,0.98,A-1,02,2021-02-09,3.55,190
149378,21福投02,福建省投资开发集团有限责任公司,3,AAA,02,2021-02-10,3.69,190
149379,21深航D1,深圳航空有限责任公司,1,,02,2021-02-19,3.09,190
149380,21恒集01,浙江恒逸集团有限公司,3,AA+,02,2021-02-22,7.5,190
149381,21华股01,华西证券股份有限公司,3,AAA,02,2021-02-22,3.86,190
149382,21远东D1,远东国际融资租赁有限公司,0.94,,02,2021-02-22,4.05,190
149384,21深铁G1,深圳市地铁集团有限公司,3,AAA,02,2021-03-08,3.5,190
149385,21恒集02,浙江恒逸集团有限公司,3,AA+,02,2021-03-05,7.4,190
149386,21北港01,广西北部湾国际港务集团有限公司,5,AAA,02,2021-03-09,4.95,190
149387,21绵投01,绵阳市投资控股(集团)有限公司,5,AA+,02,2021-03-11,5.3,190
149388,H1金科03,金科地产集团股份有限公司,4,AAA,02,2021-03-10,6.3,190
149389,21青城01,青岛城市建设投资(集团)有限责任公司,9,AAA,02,2021-03-12,3.8,190
149390,21青城02,青岛城市建设投资(集团)有限责任公司,8,AAA,02,2021-03-12,4.24,190
149391,H1中南01,江苏中南建设集团股份有限公司,8,AA+,02,2021-03-22,7.3,190
149393,21申宏01,申万宏源集团股份有限公司,5,AAA,02,2021-03-12,3.68,190
149394,21申宏02,申万宏源集团股份有限公司,7,AAA,02,2021-03-12,3.95,190
149396,21湘路04,湖南省高速公路集团有限公司,5,AAA,02,2021-03-12,3.8,190
149397,21涪陵01,重庆市涪陵国有资产投资经营集团有限公司,5,AA+,02,2021-03-15,4.6,190
149399,21珠华G1,珠海华发集团有限公司,5,AAA,02,2021-03-17,4.34,190
149400,21广能G1,广西能源集团有限公司,5,AA+,02,2021-03-15,5.3,190
149401,21皖能01,安徽省皖能股份有限公司,1,AAA,02,2021-03-15,3.24,190
149403,21深铁02,深圳市地铁集团有限公司,3,AAA,02,2021-03-15,3.64,190
149404,21创投K1,深圳市创新投资集团有限公司,3,AAA,02,2021-03-19,3.78,190
149406,21盐港01,深圳港集团有限公司,3,AAA,02,2021-03-19,3.5,190
149407,H1碧地01,碧桂园地产集团有限公司,5,AAA,02,2021-03-22,4.8,190
149408,21深能Y1,深圳能源集团股份有限公司,18.04,AAA,02,2021-03-19,3.93,190
149409,21深铁D3,深圳市地铁集团有限公司,1,A-1,02,2021-03-23,3.13,190
149410,21深铁04,深圳市地铁集团有限公司,3,AAA,02,2021-03-23,3.63,190
149411,21中盈01,广东中盈盛达融资担保投资股份有限公司,5,AAA,02,2021-03-24,4.6,190
149412,21广电01,广州数字科技集团有限公司,5,AAA,02,2021-03-25,3.85,190
149413,21粤垦01,广东省农垦集团公司,5,AAA,02,2021-03-30,3.7,190
149414,21中材01,中材科技股份有限公司,3,AAA,02,2021-03-29,3.9,190
149415,21川能Y1,四川省能源投资集团有限责任公司,,AAA,02,2021-03-29,4.68,190
149417,21泉旅01,泉州文化旅游发展集团有限公司,3,AA+,02,2021-03-26,4.1,190
149418,21粤电02,广东电力发展股份有限公司,5,AAA,02,2021-05-11,3.5,190
149420,21湘路06,湖南省高速公路集团有限公司,5,AAA,02,2021-03-30,3.85,190
149421,21粤海01,广东粤海控股集团有限公司,3,AAA,02,2021-03-30,3.4,190
149422,21国元01,国元证券股份有限公司,3,AAA,02,2021-03-29,3.69,190
149423,21昆投01,昆明产业开发投资有限责任公司,5,AA+,02,2021-04-12,6,190
149424,21广铁02,广州地铁集团有限公司,5,AAA,02,2021-05-12,3.8,190
149425,21申证01,申万宏源证券有限公司,3,AAA,02,2021-05-13,3.45,190
149426,21南网02,中国南方电网有限责任公司,3,AAA,02,2021-03-31,3.55,190
149427,21特信01,深圳市特发信息股份有限公司,5,AA,02,2021-04-08,4.3,190
149428,H1龙控01,深圳市龙光控股有限公司,4,AAA,02,2021-04-01,4.9,190
149429,21广物01,广东省广物控股集团有限公司,5,AAA,02,2021-04-02,4.1,190
149431,21申证02,申万宏源证券有限公司,10,AAA,02,2021-05-13,4.05,190
149432,21涪陵03,重庆市涪陵国有资产投资经营集团有限公司,5,AA+,02,2021-05-11,4.43,190
149433,21桂交01,广西交通投资集团有限公司,5,AAA,02,2021-04-02,4.13,190
149434,21TCLK1,TCL科技集团股份有限公司,0.5,AAA,02,2021-04-07,3.65,190
149435,21嘉投02,浙江嘉兴国有资本投资运营有限公司,10,AAA,02,2021-04-07,4.64,190
149436,H1融创03,融创房地产集团有限公司,4,AAA,02,2021-04-14,7,190
149437,21粤航01,广东省港航集团有限公司,3,AA+,02,2021-04-12,3.77,190
149438,21侨城05,深圳华侨城股份有限公司,5,AAA,02,2021-04-13,3.55,190
149439,21侨城06,深圳华侨城股份有限公司,7,AAA,02,2021-04-13,3.95,190
149440,21深铁05,深圳市地铁集团有限公司,3,AAA,02,2021-04-12,3.55,190
149441,21深铁06,深圳市地铁集团有限公司,5,AAA,02,2021-04-12,3.8,190
149442,21万和01,万和证券股份有限公司,3,AAA,02,2021-04-13,4.04,190
149443,21电建01,中国电建地产集团有限公司,5,AAA,02,2021-04-14,4.2,190
149445,21东北01,东北证券股份有限公司,3,AAA,02,2021-04-16,4.38,190
149447,21川机G1,四川省机场集团有限公司,3,AAA,02,2021-04-16,3.58,190
149448,21蛇口01,招商局蛇口工业区控股股份有限公司,5,AAA,02,2021-04-20,3.8,190
149449,21蛇口02,招商局蛇口工业区控股股份有限公司,3,AAA,02,2021-04-20,3.56,190
149450,21广新01,广东省广新控股集团有限公司,3,AAA,02,2021-04-20,3.6,190
149452,21深铁D7,深圳市地铁集团有限公司,1,AA+,02,2021-04-22,2.98,190
149453,21天投Y2,成都天府新区投资集团有限公司,,AAA,02,2021-04-21,4.43,190
149454,21大族01,大族控股集团有限公司,3,AAA,02,2021-04-26,4.69,190
149455,21广铁01,广州地铁集团有限公司,5,AAA,02,2021-04-26,3.78,190
149456,21越控02,广州越秀资本控股集团股份有限公司,5,AAA,02,2021-04-22,3.58,190
149457,21粤桥01,广东省路桥建设发展有限公司,8,AAA,02,2021-04-27,3.83,190
149458,21深铁08,深圳市地铁集团有限公司,3,AAA,02,2021-04-26,3.46,190
149459,21深铁09,深圳市地铁集团有限公司,5,AAA,02,2021-04-26,3.74,190
149460,21海能01,海能达通信股份有限公司,3,AAA,02,2021-04-26,6,190
149461,21粤高01,广东省高速公路有限公司,10,AAA,02,2021-05-13,3.78,190
149462,21粤高02,广东省高速公路有限公司,15,AAA,02,2021-05-13,4.05,190
149463,21深资01,深圳市资本运营集团有限公司,3,AAA,02,2021-05-06,3.55,190
149465,21粤路01,广东省公路建设有限公司,7,AAA,02,2021-05-06,3.78,190
149466,21顺丰G1,深圳顺丰泰森控股(集团)有限公司,3,AAA,02,2021-04-30,3.79,190
149467,H1恒大01,恒大地产集团有限公司,5,AAA,02,2021-05-14,7,190
149468,21北新R1,新疆北新路桥集团股份有限公司,5,AA,02,2021-05-11,5.5,190
149471,21华润02,华润电力投资有限公司,5,AAA,02,2021-05-13,3.6,190
149472,21深投01,深圳市投资控股有限公司,3,AAA,02,2021-05-11,3.45,190
149473,21金街02,金融街控股股份有限公司,5,AAA,02,2021-05-20,3.48,190
149474,21深投02,深圳市投资控股有限公司,5,AAA,02,2021-05-21,3.7,190
149475,21火炬01,厦门火炬集团有限公司,3,AA,02,2021-05-26,4.25,190
149476,21火炬02,厦门火炬集团有限公司,5,AA,02,2021-05-26,4.4,190
149477,21万科03,万科企业股份有限公司,5,AAA,02,2021-05-26,3.4,190
149478,21万科04,万科企业股份有限公司,7,AAA,02,2021-05-26,3.7,190
149479,21申证03,申万宏源证券有限公司,5,AAA,02,2021-05-28,3.63,190
149480,21顺丰D1,深圳顺丰泰森控股(集团)有限公司,0.75,AAA,02,2021-05-28,2.94,190
149481,21不动02,平安不动产有限公司,3,AAA,02,2021-06-01,3.9,190
149482,21长城02,长城证券股份有限公司,3,AAA,02,2021-05-28,3.39,190
149483,21长城03,长城证券股份有限公司,2,AAA,02,2021-05-28,3.2,190
149485,21光大Y2,中国光大集团股份公司,3,AAA,02,2021-06-01,3.95,190
149486,21惠交01,惠州市交通投资集团有限公司,5,AA+,02,2021-06-09,3.5,190
149487,21惠交02,惠州市交通投资集团有限公司,5,AA+,02,2021-06-09,3.98,190
149488,21山路01,山东高速路桥集团股份有限公司,5,AA+,02,2021-06-07,3.78,190
149489,21广铁03,广州地铁集团有限公司,5,AAA,02,2021-06-02,3.67,190
149490,21申证04,申万宏源证券有限公司,3,AAA,02,2021-06-04,3.27,190
149491,21申证05,申万宏源证券有限公司,10,AAA,02,2021-06-04,4,190
149492,21希望Y1,新希望六和股份有限公司,2.03,AAA,02,2021-06-08,5.5,190
149494,21珠华02,珠海华发集团有限公司,5,AAA,02,2021-06-08,4.5,190
149495,H1金科04,金科地产集团股份有限公司,4,AAA,02,2021-06-30,6.3,190
149496,21顺丰D2,深圳顺丰泰森控股(集团)有限公司,1,AAA,02,2021-06-11,2.98,190
149497,21蛇口03,招商局蛇口工业区控股股份有限公司,5,AAA,02,2021-06-11,3.66,190
149498,21蛇口04,招商局蛇口工业区控股股份有限公司,3,AAA,02,2021-06-11,3.37,190
149499,21广发03,广发证券股份有限公司,3,AAA,02,2021-06-15,3.4,190
149500,21广发04,广发证券股份有限公司,5,AAA,02,2021-06-15,3.68,190
149501,21广资03,广州资产管理有限公司,5,AAA,02,2021-08-13,3.28,190
149503,21国经01,四川省国有资产经营投资管理有限责任公司,5,AAA,02,2021-06-16,4.2,190
149504,21新兴01,新兴铸管股份有限公司,5,AAA,02,2021-06-16,3.7,190
149505,21冀东01,金隅冀东水泥集团股份有限公司,5,AAA,02,2021-06-18,3.67,190
149507,21广新03,广东省广新控股集团有限公司,5,AAA,02,2021-06-22,3.98,190
149508,21华股02,华西证券股份有限公司,3,AAA,02,2021-06-18,3.49,190
149509,H1碧地02,碧桂园地产集团有限公司,5,AAA,02,2021-06-28,4.8,190
149510,21深D10,深圳市地铁集团有限公司,1,A-1,02,2021-06-21,2.95,190
149511,21恒集03,浙江恒逸集团有限公司,3,AA+,02,2021-06-23,7.48,190
149512,21中海01,中海企业发展集团有限公司,3,AAA,02,2021-06-21,3.25,190
149513,21中海02,中海企业发展集团有限公司,5,AAA,02,2021-06-21,3.55,190
149514,21福投03,福建省投资开发集团有限责任公司,5,AAA,02,2021-07-13,3.65,190
149515,21万和02,万和证券股份有限公司,3,AAA,02,2021-06-28,3.8,190
149516,21建能01,河北建投能源投资股份有限公司,5,AAA,02,2021-06-24,3.72,190
149517,21广电02,广州数字科技集团有限公司,5,AAA,02,2021-06-28,3.64,190
149518,21广新V1,广东省广新控股集团有限公司,5,AAA,02,2021-06-24,3.97,190
149519,21广新04,广东省广新控股集团有限公司,5,AAA,02,2021-06-24,4,190
149520,21远东D2,远东国际融资租赁有限公司,1,,02,2021-06-25,3.74,190
149521,21鄂科Y1,湖北省科技投资集团有限公司,1.17,AAA,02,2021-06-29,4.31,190
149522,21鄂科Y2,湖北省科技投资集团有限公司,1.43,AAA,02,2021-06-29,4.7,190
149523,21桐投01,桐庐投资建设发展集团有限公司,5,AA,02,2021-06-28,4.3,190
149524,21长城04,长城证券股份有限公司,3,AAA,02,2021-06-28,3.67,190
149525,21越租01,广州越秀融资租赁有限公司,5,AAA,02,2021-06-30,3.88,190
149526,21广金01,广州金融控股集团有限公司,3,AAA,02,2021-07-07,3.59,190
149527,21广金02,广州金融控股集团有限公司,5,AAA,02,2021-07-07,3.9,190
149528,21招路01,招商局公路网络科技控股股份有限公司,3,AAA,02,2021-07-01,3.49,190
149530,21赣水01,江西省水利投资集团有限公司,3,AAA,02,2021-06-30,3.52,190
149531,21遵市01,遵义市投资(集团)有限责任公司,5,AA+,02,2021-07-08,6.5,190
149532,21柳工01,广西柳工机械股份有限公司,2,AAA,02,2021-07-08,3.5,190
149533,21嘉城01,嘉兴市城市投资发展集团有限公司,5,AAA,02,2021-07-07,3.86,190
149534,21海资01,海盐县国有资产经营有限公司,10,AA+,02,2021-07-30,4.08,190
149535,21国信03,国信证券股份有限公司,3,AAA,02,2021-07-12,3.35,190
149536,21国信04,国信证券股份有限公司,5,AAA,02,2021-07-12,3.68,190
149537,21天马01,天马微电子股份有限公司,5,AAA,02,2021-07-19,3.95,190
149538,21招路02,招商局公路网络科技控股股份有限公司,3,AAA,02,2021-07-14,3.38,190
149539,21建房01,建发房地产集团有限公司,7,AAA,02,2021-07-16,4.38,190
149540,21滨房01,杭州滨江房产集团股份有限公司,2,AAA,02,2021-07-15,3.96,190
149542,21光大Y4,中国光大集团股份公司,3.88,AAA,02,2021-07-19,3.75,190
149543,21广资02,广州资产管理有限公司,5,AAA,02,2021-07-19,3.49,190
149544,21国信07,国信证券股份有限公司,3,AAA,02,2021-09-23,3.09,190
149545,H1阳城02,阳光城集团股份有限公司,4,AAA,02,2021-07-16,7.3,190
149547,21金街03,金融街控股股份有限公司,5,AAA,02,2021-07-20,3.32,190
149548,21中海03,中海企业发展集团有限公司,4,AAA,02,2021-07-16,3.1,190
149549,21中海04,中海企业发展集团有限公司,4,AAA,02,2021-07-16,3.25,190
149550,21润租G1,华润融资租赁有限公司,3,AAA,02,2021-07-20,3.44,190
149551,21莞金01,东莞市投资控股集团有限公司,5,AA+,02,2021-07-22,3.78,190
149553,21申宏04,申万宏源集团股份有限公司,7,AAA,02,2021-07-21,3.65,190
149555,21青城06,青岛城市建设投资(集团)有限责任公司,8,AAA,02,2021-07-27,3.69,190
149556,21创投K2,深圳市创新投资集团有限公司,3,AAA,02,2021-07-21,3.3,190
149557,21国信05,国信证券股份有限公司,3,AAA,02,2021-07-27,3.16,190
149558,21国信06,国信证券股份有限公司,5,AAA,02,2021-07-27,3.48,190
149559,21申证06,申万宏源证券有限公司,3,AAA,02,2021-07-29,3.13,190
149560,21申证07,申万宏源证券有限公司,10,AAA,02,2021-07-29,3.77,190
149561,21华西债,中国华西企业有限公司,3,AA+,02,2021-07-28,4.39,190
149562,21广发05,广发证券股份有限公司,3,AAA,02,2021-07-29,3.13,190
149563,21广发06,广发证券股份有限公司,5,AAA,02,2021-07-29,3.45,190
149564,21广发07,广发证券股份有限公司,10,AAA,02,2021-07-29,3.77,190
149565,21绿景01,正兴隆房地产(深圳)有限公司,5,AA+,02,2021-08-27,8.5,190
149566,21绿景02,正兴隆房地产(深圳)有限公司,5,AA+,02,2021-08-27,8.8,190
149567,21万科05,万科企业股份有限公司,5,AAA,02,2021-07-29,3.19,190
149568,21万科06,万科企业股份有限公司,7,AAA,02,2021-07-29,3.49,190
149569,21远东D3,远东国际融资租赁有限公司,1,,02,2021-07-29,3.59,190
149570,21长城05,长城证券股份有限公司,2,AAA,02,2021-07-30,3.07,190
149571,21长城06,长城证券股份有限公司,3,AAA,02,2021-07-30,3.24,190
149572,21DJLQ02,中电建路桥集团有限公司,3,AAA,02,2021-07-30,3.2,190
149573,21DJLQ03,中电建路桥集团有限公司,5,AAA,02,2021-07-30,3.57,190
149574,21申证08,申万宏源证券有限公司,3,AAA,02,2021-08-03,3.04,190
149575,21申证09,申万宏源证券有限公司,5,AAA,02,2021-08-03,3.38,190
149576,21深投03,深圳市投资控股有限公司,5,AAA,02,2021-08-05,3.38,190
149577,21广能01,广西能源集团有限公司,3,AA+,02,2021-08-05,5,190
149578,21申宏05,申万宏源集团股份有限公司,3,AAA,02,2021-08-10,2.99,190
149579,21申宏06,申万宏源集团股份有限公司,5,AAA,02,2021-08-10,3.38,190
149580,21绵投02,绵阳市投资控股(集团)有限公司,5,AA+,02,2021-08-11,5.5,190
149581,21青城07,青岛城市建设投资(集团)有限责任公司,9,AAA,02,2021-08-11,3.23,190
149582,21青城08,青岛城市建设投资(集团)有限责任公司,8,AAA,02,2021-08-11,3.57,190
149583,21海垦V1,海南省农垦投资控股集团有限公司,5,AAA,02,2021-08-09,3.49,190
149584,21广新05,广东省广新控股集团有限公司,2,AAA,02,2021-08-09,2.99,190
149585,21滨房02,杭州滨江房产集团股份有限公司,2,AAA,02,2021-08-11,3.84,190
149586,21金街04,金融街控股股份有限公司,5,AAA,02,2021-08-18,3.08,190
149587,21中海05,中海企业发展集团有限公司,4,AAA,02,2021-08-12,2.75,190
149588,21中海06,中海企业发展集团有限公司,7,AAA,02,2021-08-12,3.25,190
149589,21深担01,深圳担保集团有限公司,3,AAA,02,2021-08-16,3.2,190
149590,21万马01,浙江万马股份有限公司,5,AAA,02,2021-08-17,4.3,190
149591,21广开01,广州开发区控股集团有限公司,5,AAA,02,2021-08-23,3.09,190
149593,21广发08,广发证券股份有限公司,1.08,AAA,02,2021-08-20,2.69,190
149594,21广发09,广发证券股份有限公司,2,AAA,02,2021-08-20,2.9,190
149595,21申证14,申万宏源证券有限公司,2,AAA,02,2021-09-28,2.95,190
149596,21广新06,广东省广新控股集团有限公司,2,AAA,02,2021-08-26,3.03,190
149597,21越控03,广州越秀资本控股集团股份有限公司,5,AAA,02,2021-08-19,3.13,190
149598,21越控04,广州越秀资本控股集团股份有限公司,7,AAA,02,2021-08-19,3.52,190
149599,21国元02,国元证券股份有限公司,3,AAA,02,2021-08-20,3.18,190
149600,21宝安01,中国宝安集团股份有限公司,3,AA+,02,2021-08-24,7.3,190
149601,21重发01,重庆发展投资有限公司,5,AAA,02,2021-08-25,3.57,190
149602,21重发02,重庆发展投资有限公司,5,AAA,02,2021-08-25,3.27,190
149603,21风电01,中广核风电有限公司,3,AAA,02,2021-08-26,3.07,190
149604,21红日01,天津红日药业股份有限公司,5,AAA,02,2021-08-27,3.78,190
149606,21长江02,长江证券股份有限公司,3,AAA,02,2021-08-24,3.2,190
149607,21长江03,长江证券股份有限公司,5,AAA,02,2021-08-24,3.58,190
149608,21东北03,东北证券股份有限公司,3,AAA,02,2021-08-26,3.5,190
149609,21越租02,广州越秀融资租赁有限公司,5,AAA,02,2021-08-27,3.38,190
149610,21中交债,中交地产股份有限公司,5,AAA,02,2021-08-30,3.52,190
149611,21一创01,第一创业证券股份有限公司,3,AAA,02,2021-08-31,3.3,190
149612,21一创02,第一创业证券股份有限公司,5,AAA,02,2021-08-31,3.8,190
149613,21广开03,广州开发区控股集团有限公司,6,AAA,02,2021-09-06,3.19,190
149614,21申证10,申万宏源证券有限公司,3,AAA,02,2021-09-02,3.02,190
149615,21申证11,申万宏源证券有限公司,10,AAA,02,2021-09-02,3.75,190
149617,21穗交03,广州交通投资集团有限公司,5,AAA,02,2021-09-09,3.44,190
149618,21盐港02,深圳港集团有限公司,5,AAA,02,2021-09-08,3.5,190
149619,21盐港03,深圳港集团有限公司,3,AAA,02,2021-09-08,3.13,190
149620,21广基01,广州产业投资基金管理有限公司,5,AAA,02,2021-09-24,3.69,190
149621,21榕金01,福州市金融控股集团有限公司,3,AA+,02,2021-09-09,3.5,190
149622,21顺丰D3,深圳顺丰泰森控股(集团)有限公司,1,AAA,02,2021-09-09,2.79,190
149623,21中旅02,中国旅游集团有限公司,5,AAA,02,2021-09-15,3.5,190
149624,21深G11,深圳市地铁集团有限公司,5,AAA,02,2021-09-10,3.35,190
149625,21深G12,深圳市地铁集团有限公司,10,AAA,02,2021-09-10,3.7,190
149626,21申证12,申万宏源证券有限公司,3,AAA,02,2021-09-17,3.05,190
149627,21申证13,申万宏源证券有限公司,5,AAA,02,2021-09-17,3.4,190
149628,21穗环G1,广州环保投资集团有限公司,3.04,AAA,02,2021-09-16,3.47,190
149629,21深投04,深圳市投资控股有限公司,3,AAA,02,2021-09-17,3.05,190
149632,H1碧地03,碧桂园地产集团有限公司,4,AAA,02,2021-09-17,4.33,190
149633,21广发10,广发证券股份有限公司,3,AAA,02,2021-09-24,3.1,190
149634,21广发11,广发证券股份有限公司,5,AAA,02,2021-09-24,3.5,190
149635,21广发12,广发证券股份有限公司,10,AAA,02,2021-09-24,3.9,190
149636,21冀东02,金隅冀东水泥集团股份有限公司,5,AAA,02,2021-10-19,3.57,190
149637,21广新Y1,广东省广新控股集团有限公司,2.06,AAA,02,2021-09-24,3.95,190
149638,21澄港04,江阴临港新城开发建设有限公司,5,AAA,02,2021-10-22,4.11,190
149639,21金街05,金融街控股股份有限公司,5,AAA,02,2021-09-27,3.33,190
149640,21申证15,申万宏源证券有限公司,3,AAA,02,2021-09-28,3.1,190
149641,21长城07,长城证券股份有限公司,3,AAA,02,2021-09-30,3.3,190
149642,21长城08,长城证券股份有限公司,5,AAA,02,2021-09-30,3.69,190
149643,21DJLQ04,中电建路桥集团有限公司,3,AAA,02,2021-10-08,3.43,190
149645,21江门01,江门市城市发展投资集团有限公司,5,AA+,02,2021-10-11,3.54,190
149646,21江门02,江门市城市发展投资集团有限公司,5,AA+,02,2021-10-11,4.18,190
149647,21青城09,青岛城市建设投资(集团)有限责任公司,9,AAA,02,2021-10-11,3.43,190
149648,21青城10,青岛城市建设投资(集团)有限责任公司,8,AAA,02,2021-10-11,3.88,190
149649,21岸资01,武汉市江岸国有资产经营管理有限责任公司,5,AA+,02,2021-12-01,3.35,190
149650,21广发16,广发证券股份有限公司,2,AAA,02,2021-11-04,3.1,190
149651,21粤海02,广东粤海控股集团有限公司,5,AAA,02,2021-10-15,3.28,190
149653,21仁寿03,仁寿发展投资集团有限公司,3,AAA,02,2021-10-18,5.4,190
149656,21长江04,长江证券股份有限公司,1.02,AAA,02,2021-10-21,2.85,190
149657,21长江05,长江证券股份有限公司,3,AAA,02,2021-10-21,3.35,190
149658,21广发13,广发证券股份有限公司,3,AAA,02,2021-10-21,3.3,190
149661,21圆融K1,厦门金圆投资集团有限公司,3,AAA,02,2021-10-26,3.4,190
149662,21圆融K2,厦门金圆投资集团有限公司,5,AAA,02,2021-10-26,3.87,190
149664,21湘路08,湖南省高速公路集团有限公司,5,AAA,02,2021-10-28,3.55,190
149665,21特信02,深圳市特发信息股份有限公司,3,AAA,02,2021-10-27,3.5,190
149666,21特信03,深圳市特发信息股份有限公司,5,AAA,02,2021-10-27,3.6,190
149667,21珠港01,珠海港股份有限公司,5,AA+,02,2021-10-22,4.2,190
149668,21徐工02,徐工集团工程机械股份有限公司,3,AAA,02,2021-10-26,3.58,190
149670,21基建01,天津天保基建股份有限公司,3,AAA,02,2021-11-01,6.5,190
149671,21厦港01,厦门国际港务有限公司,5,AAA,02,2021-10-27,3.43,190
149672,21润租G2,华润融资租赁有限公司,3,AAA,02,2021-10-28,3.43,190
149673,21国信10,国信证券股份有限公司,3,AAA,02,2021-10-28,3.28,190
149674,21国信11,国信证券股份有限公司,5,AAA,02,2021-10-28,3.63,190
149675,21山证01,山西证券股份有限公司,3,AAA,02,2021-10-29,3.5,190
149676,21深能01,深圳能源集团股份有限公司,5,AAA,02,2021-10-28,3.57,190
149677,21深能02,深圳能源集团股份有限公司,10,AAA,02,2021-10-28,3.88,190
149678,21深投05,深圳市投资控股有限公司,3,AAA,02,2021-10-29,3.27,190
149680,21北新G1,北新集团建材股份有限公司,3,AAA,02,2021-11-03,3.2,190
149682,21越租03,广州越秀融资租赁有限公司,2,AAA,02,2021-11-03,3.39,190
149683,21深投06,深圳市投资控股有限公司,5,AAA,02,2021-11-04,3.52,190
149684,21深担02,深圳担保集团有限公司,3,AAA,02,2021-11-04,3.35,190
149686,21重发04,重庆发展投资有限公司,5,AAA,02,2021-12-01,3.49,190
149687,21广发17,广发证券股份有限公司,3,AAA,02,2021-11-04,3.3,190
149689,21国际P1,深圳国际控股有限公司,6,AAA,02,2021-11-05,3.29,190
149691,21粤海03,广东粤海控股集团有限公司,5,AAA,02,2021-11-08,3.18,190
149692,21广新D1,广东省广新控股集团有限公司,0.15,,02,2021-11-08,2.89,190
149693,21东华01,东华能源股份有限公司,5,AA+,02,2021-11-05,4.65,190
149694,21金桂01,广西金桂浆纸业有限公司,5,AA+,02,2021-11-05,7.45,190
149695,21广新D2,广东省广新控股集团有限公司,0.16,AAA,02,2021-11-11,2.75,190
149696,21广新D3,广东省广新控股集团有限公司,0.34,AA+,02,2021-11-11,2.8,190
149697,21穗交04,广州交通投资集团有限公司,5,AAA,02,2021-11-16,3.46,190
149698,21泉旅02,泉州文化旅游发展集团有限公司,3,AA+,02,2021-11-16,3.65,190
149699,21广金03,广州金融控股集团有限公司,3,AAA,02,2021-11-17,3.1,190
149701,21国经02,四川省国有资产经营投资管理有限责任公司,5,AAA,02,2021-11-19,4.25,190
149702,21广发19,广发证券股份有限公司,3,AAA,02,2021-11-23,3.15,190
149703,21广发20,广发证券股份有限公司,5,AAA,02,2021-11-23,3.5,190
149704,21广发21,广发证券股份有限公司,10,AAA,02,2021-11-23,3.85,190
149705,21福投04,福建省投资开发集团有限责任公司,3,AAA,02,2021-11-22,3.12,190
149706,21电科投,中电科投资控股有限公司,3,AA+,02,2021-11-24,3.75,190
149707,21深D13,深圳市地铁集团有限公司,1,AAA,02,2021-11-24,2.77,190
149708,21山证02,山西证券股份有限公司,3,AAA,02,2021-11-25,3.24,190
149709,21国信12,国信证券股份有限公司,3,AAA,02,2021-11-29,3.09,190
149710,21国信13,国信证券股份有限公司,5,AAA,02,2021-11-29,3.43,190
149711,21粤电03,广东电力发展股份有限公司,5,AAA,02,2021-12-01,3.41,190
149712,21中海07,中海企业发展集团有限公司,3,AAA,02,2021-12-01,3.08,190
149713,21中海08,中海企业发展集团有限公司,5,AAA,02,2021-12-01,3.38,190
149714,21广金04,广州金融控股集团有限公司,5,AAA,02,2021-12-01,3.45,190
149715,21广金05,广州金融控股集团有限公司,10,AAA,02,2021-12-01,3.94,190
149716,21深水01,深圳市水务(集团)有限公司,3,AAA,02,2021-12-03,3.09,190
149717,21深水02,深圳市水务(集团)有限公司,5,AAA,02,2021-12-03,3.41,190
149718,21热力01,北京市热力集团有限责任公司,3,AAA,02,2021-12-02,3.09,190
149719,21桂交02,广西交通投资集团有限公司,5,AAA,02,2021-12-03,3.48,190
149720,21克投01,克拉玛依市城市建设投资发展有限责任公司,5,AAA,02,2021-12-02,3.88,190
149721,21榕金V1,福州市金融控股集团有限公司,3,AA+,02,2021-12-20,3.31,190
149722,21科城02,科学城(广州)投资集团有限公司,3,AA+,02,2021-12-21,3.69,190
149724,21湘路10,湖南省高速公路集团有限公司,5,AAA,02,2021-12-07,3.24,190
149725,21深铁14,深圳市地铁集团有限公司,2,AAA,02,2021-12-08,2.89,190
149726,21武铁Y1,武汉地铁集团有限公司,9.01,AAA,02,2021-12-07,3.24,190
149727,21泸发展,泸州产业发展投资集团有限公司,5,AAA,02,2021-12-08,5.5,190
149728,21科城01,科学城(广州)投资集团有限公司,3,AA+,02,2021-12-09,3.76,190
149729,21广金06,广州金融控股集团有限公司,3,AAA,02,2021-12-09,3.06,190
149730,21广金07,广州金融控股集团有限公司,5,AAA,02,2021-12-09,3.45,190
149731,21鄂交Y4,湖北交通投资集团有限公司,0.43,AAA,02,2021-12-10,3.3,190
149732,21鄂交Y5,湖北交通投资集团有限公司,0.93,AAA,02,2021-12-10,3.8,190
149733,21华资01,华能资本服务有限公司,3,AAA,02,2021-12-09,3.14,190
149734,21华资02,华能资本服务有限公司,5,AAA,02,2021-12-09,3.53,190
149737,21青城11,青岛城市建设投资(集团)有限责任公司,9,AAA,02,2021-12-17,3.2,190
149739,21天健Y1,深圳市天健(集团)股份有限公司,0.98,AAA,02,2021-12-16,4.15,190
149740,21华股03,华西证券股份有限公司,3,AAA,02,2021-12-15,3.13,190
149741,21天马02,天马微电子股份有限公司,5,AAA,02,2021-12-15,3.7,190
149742,21深能Y2,深圳能源集团股份有限公司,1.75,AAA,02,2021-12-14,3.23,190
149743,21建能02,河北建投能源投资股份有限公司,5,AAA,02,2021-12-22,3.17,190
149744,21津保01,天津保税区投资控股集团有限公司,3,AAA,02,2021-12-21,6.5,190
149745,21金街06,金融街控股股份有限公司,5,AAA,02,2021-12-23,3.28,190
149746,21金街07,金融街控股股份有限公司,5,AAA,02,2021-12-23,3.7,190
149747,21润置02,华润置地控股有限公司,3,AAA,02,2021-12-24,3.05,190
149748,H1碧地04,碧桂园地产集团有限公司,4,AAA,02,2021-12-27,6.3,190
149749,21中海09,中海企业发展集团有限公司,3,AAA,02,2021-12-24,2.98,190
149750,21中海10,中海企业发展集团有限公司,5,AAA,02,2021-12-24,3.38,190
149751,21仁寿07,仁寿发展投资集团有限公司,3,AAA,02,2021-12-24,6,190
149753,21泸发02,泸州产业发展投资集团有限公司,5,AAA,02,2021-12-28,5.5,190
149755,21湘路11,湖南省高速公路集团有限公司,7,AAA,02,2022-01-04,3.53,190
149756,21湘路12,湖南省高速公路集团有限公司,5,AAA,02,2022-01-04,3.17,190
149757,21铁隧Y1,中铁隧道局集团有限公司,0.66,AAA,02,2021-12-31,3.3,190
149758,21铁隧Y2,中铁隧道局集团有限公司,1.67,AAA,02,2021-12-31,3.5,190
149759,21东财04,东方财富证券股份有限公司,2,AAA,02,2021-12-30,3,190
149760,21东财05,东方财富证券股份有限公司,3,AAA,02,2021-12-30,3.1,190
149763,21嘉投03,浙江嘉兴国有资本投资运营有限公司,10,AAA,02,2021-12-31,4.2,190
149764,22鲲鹏01,深圳市鲲鹏股权投资管理有限公司,3,AAA,02,2022-01-14,2.98,190
149765,22焦能01,山西焦煤能源集团股份有限公司,5,AAA,02,2022-01-24,3.18,190
149766,22一创01,第一创业证券股份有限公司,3,AAA,02,2022-01-17,3.3,190
149767,22一创02,第一创业证券股份有限公司,5,AAA,02,2022-01-17,3.88,190
149768,22国际P1,深圳国际控股有限公司,6,AAA,02,2022-01-18,2.95,190
149770,22广资01,广州资产管理有限公司,3,AAA,02,2022-01-18,3,190
149771,22广资02,广州资产管理有限公司,5,AAA,02,2022-01-18,3.42,190
149772,22华股01,华西证券股份有限公司,3,AAA,02,2022-01-17,3.05,190
149773,22长城01,长城证券股份有限公司,3,AAA,02,2022-01-17,3,190
149774,22长城02,长城证券股份有限公司,5,AAA,02,2022-01-17,3.4,190
149775,22国信01,国信证券股份有限公司,3,AAA,02,2022-01-19,2.92,190
149776,22国信02,国信证券股份有限公司,5,AAA,02,2022-01-19,3.28,190
149777,22中武01,中国武夷实业股份有限公司,3,AA,02,2022-01-25,5.46,190
149779,22西部01,西部证券股份有限公司,3,AAA,02,2022-01-24,3.04,190
149780,22广铁01,广州地铁集团有限公司,5,AAA,02,2022-01-24,3.2,190
149781,22长江01,长江证券股份有限公司,3,AAA,02,2022-01-24,2.98,190
149782,22中粮01,中粮置业投资有限公司,5,AAA,02,2022-01-27,3.08,190
149783,22中粮02,中粮置业投资有限公司,7,AAA,02,2022-01-27,3.49,190
149784,22不动01,平安不动产有限公司,3,AAA,02,2022-01-24,3.6,190
149785,22赣水01,江西省水利投资集团有限公司,3,AA+,02,2022-01-25,3,190
149786,22川能01,四川省能源投资集团有限责任公司,5,AAA,02,2022-01-25,3.45,190
149787,22深机01,深圳市机场(集团)有限公司,3,AAA,02,2022-01-27,2.87,190
149788,22广新01,广东省广新控股集团有限公司,3,AAA,02,2022-01-27,2.98,190
149789,22申证01,申万宏源证券有限公司,3,AAA,02,2022-01-26,2.8,190
149790,22申证02,申万宏源证券有限公司,10,AAA,02,2022-01-26,3.6,190
149791,22华林01,华林证券股份有限公司,2,AA+,02,2022-02-07,4.5,190
149792,22电建01,中国电建地产集团有限公司,5,AAA,02,2022-01-26,3.42,190
149793,22火炬01,厦门火炬集团有限公司,3,AA,02,2022-02-07,3.3,190
149794,22火炬02,厦门火炬集团有限公司,5,AA,02,2022-02-07,3.6,190
149795,22龙城01,太原市龙城发展投资集团有限公司,3,AAA,02,2022-02-07,2.96,190
149796,22龙城02,太原市龙城发展投资集团有限公司,5,AAA,02,2022-02-07,3.5,190
149797,22新资01,新疆金投资产管理股份有限公司,5,AA+,02,2022-02-08,6,190
149798,22舜通01,宁波舜通集团有限公司,5,AA+,02,2022-02-09,3.77,190
149799,22能投01,云南省能源投资集团有限公司,3,AAA,02,2022-02-09,5.55,190
149800,22绵投01,绵阳市投资控股(集团)有限公司,5,AA+,02,2022-02-16,5.8,190
149801,22天马01,天马微电子股份有限公司,3,AAA,02,2022-02-24,3.1,190
149802,22长城03,长城证券股份有限公司,5,AAA,02,2022-02-24,3.38,190
149803,H2金科01,金科地产集团股份有限公司,4,AAA,02,2022-02-22,8,190
149804,22鄂交Y1,湖北交通投资集团有限公司,2.44,AAA,02,2022-02-28,3.68,190
149805,22广开01,广州开发区控股集团有限公司,9,AAA,02,2022-03-03,2.95,190
149806,22株高01,株洲高科集团有限公司,5,AA+,02,2022-02-24,5.7,190
149807,22国信03,国信证券股份有限公司,3,AAA,02,2022-03-01,2.95,190
149808,22光大Y1,中国光大集团股份公司,1.04,AAA,02,2022-03-01,3.6,190
149809,22申证03,申万宏源证券有限公司,3,AAA,02,2022-03-01,2.95,190
149811,22深水G1,深圳市水务(集团)有限公司,5,AAA,02,2022-03-09,3.42,190
149812,22太阳G1,中节能太阳能股份有限公司,5,AA+,02,2022-03-03,3.32,190
149813,22陕投01,陕西投资集团有限公司,5,AAA,02,2022-03-07,3.69,190
149814,22万科01,万科企业股份有限公司,3,AAA,02,2022-03-09,3.14,190
149815,22万科02,万科企业股份有限公司,5,AAA,02,2022-03-09,3.64,190
149816,22广金01,广州金融控股集团有限公司,5,AAA,02,2022-03-10,3.5,190
149817,22风电G1,中广核风电有限公司,3,AAA,02,2022-03-15,2.95,190
149818,22风电G2,中广核风电有限公司,10,AAA,02,2022-03-15,3.79,190
149820,22湘路02,湖南省高速公路集团有限公司,5,AAA,02,2022-03-09,3.12,190
149821,22招租G1,招商局融资租赁有限公司,3,AAA,02,2022-03-10,3.05,190
149824,22潍投02,潍坊市投资集团有限公司,3,AAA,02,2022-03-11,4.7,190
149825,22申宏01,申万宏源集团股份有限公司,3,AAA,02,2022-03-14,3.11,190
149826,22申宏02,申万宏源集团股份有限公司,5,AAA,02,2022-03-14,3.5,190
149827,22恒达01,珠海恒基达鑫国际化工仓储股份有限公司,3,AAA,02,2022-03-15,4.7,190
149828,22东财01,东方财富证券股份有限公司,2,AAA,02,2022-03-14,2.98,190
149829,22东财02,东方财富证券股份有限公司,3,AAA,02,2022-03-14,3.07,190
149830,22深铁D1,深圳市地铁集团有限公司,1,AA+,02,2022-03-16,2.64,190
149831,22华资01,华能资本服务有限公司,3,AAA,02,2022-03-14,3.2,190
149832,22华资02,华能资本服务有限公司,5,AAA,02,2022-03-14,3.68,190
149833,22攀钢01,攀钢集团有限公司,3,AAA,02,2022-03-21,3.59,190
149834,22光大Y2,中国光大集团股份公司,2.53,AAA,02,2022-03-16,3.64,190
149835,22天马02,天马微电子股份有限公司,3,AAA,02,2022-03-17,3.35,190
149837,22西部02,西部证券股份有限公司,2,AAA,02,2022-03-21,3.18,190
149838,22西部03,西部证券股份有限公司,3,AAA,02,2022-03-21,3.35,190
149839,22顺丰D1,深圳顺丰泰森控股(集团)有限公司,1,AAA,02,2022-03-17,2.82,190
149840,22深水02,深圳市水务(集团)有限公司,3,AAA,02,2022-03-22,3.14,190
149841,22知投G1,知识城(广州)投资集团有限公司,5,AAA,02,2022-03-17,3.09,190
149843,22广晟01,广东省广晟控股集团有限公司,5,AAA,02,2022-03-21,3.4,190
149845,22深投01,深圳市投资控股有限公司,5,AAA,02,2022-03-24,3.59,190
149846,22中海01,中海企业发展集团有限公司,3,AAA,02,2022-04-19,3.05,190
149847,22中海02,中海企业发展集团有限公司,5,AAA,02,2022-04-19,3.5,190
149848,22吉电G1,国电投绿色能源股份有限公司,5,AAA,02,2022-03-24,3.8,190
149849,22国信04,国信证券股份有限公司,3,AAA,02,2022-03-31,3.17,190
149850,22中材G1,中材科技股份有限公司,3,AAA,02,2022-03-28,3.28,190
149851,22广开Y1,广州开发区控股集团有限公司,0.92,AAA,02,2022-03-28,3.4,190
149852,22申证05,申万宏源证券有限公司,3,AAA,02,2022-03-30,3.18,190
149853,22申证06,申万宏源证券有限公司,5,AAA,02,2022-03-30,3.53,190
149854,22粤科01,广东省粤科金融集团有限公司,5,AAA,02,2022-03-28,2.96,190
149855,22润金01,华润金控投资有限公司,3,AAA,02,2022-03-30,3.25,190
149856,22北港01,广西北部湾国际港务集团有限公司,3,AAA,02,2022-04-01,4,190
149857,22东北01,东北证券股份有限公司,3,AAA,02,2022-03-30,3.48,190
149858,22新资02,新疆金投资产管理股份有限公司,5,AA+,02,2022-03-31,5.5,190
149859,22金街01,金融街控股股份有限公司,5,AAA,02,2022-04-06,3.48,190
149861,22BOEY1,京东方科技集团股份有限公司,1.04,AAA,02,2022-04-07,3.5,190
149862,22华润Y1,华润电力投资有限公司,1.04,AAA,02,2022-09-07,2.78,190
149863,22株高02,株洲高科集团有限公司,5,,02,2022-04-01,5.7,190
149864,22穗环G1,广州环保投资集团有限公司,0.53,AAA,02,2022-04-08,3.35,190
149865,22广晟03,广东省广晟控股集团有限公司,5,AA+,02,2022-04-01,3.4,190
149867,22长开04,重庆长寿开发投资(集团)有限公司,5,AAA,02,2022-04-06,6.5,190
149869,22东莞01,东莞证券股份有限公司,3,AA+,02,2022-04-11,3.5,190
149870,22海普瑞,深圳市海普瑞药业集团股份有限公司,3,AAA,02,2022-04-11,3.9,190
149871,22电建02,中国电建地产集团有限公司,5,AAA,02,2022-04-11,3.83,190
149873,22力合01,力合科创集团有限公司,5,AA+,02,2022-04-20,3.5,190
149874,22深铁D2,深圳市地铁集团有限公司,1,A-1,02,2022-04-15,2.55,190
149875,22深铁G3,深圳市地铁集团有限公司,3,AAA,02,2022-04-15,2.97,190
149876,22江泥01,江西万年青水泥股份有限公司,5,AA+,02,2022-04-21,3.2,190
149877,22福投01,福建省投资开发集团有限责任公司,3,AAA,02,2022-04-21,2.97,190
149878,22顺丰D2,深圳顺丰泰森控股(集团)有限公司,1,,02,2022-04-25,2.73,190
149879,22粤垦01,广东省农垦集团公司,3,AAA,02,2022-04-26,2.9,190
149880,22津保01,天津保税区投资控股集团有限公司,3,AAA,02,2022-04-27,7,190
149881,22厦港01,厦门国际港务有限公司,5,AAA,02,2022-05-05,3.05,190
149883,22湘路04,湖南省高速公路集团有限公司,5,AAA,02,2022-04-26,3.13,190
149884,22天马04,天马微电子股份有限公司,3,AAA,02,2022-04-26,3.35,190
149885,22天马05,天马微电子股份有限公司,5,AAA,02,2022-04-26,3.98,190
149887,22润置02,华润置地控股有限公司,5,AAA,02,2022-04-29,3.63,190
149888,22鲲鹏02,深圳市鲲鹏股权投资管理有限公司,3,AAA,02,2022-04-29,3.2,190
149889,22赣投Y1,江西省投资集团有限公司,,AAA,02,2022-04-28,3.4,190
149890,22粤高01,广东省高速公路有限公司,10,AAA,02,2022-05-05,3.4,190
149891,22粤高02,广东省高速公路有限公司,15,AAA,02,2022-05-05,3.78,190
149892,22润金Y1,华润金控投资有限公司,5.95,AAA,02,2022-04-29,3.5,190
149893,22香建01,中山城市建设集团有限公司,5,AA+,02,2022-05-06,3.19,190
149894,22光实01,中国光大实业(集团)有限责任公司,3,AA,02,2022-05-05,4.06,190
149895,22粤路01,广东省公路建设有限公司,7,AAA,02,2022-04-28,3.4,190
149896,22深资01,深圳市资本运营集团有限公司,3,AAA,02,2022-05-05,3.05,190
149898,22申宏03,申万宏源集团股份有限公司,3,AAA,02,2022-05-06,3.06,190
149899,22申宏04,申万宏源集团股份有限公司,5,AAA,02,2022-05-06,3.45,190
149900,22国元01,国元证券股份有限公司,3,AAA,02,2022-05-05,3.03,190
149901,22国元02,国元证券股份有限公司,5,AAA,02,2022-05-05,3.49,190
149902,22长新01,长春新区发展集团有限公司,3,AAA,02,2022-05-05,6,190
149903,22润置03,华润置地控股有限公司,3,AA+,02,2022-05-09,2.79,190
149905,22鄂交Y4,湖北交通投资集团有限公司,0.5,AAA,02,2022-05-12,3.32,190
149906,22鄂交Y5,湖北交通投资集团有限公司,0.25,AAA,02,2022-05-12,3.86,190
149907,22西部04,西部证券股份有限公司,2,AAA,02,2022-05-12,2.92,190
149908,22西部05,西部证券股份有限公司,3,AAA,02,2022-05-12,3.1,190
149909,22不动02,平安不动产有限公司,3,AAA,02,2022-05-12,3.85,190
149910,22鲲鹏03,深圳市鲲鹏股权投资管理有限公司,3,AAA,02,2022-05-11,3.15,190
149911,22盐资01,海盐县国有资产经营有限公司,10,,02,2022-05-10,3.55,190
149912,22广新02,广东省广新控股集团有限公司,3,AAA,02,2022-05-19,3.1,190
149913,22中海03,中海企业发展集团有限公司,3,AAA,02,2022-05-17,2.75,190
149914,22中海04,中海企业发展集团有限公司,5,AAA,02,2022-05-17,3.48,190
149915,22金街03,金融街控股股份有限公司,5,AAA,02,2022-05-19,3.16,190
149916,22金街04,金融街控股股份有限公司,5,AAA,02,2022-05-19,3.54,190
149917,22鲲鹏K4,深圳市鲲鹏股权投资管理有限公司,3,AAA,02,2022-05-30,3.05,190
149918,22创投01,深圳市创新投资集团有限公司,5,AAA,02,2022-05-30,3.38,190
149920,22光大Y3,中国光大集团股份公司,1.05,AAA,02,2022-06-02,3.4,190
149921,22大成02,江西省农业发展集团有限公司,5,AA+,02,2022-07-15,1,190
149922,22金街05,金融街控股股份有限公司,5,AAA,02,2022-06-13,3.08,190
149923,22金街06,金融街控股股份有限公司,5,AAA,02,2022-06-13,3.53,190
149924,22DJLQ01,中电建路桥集团有限公司,3,,02,2022-06-07,2.98,190
149925,22深安居,深圳市安居集团有限公司,3,AAA,02,2022-06-07,2.88,190
149926,22深能01,深圳能源集团股份有限公司,3,AAA,02,2022-06-08,2.8,190
149927,22深能02,深圳能源集团股份有限公司,10,AAA,02,2022-06-08,3.64,190
149928,22润置04,华润置地控股有限公司,3,AAA,02,2022-06-09,2.6,190
149929,22润置05,华润置地控股有限公司,5,AAA,02,2022-06-09,3.3,190
149930,22万科03,万科企业股份有限公司,5,AAA,02,2022-06-10,2.9,190
149931,22万科04,万科企业股份有限公司,7,AAA,02,2022-06-10,3.53,190
149932,22绵投02,绵阳市投资控股(集团)有限公司,5,AA+,02,2022-06-10,4.38,190
149933,22建房F1,建发房地产集团有限公司,6,AAA,02,2022-06-10,3.4,190
149934,22建房F2,建发房地产集团有限公司,7,AAA,02,2022-06-10,4.32,190
149935,22深铁D4,深圳市地铁集团有限公司,1,A-1,02,2022-06-14,2.44,190
149936,22深铁G5,深圳市地铁集团有限公司,3,AAA,02,2022-06-14,2.85,190
149938,22蛇口02,招商局蛇口工业区控股股份有限公司,5,AAA,02,2022-06-15,3.5,190
149939,22武铁Y1,武汉地铁集团有限公司,2.06,AAA,02,2022-06-16,3.49,190
149940,22涪陵05,重庆市涪陵国有资产投资经营集团有限公司,5,AA+,02,2022-06-16,3.99,190
149941,22粤垦02,广东省农垦集团公司,3,,02,2022-06-21,2.7,190
149942,22深投03,深圳市投资控股有限公司,3,AAA,02,2022-06-17,2.88,190
149943,22深投04,深圳市投资控股有限公司,5,AAA,02,2022-06-17,3.35,190
149944,22越控01,广州越秀资本控股集团股份有限公司,5,AAA,02,2022-06-20,2.8,190
149945,22株高03,株洲高科集团有限公司,5,AAA,02,2022-06-22,5.7,190
149946,22电建03,中国电建地产集团有限公司,5,AAA,02,2022-06-22,3.39,190
149947,22深安02,深圳市安居集团有限公司,3,AAA,02,2022-06-23,2.98,190
149948,22赣金01,江西省金融资产管理股份有限公司,3,AA+,02,2022-06-21,4.4,190
149949,22西部06,西部证券股份有限公司,3,AAA,02,2022-06-23,3.05,190
149950,22中海05,中海企业发展集团有限公司,3,AAA,02,2022-09-26,2.4,190
149951,22中海06,中海企业发展集团有限公司,5,AAA,02,2022-09-26,3.15,190
149952,22珠港Y1,珠海港股份有限公司,,AA+,02,2022-07-01,3.8,190
149953,22创投02,深圳市创新投资集团有限公司,5,AAA,02,2022-06-29,3.49,190
149955,22火炬03,厦门火炬集团有限公司,3,,02,2022-06-28,3,190
149956,22蛇口03,招商局蛇口工业区控股股份有限公司,3,AAA,02,2022-06-28,2.9,190
149957,22蛇口04,招商局蛇口工业区控股股份有限公司,5,AAA,02,2022-06-28,3.4,190
149958,22光大Y4,中国光大集团股份公司,,AAA,02,2022-06-30,3.48,190
149960,22珠华Y1,珠海华发集团有限公司,,AAA,02,2022-07-05,3.89,190
149961,22深担K1,深圳担保集团有限公司,3,AAA,02,2022-07-04,3,190
149962,22川资01,四川发展资产管理有限公司,3,AAA,02,2022-07-04,3.65,190
149963,22山证01,山西证券股份有限公司,3,AAA,02,2022-07-04,3.09,190
149965,22广金K1,广州金融控股集团有限公司,5,,02,2022-07-01,2.65,190
149966,22不动03,平安不动产有限公司,3,AAA,02,2022-07-06,4.1,190
149968,22攀钢02,攀钢集团有限公司,3,AAA,02,2022-07-12,3.33,190
149969,22绵投03,绵阳市投资控股(集团)有限公司,5,AA+,02,2022-07-07,4,190
149970,22盐资02,海盐县国有资产经营有限公司,10,AAA,02,2022-07-05,3.76,190
149971,22河钢Y1,河钢股份有限公司,1.9,AAA,02,2022-07-12,3.4,190
149972,22东财03,东方财富证券股份有限公司,2,AAA,02,2022-07-13,2.79,190
149973,22东财04,东方财富证券股份有限公司,3,AAA,02,2022-07-13,3,190
149975,22万科05,万科企业股份有限公司,5,AAA,02,2022-07-13,3.21,190
149976,22万科06,万科企业股份有限公司,7,AAA,02,2022-07-13,3.7,190
149977,22长江02,长江证券股份有限公司,3,AAA,02,2022-07-19,2.97,190
149978,22国元03,国元证券股份有限公司,3,AAA,02,2022-07-15,3,190
149980,22润置07,华润置地控股有限公司,5,AAA,02,2022-07-20,3.37,190
149981,22海垦01,海南省农垦投资控股集团有限公司,5,,02,2022-07-19,3.15,190
149983,22深能Y1,深圳能源集团股份有限公司,1.94,AAA,02,2022-07-19,3.07,190
149984,22深能Y2,深圳能源集团股份有限公司,1.07,AAA,02,2022-07-19,3.46,190
149985,22山证03,山西证券股份有限公司,3,,02,2022-07-19,3.04,190
149987,22康佳01,康佳集团股份有限公司,3,AAA,02,2022-07-20,3.23,190
149989,22广发01,广发证券股份有限公司,3,AAA,02,2022-07-22,2.85,190
149990,22广发02,广发证券股份有限公司,5,AAA,02,2022-07-22,3.24,190
149991,22广发03,广发证券股份有限公司,10,AAA,02,2022-07-22,3.7,190
149992,22交通01,珠海交通集团有限公司,3,AA+,02,2022-07-22,3.07,190
149994,22山路01,山东高速路桥集团股份有限公司,5,AA+,02,2022-07-22,3.03,190
149995,22赣水Y1,江西省水利投资集团有限公司,2.06,AAA,02,2022-07-25,3.07,190
149996,22华股02,华西证券股份有限公司,3,AAA,02,2022-07-26,2.93,190
149997,22穗交Y1,广州交通投资集团有限公司,2.06,AAA,02,2022-07-27,3.4,190
149998,22知投G2,知识城(广州)投资集团有限公司,5,AAA,02,2022-07-26,3.08,190
149999,22电建04,中国电建地产集团有限公司,5,AAA,02,2022-08-03,3.34,190
152000,21成交01,成都交通投资集团有限公司,3,AAA,03,2021-06-22,3.57,30
152001,PR温岭02,温岭市国有资产投资集团有限公司,7,AA+,03,2018-11-22,5.43,30
152002,PR朔州01,朔州市投资建设开发有限公司,7,AA,03,2018-11-13,7.5,30
152003,PR西工01,安顺市西秀区工业投资(集团)有限公司,7,AA,03,2018-11-27,7.9,30
152004,PR尖山02,海宁市尖山新区开发有限公司,7,AA+,03,2018-11-28,6.15,30
152005,PR安吉01,安吉县产业投资发展集团有限公司,7,AA+,03,2018-11-29,7,0
152006,PR海城发,海宁市城市发展投资集团有限公司,7,AA+,03,2018-12-06,5.47,30
152007,PR绵安02,绵阳安州投资控股集团有限公司,7,AAA,03,2018-12-04,8.1,0
152008,PR孟投02,孟州市投资开发有限公司,7,AAA,03,2018-11-22,8,30
152009,PR18赤壁,赤壁市蓝天城市建设投资开发有限责任公司,7,AAA,03,2018-12-17,6.95,0
152010,PR梧州01,梧州市城市建设投资开发有限公司,10,AAA,03,2018-12-24,7.95,0
152011,18京投09,北京市基础设施投资有限公司,10,AAA,03,2018-12-07,4.25,30
152012,18京投10,北京市基础设施投资有限公司,15,AAA,03,2018-12-07,4.57,30
152013,PR泰兴黄,泰兴市兴黄综合投资开发有限公司,7,AA,03,2018-12-03,8.5,30
152014,PR西苑01,洛阳西苑国有资本投资有限公司,7,AA,03,2018-12-10,7.5,30
152015,PR永安01,永安市国有资产投资经营有限责任公司,7,AA,03,2018-12-25,8.5,0
152016,PR水城务,贵州水城水务投资有限责任公司,7,AA,03,2019-09-20,8,30
152017,PR18滨江,南京滨江投资发展有限公司,7,AA+,03,2018-12-13,5.77,30
152018,PR振东01,临沂振东建设投资有限公司,7,AA,03,2018-12-11,7.5,30
152019,PR南溪02,宜宾市南溪区财源国有资产经营有限责任公司,7,AAA,03,2018-12-11,8.1,30
152020,18和济01,江西和济投资有限公司,4,AA,03,2018-12-20,7.6,0
152021,PR易盛德,扬州易盛德产业投资集团有限公司,10,AAA,03,2018-12-19,5.22,30
152022,PR邵赛02,邵阳赛双清建设投资经营集团有限公司,7,AAA,03,2018-12-13,8,30
152023,PR18宁铁,南京地铁集团有限公司,5,AAA,03,2018-12-28,4.22,30
152024,PR铜管廊,铜仁水务集团有限公司,10,AA,03,2018-12-26,8,0
152026,PR博望02,马鞍山市宁博投资发展有限责任公司,7,AA,03,2018-12-11,7.8,0
152027,PR桐产投,桐乡市崇德投资发展集团有限公司,7,AA,03,2018-12-11,7.88,30
152028,PR百东02,广西百色试验区发展集团有限公司,7,AA,03,2019-01-11,7.6,30
152029,PR信丰01,信丰县城市建设投资开发有限公司,7,AAA,03,2018-12-24,7.8,30
152030,PR振东02,临沂振东建设投资有限公司,7,AA,03,2018-12-20,7.5,30
152031,18粤高01,广东省高速公路有限公司,15,AAA,03,2019-01-03,4.65,30
152032,PR毕节债,毕节市天河城建开发投资有限公司,7,AA,03,2019-12-24,8.05,0
152033,PR安发02,安宁发展投资集团有限公司,7,AA,03,2018-12-18,8,0
152034,PR锡惠债,无锡惠基产业发展有限公司,7,AAA,03,2018-12-28,5.27,30
152035,PR合力01,哈尔滨合力投资控股有限公司,7,AAA,03,2018-12-20,5.49,30
152036,PR大冶债,湖北荆楚投资发展有限公司,7,AAA,03,2018-12-28,7.2,30
152037,PR海发01,江苏海州湾发展集团有限公司,7,AAA,03,2018-12-27,5.18,30
152038,PR绍柯债,绍兴柯岩建设投资有限公司,7,AA+,03,2018-12-19,5.88,30
152039,PR禅城01,佛山市禅城区城建集团有限公司,8,AA,03,2019-01-03,5.29,30
152040,18国盛01,上海国盛(集团)有限公司,5,AAA,03,2018-12-26,3.96,30
152041,18蓉高投,成都高新投资集团有限公司,5,AAA,03,2019-01-02,4.2,0
152042,18浙资01,浙江省国有资本运营有限公司,5,AAA,03,2018-12-25,4.15,30
152043,18济西投,济南西城投资开发集团有限公司,10,AAA,03,2019-01-11,4.63,30
152045,18嘉善债,嘉善县国有资产投资集团有限公司,7,AA+,03,2018-12-28,5.19,30
152046,PR通化01,通化市丰源投资开发有限公司,7,AA,03,2019-01-09,8,30
152047,PR先行,江苏先行建设有限公司,7,AAA,03,2018-12-28,5.37,0
152048,PR泗阳02,泗阳县佳鼎实业有限公司,7,AAA,03,2019-01-02,7.5,30
152049,PR利津01,利津县城市投资发展建设有限公司,7,AA+,03,2019-01-11,7.5,30
152050,PR泰新01,泰州市新滨江开发有限责任公司,7,AAA,03,2019-01-14,5.34,0
152051,PR18榕02,福州城市建设投资集团有限公司,10,AAA,03,2019-03-15,4.4,0
152053,PR吴中发,江苏省吴中经济技术发展集团有限公司,7,AA+,03,2019-01-08,5.26,0
152054,PR众鑫01,仪征市众鑫建设开发有限公司,7,AAA,03,2019-01-22,5.38,30
152055,PR朔州02,朔州市投资建设开发有限公司,7,AA,03,2019-01-07,7.8,30
152056,PR大荔债,大荔县城市开发投资集团有限公司,7,AAA,03,2019-01-08,8,30
152057,18国新债,中国国新控股有限责任公司,5,AAA,03,2019-01-10,3.2,0
152058,18珠管01,广东珠江投资管理集团有限公司,5,AAA,03,2019-01-15,6.2,30
152059,PR长湖01,浙江长兴环太湖经济投资开发有限公司,7,AA,03,2019-01-10,7.5,30
152062,PR泰华诚,泰州华诚医学投资集团有限公司,7,AA+,03,2019-01-10,8.5,30
152063,PR南充债,南充临江东方投资集团有限公司,10,AA,03,2019-01-04,6.98,30
152064,PR武义02,浙江武义城市建设投资集团有限公司,7,AA,03,2019-01-04,8,0
152065,18湘高速,湖南省高速公路集团有限公司,7,AAA,03,2019-01-16,4.48,30
152066,PR乌经债,乌鲁木齐经济技术开发区建设投资开发(集团)有限公司,7,AA+,03,2019-04-16,5.32,30
152067,PR东坡02,眉山市东坡发展投资有限公司,7,AA,03,2019-01-16,8,30
152068,PR昆空港,昆明空港投资开发集团有限公司,7,AA+,03,2019-01-31,7.5,30
152069,PR桂东02,防城港市文旅集团有限公司,7,AA,03,2019-01-11,7.93,30
152071,PR顺兴01,汝城县顺兴投资开发有限公司,7,AAA,03,2019-01-18,7.5,30
152072,PR百东03,广西百色试验区发展集团有限公司,7,AA,03,2019-01-28,7.59,30
152073,PR鑫鸿01,泰州东部新城发展集团有限公司,7,AAA,03,2019-01-16,5.28,30
152074,PR景城债,景德镇市城市建设投资集团有限责任公司,7,AA,03,2019-03-04,7.49,30
152075,G19广铁1,广州地铁集团有限公司,5,AAA,03,2019-01-28,3.9,0
152076,PR赤城建,赤水市城市建设投资经营有限公司,7,AA+,03,2019-01-31,8.5,30
152077,PR安方债,毕节市安方建设投资(集团)有限公司,7,AA,03,2019-02-21,7.8,30
152078,G19水投1,广州市水务投资集团有限公司,10,AAA,03,2019-01-31,4.02,0
152079,PR怀远债,怀远县城市投资发展有限责任公司,7,AAA,03,2019-02-25,5.17,30
152081,PR常鼎债,常德市鼎城江南新城建设投资开发有限公司,7,AAA,03,2019-01-31,6.98,30
152083,PR龙岭债,益阳市龙岭建设投资有限公司,7,AAA,03,2019-02-01,7.6,30
152084,PR轩达02,湖南轩达建设投资有限公司,7,AA,03,2019-02-11,7.5,30
152085,PR轩达01,湖南轩达建设投资有限公司,7,AA,03,2019-02-01,7.5,30
152086,PR南康03,赣州市南康区城市建设发展集团有限公司,7,AA,03,2019-02-15,8,0
152087,PR吴江城,苏州市吴江城市投资发展集团有限公司,10,AA+,03,2019-02-13,5.3,0
152088,PR贾旅01,徐州市贾汪都市旅游投资发展有限公司,7,AAA,03,2019-02-18,7.88,30
152089,PR潜江01,潜江市城市建设投资开发有限公司,7,AAA,03,2019-04-04,5.67,30
152090,PR新平01,新平县城镇建设投资有限公司,7,AA+,03,2019-02-14,7.7,30
152091,PR宜都债,宜都市国通投资开发有限责任公司,7,AA,03,2019-02-01,7,0
152092,PR监利,监利市丰源城市投资开发有限责任公司,7,AAA,03,2019-02-01,7.5,30
152093,PR栾川01,栾川县天业投资有限公司,7,AA,03,2019-02-14,8.5,30
152094,PR上栗01,上栗县赣湘城市投资有限公司,7,AA,03,2019-02-12,7.8,30
152095,PR麒麟债,曲靖市麒麟区城乡建设投资(集团)有限公司,7,AA,03,2019-01-31,8.5,30
152096,PR西工02,安顺市西秀区工业投资(集团)有限公司,7,AA,03,2019-02-14,8,30
152097,PR龙海01,漳州市龙海区国有资产投资经营有限公司,7,AA+,03,2019-02-20,7.35,30
152098,PR绵经01,绵阳经开投资控股集团有限公司,7,AA,03,2019-04-01,8.2,30
152099,PR冶高01,湖北大冶湖高新技术产业投资有限公司,7,AAA,03,2019-02-21,6.98,30
152100,PR普陀01,舟山市普陀区国有资产投资经营有限公司,8,AA,03,2019-02-12,6.6,30
152101,PR大洼债,大洼县城市建设投资有限公司,7,AA,03,2019-02-20,7.8,30
152102,PR宏河债,山东宏河控股集团有限公司,7,AA+,03,2019-02-27,7.5,30
152103,19盘双01,盘锦市双台子区经济开发投资有限公司,7,AA,03,2019-02-14,8.5,30
152104,PR舟蓬01,舟山群岛新区蓬莱国有资产投资集团有限公司,8,AA,03,2019-02-12,7.5,30
152105,PR金霞债,长沙金霞新城城市发展有限公司,7,AA+,03,2019-02-26,7,30
152106,PR海发02,江苏海州湾发展集团有限公司,7,AA,03,2019-02-28,7.3,30
152107,PR杨凌01,杨凌产业发展集团有限公司,7,AA,03,2019-06-03,7.8,30
152108,PR西苑债,洛阳西苑国有资本投资有限公司,7,AA,03,2019-02-20,7.8,30
152110,PR渝创01,重庆两江新区开发投资集团有限公司,5,AAA,03,2019-03-07,4.28,0
152111,PR弥勒02,弥勒市农业投资开发有限责任公司,7,AAA,03,2019-03-08,7.6,30
152112,PR白工02,贵阳白云工业发展投资有限公司,7,AA,03,2019-05-13,7.5,30
152113,PR祥云债,连云港祥云投资有限公司,7,AA+,03,2019-03-15,7.03,30
152114,PR19文停,威海市文登区城市资产经营有限公司,10,AA,03,2019-03-11,7.5,0
152115,PR息烽债,息烽县城市建设投资有限公司,7,AA+,03,2019-05-31,8,30
152116,PR19三峡,重庆三峡产业投资有限公司,7,AA+,03,2019-03-18,7.8,0
152117,PR泰成兴,泰兴市成兴国有资产经营投资有限公司,7,AA+,03,2019-03-19,7.8,30
152118,PR19东台,东台惠民城镇化建设集团有限公司,7,AAA,03,2019-04-08,5.37,30
152119,PR浔经债,浙江湖州南浔经济建设开发有限公司,7,AA,03,2019-03-21,7.4,30
152120,PR19简州,简阳发展(控股)有限公司,7,AAA,03,2019-03-25,6.17,0
152121,PR瓯经投,温州瓯海科技产业发展集团有限公司,7,AA+,03,2019-03-21,5.45,30
152122,19鄂科01,湖北省科技投资集团有限公司,15,AAA,03,2019-03-20,4.75,30
152123,19粤路建,广东省公路建设有限公司,15,AAA,03,2019-04-02,4.62,30
152124,PR袁州债,宜春市袁州区国有资产运营有限公司,7,AAA,03,2019-03-26,7.2,0
152125,PR榕城03,福州城市建设投资集团有限公司,10,AAA,03,2019-04-09,4.38,0
152126,PR钟山投,贵州钟山开发投资(集团)有限责任公司,10,AA,03,2019-03-28,8,0
152127,PR桐工01,桐乡市工业发展投资集团有限公司,7,AA+,03,2019-04-08,5.38,0
152128,PR金乡01,金乡城建投资运营集团有限公司,7,AA+,03,2019-03-29,7.5,30
152129,19扬子01,南京扬子国资投资集团有限责任公司,5,AAA,03,2019-06-04,4.47,30
152130,PR长顺债,贵州省长顺县国有资本营运有限责任公司,7,AA,03,2019-03-26,8.5,0
152131,PR射阳01,射阳县城市投资发展有限责任公司,7,AAA,03,2019-05-17,5.33,30
152132,PR普洱01,普洱市思茅国拓资产经营有限公司,7,AA,03,2019-03-27,7.5,30
152133,19海城投,海安市城建开发投资集团有限公司,10,AAA,03,2019-04-23,5.5,0
152134,H19华汽1,华晨汽车集团控股有限公司,5,AAA,03,2019-04-10,5.8,30
152136,PR19梧州,梧州市城市建设投资开发有限公司,10,AAA,03,2019-04-23,7.9,0
152138,PR梅发债,安化县梅山城投集团有限公司,7,AAA,03,2019-04-03,8,30
152139,PR武管廊,南平武夷新区投资开发集团有限公司,7,AA,03,2019-04-11,7.19,0
152140,PR普陀02,舟山市普陀区国有资产投资经营有限公司,8,AA,03,2019-04-01,6.3,30
152141,G19云投1,云南省投资控股集团有限公司,10,AAA,03,2019-04-17,5.49,30
152142,PR凤建02,泰州凤城河建设发展有限公司,7,AA+,03,2019-04-12,6.58,30
152143,PR兰陵债,兰陵县国有资产运营有限公司,7,AA,03,2019-04-23,7.45,30
152144,PR蒙自债,蒙自市城市建设投资有限责任公司,7,AA,03,2019-04-10,8,0
152145,19柯桥01,绍兴市柯桥区国有资产投资经营集团有限公司,15,AA+,03,2019-05-06,4.38,30
152146,PR翠屏债,宜宾市翠屏区国有资产经营管理有限责任公司,7,AAA,03,2019-04-08,5.17,30
152147,PR夷陵02,湖北夷陵经济发展集团有限公司,7,AA,03,2019-04-08,7.5,30
152148,PR楚晟债,湖南省楚之晟控股实业集团有限公司,7,AAA,03,2019-04-12,7.5,30
152149,PR井冈债,井冈山市国有资产经营管理有限公司,7,AAA,03,2019-05-24,7,30
152150,PR19安高,陕西安康高新产业发展投资(集团)有限公司,7,AAA,03,2019-05-13,6.85,30
152151,PR山南01,淮南市山南开发建设有限责任公司,7,AA,03,2020-09-18,7.94,30
152152,PR19淄创,淄博高新城市投资运营集团有限公司,7,AAA,03,2019-04-16,5.03,0
152154,PR冶高02,湖北大冶湖高新技术产业投资有限公司,7,AA,03,2019-04-10,7.5,30
152155,PR定南债,定南城建投资集团有限公司,7,AAA,03,2019-04-24,7.8,30
152156,PR19海门,江苏海润城市发展集团有限公司,7,AAA,03,2019-04-17,5.2,30
152157,19粤高01,广东省高速公路有限公司,15,AAA,03,2019-08-12,4.59,30
152158,PR孟津债,洛阳盛世城市建设投资有限公司,7,AA+,03,2019-04-18,7.06,30
152159,PR郯国资,郯城县城市国有资产运营有限公司,7,AAA,03,2019-04-29,7.5,30
152160,PR成兴02,泰兴市成兴国有资产经营投资有限公司,7,AA+,03,2019-04-17,7.6,30
152161,PR木渎债,苏州市木渎城乡投资开发有限公司,5,AAA,03,2019-04-25,4.94,30
152162,PR信丰债,信丰县城市建设投资开发有限公司,7,AAA,03,2019-04-29,7.8,30
152163,PR汉江债,汉江国有资本投资集团有限公司,7,AA+,03,2019-05-08,5.38,0
152164,19德清01,德清县恒达建设发展有限公司,7,AAA,03,2019-11-12,5.99,30
152165,PR渝中02,重庆渝中国有资产经营管理有限公司,7,AA+,03,2019-04-24,5.43,0
152166,PR射阳02,射阳县城市投资发展有限责任公司,7,AA,03,2019-04-25,7.39,30
152167,19同建债,大同市经济建设投资集团有限责任公司,7,AAA,03,2019-08-26,5,0
152168,PR乐亭债,乐亭投资集团有限公司,7,AAA,03,2019-05-23,7.5,30
152169,PR费城01,山东城资国有资产运营(集团)有限公司,7,AA,03,2019-04-30,7.5,30
152170,PR博望01,马鞍山市宁博投资发展有限责任公司,7,AA,03,2019-04-29,7.5,0
152171,PR君山01,岳阳市君山区城市建设投资有限公司,7,AA,03,2019-07-10,7.96,30
152172,PR临潼债,西安市临潼区城市投资集团有限公司,7,AAA,03,2019-05-31,7.69,30
152173,19川投01,四川省投资集团有限责任公司,10,AAA,03,2019-05-09,4.5,30
152174,19川投02,四川省投资集团有限责任公司,5,AAA,03,2019-05-09,4.4,30
152175,PR鱼台01,鱼台县鑫达经济开发投资有限公司,7,AAA,03,2019-05-13,7.5,30
152176,19国盛01,上海国盛(集团)有限公司,5,AAA,03,2019-05-13,3.8,30
152177,PR阿国投,阿勒泰地区国有资产投资经营集团有限公司,10,AA,03,2019-05-22,6.98,30
152178,PR安吉债,安吉县产业投资发展集团有限公司,7,AA+,03,2019-05-13,6.8,0
152179,PR锡西债,无锡市锡西新城产业发展集团有限公司,7,AAA,03,2019-05-16,5.23,0
152180,19靖滨债,靖江市滨江新城投资开发有限公司,10,AAA,03,2019-06-19,5.2,0
152181,19鄂科02,湖北省科技投资集团有限公司,15,AAA,03,2019-05-09,5,30
152182,PR成兴03,泰兴市成兴国有资产经营投资有限公司,7,AA+,03,2019-05-15,7.6,30
152183,PR利津02,利津县城市投资发展建设有限公司,7,AA+,03,2019-05-15,7.5,30
152184,PR筑经01,贵阳经济开发区城市建设投资(集团)股份有限公司,7,AA,03,2020-03-13,7.5,30
152185,PR渭投债,渭南市产业投资开发集团有限公司,7,AA,03,2019-05-24,7.5,30
152186,PR贾旅02,徐州市贾汪都市旅游投资发展有限公司,7,AAA,03,2019-05-16,7.98,30
152187,PR武穴债,武穴市城市建设投资开发有限公司,7,AAA,03,2019-05-17,7.5,30
152188,PR济城01,济宁市新城发展投资有限责任公司,7,AA+,03,2019-05-16,7.3,30
152191,PR通源01,通化市丰源投资开发有限公司,7,AA,03,2019-05-15,7.8,30
152192,PR蓉国投,成都经开国投集团有限公司,7,AA+,03,2019-05-15,6,0
152193,PR双鸭01,双鸭山市大地城市建设开发投资有限公司,7,AA,03,2019-05-15,8.5,30
152194,PR旺通债,鞍山旺通投资开发建设有限公司,7,AA+,03,2019-05-20,7.5,30
152195,PR红发债,涟水县交通产业发展(集团)有限公司,7,AA,03,2019-05-16,7.19,30
152196,PR鹰炬能,鹰潭炬能投资集团有限公司,7,AA,03,2019-05-16,8,30
152197,PR福州01,福州城市建设投资集团有限公司,10,AAA,03,2019-06-03,4.7,30
152198,PR安岳01,安岳县兴安城市建设投资开发有限公司,7,AAA,03,2019-05-17,7.5,30
152199,PR东财01,东营区财金投资发展有限责任公司,7,AAA,03,2019-05-20,7,30
152200,PR东财02,东营区财金投资发展有限责任公司,7,AA+,03,2019-05-20,7.3,30
152201,PR谷建01,谷城县建设投资经营有限公司,7,AA+,03,2019-05-22,7,30
152202,PR舟山债,舟山交通投资集团有限公司,7,AA+,03,2019-05-30,5.34,30
152203,19启迪01,启迪科技服务有限公司,10,AA+,03,2019-05-20,6.9,30
152204,PR长湖02,浙江长兴环太湖经济投资开发有限公司,7,AA,03,2019-05-31,7.5,30
152205,PR锡藕01,无锡市藕塘职教园区开发建设有限公司,7,AAA,03,2019-05-24,5.09,30
152206,19广鑫01,广安鑫鸿投资控股有限公司,7,AA+,03,2019-06-17,7.5,30
152207,PR桐工02,桐乡市工业发展投资集团有限公司,7,AA+,03,2019-06-05,5.16,0
152208,19森特01,湖南森特实业投资有限公司,7,AA,03,2019-08-29,7.3,30
152209,G19HGY1,河钢集团有限公司,,AAA,03,2019-08-01,5.16,30
152210,19宜春债,宜春市创业投资有限公司,7,AA+,03,2019-06-18,6.97,0
152211,19万年债,江西万年国有资源投资发展股份有限公司,7,AA+,03,2019-06-19,7.2,30
152212,19伊川债,伊川财源实业投资有限责任公司,7,AAA,03,2019-06-24,6.15,30
152213,19柯桥02,绍兴市柯桥区国有资产投资经营集团有限公司,15,AA+,03,2019-07-05,4.69,30
152214,19国兴01,浙江国兴投资集团有限公司,7,AA+,03,2019-06-26,5.05,30
152215,19金东01,连云港金东方港口投资有限公司,7,AAA,03,2019-07-04,5.37,30
152216,G19广铁2,广州地铁集团有限公司,5,AAA,03,2019-07-24,3.58,0
152217,G19青州,青州市宏源公有资产经营有限公司,8,AA+,03,2019-07-04,7.6,0
152218,H19华汽2,华晨汽车集团控股有限公司,5,AAA,03,2019-06-26,5.8,30
152219,19杨凌02,杨凌产业发展集团有限公司,7,AA,03,2019-07-30,7.8,30
152221,G19城南1,盐城市城南新区开发建设投资有限公司,7,AAA,03,2019-07-10,4.54,0
152222,19邯建投,邯郸市建设投资集团有限公司,7,AA+,03,2019-07-12,5.43,30
152223,19曲经开,曲靖市经济开发投资集团有限公司,7,AA+,03,2019-07-31,7.4,30
152226,19宜高投,宜昌高新投资开发有限公司,10,AA+,03,2019-07-24,5.23,30
152227,19海控01,海南省发展控股有限公司,5,AAA,03,2019-08-01,3.9,30
152228,19广控01,广东省广新控股集团有限公司,5,AAA,03,2019-07-29,4.31,30
152229,19云建01,云南省建设投资控股集团有限公司,5,AAA,03,2019-08-07,5.08,30
152230,PR句容债,句容市城市建设投资有限责任公司,7,AAA,03,2019-08-07,4.98,30
152231,19中豫01,中原豫资投资控股集团有限公司,5,AAA,03,2019-07-31,3.83,30
152232,19钟祥债,钟祥市城市建设投资公司,7,AA+,03,2019-07-24,7.5,30
152233,19南网05,中国南方电网有限责任公司,6,AAA,03,2019-08-08,3.55,30
152234,19北仑Q1,宁波市北仑区经济建设投资有限公司,7,AA+,03,2019-07-31,4.89,30
152235,19龙海02,漳州市龙海区国有资产投资经营有限公司,7,AA+,03,2019-10-10,7.47,30
152236,PR19柳东,广西柳州市东城投资开发集团有限公司,5,AA+,03,2019-09-06,6.5,30
152237,19亳城建,亳州城建发展控股集团有限公司,7,AA+,03,2019-08-12,6.3,30
152238,19金建01,舟山金建投资有限责任公司,7,AA+,03,2019-08-01,6.8,30
152239,19即墨债,青岛市即墨区城市开发投资有限公司,7,AA+,03,2019-08-16,4.87,0
152240,PR桂发01,桂阳县工业园建设开发有限公司,7,AA+,03,2019-08-08,7.5,30
152241,19秦投01,四川秦巴新城投资集团有限公司,7,AA,03,2019-08-08,8,30
152242,19颍上债,颍上县慎祥实业发展有限公司,7,AAA,03,2019-09-05,6.8,0
152243,19兴蜀债,成都兴蜀投资开发有限责任公司,7,AAA,03,2019-08-22,6.13,30
152244,19扬子02,南京扬子国资投资集团有限责任公司,5,AAA,03,2019-08-22,3.95,30
152245,19怀工01,怀化高新产业投资发展集团有限公司,7,AA+,03,2019-08-19,7.3,30
152246,19金灌01,江苏金灌投资发展集团有限公司,7,AAA,03,2019-08-29,4.79,30
152247,19昌控01,南昌市产业投资集团有限公司,10,AA+,03,2019-08-23,4.38,30
152248,19东财03,东营区财金投资发展有限责任公司,7,AAA,03,2019-08-22,7,30
152249,19嵊城01,嵊州市城市建设投资发展集团有限公司,7,AA+,03,2019-08-27,4.9,30
152250,19平天湖,安徽平天湖投资控股集团有限公司,7,AA,03,2019-08-26,7.5,30
152251,19金凤凰,贵州金凤凰产业投资有限公司,7,AAA,03,2019-09-02,7.6,30
152252,19南网06,中国南方电网有限责任公司,6,AAA,03,2019-09-05,3.4,30
152253,19蓉兴01,成都兴城投资集团有限公司,5,AAA,03,2019-08-28,3.94,30
152254,19中电01,中国电子信息产业集团有限公司,3,AAA,03,2019-09-06,3.48,30
152255,19浙资01,浙江省国有资本运营有限公司,5,AAA,03,2019-09-03,3.89,30
152256,19双鸭02,双鸭山市大地城市建设开发投资有限公司,7,AA,03,2019-09-03,8.5,30
152257,19陕投01,陕西投资集团有限公司,5,AAA,03,2019-09-05,3.76,30
152258,19陕投02,陕西投资集团有限公司,7,AAA,03,2019-09-05,4.75,30
152259,G19长交1,长兴交通投资集团有限公司,7,AA+,03,2019-09-09,6,0
152260,19苏交01,江苏交通控股有限公司,5,AAA,03,2019-09-06,3.76,30
152261,19滨海债,滨海县城镇建设发展有限公司,7,AAA,03,2019-09-03,4.73,30
152262,19国兴02,浙江国兴投资集团有限公司,7,AA+,03,2019-09-09,4.68,30
152263,PR承绿债,承德市国控投资集团有限责任公司,7,AA,03,2019-09-27,6.5,0
152264,19桂建01,广西建工集团有限责任公司,5,AAA,03,2019-09-20,4.5,30
152265,G19广铁3,广州地铁集团有限公司,5,AAA,03,2019-09-09,3.4,0
152266,19武夷债,南平武夷集团有限公司,7,AA,03,2019-09-16,6.23,30
152267,19嘉善债,嘉善县国有资产投资集团有限公司,7,AA+,03,2019-09-18,4.5,30
152268,PR遵交旅,遵义交旅投资(集团)有限公司,10,AA,03,2019-09-03,7.8,30
152269,19咸宁债,咸宁市城市建设投资开发有限公司,7,AA,03,2019-10-21,6.4,0
152270,19河投01,河南投资集团有限公司,5,AAA,03,2019-09-23,3.85,30
152271,19齐交01,齐鲁交通发展集团有限公司,10,AAA,03,2019-09-24,4.46,30
152272,19龙游债,龙游县国有资产经营有限公司,7,AA,03,2019-09-23,6.47,30
152273,19临朐债,临朐沂山实业有限公司,7,AAA,03,2019-09-25,7.37,30
152274,19沪建01,上海城投(集团)有限公司,10,AAA,03,2019-09-27,3.7,30
152275,19沪建02,上海城投(集团)有限公司,5,AAA,03,2019-09-27,3.38,30
152276,19瑞丽债,瑞丽仁隆投资开发有限责任公司,7,AA+,03,2019-10-08,8,30
152277,19皋高债,如皋高新技术园区开发有限公司,7,AAA,03,2019-09-27,4.6,30
152278,19皖投02,安徽省投资集团控股有限公司,10,AAA,03,2019-10-18,3.91,30
152279,PR桃源01,桃源县城市建设投资开发有限公司,7,AA+,03,2019-10-30,7.5,30
152280,19贵溪债,贵溪市国有控股集团有限公司,7,AA,03,2019-09-26,7.5,30
152282,19通瑞01,重庆市通瑞农业发展有限公司,7,AAA,03,2019-09-30,7.5,30
152283,PR19六横01,舟山市六横国有资产投资经营有限公司,7,AA+,03,2019-09-20,6.5,30
152284,19大悟债,大悟县城市建设投资开发有限责任公司,7,AAA,03,2019-10-25,7.5,0
152285,G19黄石,黄石市国有资产经营有限公司,7,AA+,03,2019-10-08,5.8,0
152286,19西峡债,南阳财和投资有限公司,7,AAA,03,2019-10-08,6.8,0
152287,19四面债,重庆市四面山旅游投资有限公司,7,AA+,03,2019-10-16,7.2,0
152288,G19宁铁1,南京地铁集团有限公司,5,AAA,03,2019-10-18,3.98,0
152289,G19萍昌,江西省萍乡市昌盛城市投资有限公司,7,AA+,03,2019-10-14,6.7,0
152290,G19武铁1,武汉地铁集团有限公司,20,AAA,03,2019-10-15,4.49,0
152291,19吴江02,苏州市吴江城市投资发展集团有限公司,10,AA+,03,2019-10-10,5.03,0
152292,19桃源02,桃源县城市建设投资开发有限公司,7,AA+,03,2019-11-13,8,30
152293,19银开债,银川高新技术产业开发有限责任公司,7,AA+,03,2019-10-18,7,30
152294,19中豫02,中原豫资投资控股集团有限公司,5,AAA,03,2019-10-31,4.04,30
152295,19长兴债,长兴城市建设投资集团有限公司,7,AA+,03,2019-10-17,5.98,0
152296,19长子01,长子县国有资产经营有限公司,7,AAA,03,2019-12-16,7.5,30
152297,19张建发,张家口建设发展集团有限公司,7,AAA,03,2019-10-23,4.47,30
152298,19山高01,山东高速集团有限公司,5,AAA,03,2019-10-25,4,30
152299,PR绵经02,绵阳经开投资控股集团有限公司,7,AA,03,2019-10-18,8,30
152300,19扬子03,南京扬子国资投资集团有限责任公司,5,AAA,03,2019-11-01,3.63,30
152301,19沪国际,上海国际集团有限公司,5,AAA,03,2019-10-31,3.35,30
152302,19国资债,达州市高新科创有限公司,7,AAA,03,2019-10-30,5.95,30
152303,19南网07,中国南方电网有限责任公司,6,AAA,03,2019-11-05,3.59,30
152304,19易盛德,扬州易盛德产业投资集团有限公司,10,AAA,03,2019-11-06,4.98,30
152305,19海资01,北京市海淀区国有资本运营有限公司,5,AAA,03,2019-11-08,3.7,30
152306,19嵊城02,嵊州市城市建设投资发展集团有限公司,7,AA+,03,2019-11-13,5.18,30
152307,19金灌02,江苏金灌投资发展集团有限公司,7,AA,03,2019-11-05,7,30
152308,19扬子04,南京扬子国资投资集团有限责任公司,5,AAA,03,2019-11-06,4.17,30
152309,19金建02,舟山金建投资有限责任公司,7,AA+,03,2019-10-31,6.5,30
152310,19广建01,广元市园区建设投资集团有限公司,7,AA,03,2019-11-14,7.5,30
152311,19西投01,西安投资控股有限公司,7,AA+,03,2019-11-14,5.95,30
152312,19梁平债,重庆新梁产城置业发展有限公司,7,AAA,03,2019-11-11,7.2,30
152313,19郑住投,郑州公共住宅建设投资有限公司,7,AA+,03,2019-12-02,4.93,30
152315,19沛经开,沛县经济开发区发展有限公司,7,AA,03,2019-11-13,7.51,30
152316,19兴堰01,都江堰兴堰投资有限公司,7,AAA,03,2019-11-14,7.5,0
152317,19涪新债,重庆市涪陵区新城区开发(集团)有限公司,7,AA+,03,2019-11-26,5.87,0
152318,PR天泰01,遂宁市天泰实业有限责任公司,5,AA+,03,2019-11-11,6.8,30
152319,19西咸01,陕西西咸新区发展集团有限公司,5,AAA,03,2019-11-15,3.97,30
152320,19西咸02,陕西西咸新区发展集团有限公司,7,AAA,03,2019-11-15,4.47,30
152321,19众鑫01,仪征市众鑫建设开发有限公司,7,AAA,03,2019-12-11,5.15,30
152322,19蓉产01,成都产业投资集团有限公司,7,AAA,03,2019-11-27,4.23,30
152323,19蓉产02,成都产业投资集团有限公司,5,AAA,03,2019-11-27,3.8,30
152324,19云建02,云南省建设投资控股集团有限公司,5,AAA,03,2019-12-05,5,30
152325,19绵安01,绵阳安州投资控股集团有限公司,7,AAA,03,2019-11-29,7.9,0
152326,19天水01,天水市城市建设投资(集团)有限公司,7,AA+,03,2019-12-06,6.4,30
152327,19吉安债,吉安市城市建设投资开发有限公司,7,AA,03,2019-11-29,5.8,0
152328,19永安01,永安市国有资产投资经营有限责任公司,7,AA,03,2019-12-19,7.5,0
152329,19含浦01,湖南智谷投资发展集团有限公司,7,AA+,03,2019-11-26,6,30
152330,19含浦02,湖南智谷投资发展集团有限公司,7,AA+,03,2019-11-26,5.93,30
152331,19齐交02,齐鲁交通发展集团有限公司,5,AAA,03,2019-11-28,3.94,30
152332,19乌铁01,乌鲁木齐经济技术开发区高铁枢纽综合投资(集团)有限公司,7,AA,03,2019-12-11,6.89,0
152333,19南网08,中国南方电网有限责任公司,6,AAA,03,2019-12-03,3.5,30
152334,19贵高科,贵州高科城市开发集团股份有限公司,7,AA,03,2019-12-04,8,30
152335,19山高02,山东高速集团有限公司,10,AAA,03,2019-12-02,4.42,30
152336,19安陆01,安陆市建设开发投资有限公司,7,AAA,03,2019-12-18,7.8,0
152337,19禅城01,佛山市禅城区城建集团有限公司,8,AA,03,2019-12-10,4.2,30
152338,19国兴03,浙江国兴投资集团有限公司,7,AA+,03,2019-12-12,4.7,30
152339,19平原债,新乡平原示范区投资集团有限公司,7,AA+,03,2019-12-24,6.5,30
152340,G19水投2,广州市水务投资集团有限公司,10,AAA,03,2019-12-11,3.95,0
152341,19赣城投,赣州市赣县区城市建设投资集团有限公司,7,AAA,03,2019-12-11,5.23,30
152342,19埇桥债,宿州埇桥城投集团(控股)有限公司,7,AAA,03,2019-12-18,4.87,30
152343,19柯城债,衢州市柯城区国有资产经营有限责任公司,7,AA,03,2019-12-10,5.9,30
152344,19崇川债,南通市崇川国有资产经营控股(集团)有限公司,7,AA+,03,2019-12-19,4.66,30
152345,19天山债,南通天山置业有限公司,7,AAA,03,2019-12-19,4.66,30
152346,19新天地,如东县新天地投资发展有限公司,7,AA+,03,2019-12-16,7.5,30
152347,19天水02,天水市城市建设投资(集团)有限公司,7,AAA,03,2019-12-19,5.8,30
152348,19渝江02,重庆两江新区开发投资集团有限公司,5,AAA,03,2019-12-19,3.93,0
152349,19国开投,国家开发投资集团有限公司,10,AAA,03,2019-12-24,4.36,30
152350,19潜江02,潜江市城市建设投资开发有限公司,7,AAA,03,2019-12-23,4.78,30
152351,19台循债,台州循环经济发展有限公司,7,AA+,03,2019-12-30,4.95,30
152352,19潍滨城,潍坊滨城投资开发有限公司,7,AA+,03,2020-01-02,7.2,30
152353,19双鸭03,双鸭山市大地城市建设开发投资有限公司,7,AA,03,2019-12-23,8.5,30
152354,19宁新城,宁海宁东新城开发投资有限公司,7,AA+,03,2019-12-24,5.5,30
152355,G19广铁4,广州地铁集团有限公司,5,AAA,03,2019-12-25,3.53,0
152356,G19望城1,长沙市望城区城市建设投资集团有限公司,7,AA+,03,2019-12-27,5.7,0
152357,G19望城2,长沙市望城区城市建设投资集团有限公司,7,AA+,03,2019-12-27,5.8,0
152358,PR福州02,福州城市建设投资集团有限公司,10,AAA,03,2020-01-02,3.98,30
152359,19天轨01,天津轨道交通集团有限公司,5,AAA,03,2019-12-25,4.15,30
152360,19樊城01,襄阳襄江国有资本投资运营集团有限公司,7,AAA,03,2019-12-25,6.48,30
152361,19怀工02,怀化高新产业投资发展集团有限公司,7,AA+,03,2019-12-27,7.3,30
152362,19皖投03,安徽省投资集团控股有限公司,5,AAA,03,2019-12-27,4,30
152363,19广建02,广元市园区建设投资集团有限公司,7,AA,03,2020-01-03,7.5,30
152364,19北部湾,广西北部湾国际港务集团有限公司,5,AAA,03,2020-01-07,4.29,30
152365,PR栾川02,栾川县天业投资有限公司,7,AAA,03,2020-01-07,6.28,30
152366,19金牛01,成都市金牛城市建设投资经营集团有限公司,7,AA+,03,2020-01-09,4.97,30
152367,19华山债,陕西西岳华山城市建设投资开发有限公司,7,AAA,03,2020-01-06,7.5,30
152370,19益阳01,益阳市城市建设投资运营集团有限责任公司,7,AAA,03,2020-01-13,6.2,0
152371,19阳交债,四川阳安交通投资有限公司,7,AAA,03,2020-01-07,6,30
152372,19秦投02,四川秦巴新城投资集团有限公司,7,AA,03,2020-01-10,7.5,30
152373,PR邵开投,邵东新区开发建设投资有限责任公司,7,AAA,03,2020-01-14,6.97,30
152374,PR惠临债,岳阳惠临投资发展有限公司,7,AAA,03,2019-12-30,7.5,30
152375,19六横02,舟山市六横国有资产投资经营有限公司,7,AAA,03,2020-01-08,6.25,30
152376,19杭投01,杭州市城市建设投资集团有限公司,10,AAA,03,2020-01-15,4.38,30
152377,G19长交2,长兴交通投资集团有限公司,7,AA+,03,2020-01-09,5.89,0
152378,19济建设,济南城市建设集团有限公司,5,AAA,03,2020-01-20,3.57,30
152379,20龙川01,扬州龙川控股集团有限责任公司,7,AAA,03,2020-01-21,4.44,30
152380,20启专债,启东城投集团有限公司,7,AA+,03,2020-01-17,4.5,0
152382,20石首债,石首市博雅城市建设投资有限公司,7,AAA,03,2020-03-02,6.44,30
152383,20吉利01,浙江吉利控股集团有限公司,5,AAA,03,2020-01-21,3.78,30
152384,G20广铁1,广州地铁集团有限公司,5,AAA,03,2020-01-16,3.72,0
152385,20嘉创债,嘉兴创意投资开发有限公司,7,AA+,03,2020-01-21,4.8,30
152386,PR20福州,福州城市建设投资集团有限公司,10,AAA,03,2020-01-20,3.8,30
152387,20镜湖债,芜湖市镜湖建设投资有限公司,7,AA+,03,2020-01-20,5.18,30
152388,20海控01,海南省发展控股有限公司,5,AAA,03,2020-01-23,3.5,30
152389,20豫辉债,辉县市豫辉投资有限公司,7,AAA,03,2020-01-23,4.32,30
152390,G20遂河1,遂宁市河东开发建设投资有限公司,7,AA,03,2020-01-21,7.49,0
152391,20德清01,德清县恒达建设发展有限公司,7,AAA,03,2020-02-11,5.5,30
152392,20宁经开,宁乡经济技术开发区建设投资有限公司,7,AA+,03,2020-09-23,6.2,30
152393,20乐行债,安徽乐行城市建设集团有限公司,7,AAA,03,2020-04-08,6.2,0
152394,20郏产投,郏县发展投资集团有限公司,7,AAA,03,2020-02-13,7.5,30
152395,20津资01,天津渤海国有资产经营管理有限公司,7,AAA,03,2020-02-27,5.03,30
152396,G20晋开,福建省晋江市工业园区开发建设有限公司,5,AA+,03,2020-03-04,4,0
152397,20同创01,滁州市同创建设投资有限责任公司,7,AA+,03,2020-03-09,5.12,30
152398,20云建01,云南省建设投资控股集团有限公司,5,AAA,03,2020-03-20,4.4,30
152399,20首基01,北京首钢基金有限公司,5,AAA,03,2020-03-05,3.27,30
152400,20上投债,上饶投资控股集团有限公司,7,AAA,03,2020-03-20,3.87,30
152401,G20广铁2,广州地铁集团有限公司,7,AAA,03,2020-03-17,3.6,0
152402,20鄂交01,湖北交通投资集团有限公司,5,AAA,03,2020-03-18,3.38,30
152403,20吉利02,浙江吉利控股集团有限公司,5,AAA,03,2020-03-19,3.92,30
152404,20锡新城,无锡锡东新城建设发展有限公司,7,AA+,03,2020-04-01,4.47,30
152405,20空港01,成都空港兴城投资集团有限公司,7,AA+,03,2020-03-19,4,30
152406,20鄂科01,湖北省科技投资集团有限公司,20,AAA,03,2020-03-17,3.55,30
152407,G20武控,武汉三镇实业控股股份有限公司,5,AA+,03,2020-03-20,3.6,0
152408,20君山01,岳阳市君山区城市建设投资有限公司,7,AA,03,2020-04-03,7.96,30
152409,20交投01,云南省交通投资建设集团有限公司,7,AAA,03,2020-03-23,3.9,30
152410,20国新债,中国国新控股有限责任公司,5,AAA,03,2020-03-20,3.39,0
152411,20雪浪债,无锡雪浪建设集团有限公司,7,AA+,03,2020-04-02,4.97,30
152412,20鄂投01,湖北省联合发展投资集团有限公司,7,AAA,03,2020-03-24,4.27,30
152413,20陕煤一,陕西煤业化工集团有限责任公司,15,AAA,03,2020-06-03,3.94,30
152414,20昆高新,昆山高新集团有限公司,7,AA+,03,2020-04-27,3.89,30
152415,20丽江债,丽江市古城区天和城市经营投资开发有限公司,7,AAA,03,2020-03-20,6.8,30
152416,20天轨01,天津轨道交通集团有限公司,5,AAA,03,2020-04-13,3.79,30
152417,20天轨02,天津轨道交通集团有限公司,10,AAA,03,2020-04-13,4.2,30
152418,20泰信01,泰州华信药业投资有限公司,10,AA+,03,2020-03-30,6.3,30
152419,G20德源1,常德市德源投资集团有限公司,7,AA+,03,2020-04-02,5.5,0
152420,20天长债,天长市城镇发展(集团)有限公司,7,AAA,03,2020-03-27,4.19,30
152421,20蜀州01,成都市蜀州城市建设投资有限责任公司,7,AAA,03,2020-04-01,5.4,30
152422,20国盛01,上海国盛(集团)有限公司,5,AAA,03,2020-03-27,3.07,30
152423,20邵东债,邵东新区开发建设投资有限责任公司,7,AA+,03,2020-04-01,6.9,30
152424,20淮管廊,淮北市建投控股集团有限公司,7,AA+,03,2020-04-10,6,0
152425,20金牛01,成都市金牛城市建设投资经营集团有限公司,7,AA+,03,2020-04-10,4.5,30
152426,20北仑Q1,宁波市北仑区经济建设投资有限公司,7,AA+,03,2020-04-03,4.05,30
152427,20沪建01,上海城投(集团)有限公司,7,AAA,03,2020-04-03,3.2,30
152428,20沪建02,上海城投(集团)有限公司,10,AAA,03,2020-04-03,3.75,30
152429,20空港债,陕西省西咸新区空港新城开发建设集团有限公司,7,AAA,03,2020-04-03,4.95,30
152430,G20桐乡,桐乡市振东新区建设投资有限公司,7,AA+,03,2020-04-01,4.45,0
152432,20渝隆债,重庆渝隆资产经营(集团)有限公司,7,AA+,03,2020-04-07,4.45,30
152433,20齐交01,齐鲁交通发展集团有限公司,10,AAA,03,2020-04-10,4.04,30
152434,20龙停债,龙口市城乡建设投资发展有限公司,7,AA+,03,2020-04-10,5.02,0
152435,G20奉化,宁波市奉化区投资集团有限公司,7,AA+,03,2020-05-07,3.78,0
152436,20万国债,万载县国有资产营运有限公司,7,AA+,03,2020-04-21,6.3,-170
152437,G20永兴,长兴县永兴建设开发有限公司,7,AA+,03,2020-04-23,5.8,0
152438,20宜国01,宜宾发展控股集团有限公司,5,AAA,03,2020-04-08,3.5,30
152439,G20武铁1,武汉地铁集团有限公司,20,AAA,03,2020-04-10,3.99,0
152440,20仙桃债,仙桃市城市建设投资开发有限公司,7,AAA,03,2020-04-13,4.3,30
152441,20兴发债,莆田兴发集团有限公司,7,AA,03,2020-04-10,7,0
152442,20桂北01,广西北部湾投资集团有限公司,5,AAA,03,2020-04-23,3.44,30
152443,20孝高创,孝感市高创投资有限公司,7,AA,03,2020-04-16,6.28,30
152444,20五华债,五华县公共事业工程有限公司,7,AAA,03,2020-04-17,4.35,30
152445,20双龙01,贵州双龙航空港开发投资(集团)有限公司,10,AA+,03,2020-04-24,7.5,0
152446,20海投债,荆楚文化产业投资集团有限公司,7,AA,03,2020-07-01,6.3,30
152447,20两江01,重庆两江新区开发投资集团有限公司,5,AAA,03,2020-04-20,3.2,30
152448,20建安01,建安投资控股集团有限公司,10,AA+,03,2020-04-29,4.14,30
152449,20昌控01,南昌市产业投资集团有限公司,10,AA+,03,2020-04-22,3.9,30
152450,G20兴发1,宜昌兴发集团有限责任公司,10,AA+,03,2020-04-21,5,0
152451,PR佛建债,佛山市建设发展集团有限公司,7,AA+,03,2020-05-15,3.77,30
152452,20怀工01,怀化高新产业投资发展集团有限公司,7,AA+,03,2020-04-21,6.5,30
152453,20景陶债,景德镇陶文旅控股集团有限公司,7,AA,03,2020-04-29,6.5,0
152454,20京保01,北京保障房中心有限公司,20,AAA,03,2020-04-28,3.19,30
152455,20兴城01,兴化市城市建设投资有限公司,7,AAA,03,2020-05-06,3.99,30
152456,20兴城02,兴化市城市建设投资有限公司,7,AA+,03,2020-05-06,4.95,30
152457,20虞专01,绍兴市上虞城市建设集团有限公司,7,AA+,03,2020-04-30,3.89,0
152458,G20宁铁1,南京地铁集团有限公司,5,AAA,03,2020-04-29,3.18,0
152459,20空港02,成都空港兴城投资集团有限公司,7,AA+,03,2020-04-30,4.06,30
152460,20井开债,吉安市井冈山开发区金庐陵经济发展有限公司,7,AA+,03,2020-05-08,6.2,30
152461,20厦轨01,厦门轨道建设发展集团有限公司,5,AAA,03,2020-05-06,3.28,30
152462,20济建设,济南城市建设集团有限公司,10,AAA,03,2020-05-06,2.73,30
152463,20天源债,盱眙县天源控股集团有限公司,7,AAA,03,2020-04-30,3.95,0
152464,G20淮南,淮南市城市建设投资有限责任公司,7,AA,03,2020-04-30,5,0
152465,20晋建01,山西建设投资集团有限公司,10,AA+,03,2020-05-14,4.8,0
152466,20攸养老,湖南省攸州投资发展集团有限公司,7,AAA,03,2020-05-14,5.35,0
152467,20湘速01,湖南省高速公路集团有限公司,7,AAA,03,2020-04-30,3.34,30
152468,G20榆神1,陕西榆神能源开发建设集团有限公司,7,AA,03,2020-05-29,7.5,0
152469,20黄桥债,苏州市三角咀生态园开发有限公司,7,AAA,03,2020-05-14,3.83,30
152470,G20滨江,常州滨江投资发展集团有限公司,7,AAA,03,2020-05-12,3.78,0
152471,20蓉产01,成都产业投资集团有限公司,7,AAA,03,2020-05-11,3.5,30
152472,20桂交01,广西交通投资集团有限公司,5,AAA,03,2020-05-15,3.31,30
152473,20西咸03,陕西西咸新区发展集团有限公司,5,AAA,03,2020-05-14,3.08,30
152474,20西咸04,陕西西咸新区发展集团有限公司,7,AAA,03,2020-05-14,4,30
152475,20云建02,云南省建设投资控股集团有限公司,5,AAA,03,2020-05-21,4.28,30
152476,20松滋债,湖北松滋金松投资控股集团有限公司,7,AAA,03,2020-05-19,4.07,30
152477,20龙川债,扬州龙川控股集团有限责任公司,7,AA+,03,2020-05-15,4.58,30
152478,20渭投债,渭南市产业投资开发集团有限公司,7,AA,03,2020-07-13,7.5,30
152479,20科学城,科学城(广州)投资集团有限公司,7,AA+,03,2020-05-15,4.16,30
152480,20洞庭01,湖南洞庭资源控股集团有限公司,7,AA+,03,2020-05-14,6,0
152481,20海资01,北京市海淀区国有资本运营有限公司,5,AAA,03,2020-05-21,2.8,30
152482,20恩施债,恩施城市建设投资集团有限公司,7,AA+,03,2020-06-03,5.5,30
152483,20眉岷债,眉山岷东开发投资有限公司,5,AA,03,2020-05-27,7.3,0
152484,20叙州债,宜宾市叙州区国有资产经营有限公司,7,AAA,03,2020-05-26,4.97,30
152485,G20公安1,公安县城建投资有限公司,7,AAA,03,2020-07-10,5.8,0
152486,20崇左债,广西崇左市城市建设投资发展集团有限公司,7,AA,03,2020-05-27,6.98,0
152487,20渝铝01,重庆铝产业开发投资集团有限公司,7,AA+,03,2020-05-27,5.8,30
152488,20宜国02,宜宾发展控股集团有限公司,8,AAA,03,2020-05-26,4.07,30
152489,G20广铁3,广州地铁集团有限公司,3,AAA,03,2020-06-03,2.5,0
152490,20天投G1,成都天府新区投资集团有限公司,10,AAA,03,2020-06-10,3.68,30
152491,20环天债,眉山环天实业有限公司,7,AAA,03,2020-06-10,5.38,0
152492,20惠通01,重庆市永川区惠通建设发展有限公司,7,AA+,03,2020-06-05,5.3,0
152493,20田东债,广西田东县龙远投资有限责任公司,7,AAA,03,2020-06-15,7.5,30
152494,20陕煤二,陕西煤业化工集团有限责任公司,15,AAA,03,2020-06-16,4.37,30
152495,20筑富债,江苏筑富实业投资有限公司,7,AAA,03,2020-06-19,5.97,30
152496,G20遂东2,遂宁市河东开发建设投资有限公司,7,AA,03,2020-07-01,7,0
152497,20黔西南,黔西南州城市建设投资(集团)有限公司,7,AA,03,2020-06-24,7.99,30
152498,20陕高速,陕西省高速公路建设集团公司,10,AAA,03,2020-06-24,3.78,30
152499,G20寿光,寿光市惠农新农村建设投资开发有限公司,7,AA+,03,2020-08-11,5.8,0
152500,20陆嘴01,上海陆家嘴(集团)有限公司,3,AAA,03,2020-06-30,3.13,30
152501,20兴安债,黔西南州兴安开发投资股份有限公司,7,AA+,03,2020-07-03,8,30
152502,20厦轨02,厦门轨道建设发展集团有限公司,5,AAA,03,2020-07-01,3.8,30
152503,20上党债,长治市上党区国有资本投资有限公司,7,AAA,03,2020-07-22,6.5,30
152504,20梅溪湖,梅溪湖投资(长沙)有限公司,7,AAA,03,2020-07-09,4.2,30
152505,20安陆01,安陆市建设开发投资有限公司,7,AAA,03,2020-07-16,5.5,0
152506,20晋建02,山西建设投资集团有限公司,10,AAA,03,2020-07-07,4.7,0
152507,20嘉兴01,嘉兴科技城投资发展集团有限公司,7,AA,03,2020-07-07,4.48,0
152508,20皖投01,安徽省投资集团控股有限公司,5,AAA,03,2020-07-07,3.9,30
152509,20桂发01,桂阳县工业园建设开发有限公司,7,AA+,03,2020-07-06,7,30
152510,20东通01,柳州东通投资发展有限公司,7,AA+,03,2020-07-10,6.5,30
152511,20丰都01,重庆丰都城乡建设集团有限公司,7,AA,03,2020-07-07,6.7,0
152512,PR栾川01,栾川县天业投资有限公司,7,AAA,03,2020-07-08,6.5,30
152513,20钦临01,广西钦州临海工业投资集团有限公司,7,AAA,03,2020-07-13,6.95,30
152514,20安庆01,安庆化工建设投资有限公司,10,AAA,03,2020-07-16,4.92,30
152515,20泰信02,泰州华信药业投资有限公司,10,AAA,03,2020-08-04,4.68,30
152516,20泸投债,泸州市高新投资集团有限公司,7,AAA,03,2020-07-23,5.65,30
152517,20洞庭02,湖南洞庭资源控股集团有限公司,7,AAA,03,2020-07-29,6,0
152518,20禹投01,禹州市国运资本运营有限公司,7,AAA,03,2020-07-31,4.39,30
152519,20渝百盐,重庆百盐投资(集团)有限公司,7,AAA,03,2020-07-23,6.6,30
152520,20蜀州02,成都市蜀州城市建设投资有限责任公司,7,AAA,03,2020-08-21,6.4,30
152521,20苏交01,江苏交通控股有限公司,5,AAA,03,2020-07-31,3.85,30
152522,20京保02,北京保障房中心有限公司,18,AAA,03,2020-08-03,3.64,30
152523,20豫资1,中原豫资投资控股集团有限公司,5,AAA,03,2020-08-07,4,30
152525,20广金债,广安金财投融资(集团)有限责任公司,7,AAA,03,2020-08-07,5.99,30
152526,20安溪债,安溪县小城镇建设投资有限公司,7,AAA,03,2020-08-18,5.09,30
152527,G20水投1,广州市水务投资集团有限公司,10,AAA,03,2020-08-20,4,0
152528,20海潮01,杭州望海潮建设有限公司,7,AA+,03,2020-08-13,4.4,30
152529,20义经开,义乌经济技术开发区开发有限公司,7,AA+,03,2020-08-12,5,30
152530,20天轨03,天津轨道交通集团有限公司,5,AAA,03,2020-08-14,4.31,30
152531,20宜国03,宜宾发展控股集团有限公司,5,AAA,03,2020-08-13,4,30
152532,20嘉湘01,嘉兴市湘家荡发展投资集团有限公司,7,AA,03,2020-08-27,4.92,0
152533,20宜高投,宜昌高新投资开发有限公司,5,AA+,03,2020-09-01,4.49,30
152534,20盛泽债,江苏盛泽投资有限公司,5,AAA,03,2020-08-18,4.18,30
152535,G20云绿1,云南水务投资股份有限公司,10,AA+,03,2020-08-24,6.3,0
152536,G20常鼎1,常德市鼎城江南新城建设投资开发有限公司,7,AAA,03,2020-08-28,5.8,0
152537,20山水债,无锡山水产业投资发展集团有限公司,7,AA+,03,2020-08-20,4.83,0
152538,20东乡债,抚州市东乡区城市投资发展有限公司,7,AAA,03,2020-08-25,5.46,30
152539,20海安债,江苏海安商贸物流集团有限公司,7,AA+,03,2020-08-26,6.5,30
152540,20黄冈债,黄冈市城市建设投资有限公司,7,AA+,03,2020-08-27,4.5,0
152541,20青州债,青州市城市建设投资开发有限公司,7,AA+,03,2020-08-28,7,0
152542,20闻川01,嘉兴市闻川城市投资发展集团有限公司,7,AA+,03,2020-08-28,5.4,30
152543,G20广业1,广东省环保集团有限公司,7,AAA,03,2020-08-26,4.03,0
152544,20沪地01,上海地产(集团)有限公司,5,AAA,03,2020-09-02,2.88,30
152545,20邯城01,邯郸城市发展投资集团有限公司,7,AA+,03,2020-09-10,4.7,0
152546,20禹投02,禹州市国运资本运营有限公司,7,AAA,03,2020-08-27,5.59,30
152547,20乐清01,乐清市国有投资有限公司,7,AA+,03,2020-09-04,4.3,30
152548,G20交通1,长兴交通投资集团有限公司,7,AA+,03,2020-09-02,5.49,0
152549,20黄城债,黄石市城市建设投资开发有限责任公司,7,AA,03,2020-09-01,5.5,30
152550,20荆门01,荆门高新技术产业开发有限责任公司,5,AA,03,2020-10-29,5.35,30
152551,20当阳债,当阳市鑫源投资开发有限责任公司,7,AAA,03,2020-09-30,4.95,30
152552,20汉江01,汉江国有资本投资集团有限公司,7,AAA,03,2020-10-09,4.52,30
152554,20南平债,南平市土地发展集团有限公司,5,AA,03,2020-10-16,5.23,0
152555,20财金债,山东省财金投资集团有限公司,5,AAA,03,2020-09-07,3.9,30
152556,20开远01,开远市兴远开发投资集团有限公司,7,AA+,03,2020-09-30,7.5,30
152557,20永兴01,永兴银都投资发展集团有限公司,7,AAA,03,2020-09-03,5.49,30
152558,G20德源2,常德市德源投资集团有限公司,7,AA+,03,2020-09-08,5.5,0
152559,20荆经开,荆州开发区城市建设投资开发有限公司,7,AAA,03,2020-09-14,5,30
152560,20应城债,应城市蒲阳开发投资有限公司,7,AAA,03,2020-09-10,5,30
152561,20江干债,杭州上城区城市建设综合开发有限公司,7,AA+,03,2020-09-15,3.99,30
152563,20盐高01,盐城高新区投资集团有限公司,7,AA+,03,2020-10-20,6,30
152564,20雨经01,长沙雨花经开开发建设有限公司,7,AAA,03,2020-09-07,4.7,30
152565,20南川债,重庆市南川区城市建设投资(集团)有限公司,6,AA,03,2020-09-09,6.9,0
152566,20定西债,定西国有投资(控股)集团有限公司,7,AAA,03,2020-09-08,6.5,30
152567,20连云01,江苏方洋集团有限公司,7,AAA,03,2020-09-15,4.99,0
152568,20丰管廊,丰城市城市建设投资有限公司,7,AAA,03,2020-09-30,5.38,0
152569,20萍城投,萍乡市城市建设投资集团有限公司,7,AA,03,2020-09-28,6.5,0
152570,20蒙开01,蒙自新型城镇化开发投资有限责任公司,7,AAA,03,2020-09-22,6.88,30
152571,20禹投03,禹州市国运资本运营有限公司,7,AAA,03,2020-09-17,6.2,30
152572,20天轨04,天津轨道交通集团有限公司,3,AAA,03,2020-09-22,4.08,30
152573,20汇丰01,萍乡市汇丰投资有限公司,7,AAA,03,2020-09-22,4.75,30
152574,20汇丰02,萍乡市汇丰投资有限公司,7,AAA,03,2020-09-22,5.6,30
152575,20郑发01,郑州产业投资集团有限公司,7,AAA,03,2020-09-24,3.98,30
152576,20温控01,温州高新技术产业开发区国有控股集团有限公司,7,AA+,03,2020-09-23,4.5,30
152577,21虞新01,绍兴市上虞杭州湾新区城市建设投资发展有限公司,7,AA+,03,2021-05-18,5.5,30
152578,20临海01,临海市国有资产投资控股集团有限公司,7,AA+,03,2020-09-25,4.48,0
152579,20富开债,杭州富阳开发区建设投资集团有限公司,7,AA+,03,2020-11-06,4.94,30
152580,20乌城01,乌鲁木齐城市建设投资(集团)有限公司,10,AAA,03,2020-09-24,4.25,30
152581,20资中债,资中县兴资投资开发集团有限责任公司,7,AAA,03,2020-10-16,7.2,30
152582,20渤水01,潍坊渤海水产综合开发有限公司,10,AA,03,2020-09-25,7,30
152583,20温铁01,温州市铁路与轨道交通投资集团有限公司,15,AAA,03,2020-09-23,3.88,30
152584,20云建03,云南省建设投资控股集团有限公司,5,AAA,03,2020-10-09,5.5,30
152585,20衡高01,衡阳高新投资(集团)有限公司,7,AAA,03,2020-09-24,5.37,30
152586,20蒙城债,蒙城县城市发展投资控股集团有限公司,7,AAA,03,2020-09-30,5.4,30
152587,20高创03,山东高创建设投资集团有限公司,10,AAA,03,2020-09-25,5.48,30
152588,G20资兴1,资兴市成诚投资有限公司,7,AAA,03,2020-09-25,5.76,0
152589,20攸投01,湖南省攸州国有资产投资集团有限公司,7,AAA,03,2020-09-30,5.78,30
152590,20京投03,北京市基础设施投资有限公司,3,AAA,03,2020-10-29,3.72,30
152591,20富诚债,绵阳富诚投资集团有限公司,7,AAA,03,2020-10-23,6.6,30
152592,20利民债,邹城市利民建设发展集团有限公司,7,AA+,03,2020-10-09,6.5,30
152593,G20黔水1,黔西南州水资源开发投资(集团)有限公司,7,AA,03,2020-10-21,7.5,30
152594,20鹤城投,黑龙江省鹤城建设投资发展集团有限公司,7,AA,03,2020-10-09,6.98,30
152595,20玉投01,玉林市城市建设投资集团有限公司,7,AA,03,2020-10-13,6.7,0
152596,G20冶高,湖北大冶湖高新技术产业投资有限公司,7,AAA,03,2020-10-15,6.03,0
152597,G20宁铁2,南京地铁集团有限公司,6,AAA,03,2020-10-28,3.79,0
152599,20晋江01,福建省晋江城市建设投资开发集团有限责任公司,7,AAA,03,2020-10-27,4.98,30
152600,20晋江02,福建省晋江城市建设投资开发集团有限责任公司,7,AA+,03,2020-10-27,5.25,30
152601,20临泉债,临泉县交通建设投资有限责任公司,7,AAA,03,2020-10-23,6,30
152602,20濂溪债,九江市濂溪区城投(集团)有限公司,7,AA+,03,2020-10-16,5.12,30
152603,20山高01,山东高速集团有限公司,3,AAA,03,2020-10-27,3.8,30
152604,20川债01,四川省投资集团有限责任公司,5,AAA,03,2020-10-15,3.83,30
152605,20雨花01,长沙市雨花城市建设投资集团有限公司,7,AA+,03,2020-10-19,4.9,30
152606,20聊开债,聊城市兴业控股集团有限公司,7,AA,03,2020-10-20,7.2,30
152608,20汇微01,龙岩文旅汇金发展集团有限公司,5,AA+,03,2020-11-06,4.4,0
152609,20扶绥债,广西扶绥县城市开发投资有限公司,7,AAA,03,2020-10-27,6.5,30
152610,20扬子债,南京扬子国资投资集团有限责任公司,10,AAA,03,2020-10-27,4.65,30
152611,20宁国债,宁国市国有资产投资运营有限公司,7,AAA,03,2020-10-23,4.89,-200
152612,20湘速02,湖南省高速公路集团有限公司,7,AAA,03,2020-10-28,4.17,30
152613,20宜国04,宜宾发展控股集团有限公司,5,AAA,03,2020-10-29,3.79,30
152614,20明城02,三明市城市建设投资集团有限公司,7,AA,03,2020-11-02,4.8,30
152615,20舟城01,舟山海城建设投资集团有限公司,7,AA+,03,2020-11-05,4.68,30
152616,20邯城02,邯郸城市发展投资集团有限公司,7,AA+,03,2020-10-27,5.08,0
152617,20十堰,十堰国有资本投资运营集团有限公司,5,AA,03,2020-11-19,4.29,30
152618,20蓉高G1,成都高新投资集团有限公司,5,AAA,03,2020-11-03,3.77,30
152619,20常鼎01,常德鼎力投资开发有限公司,7,AAA,03,2020-11-02,5.8,30
152620,20丹高新,丹阳市开发区高新技术产业发展有限公司,5,AA+,03,2020-11-10,6.48,30
152621,20白沙03,衡阳白沙洲开发建设投资有限公司,7,AAA,03,2020-11-06,5.7,30
152623,20乐清02,乐清市国有投资有限公司,7,AA+,03,2020-11-17,4.42,30
152624,20萧资01,杭州萧山国有资产经营集团有限公司,7,AAA,03,2020-10-29,4.18,30
152625,20苏高投,江苏高科技投资集团有限公司,7,AAA,03,2020-11-03,4,30
152626,G20吉安1,吉安市城市建设投资开发有限公司,7,AA+,03,2020-11-10,5.3,0
152627,20大双债,重庆市大足区大双实业发展有限公司,7,AAA,03,2020-11-10,6.45,30
152628,20南专01,湖州南浔交通水利投资建设集团有限公司,7,AAA,03,2020-11-19,4.73,0
152629,20吉凤01,湘西自治州吉凤投资开发有限责任公司,7,AAA,03,2020-11-11,5.79,30
152630,20中马债,广西中马钦州产业园区投资控股集团有限公司,7,AA,03,2020-11-06,5.95,30
152631,PR皖江债,安庆皖江高科技投资发展有限公司,7,AAA,03,2020-11-11,4.97,30
152632,20蓉园01,成都花园水城城乡建设投资有限责任公司,7,AAA,03,2020-11-11,6.8,30
152633,20常城投,常德市城市建设投资集团有限公司,7,AAA,03,2020-11-06,4.8,30
152634,20咸宁债,咸宁市城市建设投资开发有限公司,5,AA,03,2020-11-24,4.48,30
152635,20醴陵债,醴陵市高新技术产业发展集团有限公司,7,AAA,03,2020-11-13,5.8,30
152636,20浙投01,浙江省交通投资集团有限公司,3,AAA,03,2020-11-19,3.64,30
152637,20钦临02,广西钦州临海工业投资集团有限公司,7,AAA,03,2020-11-13,6.9,30
152638,20桂交02,广西交通投资集团有限公司,5,AAA,03,2020-12-09,4.26,30
152639,20铸康债,成都铸康实业有限公司,7,AAA,03,2020-11-19,5.6,30
152640,20雨经02,长沙雨花经开开发建设有限公司,7,AAA,03,2020-11-13,4.95,30
152641,20安溪02,安溪县小城镇建设投资有限公司,7,AAA,03,2020-11-27,5.28,30
152642,20国盛02,上海国盛(集团)有限公司,5,AAA,03,2020-11-17,3.6,30
152643,20黄山债,黄山城投集团有限公司,5,AA+,03,2020-11-27,4.8,30
152644,G20常鼎2,常德市鼎城江南新城建设投资开发有限公司,7,AA+,03,2020-11-24,6.3,0
152645,20德兴债,德兴市投资控股集团有限公司,7,AAA,03,2020-11-13,5.7,30
152646,20双福债,重庆市双福建设开发有限公司,7,AA+,03,2020-11-19,5.79,30
152647,20浙资01,浙江省国有资本运营有限公司,3,AAA,03,2020-11-26,3.75,30
152648,G20内建1,内江建工集团有限责任公司,7,AAA,03,2020-11-23,5.9,0
152649,G20内建2,内江建工集团有限责任公司,7,AA,03,2020-11-23,7,0
152650,20双龙02,贵州双龙航空港开发投资(集团)有限公司,10,AA+,03,2020-11-23,7.5,0
152652,20盐高02,盐城高新区投资集团有限公司,7,AA+,03,2020-11-24,6,30
152654,20桂农02,广西国控资本运营集团有限责任公司,7,AA+,03,2020-12-03,5.5,0
152655,20胶州01,青岛胶州城市发展投资有限公司,7,AA+,03,2020-11-23,4.9,0
152656,20福州02,福州城市建设投资集团有限公司,10,AAA,03,2020-11-24,4.06,30
152658,20广元债,广元市园区建设投资集团有限公司,5,AA,03,2020-11-27,7,0
152659,G20洪轨2,南昌轨道交通集团有限公司,10,AAA,03,2020-11-27,4.35,0
152660,20娄海情,遵义市汇川区娄海情旅游发展投资有限公司,7,AA+,03,2020-12-01,7.5,0
152661,20众邦债,黄石市众邦城市住房投资有限公司,7,AAA,03,2020-12-03,5.48,30
152663,20宜国05,宜宾发展控股集团有限公司,8,AAA,03,2020-11-30,4.3,30
152664,21盐资01,海盐县国有资产经营有限公司,7,AA+,03,2021-02-09,4.89,30
152665,20宿州债,宿州市城市建设投资集团(控股)有限公司,5,AA+,03,2020-11-27,5,30
152666,20莲专债,丽水市莲都区国有资产投资经营集团有限公司,7,AA+,03,2020-12-04,4.95,0
152667,20洞头01,温州市洞头城市发展有限公司,7,AAA,03,2020-12-03,5.5,30
152668,20桂城投,桂阳县城市建设投资有限公司,7,AAA,03,2020-12-01,6.3,30
152670,20沪地02,上海地产(集团)有限公司,3,AAA,03,2020-12-14,3.48,30
152671,20航高01,西安航天高技术产业发展集团有限公司,7,AAA,03,2020-12-04,6.5,30
152672,20高创05,山东高创建设投资集团有限公司,10,AAA,03,2020-12-08,5.7,30
152673,20乌建发,乌鲁木齐经济技术开发区建发国有资本投资运营(集团)有限公司,7,AA+,03,2020-12-09,5.3,30
152674,20德联01,德清联创科技新城建设有限公司,7,AAA,03,2020-12-15,5,30
152675,20温岭01,温岭市国有资产投资集团有限公司,7,AA+,03,2020-12-11,4.69,30
152676,20宣州债,宣城市宣州区国有资本运营集团有限公司,7,AA+,03,2020-12-11,6.5,30
152677,20大余债,大余县资产经营有限公司,7,AAA,03,2020-12-14,7.25,30
152678,20宜管廊,宜春交通投资集团有限公司,7,AA+,03,2020-12-21,5.6,0
152679,G20国通,宜都市国通投资开发有限责任公司,7,AA+,03,2020-12-17,5.49,0
152680,20赤壁债,赤壁市蓝天城市建设投资开发有限责任公司,7,AAA,03,2021-04-07,5.8,30
152681,20文登债,威海市文登区城市资产经营有限公司,7,AA+,03,2020-12-17,6.2,30
152682,20瀛洲债,江苏瀛洲发展集团有限公司,7,AAA,03,2020-12-17,5.3,30
152683,20常经02,常德市经济建设投资集团有限公司,7,AAA,03,2020-12-22,4.87,30
152684,20蒙开02,蒙自新型城镇化开发投资有限责任公司,7,AAA,03,2020-12-17,6.5,30
152685,G20环投,成都市金牛环境投资发展集团有限公司,7,AA+,03,2020-12-24,5,0
152686,20荆城投,荆门市城市建设投资有限公司,7,AA,03,2021-03-30,5.4,30
152687,20宜国06,宜宾发展控股集团有限公司,8,AAA,03,2020-12-21,4.27,30
152688,20通投债,如东县通泰投资集团有限公司,7,AAA,03,2020-12-29,5.27,0
152689,20沪国际,上海国际集团有限公司,5,AAA,03,2020-12-21,3.46,30
152690,20天台债,浙江省天台县国有资产经营有限公司,7,AAA,03,2020-12-21,4.8,30
152691,20杭投01,杭州市城市建设投资集团有限公司,10,AAA,03,2020-12-17,4.36,30
152692,20嘉秀01,嘉兴市嘉秀发展投资控股集团有限公司,7,AA+,03,2020-12-21,5,30
152693,21广益01,成都东方广益投资有限公司,7,AAA,03,2021-05-13,4.88,30
152694,20渤水02,潍坊渤海水产综合开发有限公司,10,AAA,03,2020-12-28,6.5,30
152695,20潜江债,潜江市城市建设投资开发有限公司,5,AAA,03,2020-12-24,6.3,30
152696,21攀国投,攀枝花市国有投资(集团)有限责任公司,7,AA,03,2021-02-22,6.8,30
152697,20浏城建,浏阳市城市建设集团有限公司,7,AA+,03,2020-12-28,5,30
152699,20泗阳债,泗阳县佳鼎实业有限公司,7,AAA,03,2021-01-04,5.48,30
152700,20曲经开,曲靖市经济开发投资集团有限公司,5,AA,03,2021-01-04,7.3,30
152701,G20黔水2,黔西南州水资源开发投资(集团)有限公司,7,AA,03,2021-01-06,7.5,30
152702,15汇金02,中央汇金投资有限责任公司,5,AA,35,2015-09-17,3.55,0
152705,20龙驰01,泸州市龙驰实业集团有限责任公司,7,AAA,03,2021-01-11,6,30
152706,20绵科债,绵阳科技城发展投资(集团)有限公司,5,AA,03,2020-12-28,6.5,30
152707,20柯专01,绍兴柯岩建设投资有限公司,7,AA+,03,2021-01-15,5.75,0
152708,20双鸭01,双鸭山市大地城市建设开发投资有限公司,7,AA,03,2021-01-04,8.5,30
152709,20临泉02,临泉县交通建设投资有限责任公司,7,AAA,03,2021-01-11,5.8,30
152710,20玉投02,玉林市城市建设投资集团有限公司,7,AA,03,2020-12-31,6.6,0
152711,20柳东债,广西柳州市东城投资开发集团有限公司,5,AA+,03,2021-01-08,7.2,30
152712,20威海01,威海城市投资集团有限公司,7,AA+,03,2021-01-07,4.86,30
152713,20新津债,成都市新津交通建设投资有限责任公司,7,AAA,03,2021-01-13,6.4,30
152714,20曲控一,西安曲江文化控股有限公司,5,AAA,03,2021-01-05,5.5,30
152715,21肥西01,肥西县城乡建设投资(集团)有限公司,7,AA+,03,2021-01-19,4.8,30
152716,20通瑞01,重庆市通瑞农业发展有限公司,7,AAA,03,2021-01-05,7,30
152718,20夷陵债,湖北夷陵经济发展集团有限公司,10,AA+,03,2021-01-07,5.6,30
152719,20淮北01,淮北市建投控股集团有限公司,4,AA+,03,2021-01-07,5.5,0
152720,G21临川,抚州市临川区城镇建设开发投资有限公司,7,AA+,03,2021-03-10,6.8,0
152721,21德兴债,德兴市投资控股集团有限公司,7,AAA,03,2021-01-25,5.75,30
152722,21石控01,石家庄国控城市发展投资集团有限责任公司,7,AAA,03,2021-02-03,4.18,30
152723,21石控02,石家庄国控城市发展投资集团有限责任公司,5,AAA,03,2021-02-03,4.06,30
152724,21远安01,远安县栖凤城市建设投资开发有限公司,7,AAA,03,2021-01-28,5.5,30
152725,21钱城01,杭州萧山钱江世纪城开发建设有限责任公司,7,AA+,03,2021-01-28,4.42,30
152728,21衡高01,衡阳高新投资(集团)有限公司,7,AAA,03,2021-01-27,6.5,30
152729,21福新01,福州新区开发投资集团有限公司,7,AAA,03,2021-02-03,3.77,30
152730,21常鼎01,常德鼎力投资开发有限公司,7,AAA,03,2021-02-03,5.9,30
152731,21永银01,永兴银都投资发展集团有限公司,7,AA+,03,2021-02-03,6.2,30
152732,21永城01,永州潇湘源城市发展集团有限公司,7,AAA,03,2021-02-10,6.5,0
152733,21当阳债,当阳市鑫源投资开发有限责任公司,5,AA+,03,2021-04-16,5.9,30
152734,21东海投,东海县城市建设投资发展集团有限公司,7,AAA,03,2021-02-09,5.29,30
152735,21济建设,济南城市建设集团有限公司,10,AAA,03,2021-02-08,3.87,30
152736,21杭投01,杭州市城市建设投资集团有限公司,5,AAA,03,2021-02-09,3.87,30
152737,21洞头01,温州市洞头城市发展有限公司,7,AAA,03,2021-02-08,5.05,30
152738,21沪建01,上海城投(集团)有限公司,5,AAA,03,2021-04-21,3.4,30
152739,21沪建02,上海城投(集团)有限公司,7,AAA,03,2021-02-09,3.65,30
152740,21厦轨01,厦门轨道建设发展集团有限公司,5,AAA,03,2021-03-10,4.02,30
152741,21科学城,科学城(广州)投资集团有限公司,7,AA+,03,2021-02-09,5.5,30
152742,21鸠江债,芜湖市鸠江建设投资有限公司,7,AAA,03,2021-02-10,4.95,30
152743,21渝铝01,重庆铝产业开发投资集团有限公司,7,AA+,03,2021-02-04,5.9,30
152744,21麻城债,麻城市城市发展投资集团有限公司,7,AAA,03,2021-02-10,5,30
152745,21聚鑫01,十堰聚鑫国有资本投资运营集团有限公司,7,AAA,03,2021-02-09,4.95,30
152746,21陆嘴01,上海陆家嘴(集团)有限公司,3,AAA,03,2021-02-09,3.78,30
152747,21兴城01,成都兴城投资集团有限公司,10,AAA,03,2021-03-01,4.39,30
152748,21枝江债,枝江市国有资产管理有限公司,5,AA+,03,2021-02-18,5.95,30
152749,21荔投01,莆田市荔城区国有资产投资有限公司,5,AA+,03,2021-04-19,5.43,30
152750,21开远债,开远市兴远开发投资集团有限公司,7,AA+,03,2021-03-12,7.5,30
152752,21新锦01,杭州市临安区新锦产业发展集团有限公司,7,AA+,03,2021-03-09,4.8,30
152753,21赣铁01,江西省铁路航空投资集团有限公司,10,AAA,03,2021-02-22,4.29,30
152754,21创元债,江油市创元开发建设投资公司,7,AAA,03,2021-02-10,7,30
152755,21抚高新,抚州高新区发展投资集团有限公司,7,AA+,03,2021-02-22,6.5,30
152756,21宁海01,宁海县城投集团有限公司,7,AA+,03,2021-02-22,4.93,0
152757,21富阳01,杭州富阳城市建设投资集团有限公司,7,AA+,03,2021-02-22,4.5,30
152758,21桂城01,桂阳县城市建设投资有限公司,7,AAA,03,2021-02-22,6.3,30
152759,21安邦债,诸城安邦建设有限公司,7,AAA,03,2021-02-22,5.25,30
152761,21绍专01,绍兴市交通控股集团有限公司,7,AAA,03,2021-03-08,4.23,0
152762,21嘉兴01,嘉兴科技城投资发展集团有限公司,7,AA+,03,2021-03-12,4.92,0
152763,21威海01,威海城市投资集团有限公司,7,AAA,03,2021-03-15,3.92,30
152764,21昆城01,昆山城市建设投资发展集团有限公司,7,AAA,03,2021-03-11,4.14,30
152765,21温控01,温州高新技术产业开发区国有控股集团有限公司,7,AA+,03,2021-03-12,4.68,30
152766,21蓉产01,成都产业投资集团有限公司,5,AAA,03,2021-03-11,3.95,30
152767,21监利债,监利市丰源城市投资开发有限责任公司,3,AAA,03,2021-03-17,5.9,30
152768,21嘉投01,浙江嘉兴国有资本投资运营有限公司,10,AAA,03,2021-03-17,4.68,30
152769,21邹城01,邹城市城资控股集团有限公司,7,AA+,03,2021-03-15,7,30
152770,21龙微01,龙岩投资发展集团有限公司,5,AA,03,2021-03-19,5.5,0
152771,21航高01,西安航天高技术产业发展集团有限公司,7,AAA,03,2021-03-15,6.75,30
152772,21柳东债,广西柳州市东城投资开发集团有限公司,5,AA+,03,2021-03-19,7.9,30
152773,21江北01,南京江北新区产业投资集团有限公司,7,AAA,03,2021-03-19,3.87,30
152774,21武投01,武汉市城市建设投资开发集团有限公司,10,AAA,03,2021-03-22,4.32,30
152775,21福州01,福州城市建设投资集团有限公司,10,AAA,03,2021-03-25,3.97,30
152776,21北碚债,重庆市北碚区新城建设有限责任公司,7,AA,03,2021-03-22,6.3,0
152778,21临海01,临海市国有资产投资控股集团有限公司,7,AA+,03,2021-04-16,4.77,0
152779,21乌建发,乌鲁木齐经济技术开发区建发国有资本投资运营(集团)有限公司,7,AA+,03,2021-03-25,5.5,30
152780,21瑞金债,瑞金市城市发展投资集团有限公司,7,AAA,03,2021-03-25,6.8,30
152781,21乌镇债,乌镇实业(桐乡)有限公司,7,AA+,03,2021-03-25,4.8,30
152782,21沪地01,上海地产(集团)有限公司,5,AAA,03,2021-03-29,3.97,30
152783,21濉溪债,濉溪建设投资控股集团有限公司,7,AAA,03,2021-04-02,5.19,30
152785,G21新庐1,吉安市新庐陵投资发展有限公司,7,AA+,03,2021-04-02,5.3,0
152786,21天门债,天门市城市建设投资有限公司,7,AAA,03,2021-03-29,5.35,30
152787,21通农债,如东金海岸投资开发集团有限公司,7,AAA,03,2021-03-29,5.5,0
152788,21罗美债,临沂罗美城市建设有限公司,7,AAA,03,2021-03-29,5.18,30
152789,21汉江01,汉江国有资本投资集团有限公司,5,AAA,03,2021-03-29,4.48,30
152790,21定海01,舟山市定海区国有资产经营有限公司,7,AA+,03,2021-03-30,5.5,0
152791,21株金01,株洲金城投资控股集团有限公司,7,AAA,03,2021-04-16,6.5,30
152792,PR家庐陵,吉安市家庐陵投资开发有限公司,5,AA+,03,2021-05-18,5.3,30
152793,21吉开01,吉林经济技术开发区城市建设发展有限责任公司,7,AA,03,2021-04-07,8,0
152794,G21常鼎1,常德市鼎城江南新城建设投资开发有限公司,7,AA+,03,2021-04-06,6.5,0
152795,G21景城1,景德镇市城市建设投资集团有限责任公司,7,AA,03,2021-03-29,6.9,0
152796,21句容债,句容市城市建设投资有限责任公司,5,AAA,03,2021-04-01,5,30
152797,21仪征债,仪征市建设发展有限公司,7,AAA,03,2021-04-16,5.13,0
152798,21广饶债,广饶县经济发展投资集团有限公司,7,AAA,03,2021-03-30,5,30
152799,G21环投,成都市金牛环境投资发展集团有限公司,7,AA+,03,2021-04-08,4.8,0
152800,21嘉湘01,嘉兴市湘家荡发展投资集团有限公司,7,AA,03,2021-04-19,4.9,0
152801,21首钢01,首钢集团有限公司,5,AAA,03,2021-04-01,4,30
152802,21陆嘴02,上海陆家嘴(集团)有限公司,3,AAA,03,2021-04-02,3.6,30
152803,21西高债,西安高新控股有限公司,7,AAA,03,2021-04-08,5.99,30
152804,21上投01,上饶投资控股集团有限公司,5,AAA,03,2021-04-12,4.99,30
152805,21龙港01,龙港市国有资本运营集团有限公司,7,AAA,03,2021-04-13,4.9,0
152806,21温铁01,温州市铁路与轨道交通投资集团有限公司,15,AAA,03,2021-04-19,3.8,30
152807,21海潮01,杭州望海潮建设有限公司,7,AA+,03,2021-04-19,4.35,30
152808,21彭水债,彭水县城市建设投资有限责任公司,7,AAA,03,2021-04-16,6.3,0
152809,21皖投01,安徽省投资集团控股有限公司,5,AAA,03,2021-04-19,3.9,30
152810,21陕投01,陕西投资集团有限公司,7,AAA,03,2021-04-16,5,30
152811,G21宁铁1,南京地铁集团有限公司,5,AAA,03,2021-04-19,3.85,0
152812,G21虞资1,绍兴市上虞区国有资本投资运营有限公司,10,AA+,03,2021-04-22,4.93,0
152813,21株循环,株洲循环经济投资发展集团有限公司,5,AA+,03,2021-05-31,6.3,30
152814,21恩施债,恩施城市建设投资集团有限公司,5,AAA,03,2021-05-27,4.84,30
152815,21天台债,浙江省天台县国有资产经营有限公司,7,AAA,03,2021-04-23,4.82,30
152816,21吉利01,浙江吉利控股集团有限公司,5,AAA,03,2021-04-26,3.97,30
152817,21川菜01,成都蜀都川菜产业投资发展有限公司,7,AAA,03,2021-04-26,5.7,0
152818,21闽高01,福建省高速公路集团有限公司,10,AAA,03,2021-04-28,4.1,30
152819,21双溪债,江苏双溪实业有限公司,7,AAA,03,2021-04-26,5.5,30
152820,21钱城02,杭州萧山钱江世纪城开发建设有限责任公司,7,AA+,03,2021-04-27,4.29,30
152821,21湖交投,湖州市交通投资集团有限公司,15,AAA,03,2021-04-26,4.19,30
152822,21厦轨02,厦门轨道建设发展集团有限公司,10,AAA,03,2021-04-26,4.3,30
152824,21宁城投,宁乡市城市建设投资集团有限公司,7,AA+,03,2021-04-22,5.37,0
152825,21兴城02,成都兴城投资集团有限公司,10,AAA,03,2021-04-26,4.05,30
152826,21浦集01,上海浦东发展(集团)有限公司,5,AAA,03,2021-04-28,3.52,30
152827,21厦轨03,厦门轨道建设发展集团有限公司,3,AAA,03,2021-04-27,3.59,30
152828,PR隆博债,成都隆博投资有限责任公司,7,AAA,03,2021-05-07,5.65,0
152829,21盐资02,海盐县国有资产经营有限公司,7,AA+,03,2021-04-30,4.66,30
152830,21榕新02,福州新区开发投资集团有限公司,7,AAA,03,2021-04-26,3.6,30
152831,21舟山01,舟山海城建设投资集团有限公司,7,AA+,03,2021-04-28,4.49,30
152833,21柯专01,绍兴柯岩建设投资有限公司,7,AA+,03,2021-05-13,5.7,0
152834,21锡惠开,无锡惠开经济发展集团有限公司,7,AAA,03,2021-05-13,4.7,30
152835,21鄂科01,湖北省科技投资集团有限公司,20,AAA,03,2021-04-30,4.43,30
152836,21湘速01,湖南省高速公路集团有限公司,5,AAA,03,2021-04-30,3.65,30
152837,21简发债,简阳发展(控股)有限公司,5,AAA,03,2021-09-09,6.25,30
152838,21尖山01,海宁市尖山新区开发有限公司,7,AA+,03,2021-05-11,4.8,30
152839,21铜建01,铜陵市建设投资控股有限责任公司,7,AA,03,2021-05-11,5.38,30
152840,21湖城债,湖州市城市投资发展集团有限公司,7,AA+,03,2021-05-11,4.49,30
152841,21海曙债,宁波市海曙开发建设投资集团有限公司,7,AA+,03,2021-05-06,4.38,30
152843,21扬中债,扬中市交通投资发展有限公司,7,AAA,03,2021-05-11,5.04,30
152844,21金湖02,金湖县国控城市建设发展集团有限公司,7,AAA,03,2021-05-07,5.33,30
152845,21汉江02,汉江国有资本投资集团有限公司,5,AAA,03,2021-05-06,4.38,30
152846,21国控01,江西省国有资本运营控股集团有限公司,3,AAA,03,2021-05-19,3.8,30
152847,21宁资01,宁夏国有资本运营集团有限责任公司,3,AAA,03,2021-05-13,3.94,30
152848,21丽旅01,丽水市文化旅游投资发展集团有限公司,7,AA,03,2021-05-13,4.45,0
152849,21冶城01,湖北荆楚投资发展有限公司,7,AA+,03,2021-05-11,6.8,30
152850,21龙马01,泰州市龙马建设发展有限公司,7,AAA,03,2021-05-12,5,30
152851,21蓉高G1,成都高新投资集团有限公司,5,AAA,03,2021-05-11,3.7,30
152852,21新泰01,新泰市统筹城乡发展集团有限公司,4,AA+,03,2021-05-13,6.5,0
152853,21雨花01,长沙市雨花城市建设投资集团有限公司,7,AA+,03,2021-05-12,4.73,30
152854,21绵兴债,绵阳新兴投资控股有限公司,7,AAA,03,2021-05-12,6.5,30
152855,21萍城投,萍乡市城市建设投资集团有限公司,7,AA,03,2021-05-13,6.5,0
152856,21咸高投,咸宁高新投资集团有限公司,7,AA,03,2021-05-12,6.39,30
152857,21新城投,新昌县城市建设投资集团有限公司,7,AA+,03,2021-05-13,5.68,30
152858,G21武铁1,武汉地铁集团有限公司,7,AAA,03,2021-05-11,4,0
152859,21资城01,资兴市城市建设投资有限责任公司,7,AAA,03,2021-05-11,5.88,30
152860,21诸城债,诸城市经开投资发展有限公司,7,AA+,03,2021-05-11,6,30
152861,21晋陵01,常州市晋陵投资集团有限公司,7,AA+,03,2021-05-13,4.7,0
152862,21世园债,西安世园投资(集团)有限公司,7,AAA,03,2021-05-12,5.85,30
152863,21诸专01,诸暨市城乡投资集团有限公司,7,AA+,03,2021-08-05,4.32,0
152864,21穗交02,广州交通投资集团有限公司,10,AAA,03,2021-05-13,3.86,30
152865,21金松债,湖北松滋金松投资控股集团有限公司,5,AAA,03,2021-05-26,5.7,30
152866,21山高01,山东高速集团有限公司,5,AAA,03,2021-05-13,3.9,30
152867,21博融债,江苏博融农业发展有限公司,7,AAA,03,2021-05-26,6.5,0
152868,21新专01,新余市城市建设投资开发有限公司,7,AA,03,2021-05-12,6.3,0
152869,21金东01,金华市金东城市建设投资集团有限公司,7,AAA,03,2021-05-13,4.77,30
152870,21金东02,金华市金东城市建设投资集团有限公司,7,AAA,03,2021-05-13,4.28,30
152871,21广鑫债,广安鑫鸿投资控股有限公司,7,AAA,03,2021-05-13,6.5,30
152872,21海陵G1,泰州海陵城市发展集团有限公司,7,AAA,03,2021-05-13,4.93,30
152873,21海陵G2,泰州海陵城市发展集团有限公司,7,AAA,03,2021-05-13,6.5,30
152874,21全椒债,全椒全瑞投资控股集团有限公司,7,AAA,03,2021-05-13,4.96,30
152875,21合盛01,景德镇合盛产业投资发展有限公司,7,AA,03,2021-05-21,6.5,30
152876,21世园01,西安世园投资(集团)有限公司,7,AA+,03,2021-05-13,6.5,30
152877,G21武铁2,武汉地铁集团有限公司,10,AAA,03,2021-05-13,4.1,0
152878,21首集01,北京首都创业集团有限公司,3,AAA,03,2021-05-13,3.67,30
152879,21长湖债,浙江长兴环太湖经济投资开发有限公司,7,AAA,03,2021-05-13,4.84,30
152880,21岳交01,岳阳市交通建设投资集团有限公司,7,AA,03,2021-05-21,6.2,30
152881,21邵区01,邵东新区开发建设投资有限责任公司,7,AAA,03,2021-05-17,6.5,30
152882,21郓城债,郓城县水浒城市建设投资有限公司,7,AAA,03,2021-05-13,5.5,0
152883,21宜昌01,宜昌城市发展投资集团有限公司,7,AA+,03,2021-05-17,4.65,30
152884,21高投01,新昌县高新园区投资集团有限公司,7,AA+,03,2021-05-13,5,30
152885,21崇工01,广西崇左市城市工业投资发展集团有限公司,7,AA,03,2021-06-16,7.88,30
152886,21桂北01,广西北部湾投资集团有限公司,5,AAA,03,2021-05-26,4.13,30
152887,21西咸02,陕西西咸新区发展集团有限公司,5,AAA,03,2021-05-13,4.48,30
152891,21成华债,成都成华城市更新集团有限责任公司,10,AA+,03,2021-06-04,4.45,0
152892,21通瑞01,重庆市通瑞农业发展有限公司,7,AA+,03,2021-06-02,7.7,30
152893,21开福02,长沙开福城投集团有限责任公司,7,AA+,03,2021-06-07,4.69,30
152894,21渝长寿,重庆长寿开发投资(集团)有限公司,7,AA+,03,2021-06-17,6.8,0
152895,21海潮02,杭州望海潮建设有限公司,7,AA+,03,2021-06-17,4,30
152896,21广安01,广安经济技术开发区恒生投资开发有限公司,7,AAA,03,2021-06-24,6.25,30
152897,21广安02,广安经济技术开发区恒生投资开发有限公司,7,AA,03,2021-06-29,6.8,30
152898,21广宁01,广宁县汇业资产运营有限公司,7,AAA,03,2021-06-25,5,30
152900,21利辛债,利辛县城乡发展建设投资集团有限公司,7,AAA,03,2021-07-28,4.87,30
152901,21天盈01,四川天盈实业有限责任公司,7,AA,03,2021-06-23,7.5,30
152902,21娄高01,太仓娄城高新集团有限公司,7,AA+,03,2021-06-23,3.8,0
152903,21嘉控01,嘉兴市嘉秀发展投资控股集团有限公司,7,AA+,03,2021-06-22,4.9,30
152904,21兴荣债,重庆市兴荣控股集团有限公司,7,AA,03,2021-06-25,6.5,0
152905,21玉投债,玉山投资控股集团有限公司,7,AA+,03,2021-07-07,6.5,0
152906,21郑住投,郑州公共住宅建设投资有限公司,7,AA+,03,2021-06-25,4.98,30
152907,21温铁02,温州市铁路与轨道交通投资集团有限公司,15,AAA,03,2021-06-24,3.4,30
152908,21高淳债,南京高淳国有资产经营控股集团有限公司,7,AAA,03,2021-07-05,4.57,0
152909,21郑地02,郑州城市发展集团有限公司,7,AAA,03,2021-06-29,3.8,30
152910,21郑地03,郑州城市发展集团有限公司,5,AAA,03,2021-06-29,4.1,30
152911,21六开01,南京六合经济技术开发集团有限公司,7,AAA,03,2021-06-30,4.49,30
152912,21温岭01,温岭市国有资产投资集团有限公司,7,AA+,03,2021-07-05,4.2,30
152913,21永城02,永州潇湘源城市发展集团有限公司,7,AAA,03,2021-07-07,6.3,0
152914,21虞专01,绍兴市上虞城市建设集团有限公司,7,AA+,03,2021-07-02,4.6,0
152915,21兴蒲债,成都蒲江建设投资集团有限公司,7,AAA,03,2021-07-06,6.8,0
152916,G21城建1,南通城市建设集团有限公司,7,AAA,03,2021-07-06,3.99,0
152917,21昌兴债,萍乡市昌兴投资有限公司,7,AAA,03,2021-07-06,6.5,30
152918,21阳新债,阳新县城镇建设投资开发有限公司,7,AAA,03,2021-10-15,6.8,0
152919,G21临川2,抚州市临川区城镇建设开发投资有限公司,7,AA+,03,2021-07-07,6.74,0
152921,21阜交债,阜宁县交通投资有限公司,7,AAA,03,2021-07-06,6.5,30
152922,21景投01,景德镇市古镇投资管理有限公司,7,AA+,03,2021-07-08,6.5,0
152923,21远安02,远安县栖凤城市建设投资开发有限公司,7,AAA,03,2021-07-07,6.5,30
152924,21文登01,威海市文登区城市资产经营有限公司,7,AA+,03,2021-07-05,6.5,30
152926,G21兴发,宜昌兴发集团有限责任公司,10,AA+,03,2021-07-08,5.5,0
152927,21东阳01,东阳市国有资产投资有限公司,7,AA+,03,2021-07-05,4.27,30
152928,21天投01,成都天府新区投资集团有限公司,10,AAA,03,2021-07-08,4,30
152929,21临沧债,临沧市国有资本投资运营集团有限公司,7,AA,03,2021-07-14,7.5,30
152930,21龙建01,柳州市龙建投资发展有限责任公司,5,AA+,03,2021-07-06,7.5,30
152931,21东投债,山东东财建设投资集团有限公司,7,AA+,03,2021-07-07,6.7,30
152932,21利民01,邹城市利民建设发展集团有限公司,7,AA+,03,2021-07-12,7,30
152933,21嘉滨01,嘉兴滨海控股集团有限公司,7,AA+,03,2021-07-08,4.5,30
152934,21京诚债,京山市京诚投资开发集团有限公司,5,AAA,03,2021-07-23,5.8,30
152935,21寿城01,寿光市城市建设投资开发有限公司,7,AAA,03,2021-07-07,4.65,30
152936,21万经开,重庆市万盛经济技术开发区开发投资集团有限公司,7,AA,03,2021-07-13,7,0
152937,21胶城01,青岛胶州城市发展投资有限公司,7,AA+,03,2021-07-12,4,0
152938,21金发债,江苏金坛国发国际投资发展有限公司,7,AA+,03,2021-07-23,5.5,30
152939,21东津01,襄阳东津国有资本投资集团有限公司,5,AA,03,2021-07-12,5.5,30
152940,21东津02,襄阳东津国有资本投资集团有限公司,3,AA,03,2021-07-12,6.5,30
152941,21攸投01,湖南省攸州国有资产投资集团有限公司,7,AA+,03,2021-07-07,6.5,30
152943,21德感01,重庆市德感工业园区建设有限公司,7,AA+,03,2021-07-12,6.3,30
152944,21安泰债,聊城市安泰城乡投资开发有限责任公司,7,AA+,03,2021-07-13,7,0
152946,G21天宁1,常州天宁建设发展集团有限公司,7,AA+,03,2021-08-13,4.19,0
152947,21海鸿01,江苏海鸿投资控股集团有限公司,10,AAA,03,2021-07-13,4,0
152948,21阳山债,无锡安阳山产业发展有限公司,7,AAA,03,2021-07-14,4.28,0
152949,21扬庆01,扬州庆和瑞投资建设有限公司,7,AAA,03,2021-07-19,3.98,30
152950,21旅业债,苏州太湖旅业发展有限公司,7,AAA,03,2021-07-22,4.28,30
152951,21晋陵02,常州市晋陵投资集团有限公司,7,AA+,03,2021-07-19,4.67,0
152952,21开州债,濮阳开州投资集团有限公司,7,AAA,03,2021-07-29,6.89,30
152953,21信养老,上饶市信州区投资控股集团有限公司,7,AA+,03,2021-07-22,5.98,0
152954,21靖江港,靖江港口集团有限公司,5,AAA,03,2021-07-29,3.97,30
152955,G21长金1,浙江长兴创新投资集团有限公司,7,AA+,03,2021-07-26,5.69,0
152956,21亦庄02,北京亦庄国际投资发展有限公司,3,AAA,03,2021-07-26,3.4,30
152957,21亦庄03,北京亦庄国际投资发展有限公司,5,AAA,03,2021-07-26,3.66,30
152958,21黄石01,黄石市城市发展投资集团有限公司,7,AA+,03,2021-07-21,5,30
152959,21厦轨04,厦门轨道建设发展集团有限公司,5,AAA,03,2021-07-23,3.42,30
152960,21皖交01,安徽省交通控股集团有限公司,5,AAA,03,2021-07-28,3.39,30
152961,G21丰城1,丰城发展投资控股集团有限公司,7,AA+,03,2021-07-27,5.77,0
152962,21平投01,平顶山发展投资控股集团有限公司,7,AAA,03,2021-07-30,4.35,30
152963,21枫桥债,苏州高新区枫桥工业园有限公司,7,AAA,03,2021-08-04,3.49,30
152964,21邵区02,邵东新区开发建设投资有限责任公司,7,AA+,03,2021-07-28,6.7,30
152965,21南雄01,南雄市国有资产投资有限责任公司,7,AAA,03,2021-07-30,4.7,30
152966,21邵区03,邵东新区开发建设投资有限责任公司,7,AA+,03,2021-07-30,6.8,30
152967,G21抚州1,抚州市市属国有资产投资控股集团有限公司,7,AA+,03,2021-08-03,4.47,0
152968,21惠城铁,无锡沪宁城铁惠山站区投资开发建设有限公司,7,AAA,03,2021-08-03,3.72,30
152969,21周口01,周口市城建投资发展有限公司,5,AA+,03,2021-08-05,4.5,0
152970,21荆门01,荆门高新技术产业开发有限责任公司,5,AA,03,2021-08-03,5.77,30
152971,21广元G1,广元市投资发展集团有限公司,4,AAA,03,2021-08-05,6.3,0
152972,21宁城05,宁乡市城市建设投资集团有限公司,7,AA+,03,2021-08-03,5,0
152973,21水集01,水发集团有限公司,5,AAA,03,2021-08-03,5,30
152974,21融投01,金华融盛投资发展集团有限公司,7,AA,03,2021-08-06,5.45,30
152975,21杭实01,杭州市实业投资集团有限公司,7,AAA,03,2021-08-06,3.67,30
152976,21天心01,长沙天心城市建设投资开发集团有限公司,5,AAA,03,2021-08-26,3.44,30
152977,21乐投债,乐山国有资产投资运营(集团)有限公司,7,AA+,03,2021-08-03,4.97,30
152979,21宁安01,南京安居建设集团有限责任公司,5,AAA,03,2021-08-17,3.25,30
152980,21曲控一,西安曲江文化控股有限公司,5,AAA,03,2021-08-03,5.5,30
152981,21宜宾01,宜宾发展控股集团有限公司,8,AAA,03,2021-08-16,3.48,30
152982,21杭交投,杭州市交通投资集团有限公司,10,AAA,03,2021-08-12,3.88,30
152983,21投控01,嵊州市投资控股有限公司,7,AA+,03,2021-08-12,4.6,30
152984,21赣铁02,江西省铁路航空投资集团有限公司,5,AAA,03,2021-08-10,3.22,30
152985,21京投01,北京市基础设施投资有限公司,3,AAA,03,2021-08-10,3.11,30
152986,21邹城02,邹城市城资控股集团有限公司,7,AA+,03,2021-08-10,6.5,30
152987,21广控01,广东省广物控股集团有限公司,3,AAA,03,2021-08-10,3.54,30
152988,21桃源01,桃源县城市建设投资开发有限公司,7,AAA,03,2021-09-28,7,30
152989,21洪湖债,洪湖市弘瑞投资开发有限公司,7,AAA,03,2021-08-23,6.3,0
152990,21金洲债,长沙金洲新城开发建设投资有限公司,5,AAA,03,2021-08-12,5.5,30
152991,21西秦债,陕西省西咸新区秦汉新城开发建设集团有限责任公司,7,AAA,03,2021-08-27,6.5,30
152992,21蓉国投,成都经开国投集团有限公司,7,AA+,03,2021-08-13,5.8,30
152993,21长发05,长沙城市发展集团有限公司,7,AAA,03,2021-08-24,3.62,30
152994,21厦居01,厦门安居集团有限公司,9,AAA,03,2021-08-17,3.17,30
152995,21宁专01,宁乡经济技术开发区建设投资有限公司,7,AAA,03,2021-08-18,4.95,30
152996,21荣财鑫,荣成市财鑫投资有限公司,7,AA+,03,2021-08-25,4.6,30
152997,21宁专02,宁乡经济技术开发区建设投资有限公司,7,AA+,03,2021-08-18,5.7,30
152998,21玉交01,玉环市交通投资集团有限公司,7,AA+,03,2021-08-23,4.18,30
152999,21锡新城,无锡锡东新城建设发展有限公司,7,AA+,03,2021-09-02,4,30
155001,18红美01,红星美凯龙家居集团股份有限公司,3,AAA,02,2018-11-19,6.3,90
155003,18都城01,都城伟业集团有限公司,5,AA+,02,2018-12-12,4.48,90
155004,18平证06,平安证券股份有限公司,5,AAA,02,2018-11-12,4.1,90
155005,18金诚01,金诚信矿业管理股份有限公司,3,AA,02,2018-11-15,7.5,90
155006,18上药01,上海医药集团股份有限公司,3,AAA,02,2018-11-27,4.1,90
155007,18宜华03,宜华企业(集团)有限公司,3,AA+,02,2018-12-04,6.5,90
155009,18远海05,中国远洋海运集团有限公司,10,AAA,02,2018-11-13,4.9,90
155010,18龙湖06,重庆龙湖企业拓展有限公司,5,AAA,02,2018-11-28,4.8,90
155012,18广核01,中国广核集团有限公司,3,AAA,02,2018-11-28,3.96,90
155013,18中租二,中民投租赁控股有限公司,3,AAA,02,2018-11-28,7.55,90
155014,18铁龙01,中铁铁龙集装箱物流股份有限公司,2,AA+,02,2018-12-13,4.7,90
155015,18电投10,国家电力投资集团有限公司,3,AAA,02,2018-11-19,4.03,90
155016,18电投11,国家电力投资集团有限公司,5,AAA,02,2018-11-19,4.34,90
155017,18鲁商02,山东省商业集团有限公司,3,AA+,02,2018-11-23,7.5,90
155018,18邮政01,中国邮政集团有限公司,5,AAA,02,2018-11-19,3.99,90
155019,18浙商01,浙江省浙商资产管理股份有限公司,5,AAA,02,2018-11-23,4.48,90
155022,18实业08,新疆广汇实业投资(集团)有限责任公司,3,AA+,02,2018-11-22,7.5,90
155024,18台纾01,台州市金融投资有限责任公司,5,AA+,02,2018-11-29,5.7,90
155025,18光大01,中国光大集团股份公司,3,AAA,02,2018-11-27,4.02,90
155026,18沪资03,上海国际集团资产管理有限公司,5,AAA,02,2018-11-23,4,90
155027,18杭机01,杭州萧山国际机场有限公司,5,AAA,02,2018-11-23,4.08,90
155028,18闽纾债,福建省投资开发集团有限责任公司,5,AAA,02,2018-11-22,4.1,60
155029,18青城05,青岛城市建设投资(集团)有限责任公司,10,AAA,02,2018-11-26,4.38,90
155030,18三友03,唐山三友化工股份有限公司,5,AA+,02,2018-11-30,4.75,90
155032,18中铝03,中国铝业股份有限公司,3,AAA,02,2018-11-26,4.19,90
155033,18中铝04,中国铝业股份有限公司,5,AAA,02,2018-11-26,4.5,90
155035,18柳投控,广西柳州市投资控股集团有限公司,3,AA+,02,2018-11-30,5.74,90
155036,18电投12,国家电力投资集团有限公司,3,AAA,02,2018-11-30,3.97,90
155037,18电投13,国家电力投资集团有限公司,5,AAA,02,2018-11-30,4.2,90
155038,18海通05,海通证券股份有限公司,3,AAA,02,2018-12-05,3.88,90
155039,18粤桥02,广东省路桥建设发展有限公司,15,AAA,02,2018-12-04,4.7,90
155040,18高新01,上海市北高新股份有限公司,5,AA+,02,2018-12-06,4.33,90
155041,18远高01,宁夏远高实业集团有限公司,2,AA,02,2018-12-03,7.5,90
155042,18锦江02,锦江国际集团有限公司,5,AAA,02,2018-12-07,4.18,90
155043,18复星05,上海复星高科技(集团)有限公司,4,AAA,02,2018-12-05,5.3,90
155044,18元禾02,苏州元禾控股股份有限公司,5,AAA,02,2018-12-06,4.24,90
155045,18豫园01,上海豫园旅游商城(集团)股份有限公司,5,AAA,02,2018-12-07,4.97,90
155047,18华泰G1,华泰证券股份有限公司,3,AAA,02,2018-12-11,3.88,90
155048,18华泰G2,华泰证券股份有限公司,5,AAA,02,2018-12-11,4.17,90
155049,18齐鲁02,齐鲁交通发展集团有限公司,3,AAA,02,2018-12-07,4.05,90
155050,18中航G1,中航证券有限公司,3,AAA,02,2018-12-06,4.25,90
155051,18迈科02,西安迈科金属国际集团有限公司,3,AA,02,2018-12-12,7.5,90
155052,18南航01,中国南方航空股份有限公司,3,AAA,02,2018-12-12,3.92,90
155053,G18首股,北京首创生态环保集团股份有限公司,5,AAA,02,2018-12-10,4.24,90
155054,18国药01,国药控股股份有限公司,3,AAA,02,2018-12-13,3.99,90
155055,18津投11,天津城市基础设施建设投资集团有限公司,4,AAA,02,2018-12-07,4.28,90
155056,18津投12,天津城市基础设施建设投资集团有限公司,5,AAA,02,2018-12-07,4.7,90
155057,G18龙源2,龙源电力集团股份有限公司,3,AAA,02,2018-12-13,3.96,90
155058,18京能01,北京京能电力股份有限公司,3,AAA,02,2018-12-20,3.95,90
155059,18镇投01,镇江国有投资控股集团有限公司,3,AA+,02,2018-12-17,7.99,90
155060,18联想03,联想控股股份有限公司,5,AAA,02,2018-12-12,4.7,90
155061,18富力08,广州富力地产股份有限公司,7.79,AAA,02,2018-12-17,6.58,90
155063,18渝信03,同方国信投资控股有限公司,3,AAA,02,2018-12-27,5.5,90
155065,18三福01,泰州三福重工集团有限公司,5,AA,02,2018-12-14,7.5,90
155066,18中储02,中储发展股份有限公司,5,AA+,02,2018-12-14,5,90
155067,18复药02,上海复星医药(集团)股份有限公司,4,AAA,02,2018-12-17,4.47,90
155068,18复药03,上海复星医药(集团)股份有限公司,5,AAA,02,2018-12-17,4.68,90
155069,18保文02,保利文化集团股份有限公司,3,AA+,02,2018-12-13,4.7,90
155070,18大众01,大众交通(集团)股份有限公司,3,AA+,02,2018-12-21,4.33,90
155071,18首置03,首创置业有限公司,3,AAA,02,2018-12-14,4.16,90
155072,18首置04,首创置业有限公司,5,AAA,02,2018-12-14,4.5,90
155074,18悦达01,悦达资本股份有限公司,5,AA+,02,2018-12-18,7.5,90
155076,18宁农01,宁夏农垦集团有限公司,5,AA+,02,2018-12-24,5.8,90
155077,18东风03,东风汽车集团股份有限公司,3,AAA,02,2018-12-19,3.96,90
155078,18东风04,东风汽车集团股份有限公司,5,AAA,02,2018-12-19,4.21,90
155079,18新大03,中融新大集团有限公司,3,AAA,02,2019-01-04,7.1,90
155080,18汽车G3,广汇汽车服务有限责任公司,3,AA+,02,2018-12-28,7.2,90
155081,18沱牌01,四川沱牌舍得集团有限公司,5,AA,02,2018-12-18,7.5,90
155082,18时代13,广州市时代控股集团有限公司,3,AA+,02,2018-12-20,7.5,90
155083,18时代14,广州市时代控股集团有限公司,5,AA+,02,2018-12-20,8.1,90
155085,18紫光04,紫光集团有限公司,5,AAA,02,2018-12-19,5.2,90
155086,18津投13,天津城市基础设施建设投资集团有限公司,4,AAA,02,2018-12-19,4.24,90
155087,18津投14,天津城市基础设施建设投资集团有限公司,5,AAA,02,2018-12-19,4.68,90
155088,18粤控02,广东粤海控股集团有限公司,5,AAA,02,2018-12-21,3.9,90
155089,18中泰01,中泰证券股份有限公司,3,AAA,02,2018-12-28,3.95,90
155090,H18福晟3,福建福晟集团有限公司,3,AA+,02,2018-12-24,7.9,90
155091,18景国02,景德镇市国资运营投资控股集团有限责任公司,3,AA,02,2018-12-25,6.2,90
155092,18花样年,花样年集团(中国)有限公司,3,AA+,02,2018-12-25,7.5,90
155093,18万向01,中国万向控股有限公司,3,AA+,02,2018-12-28,5.33,90
155095,18皖投02,安徽省投资集团控股有限公司,5,AAA,02,2019-01-03,4.09,90
155097,18亨通01,江苏亨通光电股份有限公司,2,AA+,02,2018-12-25,4.9,90
155098,19国管01,北京国有资本运营管理有限公司,5,AAA,02,2019-01-23,3.85,90
155100,18海纾困,北京市海淀区国有资本运营有限公司,5,AAA,02,2018-12-27,4.14,60
155102,18华夏06,华夏幸福基业股份有限公司,5,AAA,02,2018-12-25,7,90
155103,18华夏07,华夏幸福基业股份有限公司,7,AAA,02,2018-12-25,8.3,90
155104,H18铁牛2,铁牛集团有限公司,5,AA+,02,2019-01-10,7.2,90
155106,18富力10,广州富力地产股份有限公司,7.71,AAA,02,2019-01-18,7,90
155108,19浦土01,上海浦东土地控股(集团)有限公司,5,AAA,02,2019-01-23,3.8,90
155111,18海亮03,海亮集团有限公司,2,AA+,02,2019-01-02,7,90
155112,18金光01,金光纸业(中国)投资有限公司,3,AAA,02,2019-01-08,7.2,90
155113,18爱建01,上海爱建集团股份有限公司,3,AA+,02,2019-01-07,5.4,90
155115,18南山05,南山集团有限公司,3,AAA,02,2019-01-07,5.03,90
155116,18新大陆,新大陆科技集团有限公司,3,AA,02,2018-12-24,6.3,90
155117,18鸿坤03,北京鸿坤伟业房地产开发有限公司,4,AA,02,2019-01-07,7.5,90
155118,18伊泰02,内蒙古伊泰煤炭股份有限公司,3,AAA,02,2018-12-26,5,90
155119,19津住01,天津住宅建设发展集团有限公司,2,AA,02,2019-01-23,6.5,90
155120,18新大04,中融新大集团有限公司,3,AAA,02,2019-01-16,7.7,90
155121,18海怡02,广东星河湾房地产(集团)有限公司,3,AA,02,2019-01-15,7.2,90
155123,19中粮01,中粮置业投资有限公司,6,AAA,02,2019-01-23,3.94,90
155124,19中粮02,中粮置业投资有限公司,7,AAA,02,2019-01-23,4.1,90
155125,19津投01,天津城市基础设施建设投资集团有限公司,4,AAA,02,2019-01-23,3.99,90
155126,19津投02,天津城市基础设施建设投资集团有限公司,5,AAA,02,2019-01-23,4.26,90
155127,19铁工01,中国中铁股份有限公司,3,AAA,02,2019-01-25,3.68,90
155129,19葛洲01,中国葛洲坝集团股份有限公司,5,AAA,02,2019-01-21,3.85,90
155130,19京投01,北京市基础设施投资有限公司,3,AAA,02,2019-01-23,3.57,90
155131,19京投02,北京市基础设施投资有限公司,5,AAA,02,2019-01-23,3.85,90
155132,19蓝星01,中国蓝星(集团)股份有限公司,3,AAA,02,2019-01-21,4.07,90
155133,19金隅01,北京金隅集团股份有限公司,5,AAA,02,2019-01-22,3.73,90
155134,19金隅02,北京金隅集团股份有限公司,7,AAA,02,2019-01-22,4.07,90
155136,19闽电01,福建省电子信息(集团)有限责任公司,3,AAA,02,2019-01-24,5.5,90
155138,19联想01,联想控股股份有限公司,3,AAA,02,2019-01-23,4.5,90
155139,19联想02,联想控股股份有限公司,5,AAA,02,2019-01-23,5.3,90
155140,19镇投01,镇江国有投资控股集团有限公司,3,AA+,02,2019-01-29,7.75,90
155142,19世茂G1,上海世茂股份有限公司,3,AAA,02,2019-01-24,4.65,90
155143,19栖建01,南京栖霞建设股份有限公司,5,AA+,02,2019-07-24,5.4,90
155144,19汽车01,广汇汽车服务集团股份公司,3,AA+,02,2019-02-14,7.5,90
155145,19阳集01,福建阳光集团有限公司,3,AA+,02,2019-01-25,7.5,90
155146,19无锡01,无锡市新发集团有限公司,5,AA+,02,2019-01-29,4.25,90
155147,19无锡02,无锡市新发集团有限公司,8,AA+,02,2019-01-29,4.48,90
155148,19南山01,南山集团有限公司,3,AAA,02,2019-01-31,5.3,90
155150,19临债01,上海临港控股股份有限公司,4,AAA,02,2019-01-29,3.74,90
155151,19临债02,上海临港控股股份有限公司,5,AAA,02,2019-01-29,3.85,90
155152,19红星01,红星美凯龙控股集团有限公司,3,AAA,02,2019-02-14,6.5,90
155154,19渤海01,渤海证券股份有限公司,3,AAA,02,2019-01-28,3.99,90
155155,19光水01,中国光大水务有限公司,5,AAA,02,2019-01-29,3.89,90
155156,19绿城01,绿城房地产集团有限公司,5,AAA,02,2019-02-12,3.98,90
155158,19新燃01,新奥(中国)燃气投资有限公司,3,AAA,02,2019-02-20,4.19,90
155159,19CHNE01,国家能源投资集团有限责任公司,3,AAA,02,2019-01-25,3.55,90
155160,19渝物01,重庆公路物流基地建设有限公司,5,AA,02,2019-02-01,7.36,90
155161,19津投03,天津城市基础设施建设投资集团有限公司,6,AAA,02,2019-02-01,4.05,90
155162,19津投04,天津城市基础设施建设投资集团有限公司,10,AAA,02,2019-02-01,4.95,90
155163,19蓝光01,四川蓝光发展股份有限公司,3,AA+,02,2019-03-29,7.5,90
155164,19建材01,中国建材股份有限公司,3,AAA,02,2019-01-30,3.66,90
155165,19建材02,中国建材股份有限公司,5,AAA,02,2019-01-30,3.87,90
155166,19中铝01,中国铝业股份有限公司,3,AAA,02,2019-01-30,3.8,90
155167,19航租01,中航国际融资租赁有限公司,5,AAA,02,2019-02-11,4.02,90
155168,19口岸01,泰州口岸船舶有限公司,3,AA,02,2019-02-13,7.5,90
155169,19紫光01,紫光集团有限公司,5,AAA,02,2019-02-11,5.11,90
155171,19正才01,杭州正才控股集团有限公司,3,AA+,02,2019-04-18,6.98,90
155172,19实业01,新疆广汇实业投资(集团)有限责任公司,3,AA+,02,2019-02-18,6.8,90
155175,19东方01,东方集团股份有限公司,3,AA+,02,2019-02-22,7.15,90
155176,19山招01,山东招金集团有限公司,5,AAA,02,2019-02-18,4.39,90
155177,19长电01,中国长江电力股份有限公司,3,AAA,02,2019-03-04,3.45,90
155178,19住总01,北京住总集团有限责任公司,5,AA+,02,2019-03-05,4.07,90
155180,G19三峡1,中国长江三峡集团有限公司,5,AAA,02,2019-03-06,3.73,90
155181,G19三峡2,中国长江三峡集团有限公司,10,AAA,02,2019-03-06,4.4,90
155182,19CHNE02,国家能源投资集团有限责任公司,3,AAA,02,2019-03-07,3.5,90
155183,19翔业01,厦门翔业集团有限公司,3,AAA,02,2019-03-04,3.58,90
155185,19南航01,中国南方航空股份有限公司,3,AAA,02,2019-03-04,3.45,90
155186,19蓝星02,中国蓝星(集团)股份有限公司,3,AAA,02,2019-03-04,3.97,90
155188,19金茂投,上海金茂投资管理集团有限公司,5,AAA,02,2019-03-05,3.72,90
155189,19龙湖01,重庆龙湖企业拓展有限公司,5,AAA,02,2019-03-06,3.99,90
155190,19龙湖02,重庆龙湖企业拓展有限公司,7,AAA,02,2019-03-06,4.7,90
155191,19信债01,中国中信有限公司,3,AAA,02,2019-03-07,3.5,90
155192,19信债02,中国中信有限公司,5,AAA,02,2019-03-07,3.85,90
155193,19平证01,平安证券股份有限公司,5,AAA,02,2019-03-11,3.7,90
155194,19泰达01,天津泰达投资控股有限公司,5,AAA,02,2019-03-12,5.2,90
155195,19国美01,国美电器有限公司,6,AA+,02,2019-03-18,7.8,90
155196,19津投05,天津城市基础设施建设投资集团有限公司,6,AAA,02,2019-03-11,4.08,90
155197,19津投06,天津城市基础设施建设投资集团有限公司,10,AAA,02,2019-03-11,4.99,90
155198,19柳投控,广西柳州市投资控股集团有限公司,3,AA+,02,2019-03-19,5.45,90
155200,19远海02,中国远洋海运集团有限公司,10,AAA,02,2019-03-18,4.56,90
155201,19陆债01,上海陆家嘴金融贸易区开发股份有限公司,5,AAA,02,2019-03-14,3.95,90
155203,19渝高01,重庆高速公路集团有限公司,5,AAA,02,2019-03-28,4.36,90
155204,19华宇01,重庆华宇集团有限公司,5,AA,02,2019-03-20,7.5,90
155205,H19福晟1,福建福晟集团有限公司,3,AA+,02,2019-04-03,7.8,90
155206,H19远高1,宁夏远高实业集团有限公司,5,AA,02,2019-03-21,7.5,90
155207,19新燃02,新奥(中国)燃气投资有限公司,3,AAA,02,2019-03-29,4.2,90
155208,19招商G1,招商证券股份有限公司,3,AAA,02,2019-03-20,3.59,90
155209,19广能01,广汇能源股份有限公司,2,AA+,02,2019-03-28,6.8,90
155210,19苏城01,苏州城市建设投资发展(集团)有限公司,5,AAA,02,2019-03-19,3.8,90
155211,19建材03,中国建材股份有限公司,3,AAA,02,2019-03-21,3.65,90
155213,19苏垦01,江苏省农垦集团有限公司,3,AAA,02,2019-03-22,3.95,90
155214,19浙旅01,浙江省旅游投资集团有限公司,5,AA+,02,2019-03-22,4.95,90
155215,19北汽01,北京汽车集团有限公司,5,AAA,02,2019-03-22,4.2,90
155216,19漳九01,漳州市九龙江集团有限公司,5,AA+,02,2019-03-25,4.4,90
155217,19洪政G1,南昌市政公用集团有限公司,5,AAA,02,2019-03-29,3.9,90
155219,19中航G1,中航证券有限公司,3,AAA,02,2019-03-19,3.93,90
155220,19兵装01,中国兵器装备集团有限公司,2,AAA,02,2019-03-28,3.35,90
155221,19兵装02,中国兵器装备集团有限公司,5,AAA,02,2019-03-28,3.7,90
155222,19兵装03,中国兵器装备集团有限公司,5,AAA,02,2019-05-16,3.97,90
155223,19葛洲02,中国葛洲坝集团股份有限公司,5,AAA,02,2019-03-29,4.1,90
155224,19住总03,北京住总集团有限责任公司,5,AA+,02,2019-03-22,4.35,90
155228,19中希01,中国希格玛有限公司,3,AA,02,2019-04-04,8.2,90
155229,19阳煤01,山西华阳集团新能股份有限公司,5,AAA,02,2019-04-03,4.68,90
155230,19台州01,台州市国有资本运营集团有限公司,5,AA+,02,2019-03-26,4.39,90
155231,19兴发01,湖北兴发化工集团股份有限公司,3,AA+,02,2019-03-28,6.5,90
155232,19红星03,红星美凯龙控股集团有限公司,3,AAA,02,2019-04-01,6.5,90
155234,19银宝G1,江苏银宝控股集团有限公司,5,AA+,02,2019-11-13,6.2,90
155235,19特变01,新疆特变电工集团有限公司,5,AA+,02,2019-04-02,5.58,90
155236,19杭纾01,杭州市金融投资集团有限公司,5,AAA,02,2019-03-29,4.03,90
155239,19中林02,中国林业集团有限公司,5,AA+,02,2019-03-28,6.9,90
155240,19华泰G1,华泰证券股份有限公司,3,AAA,02,2019-03-29,3.68,90
155242,H19成龙1,成龙建设集团有限公司,5,AA,02,2019-04-09,7.6,90
155244,19闽交02,福建省交通运输集团有限责任公司,3,AA+,02,2019-03-28,4.1,90
155245,19风电01,中广核风电有限公司,3,AAA,02,2019-03-29,3.78,90
155246,19风电02,中广核风电有限公司,10,AAA,02,2019-03-29,4.6,90
155247,19京发G1,京投发展股份有限公司,5,AAA,02,2019-03-27,3.99,90
155248,19华润01,华润电力投资有限公司,3,AAA,02,2019-03-26,3.65,90
155250,19中信02,中国中信有限公司,10,AAA,02,2019-03-29,4.59,90
155251,19湖州01,湖州市城市投资发展集团有限公司,5,AA+,02,2019-03-28,4.38,90
155252,19中铁04,中国铁建房地产集团有限公司,5,AAA,02,2019-03-28,4.25,90
155254,19世茂G2,上海世茂股份有限公司,3,AAA,02,2019-03-29,4.64,90
155255,19远洋01,北京远洋控股集团有限公司,5,AAA,02,2019-04-01,4.06,90
155256,19远洋02,北京远洋控股集团有限公司,7,AAA,02,2019-04-01,4.59,90
155257,19北方01,中国北方工业有限公司,5,AAA,02,2019-04-03,3.65,90
155259,19中原01,中原证券股份有限公司,3,AAA,02,2019-04-03,3.9,90
155260,19荣和01,广西荣和有限责任公司,5,AA,02,2019-04-08,7.65,90
155261,19东风01,东风汽车集团股份有限公司,3,AAA,02,2019-04-01,3.78,90
155263,19国科01,中国科学院控股有限公司,5,AAA,02,2019-05-08,3.99,90
155265,19阳集02,福建阳光集团有限公司,3,AA+,02,2019-04-09,7.5,90
155266,19建集01,厦门建发集团有限公司,5,AAA,02,2019-04-01,4.57,90
155268,19新城01,新城控股集团股份有限公司,4,AAA,02,2019-03-27,5.05,90
155269,19新城02,新城控股集团股份有限公司,5,AAA,02,2019-03-27,5.9,90
155270,G19鲁金1,山东黄金矿业股份有限公司,3,AAA,02,2019-04-01,3.85,90
155271,19鲁创01,鲁信创业投资集团股份有限公司,10,AAA,02,2019-04-11,4.9,90
155272,19五资01,五矿资本控股有限公司,3,AAA,02,2019-04-08,3.94,90
155273,19华夏01,华夏幸福基业股份有限公司,5,AAA,02,2019-04-03,5.5,90
155274,19国新01,中国国新控股有限责任公司,5,AAA,02,2019-04-04,3.89,90
155275,19三友01,唐山三友化工股份有限公司,5,AA+,02,2019-04-04,4.43,90
155277,19川发01,四川发展(控股)有限责任公司,5,AAA,02,2019-04-10,4.3,90
155278,19川发02,四川发展(控股)有限责任公司,10,AAA,02,2019-04-10,4.75,90
155279,19紫光02,紫光集团有限公司,3,AAA,02,2019-04-08,4.94,90
155280,19云投01,云南省康旅控股集团有限公司,3,AAA,02,2019-04-10,5.97,90
155281,19起步01,起步股份有限公司,3,AAA,02,2019-04-11,5.8,90
155283,19常高01,常高新集团有限公司,5,AA+,02,2019-04-04,4.65,90
155285,19唐租01,大唐融资租赁有限公司,5,AA+,02,2019-04-16,4.58,90
155286,19爱建01,上海爱建集团股份有限公司,3,AA+,02,2019-04-09,5.34,90
155287,19平证03,平安证券股份有限公司,5,AAA,02,2019-04-11,3.75,90
155288,19成大01,辽宁成大股份有限公司,3,AA+,02,2019-04-12,5.1,90
155289,19三峡01,重庆三峡融资担保集团股份有限公司,5,AAA,02,2019-04-19,4.6,90
155290,19中保01,中国投融资担保股份有限公司,5,AAA,02,2019-04-15,3.87,90
155291,19鑫苑01,鑫苑(中国)置业有限公司,5,AA,02,2019-04-09,8.4,90
155292,19镇投03,镇江国有投资控股集团有限公司,3,AA+,02,2019-04-10,6,90
155294,19云工02,云南省工业投资控股集团有限责任公司,3,AA+,02,2019-04-16,6.8,90
155295,19光明01,光明食品(集团)有限公司,5,AAA,02,2019-04-12,3.8,90
155296,19西南01,西南证券股份有限公司,3,AAA,02,2019-04-10,3.85,90
155297,19漳九02,漳州市九龙江集团有限公司,5,AA+,02,2019-04-18,4.47,90
155298,19建银01,中国建银投资有限责任公司,3,AAA,02,2019-04-16,3.87,90
155301,19兰石01,兰州兰石集团有限公司,5,AAA,02,2019-04-16,7,90
155302,19特电01,特变电工股份有限公司,3,AAA,02,2019-04-23,4.28,90
155303,19京客隆,北京京客隆商业集团股份有限公司,5,AAA,02,2019-09-11,3.77,90
155304,19禹洲01,厦门禹洲鸿图地产开发有限公司,5,AA+,02,2019-04-16,6.5,90
155305,19禹洲02,厦门禹洲鸿图地产开发有限公司,5,AA+,02,2019-04-16,7.5,90
155306,19伊泰01,内蒙古伊泰煤炭股份有限公司,5,AAA,02,2019-04-11,4.9,90
155307,19建材05,中国建材股份有限公司,3,AAA,02,2019-04-16,3.8,90
155309,19新工01,南京新工投资集团有限责任公司,7,AAA,02,2019-04-26,4.28,90
155310,19汇鸿01,江苏汇鸿国际集团股份有限公司,5,AA+,02,2019-04-17,5.2,90
155311,19硅谷01,天堂硅谷资产管理集团有限公司,5,AA+,02,2019-04-11,7.5,90
155312,19节能01,国网综合能源服务集团有限公司,3,AA+,02,2019-04-19,4.19,90
155313,19碧地01,碧桂园地产集团有限公司,5,AAA,02,2019-04-16,5.03,90
155314,19洋河01,江苏洋河集团有限公司,5,AAA,02,2019-04-22,4.44,90
155315,19路桥01,厦门路桥建设集团有限公司,3,AAA,02,2019-04-19,3.97,90
155316,19海通01,海通证券股份有限公司,3,AAA,02,2019-04-23,3.75,90
155317,19浙投01,浙商创投股份有限公司,5,AA+,02,2019-04-15,7.5,90
155318,19铁投01,中国铁建投资集团有限公司,5,AAA,02,2019-04-22,3.98,90
155319,19津投07,天津城市基础设施建设投资集团有限公司,6,AAA,02,2019-04-26,4.35,90
155320,19津投08,天津城市基础设施建设投资集团有限公司,10,AAA,02,2019-04-26,5.3,90
155321,19楚天01,湖北楚天智能交通股份有限公司,5,AA+,02,2019-04-26,4.34,90
155322,19无锡03,无锡市新发集团有限公司,5,AA+,02,2019-04-24,4.38,90
155324,19湘粮债,湖南粮食集团有限责任公司,5,AA,02,2019-05-10,5.9,90
155325,19佛控01,佛山市投资控股集团有限公司,5,AAA,02,2019-04-23,4.59,90
155326,19汇金01,龙岩文旅汇金发展集团有限公司,3,AAA,02,2019-04-24,4.23,90
155327,19香江01,深圳香江控股股份有限公司,4,AA,02,2019-06-10,8.1,90
155328,19首集01,北京首都创业集团有限公司,5,AAA,02,2019-04-26,4.32,90
155329,19国信一,江苏省国信集团有限公司,3,AAA,02,2019-04-26,3.85,90
155331,19铁工03,中国中铁股份有限公司,3,AAA,02,2019-04-26,3.4,90
155332,19铁工04,中国中铁股份有限公司,3,AAA,02,2019-04-26,3.7,90
155333,19西股01,西部矿业股份有限公司,5,AA+,02,2019-04-23,5.8,90
155334,19中旅01,中国旅游集团有限公司,3,AAA,02,2019-04-29,3.68,90
155336,19沪国01,上海国有资产经营有限公司,3,AAA,02,2019-06-27,3.78,90
155337,19舜通01,宁波舜通集团有限公司,5,AA,02,2019-05-15,6.4,90
155339,19中产01,中原资产管理有限公司,3,AAA,02,2019-04-30,4.68,90
155340,19华宝01,华宝投资有限公司,3,AAA,02,2019-04-29,4.15,90
155342,19建材07,中国建材股份有限公司,3,AAA,02,2019-06-21,3.8,90
155344,19鲁资01,山东省国有资产投资控股有限公司,5,AAA,02,2019-04-29,4.28,90
155346,19安租01,平安国际融资租赁有限公司,5,AAA,02,2019-04-30,4.3,90
155347,19口岸02,泰州口岸船舶有限公司,3,AA,02,2019-05-07,7.5,90
155348,19京能01,北京能源集团有限责任公司,3,AAA,02,2019-04-29,3.9,90
155349,19中信03,中国中信有限公司,10,AAA,02,2019-04-30,4.71,90
155350,19国联01,无锡市国联发展(集团)有限公司,5,AAA,02,2019-05-07,4.57,90
155351,19兴杭01,闽西兴杭国有资产投资经营有限公司,5,AAA,02,2019-05-08,4.3,90
155352,19华电01,中国华电集团有限公司,3,AAA,02,2019-05-13,3.9,90
155353,19创控01,昆山创业控股集团有限公司,3,AAA,02,2019-05-16,4.07,90
155355,19航控02,中航工业产融控股股份有限公司,3,AAA,02,2019-05-14,3.98,90
155356,H19福晟2,福建福晟集团有限公司,3,AA+,02,2019-05-08,7.8,90
155357,19华能01,华能国际电力股份有限公司,10,AAA,02,2019-05-07,4.7,90
155358,19华泰G3,华泰证券股份有限公司,3,AAA,02,2019-04-29,3.8,90
155362,19杭机01,杭州萧山国际机场有限公司,5,AAA,02,2019-05-06,3.98,90
155363,19泸水01,泸州市兴泸水务(集团)股份有限公司,5,AA,02,2019-05-08,5.99,90
155364,19上实01,上海实业发展股份有限公司,5,AA+,02,2019-05-09,4.28,90
155366,19浦集01,上海浦东发展(集团)有限公司,3,AAA,02,2019-05-08,4,90
155367,19中林03,中国林业集团有限公司,5,AA+,02,2019-05-14,6.86,90
155368,19能投01,云南省能源投资集团有限公司,3,AAA,02,2019-05-13,4.63,90
155370,19葛洲03,中国葛洲坝集团股份有限公司,5,AAA,02,2019-05-10,3.95,90
155371,19国君G1,国泰君安证券股份有限公司,3,AAA,02,2019-05-14,3.9,90
155373,19津投09,天津城市基础设施建设投资集团有限公司,6,AAA,02,2019-05-10,4.44,90
155374,19津投10,天津城市基础设施建设投资集团有限公司,10,AAA,02,2019-05-10,4.8,90
155375,19中天01,中天钢铁集团有限公司,3,AA+,02,2019-05-14,6.5,90
155376,19雅砻01,雅砻江流域水电开发有限公司,5,AAA,02,2019-05-06,3.93,90
155377,19朝纾01,北京朝阳国有资本运营管理有限公司,5,AAA,02,2019-05-14,4.19,90
155378,19赣投01,江西省投资集团有限公司,3,AAA,02,2019-05-16,4.2,90
155380,19西集01,西王集团有限公司,5,AA+,02,2019-06-20,8.2,90
155382,19金光01,金光纸业(中国)投资有限公司,3,AAA,02,2019-05-14,7,90
155383,19邮政01,中国邮政集团有限公司,5,AAA,02,2019-05-13,3.9,90
155384,19紫竹01,上海紫竹高新区(集团)有限公司,5,AA+,02,2019-05-17,5.45,90
155385,19电控01,北京电子控股有限责任公司,3,AAA,02,2019-06-27,3.81,90
155386,19晋中01,晋中市公用基础设施投资控股(集团)有限公司,5,AA,02,2019-05-14,5.3,90
155388,19深航01,深圳航空有限责任公司,3,AAA,02,2019-05-13,4,90
155389,19南网01,中国南方电网有限责任公司,3,AAA,02,2019-05-10,3.95,90
155390,19绿原01,新疆绿原国有资本投资运营有限公司,3,AA,02,2019-05-16,6.6,90
155391,19世茂G3,上海世茂股份有限公司,7.61,AAA,02,2019-05-31,4.15,90
155392,19新际01,新兴际华集团有限公司,3,AAA,02,2019-05-30,3.85,90
155394,19宏泰债,湖北宏泰集团有限公司,5,AA+,02,2019-05-17,5,90
155395,19陆债03,上海陆家嘴金融贸易区开发股份有限公司,5,AAA,02,2019-05-17,3.88,90
155396,19宜华01,宜华企业(集团)有限公司,3,AA+,02,2019-05-22,7,90
155397,19宜华02,宜华企业(集团)有限公司,2,AA+,02,2019-05-22,6.5,90
155398,19国租01,国药控股(中国)融资租赁有限公司,3,AA+,02,2019-05-20,4.58,90
155399,19鲁高01,山东高速集团有限公司,15,AAA,02,2019-05-16,4.89,90
155400,19杭实01,杭州市实业投资集团有限公司,5,AAA,02,2019-05-22,4.09,90
155402,19齐鲁01,齐鲁交通发展集团有限公司,5,AAA,02,2019-06-19,3.9,90
155403,19淮矿01,淮北矿业股份有限公司,3,AA+,02,2019-05-16,4.8,90
155404,19富力01,广州富力地产股份有限公司,4,AAA,02,2019-05-24,5.6,90
155405,19富力02,广州富力地产股份有限公司,6.36,AAA,02,2019-05-24,6.48,90
155406,19恒大01,恒大地产集团有限公司,4,AAA,02,2019-05-21,6.27,90
155407,19恒大02,恒大地产集团有限公司,5,AAA,02,2019-05-21,6.8,90
155408,19无锡05,无锡市新发集团有限公司,5,AA+,02,2019-05-14,4.6,90
155410,19光大债,中国光大实业(集团)有限责任公司,3,AA,02,2019-05-27,5,90
155411,19穗专01,广州市城市建设开发有限公司,5,AAA,02,2019-06-03,3.83,90
155413,19宇通01,郑州宇通集团有限公司,5,AAA,02,2019-05-24,3.93,90
155414,19粤港01,广州港股份有限公司,3,AAA,02,2019-05-27,3.78,90
155416,19隧道01,上海隧道工程股份有限公司,3,AAA,02,2019-05-29,3.8,90
155417,19南航02,中国南方航空股份有限公司,3,AAA,02,2019-05-29,3.72,90
155418,19泰富01,中信泰富有限公司,3,AAA,02,2019-05-29,3.9,90
155419,19南网02,中国南方电网有限责任公司,3,AAA,02,2019-06-03,3.72,90
155420,19南网03,中国南方电网有限责任公司,5,AAA,02,2019-06-03,4.05,90
155421,19津投11,天津城市基础设施建设投资集团有限公司,6,AAA,02,2019-05-28,4.1,90
155422,19津投12,天津城市基础设施建设投资集团有限公司,10,AAA,02,2019-05-28,4.64,90
155424,19风电03,中广核风电有限公司,5,AAA,02,2019-06-03,4.35,90
155425,19风电04,中广核风电有限公司,10,AAA,02,2019-06-03,4.71,90
155426,19国投01,国家开发投资集团有限公司,3,AAA,02,2019-05-24,3.72,90
155427,19川桥01,四川路桥建设集团股份有限公司,3,AA+,02,2019-05-29,4.34,90
155428,19金辉01,金辉集团股份有限公司,4,AA+,02,2019-05-31,7.5,90
155429,19平证05,平安证券股份有限公司,5,AAA,02,2019-06-03,3.73,90
155430,19润药01,华润医药控股有限公司,3,AAA,02,2019-06-06,3.78,90
155431,19京投03,北京市基础设施投资有限公司,3,AAA,02,2019-05-31,3.75,90
155432,19京投04,北京市基础设施投资有限公司,5,AAA,02,2019-05-31,4.15,90
155433,19中泰01,中泰证券股份有限公司,3,AAA,02,2019-08-15,3.57,90
155434,19苏城02,苏州城市建设投资发展(集团)有限公司,5,AAA,02,2019-06-04,3.8,90
155435,19南网04,中国南方电网有限责任公司,5,AAA,02,2019-06-10,4.1,90
155436,19穗建01,广州市城市建设开发有限公司,3,AAA,02,2019-06-10,3.85,90
155437,19穗建02,广州市城市建设开发有限公司,5,AAA,02,2019-06-10,3.93,90
155438,19远租01,海发宝诚融资租赁有限公司,3,AA+,02,2019-07-24,5,90
155439,19中船01,中国船舶工业集团有限公司,4,AAA,02,2019-06-11,3.7,90
155441,19中核01,中国核工业集团有限公司,3,AAA,02,2019-06-11,3.75,90
155443,19中飞01,中飞租融资租赁有限公司,3,AA+,02,2019-06-18,5.2,90
155444,19津投13,天津城市基础设施建设投资集团有限公司,4,AAA,02,2019-06-19,4.18,90
155446,19安租04,平安国际融资租赁有限公司,5,AAA,02,2019-06-28,4.03,90
155447,19义纾01,义乌市国有资本运营有限公司,5,AA+,02,2019-06-14,5,90
155448,PR融侨01,融侨集团股份有限公司,5,AA+,02,2019-06-14,6.5,90
155449,19航控04,中航工业产融控股股份有限公司,3,AAA,02,2019-06-21,3.84,90
155450,19小商01,浙江中国小商品城集团股份有限公司,3,AA+,02,2019-06-18,4.3,90
155451,19泰达02,天津泰达投资控股有限公司,5,AAA,02,2019-06-14,5.15,90
155452,19京电01,北京京能电力股份有限公司,3,AAA,02,2019-06-26,3.79,90
155454,19时代04,广州市时代控股集团有限公司,5,AAA,02,2019-06-19,6.8,90
155456,19南山03,南山集团有限公司,3,AAA,02,2019-06-27,5.5,90
155457,19国投电,国投电力控股股份有限公司,10,AAA,02,2019-06-24,4.59,90
155458,19红美02,红星美凯龙家居集团股份有限公司,4,AAA,02,2019-06-21,5.35,90
155459,19航控05,中航工业产融控股股份有限公司,3,AAA,02,2019-07-31,3.72,90
155460,19津投15,天津城市基础设施建设投资集团有限公司,4,AAA,02,2019-06-27,4.34,90
155461,19津投16,天津城市基础设施建设投资集团有限公司,5,AAA,02,2019-06-27,4.75,90
155462,19中船03,中国船舶工业集团有限公司,4,AAA,02,2019-07-18,3.2,90
155463,19环球01,中国环球租赁有限公司,5,AAA,02,2019-06-28,4.25,90
155466,19兴泰01,合肥兴泰金融控股(集团)有限公司,3,AAA,02,2019-06-27,4.1,90
155467,19昆交01,昆明交通产业股份有限公司,5,AA+,02,2019-06-25,5.4,90
155469,19能源01,中化能源股份有限公司,3,AAA,02,2019-07-01,3.72,90
155471,H19鲁星1,山东三星集团有限公司,5,AA,02,2019-09-11,7.9,90
155472,19华电02,中国华电集团有限公司,3,AAA,02,2019-06-28,3.7,90
155473,19华电03,中国华电集团有限公司,5,AAA,02,2019-06-28,4.05,90
155475,19沪国02,上海国有资产经营有限公司,5,AAA,02,2019-06-27,4.1,90
155476,19阳集03,福建阳光集团有限公司,3,AA+,02,2019-06-26,7.5,90
155477,19联想03,联想控股股份有限公司,5,AAA,02,2019-06-28,5.5,90
155478,19联通01,中国联合网络通信有限公司,3,AAA,02,2019-06-26,3.67,90
155480,G19天成1,华能天成融资租赁有限公司,3,AAA,02,2019-06-27,4.15,90
155481,19光大01,中国光大集团股份公司,3,AAA,02,2019-06-27,3.7,90
155482,19光大02,中国光大集团股份公司,5,AAA,02,2019-06-27,4.02,90
155483,19鲁高Y1,山东高速集团有限公司,,AAA,02,2019-07-03,4.27,90
155484,H19蓝光2,四川蓝光发展股份有限公司,3,AA+,02,2019-08-05,7.5,90
155485,19渝物02,重庆公路物流基地建设有限公司,5,AA,02,2019-07-02,6.4,90
155486,19北控01,北京控股集团有限公司,3,AAA,02,2019-07-02,3.67,90
155487,19海宁01,海宁市资产经营公司,5,AA+,02,2019-07-05,4.59,90
155489,19芯鑫01,芯鑫融资租赁有限责任公司,2,AAA,02,2019-08-05,3.99,90
155490,19节能02,国网综合能源服务集团有限公司,3,AA+,02,2019-07-05,4.07,90
155491,19中产02,中原资产管理有限公司,5,AAA,02,2019-07-05,4.4,90
155492,19永钢01,江苏永钢集团有限公司,5,AA+,02,2019-08-07,6.5,90
155493,19花样年,花样年集团(中国)有限公司,3,AA+,02,2019-07-16,8.2,90
155494,19伊泰02,内蒙古伊泰煤炭股份有限公司,5,AAA,02,2019-07-09,4.75,90
155495,19东方02,东方集团股份有限公司,3,AA+,02,2019-07-12,7.5,90
155496,19美置03,美的置业集团有限公司,4,AAA,02,2019-07-17,5.2,90
155499,19兰石02,兰州兰石集团有限公司,5,AAA,02,2019-07-16,7.5,90
155500,19融信01,融信(福建)投资集团有限公司,7.33,AAA,02,2019-07-17,6.45,90
155501,19融信02,融信(福建)投资集团有限公司,7.33,AAA,02,2019-07-17,6.78,90
155502,19鸿商01,鸿商产业控股集团有限公司,3,AA+,02,2019-07-19,6.35,90
155503,19西集03,西王集团有限公司,5,AA+,02,2019-08-09,8,90
155504,19北汽02,北京汽车集团有限公司,3,AAA,02,2019-07-12,3.56,90
155505,19北汽03,北京汽车集团有限公司,5,AAA,02,2019-07-12,3.99,90
155507,19文投01,北京市文化投资发展集团有限责任公司,3,AAA,02,2019-08-02,4.5,90
155508,19津投17,天津城市基础设施建设投资集团有限公司,4,AAA,02,2019-07-18,4.1,90
155509,19津投18,天津城市基础设施建设投资集团有限公司,5,AAA,02,2019-07-18,4.55,90
155510,19恒健01,广东恒健投资控股有限公司,5,AAA,02,2019-08-29,3.84,90
155511,19华润02,华润电力投资有限公司,3,AAA,02,2019-08-26,3.4,90
155512,19铁工05,中国中铁股份有限公司,3,AAA,02,2019-07-26,3.59,90
155513,19铁工06,中国中铁股份有限公司,5,AAA,02,2019-07-26,3.99,90
155514,19华能02,华能国际电力股份有限公司,3,AAA,02,2019-07-17,3.55,90
155515,19晋建发,山西园区建设发展集团有限公司,5,AA+,02,2019-08-19,5.98,90
155516,19北新01,北新建材集团有限公司,5,AAA,02,2019-07-29,3.77,90
155518,19建房01,建发房地产集团有限公司,7,AAA,02,2019-07-24,4.2,90
155519,19建房02,建发房地产集团有限公司,6,AAA,02,2019-07-24,3.8,90
155520,19龙湖03,重庆龙湖企业拓展有限公司,5,AAA,02,2019-07-30,3.9,90
155521,19龙湖04,重庆龙湖企业拓展有限公司,7,AAA,02,2019-07-30,4.67,90
155522,19国电01,国电电力发展股份有限公司,3,AAA,02,2019-07-25,3.54,90
155523,19榕建01,福州建工集团有限公司,5,AA,02,2019-09-18,5.48,90
155524,19中证G1,中信证券股份有限公司,3,AAA,02,2019-09-20,3.39,90
155525,19中证G2,中信证券股份有限公司,5,AAA,02,2019-09-20,3.78,90
155526,19青控02,青岛城投城金控股集团有限公司,5,AAA,02,2019-08-01,3.82,90
155527,19京融G1,北京华融基础设施投资有限责任公司,5,AAA,02,2019-08-01,3.78,90
155528,19京融G2,北京华融基础设施投资有限责任公司,5,AAA,02,2019-08-01,4.17,90
155529,19中信04,中国中信有限公司,10,AAA,02,2019-07-31,4.46,90
155530,19中信05,中国中信有限公司,15,AAA,02,2019-07-31,4.6,90
155531,19国联02,无锡市国联发展(集团)有限公司,3,AAA,02,2019-07-29,3.75,90
155533,19常高03,常高新集团有限公司,5,AA+,02,2019-07-26,4.59,90
155535,19建银03,中国建银投资有限责任公司,3,AAA,02,2019-08-06,3.68,90
155536,19建银04,中国建银投资有限责任公司,5,AAA,02,2019-08-06,3.98,90
155537,19邮政02,中国邮政集团有限公司,3,AAA,02,2019-07-29,3.55,90
155538,19新工02,南京新工投资集团有限责任公司,5,AAA,02,2019-07-30,3.83,90
155539,19西南02,西南证券股份有限公司,3,AAA,02,2019-07-29,3.77,90
155540,19津保01,天津保税区投资控股集团有限公司,3,AAA,02,2019-07-31,4.9,90
155541,19环球02,中国环球租赁有限公司,5,AAA,02,2019-08-28,3.98,90
155542,19京发G2,京投发展股份有限公司,5,AAA,02,2019-07-25,3.78,90
155543,19华电04,中国华电集团有限公司,3,AAA,02,2019-07-25,3.55,90
155546,19昆交03,昆明交通产业股份有限公司,5,AA+,02,2019-08-14,5.18,90
155548,19电气01,上海电气控股集团有限公司,5,AAA,02,2019-08-05,3.55,90
155549,19财金01,山东省财金投资集团有限公司,5,AAA,02,2019-08-01,3.95,90
155551,19皖投01,安徽省投资集团控股有限公司,5,AAA,02,2019-08-05,3.7,90
155552,19鲁能01,鲁能集团有限公司,5,AAA,02,2019-07-29,3.85,90
155554,19金证债,深圳市金证科技股份有限公司,5,AAA,02,2019-08-05,4.85,90
155555,19津投19,天津城市基础设施建设投资集团有限公司,4,AAA,02,2019-08-01,4.11,90
155556,19津投20,天津城市基础设施建设投资集团有限公司,5,AAA,02,2019-08-01,4.63,90
155557,19当代01,当代节能置业股份有限公司,3,AA,02,2019-08-09,7.8,90
155558,19伊泰03,内蒙古伊泰煤炭股份有限公司,5,AAA,02,2019-07-30,4.7,90
155559,19渤海02,渤海证券股份有限公司,3,AAA,02,2019-08-07,3.83,90
155560,19宏泰02,湖北宏泰集团有限公司,5,AA+,02,2019-08-06,4.4,90
155561,19国投02,国家开发投资集团有限公司,10,AAA,02,2019-07-31,4.48,90
155562,19北汽05,北京汽车集团有限公司,3,AAA,02,2019-08-12,3.5,90
155563,19北汽06,北京汽车集团有限公司,5,AAA,02,2019-08-12,3.94,90
155565,19中交G1,中国交通建设股份有限公司,5,AAA,02,2019-08-05,3.5,90
155566,19中交G2,中国交通建设股份有限公司,7,AAA,02,2019-08-05,3.97,90
155567,19湘投01,湖南省能源投资集团有限公司,5,AA+,02,2019-08-15,4.12,90
155569,19碧地02,碧桂园地产集团有限公司,4,AAA,02,2019-08-13,5.14,90
155570,19宁安01,南京安居建设集团有限责任公司,5,AAA,02,2019-08-06,3.78,90
155571,19中核03,中国核工业集团有限公司,5,AAA,02,2019-08-07,3.55,90
155573,19不动04,平安不动产有限公司,7,AAA,02,2019-08-06,4.4,90
155574,19江河01,江河创建集团股份有限公司,2,AA+,02,2019-08-07,6.8,90
155575,19兵装05,中国兵器装备集团有限公司,3,AAA,02,2019-12-11,3.5,90
155576,19锡公01,无锡市市政公用产业集团有限公司,5,AAA,02,2019-08-12,4,90
155578,19国科03,中国科学院控股有限公司,5,AAA,02,2019-08-16,3.54,90
155579,19国科04,中国科学院控股有限公司,8,AAA,02,2019-08-16,3.9,90
155580,19南方01,南方工业资产管理有限责任公司,3,AA+,02,2019-08-09,3.9,90
155583,19南山04,南山集团有限公司,3,AAA,02,2019-08-16,5.1,90
155584,19国创01,苏州国发创业投资控股有限公司,5,AAA,02,2019-08-14,3.83,90
155585,19建材09,中国建材股份有限公司,10,AAA,02,2019-08-14,4.55,90
155586,19建房03,建发房地产集团有限公司,7,AAA,02,2019-08-20,4.09,90
155587,19建房04,建发房地产集团有限公司,6,AAA,02,2019-08-20,3.71,90
155588,19京融G3,北京华融基础设施投资有限责任公司,5,AAA,02,2019-08-20,3.57,90
155589,19京融G4,北京华融基础设施投资有限责任公司,5,AAA,02,2019-08-20,3.98,90
155590,19无锡07,无锡市新发集团有限公司,5,AA+,02,2019-08-14,4.08,90
155592,H19蓝光4,四川蓝光发展股份有限公司,3,AA+,02,2019-08-19,7,90
155594,19中铝G3,中国铝业股份有限公司,10,AAA,02,2019-08-20,4.55,90
155595,19美置04,美的置业集团有限公司,5,AAA,02,2019-08-15,5.7,90
155596,19东吴债,东吴证券股份有限公司,3,AAA,02,2019-08-23,3.6,90
155597,19民生G1,民生证券股份有限公司,3,AA+,02,2019-11-26,5,90
155598,19景国01,景德镇市国资运营投资控股集团有限责任公司,5,AA,02,2019-08-23,5.65,90
155599,19航集01,中国南方航空集团有限公司,3,AAA,02,2019-08-16,3.45,90
155600,19联发01,联发集团有限公司,5,AAA,02,2019-08-20,3.74,90
155601,19联发02,联发集团有限公司,5,AAA,02,2019-08-20,4.15,90
155602,19焦煤01,山西焦煤集团有限责任公司,3,AAA,02,2019-08-21,3.51,90
155603,19焦煤02,山西焦煤集团有限责任公司,5,AAA,02,2019-08-21,3.92,90
155604,G19天成2,华能天成融资租赁有限公司,3,AAA,02,2019-08-19,3.77,90
155605,19中交G3,中国交通建设股份有限公司,5,AAA,02,2019-08-22,3.35,90
155606,19中交G4,中国交通建设股份有限公司,10,AAA,02,2019-08-22,4.35,90
155607,19华福G1,华福证券有限责任公司,3,AA+,02,2019-08-28,4,90
155608,19宇通02,郑州宇通集团有限公司,5,AAA,02,2019-08-21,3.82,90
155609,19津投21,天津城市基础设施建设投资集团有限公司,3,AAA,02,2019-09-05,3.93,90
155611,19国宏01,洛阳国宏投资控股集团有限公司,5,AA,02,2019-09-11,5.35,90
155612,19中车G1,中国中车集团有限公司,5,AAA,02,2019-08-21,3.41,90
155613,19中车G2,中国中车集团有限公司,10,AAA,02,2019-08-21,3.75,90
155614,19中信06,中国中信有限公司,10,AAA,02,2019-08-23,4.38,90
155615,19中信07,中国中信有限公司,20,AAA,02,2019-08-23,4.58,90
155616,19恒健02,广东恒健投资控股有限公司,5,AAA,02,2019-08-28,3.81,90
155617,19西集04,西王集团有限公司,5,AA+,02,2019-08-22,8,90
155618,19东航01,中国东方航空股份有限公司,5,AAA,02,2019-08-28,3.6,90
155619,19航集02,中国南方航空集团有限公司,3,AAA,02,2019-08-23,3.38,90
155620,19津保02,天津保税区投资控股集团有限公司,3,AAA,02,2019-08-30,4.7,90
155621,19大唐Y5,中国大唐集团有限公司,,AAA,02,2019-08-28,3.73,90
155622,19大唐Y6,中国大唐集团有限公司,,AAA,02,2019-08-28,4.07,90
155623,19川发03,四川发展(控股)有限责任公司,5,AAA,02,2019-08-30,3.83,90
155624,19川发04,四川发展(控股)有限责任公司,7,AAA,02,2019-08-30,4.22,90
155625,19都城01,都城伟业集团有限公司,5,AA+,02,2019-09-10,4.27,90
155626,19新际03,新兴际华集团有限公司,5,AAA,02,2019-08-23,3.9,90
155627,19新际04,新兴际华集团有限公司,10,AAA,02,2019-08-23,4.55,90
155629,19建材11,中国建材股份有限公司,5,AAA,02,2019-08-28,3.69,90
155631,19不动05,平安不动产有限公司,5,AAA,02,2019-08-29,3.7,90
155632,19不动06,平安不动产有限公司,7,AAA,02,2019-08-29,4.3,90
155633,19豫投01,河南投资集团有限公司,5,AAA,02,2019-08-26,3.74,90
155634,19云投G1,云南省投资控股集团有限公司,3,AAA,02,2019-08-28,4.09,90
155635,19云投G2,云南省投资控股集团有限公司,5,AAA,02,2019-08-28,4.66,90
155636,19椒江01,台州市椒江区国有资本运营集团有限公司,5,AA+,02,2019-09-02,4.59,90
155637,19宁德01,宁德市国有资产投资经营有限公司,5,AA,02,2019-09-17,4.5,90
155638,19包钢联,内蒙古包钢钢联股份有限公司,5,AAA,02,2019-08-29,6.38,90
155639,19国管02,北京国有资本运营管理有限公司,5,AAA,02,2019-08-30,3.7,90
155642,19浦土02,上海浦东土地控股(集团)有限公司,5,AAA,02,2019-09-02,3.55,90
155643,19航集03,中国南方航空集团有限公司,3,AAA,02,2019-08-30,3.38,90
155644,19陕金01,陕西金融资产管理股份有限公司,3,AAA,02,2019-09-10,3.98,90
155646,19金茂02,上海金茂投资管理集团有限公司,5,AAA,02,2019-09-05,3.65,90
155647,19沪开01,上海城开(集团)有限公司,3,AA+,02,2019-09-04,3.95,90
155648,19滇城01,云南城投置业股份有限公司,3,AAA,02,2019-09-04,7.8,90
155651,H19华集1,华晨汽车集团控股有限公司,3,AAA,02,2019-09-27,6.2,90
155652,19鸿商02,鸿商产业控股集团有限公司,3,AA+,02,2019-09-06,6.5,90
155653,19杭旅01,杭州市商贸旅游集团有限公司,3,AAA,02,2019-09-10,3.55,90
155655,19天地一,天地源股份有限公司,3,AA,02,2019-09-09,7.5,90
155656,19保利01,中国保利集团有限公司,3,AAA,02,2019-09-09,3.35,90
155657,19保利02,中国保利集团有限公司,5,AAA,02,2019-09-09,3.8,90
155658,19国集01,国药集团融资租赁有限公司,3,AA,02,2019-09-11,7,90
155659,19华证01,华鑫证券有限责任公司,5,AA+,02,2019-09-16,4.3,90
155660,19红狮01,红狮控股集团有限公司,5,AAA,02,2019-09-06,4.9,90
155661,19建房05,建发房地产集团有限公司,7,AAA,02,2019-09-10,4.18,90
155662,19建房06,建发房地产集团有限公司,6,AAA,02,2019-09-10,3.7,90
155663,19国控01,国药控股股份有限公司,3,AAA,02,2019-09-16,3.53,90
155664,19鲁资03,山东省国有资产投资控股有限公司,5,AAA,02,2019-09-20,3.58,90
155665,19鲁资04,山东省国有资产投资控股有限公司,5,AAA,02,2019-09-20,3.99,90
155666,19阳股02,山西华阳集团新能股份有限公司,5,AAA,02,2019-09-20,4,90
155667,19君创01,君创国际融资租赁有限公司,3,AAA,02,2019-09-16,5.3,90
155669,19南建01,重庆市南岸区城市建设发展(集团)有限公司,5,AA+,02,2019-09-11,4.74,90
155670,19北汽08,北京汽车集团有限公司,3,AAA,02,2019-09-18,3.42,90
155671,19北汽09,北京汽车集团有限公司,5,AAA,02,2019-09-18,3.8,90
155673,19洪政G3,南昌市政公用集团有限公司,7,AAA,02,2019-09-06,3.99,90
155674,19长电02,中国长江电力股份有限公司,5,AAA,02,2019-09-16,3.8,90
155675,19国新02,中国国新控股有限责任公司,10,AAA,02,2019-09-19,4.39,90
155676,19当代F1,武汉当代科技产业集团股份有限公司,5,AA+,02,2019-09-16,7.3,90
155677,19中铝G4,中国铝业股份有限公司,3,AAA,02,2019-09-12,3.5,90
155679,19兴发02,湖北兴发化工集团股份有限公司,3,AA+,02,2019-09-16,6.2,90
155680,G19三峡3,中国长江三峡集团有限公司,3,AAA,02,2019-09-20,3.38,90
155681,G19三峡4,中国长江三峡集团有限公司,10,AAA,02,2019-09-20,4.3,90
155682,19沱牌01,四川沱牌舍得集团有限公司,5,AA,02,2019-09-17,7.5,90
155683,19云建G1,云南省建设投资控股集团有限公司,3,AAA,02,2019-09-17,4.85,90
155684,G19鲁高1,山东高速集团有限公司,3,AAA,02,2019-10-08,3.5,90
155685,19新湖01,新湖中宝股份有限公司,4,AA+,02,2019-09-19,7.5,90
155688,19奥园02,奥园集团有限公司,4,AAA,02,2019-09-12,6.8,90
155689,19正荣02,正荣地产控股有限公司,4,AAA,02,2019-09-25,7.16,90
155691,19朗诗01,朗诗集团股份有限公司,5,AA,02,2019-09-27,7.5,90
155692,19航控07,中航工业产融控股股份有限公司,3,AAA,02,2019-09-25,3.58,90
155693,19航控08,中航工业产融控股股份有限公司,5,AAA,02,2019-09-25,3.96,90
155694,19安租07,平安国际融资租赁有限公司,5,AAA,02,2019-09-23,3.84,90
155695,19昆租01,昆明市安居集团有限公司,7,AA+,02,2019-09-19,4.83,90
155696,19昆租02,昆明市安居集团有限公司,7,AA+,02,2019-09-19,6.45,90
155697,19路劲01,北京路劲隽御房地产开发有限公司,3,AA+,02,2019-09-18,7,90
155699,19希望01,新希望五新实业集团有限公司,3,AAA,02,2019-09-19,4.85,90
155701,19杭城01,杭州市城市建设投资集团有限公司,5,AAA,02,2019-09-24,3.7,90
155702,G19科环,国电科技环保集团有限责任公司,5,AAA,02,2019-09-25,3.97,90
155703,19昆交05,昆明交通产业股份有限公司,5,AAA,02,2019-09-20,5.5,90
155704,19昆速01,昆明市高速公路建设开发股份有限公司,5,AA+,02,2019-09-26,5.37,90
155706,19建材12,中国建材股份有限公司,3,AAA,02,2019-09-20,3.42,90
155708,19建材14,中国建材股份有限公司,10,AAA,02,2019-09-20,4.38,90
155709,19上汽01,上海汽车集团股份有限公司,3,AAA,02,2019-09-26,3.42,90
155710,19汽车02,广汇汽车服务集团股份公司,3,AA+,02,2019-10-09,7.1,90
155712,19钢联03,内蒙古包钢钢联股份有限公司,5,AAA,02,2019-09-27,5.92,90
155713,19CHNE03,国家能源投资集团有限责任公司,3,AAA,02,2019-09-24,3.5,90
155714,19建银05,中国建银投资有限责任公司,3,AAA,02,2019-09-26,3.55,90
155715,19建银06,中国建银投资有限责任公司,5,AAA,02,2019-09-26,3.95,90
155716,19西集05,西王集团有限公司,5,AA+,02,2019-10-15,8,90
155719,19世茂01,上海世茂建设有限公司,5,AAA,02,2019-09-30,4.3,90
155721,19通用01,中国通用技术(集团)控股有限责任公司,3,AAA,02,2019-10-11,3.57,90
155723,19台金01,台州市金融投资集团有限公司,5,AA+,02,2019-10-10,4.57,90
155724,19泸水02,泸州市兴泸水务(集团)股份有限公司,5,AA,02,2019-10-10,5,90
155725,19上报01,上海上报资产管理有限公司,5,AA+,02,2019-09-26,4.1,90
155726,19北方03,中国北方工业有限公司,3,AAA,02,2019-10-23,3.49,90
155727,19牡丹01,黑牡丹(集团)股份有限公司,5,AA+,02,2019-09-30,5.18,90
155728,19招金01,招金矿业股份有限公司,3,AAA,02,2019-10-11,3.57,90
155729,19建工01,北京建工集团有限责任公司,5,AA+,02,2019-10-10,3.9,90
155731,19北新能,北京新能源汽车股份有限公司,3,AA+,02,2019-10-10,4.2,90
155732,19绵投01,绵阳市投资控股(集团)有限公司,5,AA+,02,2019-10-17,4.45,90
155733,19淄矿01,淄博矿业集团有限责任公司,5,AAA,02,2019-10-11,3.88,90
155734,19邮政03,中国邮政集团有限公司,3,AAA,02,2019-10-11,3.42,90
155735,19国贸01,中国国际贸易中心股份有限公司,5,AAA,02,2019-10-18,3.65,90
155736,19嘉宝01,光大嘉宝股份有限公司,5,AA+,02,2019-09-30,4.46,90
155737,19爱众01,四川广安爱众股份有限公司,5,AA,02,2019-10-08,4.98,90
155738,19朝纾02,北京朝阳国有资本运营管理有限公司,5,AAA,02,2019-10-30,3.68,90
155739,H19远高2,宁夏远高实业集团有限公司,5,AA,02,2019-10-14,7,90
155740,19财信01,湖南财信投资控股有限责任公司,5,AAA,02,2019-10-08,3.75,90
155741,19华兴01,福建省华兴集团有限责任公司,3,AAA,02,2019-10-10,3.9,90
155742,19赣国资,江西省国有资本运营控股集团有限公司,5,AAA,02,2019-10-11,4.28,90
155743,19保利03,中国保利集团有限公司,3,AAA,02,2019-10-11,3.33,90
155745,19沪众01,上海大众公用事业(集团)股份有限公司,3,AAA,02,2019-10-11,3.6,90
155746,19云工03,云南省工业投资控股集团有限责任公司,3,AA+,02,2019-10-16,6,90
155747,19HDGJ01,华电国际电力股份有限公司,3,AAA,02,2019-10-25,3.58,90
155749,19恒力01,恒力石化股份有限公司,3,AAA,02,2019-10-15,6.3,90
155750,19小商02,浙江中国小商品城集团股份有限公司,3,AA+,02,2019-10-15,3.99,90
155751,19正奇01,正奇控股股份有限公司,3,AAA,02,2019-10-09,5.8,90
155753,19南建02,重庆市南岸区城市建设发展(集团)有限公司,5,AA+,02,2019-10-14,4.8,90
155754,19凯盛01,凯盛科技集团有限公司,3,AA+,02,2019-10-10,3.9,90
155756,19唐新01,中国大唐集团新能源股份有限公司,3,AAA,02,2019-10-11,3.58,90
155758,19发展01,山东发展投资控股集团有限公司,5,AAA,02,2019-10-14,3.55,90
155760,19穗建04,广州市城市建设开发有限公司,5,AAA,02,2019-10-14,3.6,90
155761,19青城G1,青岛城市建设投资(集团)有限责任公司,8,AAA,02,2019-10-28,3.95,90
155762,19国发01,苏州国际发展集团有限公司,5,AAA,02,2019-10-24,3.6,90
155764,19杉杉01,杉杉集团有限公司,5,AA+,02,2019-10-21,7.5,90
155765,19建发01,厦门建发股份有限公司,2,AAA,02,2019-10-28,3.5,90
155766,19南山05,南山集团有限公司,3,AAA,02,2019-10-30,5.4,90
155767,19青租01,青岛城乡建设融资租赁有限公司,3,AA+,02,2019-11-06,4.95,90
155768,19中财01,中国中金财富证券有限公司,5,AAA,02,2019-10-28,3.58,90
155769,19能源03,中化能源股份有限公司,3,AAA,02,2019-10-25,3.63,90
155771,19国君G4,国泰君安证券股份有限公司,3,AAA,02,2019-10-25,3.48,90
155772,19CHNE04,国家能源投资集团有限责任公司,3,AAA,02,2019-10-30,3.5,90
155773,19津投23,天津城市基础设施建设投资集团有限公司,3,AAA,02,2019-10-30,3.88,90
155774,19津投24,天津城市基础设施建设投资集团有限公司,5,AAA,02,2019-10-30,4.37,90
155775,19中地01,中煤地质集团有限公司,5,AAA,02,2019-10-31,4.55,90
155776,19东风03,东风汽车集团股份有限公司,3,AAA,02,2019-10-28,3.58,90
155778,19联想04,联想控股股份有限公司,3,AAA,02,2019-10-25,3.9,90
155780,19陕金02,陕西金融资产管理股份有限公司,4,AAA,02,2019-11-08,3.9,90
155781,19新燃03,新奥(中国)燃气投资有限公司,3,AAA,02,2019-11-22,3.98,90
155782,19同方01,同方股份有限公司,3,AAA,02,2019-10-31,5.7,90
155784,19义乌01,义乌市国有资本运营有限公司,5,AA+,02,2019-11-06,4.3,90
155786,19成大02,辽宁成大股份有限公司,3,AA+,02,2019-11-06,4.96,90
155787,19天集03,天士力控股集团有限公司,2,AA+,02,2019-12-10,6,90
155788,19中航G2,中航证券有限公司,3,AA+,02,2019-11-01,4.19,90
155792,19赣投03,江西省投资集团有限公司,5,AAA,02,2019-11-05,4,90
155793,19新能02,北京新能源汽车股份有限公司,3,AA+,02,2019-12-27,4.15,90
155794,19CHNE05,国家能源投资集团有限责任公司,3,AAA,02,2019-11-01,3.55,90
155796,19港航02,江西省港航建设投资集团有限公司,5,AA+,02,2019-11-08,4.94,90
155797,19沪城01,上海城建(集团)有限公司,5,AAA,02,2019-11-04,3.55,90
155799,19宁投01,宁德市交通投资集团有限公司,5,AA,02,2019-12-02,4.8,90
155800,19华证02,华鑫证券有限责任公司,5,AA+,02,2019-11-08,4.5,90
155801,19宝钛01,宝鸡钛业股份有限公司,5,AAA,02,2019-11-08,4,90
155802,19宝钛02,宝鸡钛业股份有限公司,5,AAA,02,2019-11-08,4.45,90
155803,19华创03,华创证券有限责任公司,4,AA+,02,2019-11-06,4.6,90
155804,19华创04,华创证券有限责任公司,5,AA+,02,2019-11-06,5.19,90
155805,19天富债,新疆天富集团有限责任公司,5,AA+,02,2019-11-08,6.3,90
155806,19青城G2,青岛城市建设投资(集团)有限责任公司,8,AAA,02,2019-11-11,4.22,90
155807,19中华01,山东中华发电有限公司,3,AAA,02,2019-11-08,3.97,90
155808,19中信08,中国中信有限公司,20,AAA,02,2019-11-13,4.65,90
155809,19油气01,中国化工油气股份有限公司,5,AAA,02,2019-11-15,4,90
155810,19贵安G1,贵州贵安发展集团有限公司,5,AA+,02,2019-11-07,7.3,90
155811,19伟驰01,伟驰控股集团有限公司,5,AA,02,2019-12-03,6.49,90
155812,19国集02,国药集团融资租赁有限公司,3,AA,02,2019-11-08,6.6,90
155813,19杉杉02,杉杉集团有限公司,5,AA+,02,2019-11-08,7.5,90
155814,19兴业G1,兴业证券股份有限公司,3,AAA,02,2019-11-15,3.78,90
155816,19紫金01,南京紫金投资集团有限责任公司,5,AAA,02,2019-11-08,3.8,90
155817,19川发05,四川发展(控股)有限责任公司,7,AAA,02,2019-11-14,4.4,90
155818,19川发06,四川发展(控股)有限责任公司,10,AAA,02,2019-11-14,4.75,90
155819,19昆速03,昆明市高速公路建设开发股份有限公司,5,AA+,02,2019-11-11,5.55,90
155821,19新际05,新兴际华集团有限公司,5,AAA,02,2019-11-29,4.05,90
155822,19财金02,山东省财金投资集团有限公司,5,AAA,02,2019-11-13,3.49,90
155826,19杭交01,杭州市交通投资集团有限公司,5,AAA,02,2019-11-22,4,90
155827,19国丰01,烟台国丰投资控股集团有限公司,3,AAA,02,2019-11-15,3.77,90
155828,19国丰02,烟台国丰投资控股集团有限公司,5,AAA,02,2019-11-15,4.26,90
155829,19雪松01,雪松实业集团有限公司,3,AA+,02,2019-12-27,7.5,90
155830,19海通02,海通证券股份有限公司,3,AAA,02,2019-11-26,3.52,90
155831,19世茂03,上海世茂建设有限公司,5,AAA,02,2019-11-22,4.3,90
155832,19世茂04,上海世茂建设有限公司,7,AAA,02,2019-11-22,4.8,90
155833,19中大01,物产中大集团股份有限公司,3,AAA,02,2019-11-18,3.8,90
155834,19华电06,中国华电集团有限公司,2,AAA,02,2019-11-18,3.35,90
155835,19国联03,无锡市国联发展(集团)有限公司,5,AAA,02,2019-11-20,4.1,90
155836,19张江01,上海张江高科技园区开发股份有限公司,5,AAA,02,2019-11-15,3.6,90
155837,19渝高股,重庆渝东高速公路有限公司,5,AAA,02,2019-11-20,3.79,90
155838,19安信G1,安信证券股份有限公司,3,AAA,02,2019-11-22,3.61,90
155839,19镇投05,镇江国有投资控股集团有限公司,3,AA+,02,2019-11-29,6.3,90
155840,19京投05,北京市基础设施投资有限公司,3,AAA,02,2019-11-21,3.6,90
155842,19国投03,国家开发投资集团有限公司,5,AAA,02,2019-11-19,3.59,90
155843,19国投04,国家开发投资集团有限公司,10,AAA,02,2019-11-19,4.5,90
155844,19柳投资,广西柳州市投资控股集团有限公司,5,AA+,02,2019-12-02,5.2,90
155845,19京洁01,北京京能清洁能源电力股份有限公司,3,AAA,02,2019-11-22,3.64,90
155846,19电建Y1,中国电力建设股份有限公司,,AAA,02,2019-11-22,3.99,90
155847,19上汽02,上海汽车集团股份有限公司,3,AAA,02,2019-11-21,3.6,90
155848,19延长Y5,陕西延长石油(集团)有限责任公司,,AAA,02,2019-11-21,4.03,90
155850,19滇建Y1,云南省建设投资控股集团有限公司,,AAA,02,2019-11-26,6.5,90
155852,19润药Y1,华润医药控股有限公司,,AAA,02,2019-11-21,3.94,90
155853,19交建Y1,中国交通建设股份有限公司,,AAA,02,2019-11-22,4.1,90
155855,19铁建Y3,中国铁建股份有限公司,,AAA,02,2019-11-25,4.08,90
155856,19铁建Y4,中国铁建股份有限公司,,AAA,02,2019-11-25,4.39,90
155857,19首股Y1,北京首创生态环保集团股份有限公司,,AAA,02,2019-11-18,4.2,90
155859,19通用Y1,中国通用技术(集团)控股有限责任公司,,AAA,02,2019-11-20,4.1,90
155862,19中化Y1,中国中化股份有限公司,,AAA,02,2019-11-19,3.8,90
155864,19CHNG9Y,中国华能集团有限公司,,AAA,02,2019-11-14,4.29,90
155865,19CHNG0Y,中国华能集团有限公司,,AAA,02,2019-11-14,4.69,90
155866,22穗建08,广州市城市建设开发有限公司,7,AAA,02,2022-07-08,3.43,90
155867,19中工Y1,中铝国际工程股份有限公司,,AAA,02,2019-11-08,5.29,90
155868,19铁建Y1,中国铁建股份有限公司,,AAA,02,2019-11-06,4.03,90
155869,19铁建Y2,中国铁建股份有限公司,,AAA,02,2019-11-06,4.3,90
155870,19信保Y1,江苏省信用再担保集团有限公司,,AAA,02,2019-11-08,4.24,90
155871,19延长Y3,陕西延长石油(集团)有限责任公司,,AAA,02,2019-10-25,3.91,90
155872,19延长Y4,陕西延长石油(集团)有限责任公司,,AAA,02,2019-10-25,4.24,90
155873,19平煤Y1,平顶山天安煤业股份有限公司,,AAA,02,2020-01-13,5.8,90
155874,19华电Y3,中国华电集团有限公司,,AAA,02,2019-10-14,3.8,90
155875,19华电Y4,中国华电集团有限公司,,AAA,02,2019-10-14,4.2,90
155876,电投Y25,国家电力投资集团有限公司,,AAA,02,2019-10-29,3.8,90
155877,电投Y26,国家电力投资集团有限公司,,AAA,02,2019-10-29,4.2,90
155878,19延长Y1,陕西延长石油(集团)有限责任公司,,AAA,02,2019-10-14,3.88,90
155879,19延长Y2,陕西延长石油(集团)有限责任公司,,AAA,02,2019-10-14,4.2,90
155881,19大唐Y7,中国大唐集团有限公司,,AAA,02,2019-10-14,3.81,90
155882,19大唐Y8,中国大唐集团有限公司,,AAA,02,2019-10-14,4.2,90
155883,19住总Y1,北京住总集团有限责任公司,,AAA,02,2019-10-08,4.2,90
155884,19CHNG7Y,中国华能集团有限公司,,AAA,02,2019-09-17,4.1,90
155885,19CHNG8Y,中国华能集团有限公司,,AAA,02,2019-09-17,4.65,90
155886,G19京Y1,北京市基础设施投资有限公司,,AAA,02,2019-09-24,3.85,90
155887,G19京Y2,北京市基础设施投资有限公司,,AAA,02,2019-09-24,4.15,90
155888,19建集Y1,厦门建发集团有限公司,,AAA,02,2019-09-17,4.27,90
155889,19华电Y1,中国华电集团有限公司,,AAA,02,2019-09-16,3.85,90
155890,19华电Y2,中国华电集团有限公司,,AAA,02,2019-09-16,4.17,90
155891,电投Y23,国家电力投资集团有限公司,,AAA,02,2019-09-10,3.82,90
155892,电投Y24,国家电力投资集团有限公司,,AAA,02,2019-09-10,4.15,90
155893,电投Y21,国家电力投资集团有限公司,,AAA,02,2019-08-30,3.79,90
155894,电投Y22,国家电力投资集团有限公司,,AAA,02,2019-08-30,4.1,90
155895,电投Y19,国家电力投资集团有限公司,,AAA,02,2019-08-27,3.75,90
155896,电投Y20,国家电力投资集团有限公司,,AAA,02,2019-08-27,4.07,90
155897,19象屿Y2,厦门象屿集团有限公司,,AAA,02,2019-08-27,4.99,90
155898,19山招Y3,山东招金集团有限公司,,AAA,02,2019-08-23,4.12,90
155899,19北控Y1,北京控股集团有限公司,,AAA,02,2019-08-13,3.89,90
155901,19晋建Y2,山西建设投资集团有限公司,,AAA,02,2019-08-12,4.99,90
155902,电投Y17,国家电力投资集团有限公司,,AAA,02,2019-08-13,3.92,90
155903,电投Y18,国家电力投资集团有限公司,,AAA,02,2019-08-13,4.24,90
155904,电投Y15,国家电力投资集团有限公司,,AAA,02,2019-07-29,3.96,90
155905,电投Y16,国家电力投资集团有限公司,,AAA,02,2019-07-29,4.25,90
155906,19四局Y1,中交建筑集团有限公司,,AAA,02,2019-12-04,4.6,90
155907,电投Y13,国家电力投资集团有限公司,,AAA,02,2019-07-24,3.98,90
155908,电投Y14,国家电力投资集团有限公司,,AAA,02,2019-07-24,4.28,90
155910,19路建Y1,中交路桥建设有限公司,,AAA,02,2019-07-24,4,90
155911,19中交Y1,中交第二航务工程局有限公司,,AAA,02,2019-07-19,4.4,90
155912,19国泰Y1,国泰租赁有限公司,,AA+,02,2019-07-17,6.9,90
155913,19漳九Y2,漳州市九龙江集团有限公司,,AA+,02,2019-07-02,5.45,90
155914,19远发Y8,中远海运发展股份有限公司,,AAA,02,2019-06-26,4.48,90
155916,19风电Y1,中广核风电有限公司,,AAA,02,2019-06-24,4.24,90
155917,19风电Y2,中广核风电有限公司,,AAA,02,2019-06-24,4.69,90
155918,19核建Y5,中国核工业建设股份有限公司,5,AAA,02,2019-06-21,4.67,90
155919,19核建Y3,中国核工业建设股份有限公司,,AAA,02,2019-06-21,4.23,90
155920,19大唐Y3,中国大唐集团有限公司,,AAA,02,2019-06-20,4.18,90
155921,19大唐Y4,中国大唐集团有限公司,,AAA,02,2019-06-20,4.58,90
155922,19CHNG5Y,中国华能集团有限公司,,AAA,02,2019-06-21,4.55,90
155923,19CHNG6Y,中国华能集团有限公司,,AAA,02,2019-06-21,5.03,90
155924,19特变Y1,特变电工股份有限公司,,AAA,02,2019-06-10,6.3,90
155925,电投Y11,国家电力投资集团有限公司,,AAA,02,2019-06-06,4.25,90
155926,电投Y12,国家电力投资集团有限公司,,AAA,02,2019-06-06,4.6,90
155927,19远发Y6,中远海运发展股份有限公司,3,AAA,02,2019-06-04,4.51,90
155929,19CHNG3Y,中国华能集团有限公司,5,AAA,02,2019-05-27,4.58,90
155930,19CHNG4Y,中国华能集团有限公司,10,AAA,02,2019-05-27,5.15,90
155931,19葛洲Y1,中国葛洲坝集团股份有限公司,3,AAA,02,2019-05-27,4.35,90
155933,19电投Y9,国家电力投资集团有限公司,3,AAA,02,2019-05-27,4.31,90
155934,19电投Y0,国家电力投资集团有限公司,5,AAA,02,2019-05-27,4.7,90
155935,19电投Y7,国家电力投资集团有限公司,,AAA,02,2019-05-20,4.42,90
155936,19电投Y8,国家电力投资集团有限公司,,AAA,02,2019-05-20,4.77,90
155937,19象屿Y1,厦门象屿集团有限公司,,AAA,02,2019-05-15,6.2,90
155938,19电投Y5,国家电力投资集团有限公司,,AAA,02,2019-05-08,4.47,90
155939,19电投Y6,国家电力投资集团有限公司,,AAA,02,2019-05-08,4.84,90
155940,19山招Y1,山东招金集团有限公司,,AAA,02,2019-03-29,4.78,90
155941,19远发Y3,中远海运发展股份有限公司,,AAA,02,2019-05-09,4.68,90
155943,19大唐Y1,中国大唐集团有限公司,,AAA,02,2019-04-25,4.39,90
155944,19大唐Y2,中国大唐集团有限公司,,AAA,02,2019-04-25,4.78,90
155945,19桂建Y1,广西建工集团有限责任公司,,AAA,02,2019-04-23,6.5,90
155947,19漳九Y1,漳州市九龙江集团有限公司,,AA+,02,2019-04-10,5.69,90
155948,19中航Y5,中国航空技术国际控股有限公司,,AAA,02,2019-04-10,4.38,90
155950,19CHNG1Y,中国华能集团有限公司,,AAA,02,2019-03-29,4.69,90
155952,19远发Y1,中远海运发展股份有限公司,,AAA,02,2019-03-21,4.47,90
155954,19中航Y3,中国航空技术国际控股有限公司,,AAA,02,2019-03-22,4.5,90
155956,G19新Y1,新天绿色能源股份有限公司,,AAA,02,2019-03-29,4.7,90
155957,19电投Y3,国家电力投资集团有限公司,,AAA,02,2019-04-17,4.38,90
155958,19电投Y4,国家电力投资集团有限公司,,AAA,02,2019-04-17,4.79,90
155959,19不动Y2,平安不动产有限公司,,AAA,02,2019-03-12,4.71,90
155960,19中航Y1,中国航空技术国际控股有限公司,,AAA,02,2019-02-13,4.28,90
155962,19建材Y1,中国建材股份有限公司,,AAA,02,2019-01-31,4.2,90
155964,19安租Y1,平安国际融资租赁有限公司,,AAA,02,2019-01-29,4.96,90
155966,19电投Y1,国家电力投资集团有限公司,,AAA,02,2019-01-28,4.2,90
155967,19电投Y2,国家电力投资集团有限公司,,AAA,02,2019-01-28,4.47,90
155969,19中公Y1,中交一公局集团有限公司,,AAA,02,2019-01-31,4.2,90
155970,19核建Y1,中国核工业建设股份有限公司,3,AAA,02,2019-01-23,4.25,90
155971,19核建Y2,中国核工业建设股份有限公司,5,AAA,02,2019-01-23,4.47,90
155972,18远发Y1,中远海运发展股份有限公司,,AAA,02,2018-12-28,4.68,90
155974,18中电Y1,中国电子信息产业集团有限公司,,AAA,02,2019-01-11,4.9,90
155976,G18八Y1,中国水利水电第八工程局有限公司,,AA+,02,2019-01-11,5.99,90
155977,18环球Y1,中国环球租赁有限公司,,AAA,02,2019-01-09,6,90
155979,18化学Y1,中国化学工程集团有限公司,,AAA,02,2019-01-08,4.9,90
155981,18云投Y1,云南省城市建设投资集团有限公司,,AAA,02,2019-01-15,6.5,90
155982,18铁Y09,中国中铁股份有限公司,,AAA,02,2018-12-27,4.55,90
155983,18铁Y10,中国中铁股份有限公司,,AAA,02,2018-12-27,4.78,90
155984,18象屿Y3,厦门象屿集团有限公司,,AAA,02,2018-12-28,6.2,90
155985,18津保Y3,天津保税区投资控股集团有限公司,,AAA,02,2018-12-26,6.74,90
155987,18美达Y1,江苏苏美达集团有限公司,,AA+,02,2019-01-03,6.5,90
155988,18铁投Y4,中国铁建投资集团有限公司,,AAA,02,2018-12-19,4.7,90
155989,18阳煤Y4,山西华阳集团新能股份有限公司,,AAA,02,2018-12-26,6.5,90
155990,18漳九Y1,漳州市九龙江集团有限公司,,AA+,02,2019-01-03,5.99,90
155992,18中化Y7,中国中化股份有限公司,,AAA,02,2018-12-19,4.45,90
155993,18中化Y8,中国中化股份有限公司,,AAA,02,2018-12-19,4.55,90
155994,18鲁高Y3,山东高速集团有限公司,,AAA,02,2018-12-17,4.6,90
155996,18青城Y4,青岛城市建设投资(集团)有限责任公司,,AAA,02,2018-12-17,5.17,90
155997,18建集Y4,厦门建发集团有限公司,,AAA,02,2018-12-11,5.09,90
155998,18联投Y3,湖北省联合发展投资集团有限公司,,AAA,02,2018-12-20,5.35,90
155999,19不动Y1,平安不动产有限公司,,AAA,02,2019-01-23,4.8,90
163003,19浙纾02,浙江省国有资本运营有限公司,5,AAA,02,2019-11-25,3.72,90
163004,19厦航01,厦门航空有限公司,3,AAA,02,2019-11-27,3.58,90
163005,19北汽11,北京汽车集团有限公司,3,AAA,02,2019-11-26,3.58,90
163006,19北汽12,北京汽车集团有限公司,5,AAA,02,2019-11-26,3.95,90
163008,19宝龙G1,上海宝龙实业发展(集团)有限公司,5,AA+,02,2019-11-28,7.2,90
163010,19浦集02,上海浦东发展(集团)有限公司,5,AAA,02,2019-12-03,3.56,90
163011,19浦集03,上海浦东发展(集团)有限公司,10,AAA,02,2019-12-03,4.39,90
163012,19龙控04,深圳市龙光控股有限公司,6.98,AAA,02,2019-11-28,5.09,90
163013,19平煤债,平顶山天安煤业股份有限公司,5,AAA,02,2019-11-26,4.6,90
163014,19申资01,上海申通地铁资产经营管理有限公司,3,AA+,02,2019-12-04,3.8,90
163015,19碧地03,碧桂园地产集团有限公司,4,AAA,02,2019-11-29,4.98,90
163016,19贵安G2,贵州贵安发展集团有限公司,5,AA+,02,2019-11-27,7.5,90
163017,19新湖03,新湖中宝股份有限公司,4,AA+,02,2019-11-29,7.5,90
163019,19中金04,中国国际金融股份有限公司,6,AAA,02,2019-11-28,3.52,90
163020,19上国投,上海上国投资产管理有限公司,5,AAA,02,2019-11-27,3.65,90
163021,19君创03,君创国际融资租赁有限公司,3,AAA,02,2019-11-28,5.5,90
163023,19鸿坤01,北京鸿坤伟业房地产开发有限公司,4,AA,02,2019-11-29,7.5,90
163024,19东方债,东方证券股份有限公司,3,AAA,02,2019-11-28,3.5,90
163025,19花样02,花样年集团(中国)有限公司,3,AA+,02,2019-12-06,7.8,90
163026,19杭纾03,杭州市金融投资集团有限公司,5,AAA,02,2019-12-04,3.77,90
163028,19漳九03,漳州市九龙江集团有限公司,6,AA+,02,2019-12-12,3.95,90
163029,19济金控,济南金投控股集团有限公司,5,AA+,02,2019-12-04,4.49,90
163030,19鲁高02,山东高速集团有限公司,5,AAA,02,2019-12-09,3.92,90
163031,19山金01,山东省金融资产管理股份有限公司,5,AAA,02,2019-12-03,3.9,90
163033,19兖东01,兖矿东华建设有限公司,3,AAA,02,2019-12-20,3.99,90
163034,19津保03,天津保税区投资控股集团有限公司,3,AAA,02,2019-12-04,4.78,90
163035,19伊利01,内蒙古伊利实业集团股份有限公司,3,AAA,02,2019-12-06,3.37,90
163036,19实业03,新疆广汇实业投资(集团)有限责任公司,3,AA+,02,2019-12-17,7.5,90
163037,19狮桥01,狮桥融资租赁(中国)有限公司,3,AA+,02,2019-12-31,6.2,90
163038,19豫园01,上海豫园旅游商城(集团)股份有限公司,5,AAA,02,2019-12-05,4.95,90
163039,19当代02,武汉当代科技产业集团股份有限公司,5,AA+,02,2019-12-06,7.5,90
163040,19朗诗02,朗诗集团股份有限公司,5,AA,02,2019-12-06,7.5,90
163041,19文投02,北京市文化投资发展集团有限责任公司,3,AAA,02,2019-12-09,4.3,90
163042,19国资01,安徽省国有资本运营控股集团有限公司,5,AA+,02,2019-12-10,3.99,90
163043,19洛钼01,洛阳栾川钼业集团股份有限公司,3,AAA,02,2019-12-06,4.28,90
163044,G19华综1,珠海华发综合发展有限公司,5,AAA,02,2019-12-11,4.17,90
163045,19绿城02,绿城房地产集团有限公司,5,AAA,02,2019-12-09,3.78,90
163046,19绿城03,绿城房地产集团有限公司,7,AAA,02,2019-12-09,4.34,90
163047,19金辉03,金辉集团股份有限公司,4,AA+,02,2019-12-05,7.5,90
163049,19东科02,广东东阳光科技控股股份有限公司,3,AA+,02,2020-01-09,7.6,90
163050,19豫投02,河南投资集团有限公司,10,AAA,02,2019-12-19,4.54,90
163051,19油气02,中国化工油气股份有限公司,3,AAA,02,2019-12-12,3.55,90
163052,19长电03,中国长江电力股份有限公司,3,AAA,02,2019-12-13,3.49,90
163053,19中泰02,中泰证券股份有限公司,3,AAA,02,2019-12-16,3.56,90
163054,19兴投01,河南航空港投资集团有限公司,3,AAA,02,2019-12-12,3.9,90
163055,19绿城04,绿城房地产集团有限公司,2,AAA,02,2019-12-18,3.61,90
163056,19华租01,华电融资租赁有限公司,3,AAA,02,2019-12-19,3.84,90
163057,19川发07,四川发展(控股)有限责任公司,5,AAA,02,2019-12-13,3.9,90
163058,19川发08,四川发展(控股)有限责任公司,10,AAA,02,2019-12-13,4.57,90
163059,19常高05,常高新集团有限公司,5,AA+,02,2019-12-19,4.08,90
163060,19常高06,常高新集团有限公司,5,AA+,02,2019-12-19,4.98,90
163061,19温交01,温州市交通发展集团有限公司,7,AA+,02,2019-12-13,3.87,90
163063,19青信03,青岛国信发展(集团)有限责任公司,5,AAA,02,2019-12-13,3.7,90
163065,19津保04,天津保税区投资控股集团有限公司,3,AAA,02,2019-12-20,5,90
163066,19淄矿02,淄博矿业集团有限责任公司,3,AAA,02,2019-12-20,3.87,90
163067,19苏农01,苏州市农业发展集团有限公司,5,AA+,02,2019-12-23,4,90
163068,19中航04,中国航空集团有限公司,2,AAA,02,2019-12-19,3.18,90
163069,19中航05,中国航空集团有限公司,3,AAA,02,2019-12-19,3.48,90
163070,G19唐环1,大唐环境产业集团股份有限公司,5,AAA,02,2019-12-24,3.65,90
163071,19津投25,天津城市基础设施建设投资集团有限公司,5,AAA,02,2019-12-23,3.87,90
163072,19津投26,天津城市基础设施建设投资集团有限公司,5,AAA,02,2019-12-23,4.37,90
163073,19津投27,天津城市基础设施建设投资集团有限公司,10,AAA,02,2019-12-23,5.1,90
163074,19同辐债,中国同辐股份有限公司,3,AA+,02,2019-12-20,3.8,90
163075,19正奇03,正奇控股股份有限公司,3,AAA,02,2019-12-25,6.5,90
163077,19远东三,远东国际融资租赁有限公司,5,AAA,02,2019-12-24,3.98,90
163079,19株国06,株洲市国有资产投资控股集团有限公司,5,AA+,02,2020-01-03,4.81,60
163081,19靖江港,靖江港口集团有限公司,5,AA,02,2020-01-02,7.5,90
163082,19云投02,云南省康旅控股集团有限公司,3,AAA,02,2019-12-23,5.9,90
163083,19齐鲁Y1,齐鲁交通发展集团有限公司,,AAA,02,2019-12-25,4.25,90
163084,20国泰债,国泰租赁有限公司,3,AA+,02,2020-06-11,5.5,90
163085,19诚通01,中国诚通控股集团有限公司,3,AAA,02,2019-12-27,3.6,90
163086,19兰创01,山西兰花科技创业股份有限公司,5,AAA,02,2020-01-02,5.08,90
163087,19当代03,武汉当代科技产业集团股份有限公司,5,AA+,02,2020-01-06,7.5,90
163090,20建投01,中国建银投资有限责任公司,3,AAA,02,2020-01-22,3.4,90
163091,20京汽01,北京汽车股份有限公司,3,AAA,02,2020-01-14,3.39,90
163092,20安信G1,安信证券股份有限公司,3,AAA,02,2020-01-23,3.4,90
163093,20成高01,四川成南高速公路有限责任公司,5,AAA,02,2020-01-21,3.67,90
163094,20江东01,江东控股集团有限责任公司,5,AA+,02,2020-01-23,3.98,90
163096,20长电01,中国长江电力股份有限公司,3,AAA,02,2020-01-14,3.37,90
163097,20长电02,中国长江电力股份有限公司,5,AAA,02,2020-01-14,3.7,90
163098,20津保01,天津保税区投资控股集团有限公司,3,AAA,02,2020-01-17,4.7,90
163099,20张江01,上海张江高科技园区开发股份有限公司,5,AAA,02,2020-01-22,3.4,90
163100,20龙控01,深圳市龙光控股有限公司,6.84,AAA,02,2020-01-16,4.8,90
163101,20津投01,天津城市基础设施建设投资集团有限公司,3,AAA,02,2020-01-21,3.73,90
163102,20津投02,天津城市基础设施建设投资集团有限公司,5,AAA,02,2020-01-21,4.2,90
163103,20青信01,青岛国信发展(集团)有限责任公司,5,AAA,02,2020-01-17,3.55,90
163104,20建发01,厦门建发股份有限公司,2,AAA,02,2020-01-17,3.38,90
163105,20国君G1,国泰君安证券股份有限公司,3,AAA,02,2020-01-16,3.37,90
163106,20潍柴01,潍柴控股集团有限公司,5,AAA,02,2020-01-20,3.48,90
163108,20CHNE01,国家能源投资集团有限责任公司,3,AAA,02,2020-01-22,3.44,90
163109,20奉发01,上海奉贤发展(集团)有限公司,5,AA+,02,2020-01-22,3.75,90
163110,20东方01,浙江东方金融控股集团股份有限公司,3,AAA,02,2020-02-06,3.63,90
163112,20金隅02,北京金隅集团股份有限公司,7,AAA,02,2020-01-21,3.99,90
163113,20象屿01,厦门象屿股份有限公司,5,AA+,02,2020-01-22,3.95,90
163114,20大宁01,上海大宁资产经营(集团)有限公司,7,AA+,02,2020-01-20,4,90
163115,20鲁创01,鲁信创业投资集团股份有限公司,7,AAA,02,2020-01-23,4.3,90
163116,20义乌01,义乌市国有资本运营有限公司,3,AA+,02,2020-02-04,3.8,90
163117,20义乌02,义乌市国有资本运营有限公司,5,AA+,02,2020-02-04,4.29,90
163118,H20华集1,华晨汽车集团控股有限公司,3,AAA,02,2020-01-22,5.95,90
163119,20甘交G1,甘肃省公路交通建设集团有限公司,5,AAA,02,2020-11-23,4.08,90
163120,20伟驰01,伟驰控股集团有限公司,5,AA,02,2020-01-23,6.5,90
163121,20风电01,中广核风电有限公司,3,AAA,02,2020-01-31,3.48,90
163123,20青城G1,青岛城市建设投资(集团)有限责任公司,8,AAA,02,2020-01-23,3.88,90
163124,20中航01,中国航空技术国际控股有限公司,3,AAA,02,2020-01-31,3.41,90
163125,20中航02,中国航空技术国际控股有限公司,5,AAA,02,2020-01-31,3.8,90
163126,20中财G1,中国中金财富证券有限公司,5,AAA,02,2020-01-23,3.44,90
163127,20红星01,红星美凯龙控股集团有限公司,3,AAA,02,2020-01-31,6.8,90
163128,20红星02,红星美凯龙控股集团有限公司,5,AAA,02,2020-01-31,7.2,90
163129,20贵安G1,贵州贵安发展集团有限公司,5,AA+,02,2020-01-23,7.5,90
163130,20财富01,财信证券股份有限公司,5,AAA,02,2020-01-22,3.73,90
163131,20国投01,浙江嘉兴国有资本投资运营有限公司,5,AAA,02,2020-01-22,3.89,90
163132,20国投02,浙江嘉兴国有资本投资运营有限公司,5,AAA,02,2020-01-22,3.43,90
163133,20中电01,中国电子信息产业集团有限公司,3,AAA,02,2020-01-31,3.48,90
163134,20平证01,平安证券股份有限公司,5,AAA,02,2020-02-06,3.4,90
163135,20顾家01,顾家集团有限公司,3,AA,02,2020-02-06,7.3,90
163136,20云投01,云南省康旅控股集团有限公司,3,AAA,02,2020-02-05,5.48,90
163137,20诚通01,中国诚通控股集团有限公司,3,AAA,02,2020-02-04,3.55,90
163138,20宝龙01,上海宝龙实业发展(集团)有限公司,5,AA+,02,2020-02-06,6.67,90
163139,20龙湖01,重庆龙湖企业拓展有限公司,5,AAA,02,2020-02-04,3.55,90
163140,20龙湖02,重庆龙湖企业拓展有限公司,7,AAA,02,2020-02-04,4.2,90
163141,20时代01,广州市时代控股集团有限公司,7,AAA,02,2020-02-28,6.2,90
163142,20时代02,广州市时代控股集团有限公司,5,AAA,02,2020-02-28,5,90
163144,20国新01,中国国新控股有限责任公司,5,AAA,02,2020-02-06,3.74,90
163145,20复地01,复地(集团)股份有限公司,3,AAA,02,2020-02-21,4.2,90
163146,20津投03,天津城市基础设施建设投资集团有限公司,6,AAA,02,2020-02-24,3.4,90
163147,20津投04,天津城市基础设施建设投资集团有限公司,5,AAA,02,2020-02-24,3.78,90
163148,20海通01,海通证券股份有限公司,3,AAA,02,2020-03-06,3.01,90
163149,20兴业G1,兴业证券股份有限公司,3,AAA,02,2020-02-21,3.1,90
163150,20东科01,广东东阳光科技控股股份有限公司,2,AA+,02,2020-02-18,5.98,90
163152,20CHNE02,国家能源投资集团有限责任公司,3,AAA,02,2020-02-24,3.05,90
163153,20浦建01,上海浦东建设股份有限公司,5,AA+,02,2020-03-02,3.28,90
163154,20凯盛01,凯盛科技集团有限公司,3,AA+,02,2020-02-26,3.6,90
163155,20凯盛02,凯盛科技集团有限公司,3,AA+,02,2020-02-26,4,90
163156,20中证G1,中信证券股份有限公司,3,AAA,02,2020-02-28,3.02,90
163157,20中证G2,中信证券股份有限公司,5,AAA,02,2020-02-28,3.31,90
163158,20长交01,长兴交通投资集团有限公司,5,AA+,02,2020-03-06,4.28,90
163160,20嘉投01,浙江嘉兴国有资本投资运营有限公司,5,AAA,02,2020-03-23,3.48,90
163161,20财金01,山东省财金投资集团有限公司,7,AAA,02,2020-03-03,3.59,90
163162,20天集01,天士力控股集团有限公司,2,AA+,02,2020-03-13,6.4,90
163164,20航控01,中航工业产融控股股份有限公司,3,AAA,02,2020-03-09,3.1,90
163165,20航控02,中航工业产融控股股份有限公司,5,AAA,02,2020-03-09,3.51,90
163166,20三友01,唐山三友化工股份有限公司,3,AA+,02,2020-03-04,3.5,90
163168,20华发02,珠海华发实业股份有限公司,5,AAA,02,2020-03-04,3.38,90
163169,20广越01,广州越秀集团股份有限公司,5,AAA,02,2020-03-02,3.03,90
163170,20广越02,广州越秀集团股份有限公司,7,AAA,02,2020-03-02,3.39,90
163171,20美置01,美的置业集团有限公司,4,AAA,02,2020-03-03,4,90
163172,20豫园01,上海豫园旅游商城(集团)股份有限公司,5,AAA,02,2020-02-28,3.6,90
163175,20中信02,中国中信有限公司,10,AAA,02,2020-03-05,3.88,90
163176,20象屿02,厦门象屿股份有限公司,5,AA+,02,2020-03-06,3.65,90
163177,20安租Y1,平安国际融资租赁有限公司,,AAA,02,2020-03-12,4,90
163178,20中冶01,中国冶金科工集团有限公司,3,AAA,02,2020-03-11,3.04,90
163179,20北电01,北京电子城高科技集团股份有限公司,3,AAA,02,2020-03-06,3.35,90
163180,20银宝G1,江苏银宝控股集团有限公司,5,AA+,02,2020-05-18,5.7,90
163181,20东风01,东风汽车集团股份有限公司,3,AAA,02,2020-03-06,3.05,90
163182,20国新02,中国国新控股有限责任公司,10,AAA,02,2020-03-09,3.89,90
163183,20贵安G2,贵州贵安发展集团有限公司,5,AA+,02,2020-05-18,7,90
163185,20涪交02,重庆市涪陵交通旅游建设投资集团有限公司,5,AA,02,2020-03-19,5.5,90
163186,20国金01,国金证券股份有限公司,2,AAA,02,2020-03-04,3.03,90
163187,20国金02,国金证券股份有限公司,3,AAA,02,2020-03-04,3.18,90
163188,20奥园01,奥园集团有限公司,5,AAA,02,2020-03-12,5.5,90
163189,20兰石01,兰州兰石集团有限公司,5,AAA,02,2020-03-06,6,90
163190,20绵投01,绵阳市投资控股(集团)有限公司,5,AA+,02,2020-03-06,3.72,90
163191,20新投01,新疆投资发展(集团)有限责任公司,5,AA+,02,2020-03-09,4.15,90
163192,20能源01,中化能源股份有限公司,3,AAA,02,2020-03-09,3.08,90
163193,20能源02,中化能源股份有限公司,5,AAA,02,2020-03-09,3.46,90
163195,20渝枢02,重庆国际物流枢纽园区建设有限责任公司,5,AA+,02,2020-03-13,4.02,90
163197,20龙湖04,重庆龙湖企业拓展有限公司,7,AAA,02,2020-03-12,3.8,90
163198,20兰创01,山西兰花科技创业股份有限公司,5,AAA,02,2020-03-09,4.5,90
163199,20青城G2,青岛城市建设投资(集团)有限责任公司,8,AAA,02,2020-03-12,3.45,90
163200,G20天成2,华能天成融资租赁有限公司,3,AAA,02,2020-03-11,3.27,90
163202,20联储G1,联储证券有限责任公司,3,AA,02,2020-03-20,6,90
163203,20津投05,天津城市基础设施建设投资集团有限公司,5,AAA,02,2020-03-13,3.61,90
163204,20津投06,天津城市基础设施建设投资集团有限公司,10,AAA,02,2020-03-13,4.23,90
163205,20成高02,四川成南高速公路有限责任公司,5,AAA,02,2020-03-16,3.25,90
163206,20金控01,江苏金坛投资控股有限公司,5,AAA,02,2020-03-16,3.82,90
163207,20航集01,中国南方航空集团有限公司,3,AAA,02,2020-03-10,3,90
163208,20武金01,武汉金融控股(集团)有限公司,10,AAA,02,2020-03-18,5.19,90
163209,20国机01,中国机械工业集团有限公司,5,AAA,02,2020-03-11,3.02,90
163210,20皖控01,安徽省国有资本运营控股集团有限公司,5,AA+,02,2020-03-16,3.4,90
163211,20海国01,北京市海淀区国有资本运营有限公司,3,AAA,02,2020-03-13,3.1,90
163212,20焦煤01,山西焦煤集团有限责任公司,3,AAA,02,2020-03-16,3.05,90
163213,20焦煤02,山西焦煤集团有限责任公司,5,AAA,02,2020-03-16,3.42,90
163214,20甬港01,宁波舟山港集团有限公司,3,AAA,02,2020-03-23,3.03,90
163215,20甬港02,宁波舟山港集团有限公司,10,AAA,02,2020-03-23,3.89,90
163216,20世茂G1,上海世茂股份有限公司,6.82,AAA,02,2020-03-12,3.6,90
163217,20津保02,天津保税区投资控股集团有限公司,3,AAA,02,2020-03-13,4.12,90
163219,20中铝01,中国铝业股份有限公司,5,AAA,02,2020-03-18,3.3,90
163220,20诚通02,中国诚通控股集团有限公司,3,AAA,02,2020-03-11,3.07,90
163221,20诚通03,中国诚通控股集团有限公司,5,AAA,02,2020-03-11,3.44,90
163222,20信投G1,中信建投证券股份有限公司,3,AAA,02,2020-03-18,2.94,90
163223,20信投G2,中信建投证券股份有限公司,5,AAA,02,2020-03-18,3.13,90
163224,20柳投资,广西柳州市投资控股集团有限公司,5,AA+,02,2020-03-23,4.5,90
163225,20宝钢01,宝山钢铁股份有限公司,3,AAA,02,2020-03-13,2.95,90
163226,20浦集01,上海浦东发展(集团)有限公司,5,AAA,02,2020-03-13,2.98,90
163228,20渝水01,重庆水务集团股份有限公司,5,AAA,02,2020-03-18,3.37,90
163229,20亦纾01,北京亦庄国际投资发展有限公司,3,AAA,02,2020-03-23,3.08,90
163230,20北方01,中国北方稀土(集团)高科技股份有限公司,3,AAA,02,2020-03-18,3.27,90
163231,20首创01,北京首创生态环保集团股份有限公司,5,AAA,02,2020-03-13,3.39,90
163232,20民生G1,民生证券股份有限公司,3,AA+,02,2020-03-25,5,90
163233,20建租01,中建投租赁股份有限公司,3,AA+,02,2020-03-16,3.79,90
163234,20兖煤01,兖矿能源集团股份有限公司,3,AAA,02,2020-03-19,2.99,90
163235,20兖煤02,兖矿能源集团股份有限公司,5,AAA,02,2020-03-19,3.43,90
163236,20兖煤03,兖矿能源集团股份有限公司,10,AAA,02,2020-03-19,4.29,90
163237,20浙交01,浙江省交通投资集团有限公司,5,AAA,02,2020-03-19,3.35,90
163238,20浙交02,浙江省交通投资集团有限公司,10,AAA,02,2020-03-19,3.88,90
163239,20新控01,新城控股集团股份有限公司,3,AAA,02,2020-03-18,5.1,90
163241,20宁证01,南京证券股份有限公司,2,AAA,02,2020-03-17,2.9,90
163242,20绿城01,绿城房地产集团有限公司,5,AAA,02,2020-03-13,3.19,90
163244,20中证G3,中信证券股份有限公司,3,AAA,02,2020-03-17,2.95,90
163245,20中证G4,中信证券股份有限公司,5,AAA,02,2020-03-17,3.2,90
163246,20上国投,上海上国投资产管理有限公司,5,AAA,02,2020-03-19,3.05,90
163247,20国投G1,国家开发投资集团有限公司,3,AAA,02,2020-03-16,2.94,90
163248,20国投G2,国家开发投资集团有限公司,10,AAA,02,2020-03-16,3.84,90
163249,20同方01,同方股份有限公司,3,AAA,02,2020-03-20,4.82,90
163251,20象屿G1,厦门象屿集团有限公司,5,AAA,02,2020-03-19,3.18,90
163252,20象屿G2,厦门象屿集团有限公司,7,AAA,02,2020-03-19,3.58,90
163253,20电信01,中国电信股份有限公司,3,AAA,02,2020-03-13,2.9,90
163254,20同安01,同安控股有限责任公司,5,AA+,02,2020-03-19,3.6,90
163255,20建材01,中国建材股份有限公司,5,AAA,02,2020-03-18,3.18,90
163256,20临矿01,临沂矿业集团有限责任公司,5,AAA,02,2020-03-20,4,90
163257,20铁投G1,中国铁建投资集团有限公司,5,AAA,02,2020-03-25,3.18,90
163258,20铁投G2,中国铁建投资集团有限公司,7,AAA,02,2020-03-25,3.45,90
163259,20红美01,红星美凯龙家居集团股份有限公司,3,AAA,02,2020-03-17,4.95,90
163260,20海国02,北京市海淀区国有资本运营有限公司,5,AAA,02,2020-03-20,3.1,90
163261,20汽车G1,广汇汽车服务有限责任公司,3,AA+,02,2020-04-02,7.5,90
163262,20武金02,武汉金融控股(集团)有限公司,10,AAA,02,2020-03-18,3.94,90
163263,20北港01,广西北部湾国际港务集团有限公司,5,AAA,02,2020-03-30,3.7,90
163264,20北控01,北京控股集团有限公司,3,AAA,02,2020-03-25,2.94,90
163265,20南海01,广东南海控股集团有限公司,5,AAA,02,2020-03-20,3.02,90
163266,20湖州01,湖州市城市投资发展集团有限公司,5,AA+,02,2020-03-26,3.52,90
163267,20建工01,北京建工集团有限责任公司,5,AAA,02,2020-03-20,3.2,90
163268,20建工02,北京建工集团有限责任公司,5,AAA,02,2020-03-20,3.68,90
163269,20人福01,人福医药集团股份公司,3,AA+,02,2020-03-19,6.8,90
163270,20新投02,新疆投资发展(集团)有限责任公司,5,AA+,02,2020-03-26,4.58,90
163271,20风电03,中广核风电有限公司,3,AAA,02,2020-03-26,3.07,90
163272,20风电04,中广核风电有限公司,5,AAA,02,2020-03-26,3.4,90
163273,20厦航01,厦门航空有限公司,3,AAA,02,2020-03-23,2.95,90
163275,H20蓝光2,四川蓝光发展股份有限公司,3,AA+,02,2020-03-23,7.15,90
163276,20中船01,中国船舶工业集团有限公司,3,AAA,02,2020-03-25,2.95,90
163278,20新汶01,新汶矿业集团有限责任公司,5,AAA,02,2020-03-30,3.5,90
163279,20电控01,北京电子控股有限责任公司,3,AAA,02,2020-04-02,3.28,90
163280,20铁投G3,中国铁建投资集团有限公司,5,AAA,02,2020-03-27,3.2,90
163281,20CHNE03,国家能源投资集团有限责任公司,3,AAA,02,2020-03-24,2.98,90
163282,20宜春01,宜春交通投资集团有限公司,5,AA,02,2020-03-27,4.6,90
163283,20狮桥01,狮桥融资租赁(中国)有限公司,2,AA+,02,2020-06-04,6,90
163284,20联想01,联想控股股份有限公司,3,AAA,02,2020-06-09,4.5,90
163286,20兴信01,兴业国信资产管理有限公司,5,AAA,02,2020-03-24,3.5,90
163287,20控租01,国药控股(中国)融资租赁有限公司,3,AAA,02,2020-03-26,3.7,90
163289,20川发02,四川发展(控股)有限责任公司,10,AAA,02,2020-03-25,3.99,90
163290,20海通02,海通证券股份有限公司,3,AAA,02,2020-03-27,2.99,90
163292,S20凉山1,凉山州发展(控股)集团有限责任公司,5,AA+,02,2020-04-10,5.5,90
163293,20川金01,四川金融控股集团有限公司,3,AAA,02,2020-03-25,3.18,90
163294,20华远01,华远地产股份有限公司,3,AA,02,2020-04-13,4.8,90
163295,20诚通04,中国诚通控股集团有限公司,3,AAA,02,2020-03-24,3.1,90
163297,20冀资01,河北省资产管理有限公司,3,AA+,02,2020-03-26,4.75,90
163298,20陕建01,陕西建工集团股份有限公司,5,AAA,02,2020-03-27,3.87,90
163299,20杭城01,杭州市城市建设投资集团有限公司,5,AAA,02,2020-03-26,3.4,90
163300,20深高01,深圳高速公路集团股份有限公司,5,AAA,02,2020-03-27,3.05,90
163301,20保利01,保利发展控股集团股份有限公司,5,AAA,02,2020-04-09,3,90
163303,20楚天01,湖北楚天智能交通股份有限公司,5,AA+,02,2020-03-26,3.38,90
163304,20穗建01,广州市城市建设开发有限公司,5,AAA,02,2020-03-25,3.13,90
163306,20港发债,湖北港口集团有限公司,3,AA+,02,2020-04-03,3.35,90
163307,20南钢01,南京南钢钢铁联合有限公司,3,AA+,02,2020-03-26,5.2,90
163308,20镇投G1,镇江国有投资控股集团有限公司,3,AA+,02,2020-03-26,5.66,90
163309,20中林01,中国林产品集团有限公司,3,AA+,02,2020-04-01,6.5,90
163310,20美置02,美的置业集团有限公司,5,AAA,02,2020-04-01,4.2,90
163311,20财信02,财信证券股份有限公司,3,AAA,02,2020-03-25,3.5,90
163312,20中铝02,中国铝业股份有限公司,3,AAA,02,2020-03-27,3.05,90
163313,20新际Y2,新兴际华集团有限公司,,AAA,02,2020-03-27,3.9,90
163314,20远租01,海发宝诚融资租赁有限公司,3,AA+,02,2020-03-27,3.95,90
163315,20时代04,广州市时代控股集团有限公司,7,AAA,02,2020-04-03,6.3,90
163316,20时代05,广州市时代控股集团有限公司,5,AAA,02,2020-04-03,5.1,90
163317,20首集01,北京首都创业集团有限公司,5,AAA,02,2020-04-02,3.45,90
163318,20香建01,中山城市建设集团有限公司,5,AA,02,2020-03-27,3.75,90
163319,20中煤01,中国中煤能源股份有限公司,5,AAA,02,2020-03-30,3.6,90
163320,20能源03,中化能源股份有限公司,3,AAA,02,2020-04-13,2.97,90
163321,20能源04,中化能源股份有限公司,5,AAA,02,2020-04-13,3.41,90
163322,20温交01,温州市交通发展集团有限公司,7,AA+,02,2020-04-09,3.37,90
163323,20中信03,中国中信有限公司,10,AAA,02,2020-03-30,4,90
163324,20中信04,中国中信有限公司,20,AAA,02,2020-03-30,4.3,90
163325,20国君G2,国泰君安证券股份有限公司,3,AAA,02,2020-03-27,3.05,90
163327,20国电01,国电电力发展股份有限公司,3,AAA,02,2020-03-27,3.02,90
163328,20四局Y1,中交建筑集团有限公司,,AAA,02,2020-04-02,3.64,90
163330,20桂农01,广西农垦集团有限责任公司,3,AA+,02,2020-04-02,5,90
163331,20鲁高01,山东高速集团有限公司,3,AAA,02,2020-04-28,2.6,90
163332,20港航01,江西省港航建设投资集团有限公司,5,AA+,02,2020-04-03,3.95,90
163333,20实业01,新疆广汇实业投资(集团)有限责任公司,3,AA+,02,2020-04-03,6.5,90
163334,20华证01,华宝证券股份有限公司,3,AAA,02,2020-04-02,3.1,90
163335,20中车01,中国中车股份有限公司,3,AAA,02,2020-04-08,2.95,90
163336,20兵器01,中国兵器工业集团有限公司,3,AAA,02,2020-04-01,2.79,90
163337,20邮政01,中国邮政集团有限公司,3,AAA,02,2020-04-01,2.99,90
163338,20赣版01,江西省出版传媒集团有限公司,7,AAA,02,2020-04-24,3.4,90
163339,20中证G5,中信证券股份有限公司,1.02,AAA,02,2020-04-21,1.88,90
163340,20中证G6,中信证券股份有限公司,3,AAA,02,2020-04-21,2.54,90
163341,20中证G7,中信证券股份有限公司,5,AAA,02,2020-04-21,3.1,90
163342,20盐投01,盐城东方投资开发集团有限公司,5,AA+,02,2020-04-13,6.45,90
163343,20宜春02,宜春交通投资集团有限公司,5,AA,02,2020-04-09,4.55,90
163344,20紫江债,上海紫江企业集团股份有限公司,5,AA+,02,2020-04-03,4.5,90
163346,20世茂02,上海世茂建设有限公司,5,AAA,02,2020-04-03,3.23,90
163347,20世茂03,上海世茂建设有限公司,7,AAA,02,2020-04-03,3.9,90
163348,20华鲁01,华鲁控股集团有限公司,3,AAA,02,2020-04-02,2.97,90
163349,20中旅01,中国旅游集团有限公司,5,AAA,02,2020-04-09,3.52,90
163350,20远东三,远东国际融资租赁有限公司,5,AAA,02,2020-04-03,3.64,90
163351,20信达01,信达证券股份有限公司,3,AAA,02,2020-04-03,3.08,90
163352,20信达02,信达证券股份有限公司,5,AAA,02,2020-04-03,3.57,90
163353,20华泰G1,华泰证券股份有限公司,3,AAA,02,2020-04-02,2.99,90
163355,20靖江01,靖江港口集团有限公司,5,AA,02,2020-05-08,7,90
163356,20华电Y1,中国华电集团有限公司,,AAA,02,2020-04-08,3.34,90
163357,20华电Y2,中国华电集团有限公司,,AAA,02,2020-04-08,3.69,90
163358,20沪城01,上海城建(集团)有限公司,3,AAA,02,2020-04-03,3.04,90
163359,20华宇G1,重庆华宇集团有限公司,5,AA,02,2020-04-07,7,90
163360,20创元01,苏州创元投资发展(集团)有限公司,5,AA+,02,2020-04-09,3.64,90
163361,20中金G1,中国国际金融股份有限公司,6,AAA,02,2020-04-10,2.89,90
163362,20中金G2,中国国际金融股份有限公司,7,AAA,02,2020-04-10,3.25,90
163363,20碧地01,碧桂园地产集团有限公司,5,AAA,02,2020-04-10,4.2,90
163366,20津投07,天津城市基础设施建设投资集团有限公司,6,AAA,02,2020-04-16,3.24,90
163367,20津投08,天津城市基础设施建设投资集团有限公司,8,AAA,02,2020-04-16,3.63,90
163370,20兴投01,河南航空港投资集团有限公司,3,AAA,02,2020-04-23,3.24,90
163371,20同方03,同方股份有限公司,5,AAA,02,2020-04-10,4.9,90
163373,20华融G1,国新证券股份有限公司,3,AAA,02,2020-04-13,3.14,90
163374,20华远02,华远地产股份有限公司,3,AA,02,2020-04-13,5.5,90
163376,PR融创01,融创房地产集团有限公司,5.69,AAA,02,2020-04-14,4.78,90
163377,20融创02,融创房地产集团有限公司,6.54,AAA,02,2020-06-09,5.6,90
163378,20绿城03,绿城房地产集团有限公司,5,AAA,02,2020-04-08,3.26,90
163379,20绿城04,绿城房地产集团有限公司,7,AAA,02,2020-04-08,3.87,90
163380,20中交Y1,中交第三航务工程局有限公司,,AAA,02,2020-05-08,3.35,90
163381,20川发03,四川发展(控股)有限责任公司,5,AAA,02,2020-04-17,3.13,90
163382,20川发04,四川发展(控股)有限责任公司,10,AAA,02,2020-04-17,3.99,90
163383,20建发G1,乌鲁木齐经济技术开发区建发国有资本投资运营(集团)有限公司,5,AA+,02,2020-04-17,4.23,90
163384,20厦贸Y5,厦门国贸集团股份有限公司,,AAA,02,2020-04-27,3.6,90
163385,20青城G3,青岛城市建设投资(集团)有限责任公司,8,AAA,02,2020-04-16,3.38,90
163386,20青城G4,青岛城市建设投资(集团)有限责任公司,7,AAA,02,2020-04-16,3.75,90
163387,20沪国01,上海国有资产经营有限公司,5,AAA,02,2020-04-20,2.95,90
163388,20沪国02,上海国有资产经营有限公司,10,AAA,02,2020-04-20,3.85,90
163389,20浦房01,上海市浦东新区房地产(集团)有限公司,5,AAA,02,2020-04-15,3,90
163391,20诚通06,中国诚通控股集团有限公司,3,AAA,02,2020-04-14,3,90
163392,20诚通07,中国诚通控股集团有限公司,5,AAA,02,2020-04-14,3.44,90
163393,20湘粮债,湖南粮食集团有限责任公司,5,AA,02,2020-04-15,5.48,90
163394,20盛泽01,江苏盛泽投资有限公司,5,AA+,02,2020-04-27,3.49,90
163395,G20雅砻1,雅砻江流域水电开发有限公司,3,AAA,02,2020-04-14,2.93,90
163396,20宏河01,山东宏河控股集团有限公司,3,AA+,02,2020-04-15,7.5,90
163397,20环球05,中国环球租赁有限公司,5,AAA,02,2020-04-22,3.4,90
163398,20阳煤01,山西华阳集团新能股份有限公司,5,AAA,02,2020-04-20,3.3,90
163399,20亿利01,亿利洁能股份有限公司,5,AA+,02,2020-04-15,7,90
163400,20晶电01,晶科电力科技股份有限公司,2,AAA,02,2020-04-17,4.19,90
163401,20二局Y1,中交第二公路工程局有限公司,,AAA,02,2020-04-22,3.38,90
163402,20新际01,新兴际华集团有限公司,10,AAA,02,2020-04-16,4.15,90
163403,20国丰01,烟台国丰投资控股集团有限公司,5,AAA,02,2020-04-17,3.32,90
163404,20国联03,国联证券股份有限公司,2,AA+,02,2020-04-21,2.88,90
163405,20昆租01,昆明市安居集团有限公司,7,AA+,02,2020-04-20,4.01,90
163406,20信投G3,中信建投证券股份有限公司,3,AAA,02,2020-04-22,2.56,90
163407,20华宝01,华宝投资有限公司,3,AAA,02,2020-04-24,2.67,90
163408,20元禾01,苏州元禾控股股份有限公司,5,AAA,02,2020-04-17,2.9,90
163409,20HBST01,湖北省科技投资集团有限公司,10,AAA,02,2020-04-17,3.55,90
163410,20厦贸Y3,厦门国贸控股集团有限公司,,AAA,02,2020-04-17,3.63,90
163412,20风电05,中广核风电有限公司,3,AAA,02,2020-04-24,2.5,90
163414,20复星01,上海复星高科技(集团)有限公司,4,AAA,02,2020-04-29,3.28,90
163415,20复星02,上海复星高科技(集团)有限公司,5,AAA,02,2020-04-29,4.5,90
163416,20金高01,广东南海产业集团有限公司,5,AA+,02,2020-04-28,3.25,90
163418,20新汶02,新汶矿业集团有限责任公司,5,AAA,02,2020-05-06,3.17,90
163420,20光明01,光明食品(集团)有限公司,3,AAA,02,2020-04-22,2.67,90
163421,20国机02,中国机械工业集团有限公司,5,AAA,02,2020-04-22,2.67,90
163422,G20八Y1,中国水利水电第八工程局有限公司,,AA+,02,2020-05-11,3.75,90
163423,20天风01,天风证券股份有限公司,3,AAA,02,2020-04-21,2.87,90
163424,20扬子Y1,南京扬子国资投资集团有限责任公司,,AAA,02,2020-04-27,3.3,90
163425,20扬子Y2,南京扬子国资投资集团有限责任公司,,AAA,02,2020-04-27,3.7,90
163426,20杭租01,杭州金投融资租赁有限公司,3,AAA,02,2020-04-27,3.34,90
163427,20泰豪01,泰豪科技股份有限公司,3,AA+,02,2020-04-28,6.49,90
163428,20桂投Y1,广西投资集团有限公司,,AAA,02,2020-04-22,5.8,90
163429,20京投01,北京市基础设施投资有限公司,3,AAA,02,2020-04-23,2.6,90
163430,20国宏01,洛阳国宏投资控股集团有限公司,5,AA,02,2020-05-20,3.83,90
163431,G20FXY1,华电福新能源有限公司,,AAA,02,2020-04-27,3.15,90
163433,20京洁01,北京京能清洁能源电力股份有限公司,3,AAA,02,2020-04-27,2.65,90
163434,20京洁02,北京京能清洁能源电力股份有限公司,5,AAA,02,2020-04-27,3.22,90
163435,20中车G1,中国中车集团有限公司,5,AAA,02,2020-04-27,2.5,90
163437,20紫金G1,南京紫金投资集团有限责任公司,5,AAA,02,2020-04-28,2.7,90
163439,20津保Y1,天津保税区投资控股集团有限公司,,AAA,02,2020-05-06,5.79,90
163440,20阳泰01,阳城县阳泰集团实业有限公司,3,AAA,02,2020-04-23,6.5,90
163441,20外高01,上海外高桥集团股份有限公司,5,AAA,02,2020-04-23,2.61,90
163442,20延长01,陕西延长石油(集团)有限责任公司,5,AAA,02,2020-04-28,3.14,90
163443,20柳控03,广西柳州市投资控股集团有限公司,5,AA+,02,2020-04-24,4.95,90
163444,20能源Y1,中化能源股份有限公司,,AAA,02,2020-04-24,3.15,90
163445,20浦创01,上海浦东科创集团有限公司,5,AAA,02,2020-04-27,2.5,90
163446,20扬州01,扬州市城建国有资产控股(集团)有限责任公司,5,AA+,02,2020-04-23,3.54,90
163447,20津投09,天津城市基础设施建设投资集团有限公司,5,AAA,02,2020-04-29,3.43,90
163448,20津投10,天津城市基础设施建设投资集团有限公司,10,AAA,02,2020-04-29,4.23,90
163449,20浦创03,上海浦东科创集团有限公司,5,AAA,02,2020-04-29,2.5,90
163450,20大众01,大众交通(集团)股份有限公司,3,AAA,02,2020-04-28,2.78,90
163451,20北汽01,北京汽车集团有限公司,5,AAA,02,2020-04-29,2.98,90
163452,20北汽02,北京汽车集团有限公司,7,AAA,02,2020-04-29,3.28,90
163453,20中化01,中国中化股份有限公司,3,AAA,02,2020-04-24,2.46,90
163454,20邮政02,中国邮政集团有限公司,3,AAA,02,2020-04-24,2.53,90
163455,20财通01,财通证券股份有限公司,3,AAA,02,2020-04-29,2.59,90
163456,20财通02,财通证券股份有限公司,5,AAA,02,2020-04-29,3.25,90
163457,20住总01,北京住总集团有限责任公司,5,AAA,02,2020-04-23,2.73,90
163458,20新际02,新兴际华集团有限公司,3,AAA,02,2020-04-28,2.65,90
163459,20国航01,中国国际航空股份有限公司,2,AAA,02,2020-04-23,1.95,90
163460,20中信05,中国中信有限公司,10,AAA,02,2020-04-28,3.87,90
163461,20中信06,中国中信有限公司,20,AAA,02,2020-04-28,4.16,90
163463,20铁发01,山东铁路发展基金有限公司,5,AAA,02,2020-05-08,3.2,90
163464,20铁发02,山东铁路发展基金有限公司,10,AAA,02,2020-05-08,3.85,90
163465,20鲁资01,山东省国有资产投资控股有限公司,5,AAA,02,2020-04-23,3.28,90
163466,20相城02,苏州市相城城市建设投资(集团)有限公司,3,AA+,02,2020-04-28,3,90
163467,20江东04,江东控股集团有限责任公司,5,AA+,02,2020-05-08,3.38,90
163469,20路桥01,厦门路桥建设集团有限公司,3,AAA,02,2020-04-29,2.64,90
163470,20华能Y3,华能国际电力股份有限公司,,AAA,02,2020-04-29,3.09,90
163472,20世茂04,上海世茂建设有限公司,5,AAA,02,2020-05-22,3.2,90
163474,20永钢01,江苏永钢集团有限公司,5,AA+,02,2020-05-12,5.98,90
163475,20东航01,中国东方航空股份有限公司,3,AAA,02,2020-05-08,2.39,90
163476,20云投G1,云南省投资控股集团有限公司,3,AAA,02,2020-05-07,3.22,90
163477,20云投G2,云南省投资控股集团有限公司,5,AAA,02,2020-05-07,4.17,90
163478,G20三峡1,中国长江三峡集团有限公司,10,AAA,02,2020-05-13,3.7,90
163479,G20三峡2,中国长江三峡集团有限公司,20,AAA,02,2020-05-13,4,90
163480,20上实01,上海实业发展股份有限公司,5,AA+,02,2020-05-07,2.74,90
163481,20苏垦01,江苏省农垦集团有限公司,3,AAA,02,2020-05-18,2.6,90
163482,20华泰G3,华泰证券股份有限公司,5,AAA,02,2020-05-08,2.9,90
163483,20锦港01,锦州港股份有限公司,3,AA,02,2020-05-15,7,90
163484,20杭资01,杭州市国有资本投资运营有限公司,5,AA+,02,2020-05-18,2.74,90
163485,20中冶02,中国冶金科工集团有限公司,3,AAA,02,2020-05-07,2.5,90
163486,20余投01,余姚市城市建设投资发展有限公司,5,AA+,02,2020-05-07,3.54,90
163487,20路桥Y1,厦门路桥建设集团有限公司,,AAA,02,2020-05-07,3.2,90
163488,20扬子G1,南京扬子国资投资集团有限责任公司,5,AAA,02,2020-05-12,3.1,90
163489,20临城01,临沂城市建设投资集团有限公司,5,AAA,02,2020-05-11,2.89,90
163490,20国发01,苏州国际发展集团有限公司,5,AAA,02,2020-05-08,2.57,90
163491,20厦贸G1,厦门国贸集团股份有限公司,3,AAA,02,2020-05-06,2.58,90
163492,20国美01,国美电器有限公司,6,AA+,02,2020-06-22,7,90
163493,20兵装01,中国兵器装备集团有限公司,2,AAA,02,2020-05-11,1.8,90
163494,20兵装02,中国兵器装备集团有限公司,3,AAA,02,2020-05-11,2.42,90
163495,20一汽01,中国第一汽车集团有限公司,3,AAA,02,2020-05-08,2.49,90
163497,20杭城02,杭州市城市建设投资集团有限公司,5,AAA,02,2020-05-11,2.95,90
163498,20杭旅01,杭州市商贸旅游集团有限公司,3,AAA,02,2020-05-13,2.48,90
163500,20中船03,中国船舶工业集团有限公司,3,AAA,02,2020-05-11,2.38,90
163501,20汇金01,龙岩文旅汇金发展集团有限公司,3,AAA,02,2020-10-20,3.8,90
163502,20不动Y1,平安不动产有限公司,,AAA,02,2020-05-14,4.4,90
163503,20青城Y1,青岛城市建设投资(集团)有限责任公司,,AAA,02,2020-05-08,3.68,90
163504,20中天01,中天钢铁集团有限公司,3,AA+,02,2020-05-11,5.8,90
163505,20新国资,新疆新业国有资产经营(集团)有限责任公司,5,AA+,02,2020-05-11,5,90
163506,20楚昌01,楚昌投资集团有限公司,5,AAA,02,2020-05-12,5,90
163507,20海通04,海通证券股份有限公司,3,AAA,02,2020-05-12,2.38,90
163508,20海通05,海通证券股份有限公司,5,AAA,02,2020-05-12,2.88,90
163509,20红星03,红星美凯龙控股集团有限公司,3,AAA,02,2020-06-05,6.82,90
163511,20居然01,北京居然之家投资控股集团有限公司,3,AA+,02,2020-06-04,4.95,90
163512,20产发01,宿迁产业发展集团有限公司,5,AAA,02,2020-05-12,2.73,90
163513,20中金G3,中国国际金融股份有限公司,6,AAA,02,2020-05-13,2.37,90
163514,20中金G4,中国国际金融股份有限公司,7,AAA,02,2020-05-13,2.88,90
163515,20云投02,云南省康旅控股集团有限公司,3,AAA,02,2020-05-12,6,90
163516,20北控02,北京控股集团有限公司,3,AAA,02,2020-05-18,2.39,90
163518,20华港Y1,华远国际陆港集团有限公司,,AA+,02,2020-05-19,4.49,90
163520,20能投01,云南省能源投资集团有限公司,3,AAA,02,2020-05-14,3.05,90
163521,20北汽03,北京汽车集团有限公司,5,AAA,02,2020-05-11,2.99,90
163523,20柳建01,广西柳州市建设投资开发有限责任公司,5,AA+,02,2020-05-13,7,90
163525,20渤海01,渤海证券股份有限公司,3,AAA,02,2020-05-19,2.98,90
163526,20渝高01,重庆高速公路集团有限公司,5,AAA,02,2020-05-15,3.29,90
163528,20中信08,中国中信有限公司,20,AAA,02,2020-05-18,4.2,90
163529,20诚通08,中国诚通控股集团有限公司,3,AAA,02,2020-05-13,2.53,90
163530,20诚通09,中国诚通控股集团有限公司,5,AAA,02,2020-05-13,3.17,90
163531,20首投01,北京首发投资控股集团有限公司,3,AA,02,2020-05-15,3.9,90
163532,20泰山02,泰安市泰山投资有限公司,5,AA+,02,2020-05-20,4.3,90
163534,20欣捷02,欣捷投资控股集团有限公司,3,AA,02,2020-05-21,7,90
163535,20芯鑫01,芯鑫融资租赁有限责任公司,3,AAA,02,2020-05-27,2.89,90
163536,20芯鑫02,芯鑫融资租赁有限责任公司,2,AAA,02,2020-05-27,2.65,90
163537,20首集租,北京首都创业集团有限公司,3,AAA,02,2020-05-29,2.68,90
163539,PR旭辉01,旭辉集团股份有限公司,5,AAA,02,2020-06-05,3.8,90
163540,H20旭辉2,旭辉集团股份有限公司,5,AAA,02,2020-06-05,4.5,90
163541,20诚通10,中国诚通控股集团有限公司,3,AAA,02,2020-05-25,2.78,90
163542,20诚通11,中国诚通控股集团有限公司,5,AAA,02,2020-05-25,3.48,90
163544,20宏泰01,湖北宏泰集团有限公司,5,AA+,02,2020-05-25,3.08,90
163545,20首创02,北京首创生态环保集团股份有限公司,5,AAA,02,2020-05-26,3.35,90
163546,20十六01,中国水利水电第十六工程局有限公司,5,AA+,02,2020-05-27,3.43,90
163547,20华建02,华建国际实业深圳有限公司,5,AAA,02,2020-05-27,3.18,90
163548,20华创01,华创证券有限责任公司,4,AA+,02,2020-05-26,3.2,90
163549,20华创02,华创证券有限责任公司,5,AA+,02,2020-05-26,3.6,90
163550,20蒙资01,内蒙古金融资产管理有限公司,3,AAA,02,2020-05-27,3.8,90
163551,20国电02,国电电力发展股份有限公司,3,AAA,02,2020-06-01,2.56,90
163553,20建设02,南京江北新区建设投资集团有限公司,5,AAA,02,2020-05-29,2.85,90
163554,20鲁海洋,山东海洋集团有限公司,3,AA+,02,2020-09-07,4.5,90
163555,20铁工Y1,中国中铁股份有限公司,,AAA,02,2020-06-03,3.11,90
163557,20世博01,上海地产投资有限公司,5,AAA,02,2020-06-03,2.5,90
163558,20华泰G4,华泰证券股份有限公司,5,AAA,02,2020-05-27,3.2,90
163559,G20FXY3,华电福新能源有限公司,,AAA,02,2020-06-04,3.3,90
163561,20津保Y2,天津保税区投资控股集团有限公司,,AAA,02,2020-06-16,5.75,90
163563,20渝开01,重庆科学城城市建设集团有限公司,5,AA+,02,2020-06-05,3.8,90
163564,20渝开02,重庆科学城城市建设集团有限公司,5,AA+,02,2020-06-05,4.49,90
163565,20国金03,国金证券股份有限公司,1.02,AAA,02,2020-06-01,1.99,90
163566,20中化Y1,中国中化股份有限公司,,AAA,02,2020-06-01,2.75,90
163568,20海通06,海通证券股份有限公司,3,AAA,02,2020-05-29,2.7,90
163571,20时代07,广州市时代控股集团有限公司,5,AAA,02,2020-06-03,5.24,90
163572,20大宁02,上海大宁资产经营(集团)有限公司,7,AA+,02,2020-09-18,4.55,90
163573,20绍城01,绍兴市城市发展集团有限公司,7,AAA,02,2020-06-01,3.32,90
163574,20际华01,际华集团股份有限公司,5,AAA,02,2020-06-19,3.49,90
163575,20鲁金01,山东省金融资产管理股份有限公司,5,AAA,02,2020-06-03,3.1,90
163577,20南瑞01,国电南瑞科技股份有限公司,3,AAA,02,2020-06-01,2.58,90
163578,20武金Y1,武汉金融控股(集团)有限公司,,AAA,02,2020-06-19,4.7,90
163580,20海湾01,青岛海湾集团有限公司,3,AA+,02,2020-06-05,3.4,90
163581,20榕建01,福州建工集团有限公司,5,AA,02,2020-06-05,3.93,90
163582,20环境01,首创环境控股有限公司,5,AAA,02,2020-06-05,3.1,90
163583,20中证08,中信证券股份有限公司,1,AAA,02,2020-06-09,2.08,90
163584,20中证09,中信证券股份有限公司,3,AAA,02,2020-06-09,2.7,90
163586,20龙翔01,龙翔投资控股集团有限公司,3,AA+,02,2020-07-08,7.5,90
163587,20红美02,红星美凯龙家居集团股份有限公司,3,AAA,02,2020-06-10,5.16,90
163588,20武资01,武汉国有资本投资运营集团有限公司,10,AAA,02,2020-06-09,3.65,90
163589,20电投Y1,国家电力投资集团有限公司,,AAA,02,2020-06-08,3.1,90
163590,20景控01,景德镇市国资运营投资控股集团有限责任公司,5,AA+,02,2020-06-17,4.5,90
163591,20常城01,常州市城市建设(集团)有限公司,5,AAA,02,2020-06-09,3.5,90
163592,20常城02,常州市城市建设(集团)有限公司,10,AAA,02,2020-06-09,4.5,90
163593,20平煤Y1,平顶山天安煤业股份有限公司,,AAA,02,2020-06-09,4.98,90
163594,20诚通13,中国诚通控股集团有限公司,5,AAA,02,2020-06-19,3.35,90
163595,20诚通14,中国诚通控股集团有限公司,5,AAA,02,2020-06-19,3.8,90
163596,20京路01,北京市政路桥股份有限公司,5,AA+,02,2020-06-08,3.04,90
163599,20电力Y1,国投电力控股股份有限公司,,AAA,02,2020-06-16,3.4,90
163600,20浦土01,上海浦东土地控股(集团)有限公司,5,AAA,02,2020-06-15,3.18,90
163602,20苏信02,江苏省国信集团有限公司,5,AAA,02,2020-06-11,3.49,90
163603,20天盈01,武汉天盈投资集团有限公司,5,AA+,02,2020-06-17,6.8,90
163604,20东方02,浙江东方金融控股集团股份有限公司,5,AAA,02,2020-06-23,3.4,90
163605,20北汽05,北京汽车集团有限公司,3,AAA,02,2020-06-10,2.88,90
163606,20北汽06,北京汽车集团有限公司,5,AAA,02,2020-06-10,3.55,90
163607,20北汽07,北京汽车集团有限公司,7,AAA,02,2020-06-10,4,90
163608,20西南01,西南水泥有限公司,3,AAA,02,2020-06-12,3.1,90
163610,20中金G5,中国国际金融股份有限公司,6,AAA,02,2020-06-30,3.1,90
163612,20长控01,保定市长城控股集团有限公司,5,AAA,02,2020-07-03,4.04,90
163614,20弘辉01,常州弘辉控股集团有限公司,5,AAA,02,2020-11-05,4.05,90
163616,20中林02,中国林产品集团有限公司,3,AA+,02,2020-06-12,6.5,90
163617,20藏投01,拉萨市城市建设投资经营有限公司,5,AA+,02,2020-06-16,3.88,90
163618,20新金01,新疆金融投资(集团)有限责任公司,3,AA+,02,2020-06-19,4.95,90
163619,20天盈02,武汉天盈投资集团有限公司,5,AA+,02,2020-06-17,6.8,90
163620,20浙商01,浙江省浙商资产管理股份有限公司,5,AAA,02,2020-07-03,3.5,90
163621,20浦创04,上海浦东科创集团有限公司,5,AAA,02,2020-11-05,3.78,90
163622,20浦创05,上海浦东科创集团有限公司,5,AAA,02,2020-11-09,3.77,90
163623,20远东四,远东国际融资租赁有限公司,5,AAA,02,2020-06-19,3.77,90
163624,20西证01,西南证券股份有限公司,3,AAA,02,2020-07-22,3.8,90
163625,20龙控03,深圳市龙光控股有限公司,6.3,AAA,02,2020-08-03,4.69,90
163626,20中泰01,中泰证券股份有限公司,3,AAA,02,2020-06-30,3.27,90
163627,20新控03,新城控股集团股份有限公司,4,AAA,02,2020-09-15,5.7,90
163628,20新控04,新城控股集团股份有限公司,5,AAA,02,2020-09-15,5.9,90
163629,20中证11,中信证券股份有限公司,3,AAA,02,2020-06-29,3.1,90
163632,20电投Y2,国家电力投资集团有限公司,,AAA,02,2020-06-18,3.57,90
163633,20保利03,保利发展控股集团股份有限公司,5,AAA,02,2020-07-01,3.14,90
163634,20保利04,保利发展控股集团股份有限公司,7,AAA,02,2020-07-01,3.78,90
163635,20津投11,天津城市基础设施建设投资集团有限公司,6,AAA,02,2020-06-18,3.49,90
163637,20沪开01,上海城开(集团)有限公司,3,AA+,02,2020-07-03,3.49,90
163638,20深业03,深圳深业物流集团股份有限公司,5,AA+,02,2020-06-17,7.5,90
163639,20铁工Y3,中国中铁股份有限公司,3,AAA,02,2020-06-24,3.5,90
163640,20铁工Y4,中国中铁股份有限公司,5,AAA,02,2020-06-24,3.99,90
163641,20光证G1,光大证券股份有限公司,3,AAA,02,2020-06-30,3.1,90
163644,20世茂G2,上海世茂股份有限公司,6.48,AAA,02,2020-07-14,3.76,90
163645,20蚌投01,蚌埠投资集团有限公司,3,AA,02,2020-07-30,5.5,90
163648,20中核Y5,中国核工业集团有限公司,,AAA,02,2020-10-09,3.97,90
163650,20能建Y1,中国能源建设股份有限公司,,AAA,02,2020-06-30,3.5,90
163651,20海国03,北京市海淀区国有资本运营有限公司,5,AAA,02,2020-08-07,3.8,90
163652,20东兴G1,东兴证券股份有限公司,1,AAA,02,2020-06-23,2.6,90
163654,20国联G1,无锡市国联发展(集团)有限公司,3,AAA,02,2020-06-23,3.27,90
163656,20盐投03,盐城东方投资开发集团有限公司,5,AA+,02,2020-06-23,6,90
163657,20工投01,西安工业投资集团有限公司,5,AA+,02,2020-06-23,3.9,90
163658,20金辉01,金辉集团股份有限公司,4,AA+,02,2020-06-23,6.95,90
163659,20融侨01,融侨集团股份有限公司,6.44,AA+,02,2020-07-02,6.5,90
163660,20金隅03,北京金隅集团股份有限公司,5,AAA,02,2020-06-29,3.24,90
163661,20中航Y1,中国航空技术国际控股有限公司,,AAA,02,2020-07-16,3.7,90
163663,20汽车01,广汇汽车服务集团股份公司,3,AA+,02,2020-12-02,7.4,90
163664,20宏泰02,湖北宏泰集团有限公司,5,AA+,02,2020-07-03,3.68,90
163665,20柳投02,柳州东通投资发展有限公司,5,AA+,02,2020-06-30,6.8,90
163666,20远东Y3,远东国际融资租赁有限公司,,AAA,02,2020-06-29,3.98,90
163667,20大宁Y1,上海大宁资产经营(集团)有限公司,,AA+,02,2020-07-01,4.6,90
163668,G20柳控1,广西柳州市投资控股集团有限公司,5,AA+,02,2020-07-02,4.88,90
163669,20华泰G5,华泰证券股份有限公司,1,AAA,02,2020-06-24,2.58,90
163670,20华泰G6,华泰证券股份有限公司,3,AAA,02,2020-06-24,3.1,90
163671,20晋旅Y1,山西省文化旅游投资控股集团有限公司,,AAA,02,2020-08-05,6.5,60
163672,20泛海G1,中国泛海控股集团有限公司,5,AA+,02,2020-07-06,7,90
163673,国电投01,国家电力投资集团有限公司,3,AAA,02,2020-06-29,3.1,90
163674,20筑城01,贵阳市城市建设投资集团有限公司,5,AA+,02,2020-07-01,4.5,90
163676,20株国04,株洲市国有资产投资控股集团有限公司,5,AA+,02,2020-07-14,4.3,90
163678,20核电Y1,中国核能电力股份有限公司,,AAA,02,2020-08-19,3.84,90
163679,20诚通15,中国诚通控股集团有限公司,5,AAA,02,2020-07-02,3.35,90
163681,20建房01,建发房地产集团有限公司,7,AAA,02,2020-07-02,4.15,90
163682,20CHNG5Y,中国华能集团有限公司,,AAA,02,2020-07-01,3.83,90
163683,20CHNG6Y,中国华能集团有限公司,,AAA,02,2020-07-01,4.4,90
163684,20金港01,张家港保税区金港资产经营集团有限公司,5,AA+,02,2020-07-17,3.8,90
163685,20厦贸G2,厦门国贸集团股份有限公司,3,AAA,02,2020-11-02,3.85,90
163686,20锡铁01,无锡地铁集团有限公司,5,AAA,02,2020-07-06,3.19,90
163688,20深业04,深圳深业物流集团股份有限公司,5,AA+,02,2020-07-01,7.5,90
163689,20狮桥02,狮桥融资租赁(中国)有限公司,2,AA+,02,2020-07-02,5.7,90
163690,20铁工Y5,中国中铁股份有限公司,,AAA,02,2020-07-03,3.6,90
163692,H20亿利2,亿利洁能股份有限公司,5,AA+,02,2020-07-10,7,90
163693,20泰山03,泰安市泰山投资有限公司,5,AA+,02,2020-09-08,4,90
163694,20正奇01,正奇控股股份有限公司,3,AAA,02,2020-09-02,6.4,90
163696,20建二Y1,中国建筑第二工程局有限公司,,AAA,02,2020-07-08,3.74,90
163698,20电投Y3,国家电力投资集团有限公司,,AAA,02,2020-07-16,3.57,90
163699,20津投13,天津城市基础设施建设投资集团有限公司,6,AAA,02,2020-07-13,3.66,90
163701,20广药01,广州医药集团有限公司,5,AAA,02,2020-07-20,3.4,90
163702,20碧地02,碧桂园地产集团有限公司,5,AAA,02,2020-07-13,4.19,90
163703,20城建01,北京城建投资发展股份有限公司,5,AAA,02,2020-07-16,3.5,90
163705,20钢联03,内蒙古包钢钢联股份有限公司,5,AAA,02,2020-08-05,6,90
163706,20北电02,北京电子城高科技集团股份有限公司,3,AAA,02,2020-07-17,3.92,90
163707,20中证13,中信证券股份有限公司,3,AAA,02,2020-07-21,3.58,90
163709,20唐新Y4,中国大唐集团新能源股份有限公司,,AAA,02,2020-07-28,4.15,90
163711,20信投G4,中信建投证券股份有限公司,3,AAA,02,2020-07-20,3.55,90
163712,20航租01,中航国际融资租赁有限公司,3,AAA,02,2020-07-15,3.8,90
163713,20东海01,东海证券股份有限公司,2,AA+,02,2020-07-21,4,90
163714,20东海02,东海证券股份有限公司,3,AA+,02,2020-07-21,4.2,90
163715,20建集Y3,厦门建发集团有限公司,,AAA,02,2020-07-22,4.34,90
163717,20经开01,宁波经济技术开发区控股有限公司,5,AA+,02,2020-07-24,3.95,90
163719,20美置03,美的置业集团有限公司,5,AAA,02,2020-07-20,4.18,90
163720,20美置04,美的置业集团有限公司,4,AAA,02,2020-07-20,4.1,90
163722,20时代09,广州市时代控股集团有限公司,5,AAA,02,2020-07-27,5.94,90
163723,20国药01,国药控股股份有限公司,3,AAA,02,2020-08-05,3.27,90
163726,20远东五,远东国际融资租赁有限公司,3,AAA,02,2020-07-23,4,90
163727,20新望01,新希望集团有限公司,3,AAA,02,2020-08-25,4.2,90
163729,20冠城01,冠城大通股份有限公司,2,AA,02,2020-07-21,7,90
163730,20恒信G1,海通恒信国际融资租赁股份有限公司,3,AAA,02,2020-08-04,4,90
163731,20光证G3,光大证券股份有限公司,3,AAA,02,2020-07-21,3.6,90
163736,20信达G1,信达证券股份有限公司,3,AAA,02,2020-07-29,3.8,90
163738,20电投Y4,国家电力投资集团有限公司,,AAA,02,2020-07-21,4.02,90
163739,20复地02,复地(集团)股份有限公司,3,AAA,02,2020-07-23,4.57,90
163740,20当代01,武汉当代科技产业集团股份有限公司,5,AA+,02,2020-07-22,6.2,90
163741,20诚通17,中国诚通控股集团有限公司,5,AAA,02,2020-08-19,3.75,90
163742,20诚通18,中国诚通控股集团有限公司,10,AAA,02,2020-08-19,4.05,90
163743,20粤港01,广州港股份有限公司,3,AAA,02,2020-07-30,3.5,90
163746,20财信01,湖南财信投资控股有限责任公司,5,AAA,02,2020-10-20,3.97,90
163747,20长控03,保定市长城控股集团有限公司,5,AAA,02,2020-07-30,4.49,90
163749,20盛泽02,江苏盛泽投资有限公司,3,AA+,02,2020-07-29,3.95,90
163750,20张江一,上海张江(集团)有限公司,5,AAA,02,2020-08-03,3.67,90
163751,20闽高01,福建发展高速公路股份有限公司,2,AA+,02,2020-08-04,3.54,90
163753,20中建G1,中国建筑国际集团有限公司,3,AAA,02,2020-08-05,3.48,90
163755,20厦贸Y6,厦门国贸集团股份有限公司,,AAA,02,2020-08-04,4.6,90
163756,20国君G4,国泰君安证券股份有限公司,3,AAA,02,2020-07-30,3.55,90
163757,20招商G1,招商证券股份有限公司,3,AAA,02,2020-07-30,3.55,90
163759,20平证03,平安证券股份有限公司,3,AAA,02,2020-07-30,3.58,90
163760,20京资01,北京市国有资产经营有限责任公司,3,AAA,02,2020-08-03,3.49,90
163761,20融信01,融信(福建)投资集团有限公司,6.27,AAA,02,2020-08-03,5.6,90
163763,20信投G5,中信建投证券股份有限公司,3,AAA,02,2020-08-03,3.46,90
163764,20常城03,常州市城市建设(集团)有限公司,5,AAA,02,2020-08-03,4.07,90
163765,20云投G3,云南省投资控股集团有限公司,3,AAA,02,2020-08-03,4.3,90
163767,20中泰02,中泰证券股份有限公司,2,AAA,02,2020-08-03,3.35,90
163769,20铁工Y7,中国中铁股份有限公司,,AAA,02,2020-07-30,3.95,90
163771,20沪盛01,上海国盛(集团)有限公司,5,AAA,02,2020-08-03,3.48,90
163774,20中证15,中信证券股份有限公司,3,AAA,02,2020-08-04,3.49,90
163775,20电投Y5,国家电力投资集团有限公司,,AAA,02,2020-08-06,3.78,90
163776,20华综Y2,珠海华发综合发展有限公司,,AAA,02,2020-08-11,4.18,90
163777,20津保Y3,天津保税区投资控股集团有限公司,,AAA,02,2020-08-19,6.48,90
163778,20晋金01,山西金融投资控股集团有限公司,5,AAA,02,2020-08-03,3.75,90
163779,20华宇G2,重庆华宇集团有限公司,5,AA+,02,2020-08-07,7,90
163780,20昆交G1,昆明交通产业股份有限公司,5,AAA,02,2020-08-05,5.16,90
163782,H20正荣2,正荣地产控股有限公司,5,AAA,02,2020-08-03,5.75,90
163783,20GLP01,普洛斯中国控股有限公司,3,AAA,02,2020-08-11,3.88,90
163785,20平证04,平安证券股份有限公司,1.25,AAA,02,2020-08-07,3.1,90
163786,20浙商02,浙江省浙商资产管理股份有限公司,5,AAA,02,2020-09-23,4,90
163788,H20蓝光4,四川蓝光发展股份有限公司,3,AAA,02,2020-08-06,7,90
163789,20浦土02,上海浦东土地控股(集团)有限公司,5,AAA,02,2020-08-07,3.58,90
163792,20北控Y1,北京控股集团有限公司,,AAA,02,2020-08-05,3.84,90
163793,20唐租Y1,大唐融资租赁有限公司,,AAA,02,2020-08-12,4.28,90
163794,20铁龙01,中铁铁龙集装箱物流股份有限公司,5,AA+,02,2020-08-25,3.85,90
163795,20交投Y1,中交投资有限公司,,AAA,02,2020-08-18,4.19,90
163796,20茂业01,深圳茂业商厦有限公司,2,AAA,02,2020-08-10,4.79,90
163797,20茂业02,深圳茂业商厦有限公司,3,AAA,02,2020-08-10,4.94,90
163798,20京投02,北京市基础设施投资有限公司,3,AAA,02,2020-08-14,3.45,90
163799,20国元G1,安徽国元金融控股集团有限责任公司,3,AAA,02,2020-08-11,3.78,90
163800,21鲁资S1,山东省国有资产投资控股有限公司,0.58,,02,2021-07-01,2.99,90
163801,20光明S1,光明食品(集团)有限公司,0.5,AA,02,2020-03-24,2.05,90
163802,20浙资S1,浙江省国有资本运营有限公司,0.75,AA,02,2020-04-03,2.3,90
163803,20豫投S1,河南投资集团有限公司,0.5,,02,2020-06-04,1.79,90
163804,20伊利S2,内蒙古伊利实业集团股份有限公司,0.42,,02,2020-06-12,1.98,90
163805,20特电S1,特变电工股份有限公司,0.5,,02,2020-06-11,2.55,90
163806,20伊利S1,内蒙古伊利实业集团股份有限公司,0.25,,02,2020-06-15,1.95,90
163808,20红星S1,红星美凯龙控股集团有限公司,0.5,,02,2020-06-12,5.5,90
163811,20HHPS1,华能澜沧江水电股份有限公司,0.25,AAA,02,2020-09-03,2.89,90
163812,20信投S2,中信建投证券股份有限公司,1,A-1,02,2020-08-03,2.9,90
163814,20招商S2,招商证券股份有限公司,0.81,,02,2020-08-04,2.85,90
163815,20中证S1,中信证券股份有限公司,0.76,A-1,02,2020-08-04,2.84,90
163816,20中证S2,中信证券股份有限公司,1,A-1,02,2020-08-14,2.95,90
163817,20国君S1,国泰君安证券股份有限公司,1,A-1,02,2020-08-18,2.95,90
163820,20银河S1,中国银河证券股份有限公司,1,AAA,02,2020-09-04,3.04,90
163821,20安租S1,平安国际融资租赁有限公司,1,A-1,02,2020-09-02,3.2,90
163822,20豫园S4,上海豫园旅游商城(集团)股份有限公司,1,A-1,02,2020-09-04,3.28,90
163823,20华泰S1,华泰证券股份有限公司,1,A-1,02,2020-09-07,3.1,90
163824,20华泰S2,华泰证券股份有限公司,0.75,A-1,02,2020-09-07,3.05,90
163825,20津投S1,天津城市基础设施建设投资集团有限公司,0.68,A-1,02,2020-09-21,3.58,90
163827,20安租S2,平安国际融资租赁有限公司,1,A-1,02,2020-09-21,3.55,90
163828,20华泰S3,华泰证券股份有限公司,0.92,A-1,02,2020-09-17,3.2,90
163829,20光证S1,光大证券股份有限公司,1.01,A-1,02,2020-10-23,3.2,90
163831,20石化S1,中国石油化工集团有限公司,0.25,A-1,02,2020-09-24,1.9,90
163832,20CHNES1,国家能源投资集团有限责任公司,0.75,,02,2020-09-24,3.09,90
163833,20国君S2,国泰君安证券股份有限公司,1,A-1,02,2020-09-25,3.2,90
163835,20浙资S2,浙江省国有资本运营有限公司,1,A-1,02,2020-10-21,3.25,90
163837,20安租S3,平安国际融资租赁有限公司,1,A-1,02,2020-10-26,3.45,90
163838,20银河S2,中国银河证券股份有限公司,1,A-1,02,2020-10-30,3.17,90
163839,20津投S2,天津城市基础设施建设投资集团有限公司,0.78,,02,2020-11-17,3.62,90
163847,20银河S3,中国银河证券股份有限公司,1,A-1,02,2020-12-04,3.58,90
163848,20红狮S1,红狮控股集团有限公司,1.01,,02,2020-12-10,4.39,90
163849,20安租S4,平安国际融资租赁有限公司,1,A-1,02,2020-12-08,3.9,90
163852,20华发S1,珠海华发集团有限公司,0.5,,02,2020-12-24,3.65,90
163854,20中租S1,中航国际租赁有限公司,1,A-1,02,2020-12-24,3.84,90
163859,20河投S2,河南投资集团有限公司,1,,02,2021-01-06,3.44,90
163866,21复星S1,上海复星高科技(集团)有限公司,1,A-1,02,2021-03-03,4.9,90
163867,21津投S1,天津城市基础设施建设投资集团有限公司,1,,02,2021-03-08,5.1,90
163868,21安租S1,平安国际融资租赁有限公司,1,A-1,02,2021-03-12,3.93,90
163870,21国联S1,国联证券股份有限公司,0.86,A-1,02,2021-04-19,3.1,90
163871,21兵装S1,中国兵器装备集团有限公司,1,A-1,02,2021-04-30,2.97,90
163872,21复星S3,上海复星高科技(集团)有限公司,1,A-1,02,2021-05-10,5.8,90
163874,21电网S1,国家电网有限公司,0.28,,02,2021-05-06,2.7,90
163875,21中原S1,中原证券股份有限公司,1,A-1,02,2021-05-27,3.21,90
163876,GC赣交S1,江西省交通投资集团有限责任公司,0.75,,02,2021-06-01,2.95,90
163877,21远东S2,远东国际融资租赁有限公司,1,A-1,02,2021-06-03,3.85,90
163878,21津投S2,天津城市基础设施建设投资集团有限公司,0.46,,02,2021-07-19,4.5,90
163880,21国电S1,国电电力发展股份有限公司,1,,02,2021-06-11,2.83,90
163884,21伊利S1,内蒙古伊利实业集团股份有限公司,0.08,,02,2021-07-16,2.8,90
163887,21小米SK,小米通讯技术有限公司,1,A-1,02,2021-07-14,2.9,90
163895,21海通S3,海通证券股份有限公司,1,A-1,02,2021-08-04,2.72,90
163898,21京东S1,北京京东世纪贸易有限公司,1,A-1,02,2021-07-30,2.8,90
163900,20龙湖05,重庆龙湖企业拓展有限公司,5,AAA,02,2020-08-13,3.78,90
163901,20龙湖06,重庆龙湖企业拓展有限公司,7,AAA,02,2020-08-13,4.3,90
163902,20航租02,中航国际融资租赁有限公司,3,AAA,02,2020-08-12,3.88,90
163903,20海通08,海通证券股份有限公司,3,AAA,02,2020-08-18,3.53,90
163904,20控租02,国药控股(中国)融资租赁有限公司,3,AAA,02,2020-08-21,3.97,90
163905,20海保G1,江苏海鸿投资控股集团有限公司,5,AA+,02,2020-08-17,3.98,90
163906,20电投Y6,国家电力投资集团有限公司,,AAA,02,2020-08-18,3.9,90
163907,20天宁01,常州天宁建设发展集团有限公司,3,AA+,02,2020-08-17,4.05,90
163908,20CMG1YA,招商局集团有限公司,,AAA,02,2020-08-17,3.89,90
163910,20中证16,中信证券股份有限公司,3,AAA,02,2020-08-14,3.55,90
163911,20奥园02,奥园集团有限公司,5,AAA,02,2020-08-13,5.65,90
163912,20津投15,天津城市基础设施建设投资集团有限公司,4,AAA,02,2020-08-21,3.73,90
163913,20津投16,天津城市基础设施建设投资集团有限公司,3,AAA,02,2020-08-21,3.99,90
163914,G20天成Y,华能天成融资租赁有限公司,,AAA,02,2020-09-01,4.35,90
163915,20远东六,远东国际融资租赁有限公司,3,AAA,02,2020-08-19,3.72,90
163916,20复星03,上海复星高科技(集团)有限公司,5,AAA,02,2020-08-14,4.48,90
163917,20中化Y3,中国中化股份有限公司,,AAA,02,2020-08-18,3.7,90
163919,20安租04,平安国际融资租赁有限公司,3,AAA,02,2020-08-19,3.85,90
163920,20同股01,晋能控股山西煤业股份有限公司,5,AAA,02,2020-08-18,4.29,90
163921,20新湖01,衢州信安发展股份有限公司,4,AA+,02,2020-09-02,7.9,90
163923,20浙金01,浙江省创新投资集团有限公司,5,AAA,02,2020-08-21,2.8,90
163924,20招证G2,招商证券股份有限公司,1.05,AAA,02,2020-08-18,2.93,90
163925,20招证G3,招商证券股份有限公司,3,AAA,02,2020-08-18,3.5,90
163926,20花园01,花园集团有限公司,5,AA+,02,2020-08-20,7.1,90
163927,20东债01,东方证券股份有限公司,3,AAA,02,2020-08-26,3.5,90
163928,20能投Y1,云南省能源集团有限公司,,AAA,02,2020-04-03,4.88,90
163929,20鄂长Y1,长江产业投资集团有限公司,,AAA,02,2020-03-24,3.69,90
163930,20建集Y1,厦门建发集团有限公司,,AAA,02,2020-04-24,3.38,90
163931,20建集Y2,厦门建发集团有限公司,,AAA,02,2020-04-24,3.79,90
163932,20华能Y1,华能国际电力股份有限公司,,AAA,02,2020-03-30,3.58,90
163933,20华能Y2,华能国际电力股份有限公司,,AAA,02,2020-03-30,3.85,90
163934,20CHNG3Y,中国华能集团有限公司,,AAA,02,2020-03-23,3.57,90
163935,20CHNG4Y,中国华能集团有限公司,,AAA,02,2020-03-23,4.15,90
163936,20华综Y1,珠海华发综合发展有限公司,,AAA,02,2020-03-23,3.54,90
163937,20中核Y3,中国核工业集团有限公司,,AAA,02,2020-03-23,3.27,90
163938,20中核Y4,中国核工业集团有限公司,,AAA,02,2020-03-23,3.53,90
163939,20七局Y1,中国水利水电第七工程局有限公司,,AA+,02,2020-04-07,4.7,90
163940,20CHNG1Y,中国华能集团有限公司,,AAA,02,2020-03-16,3.55,90
163941,20CHNG2Y,中国华能集团有限公司,,AAA,02,2020-03-16,4.08,90
163942,20新际Y1,新兴际华集团有限公司,,AAA,02,2020-03-18,3.88,90
163943,20建材Y1,中国建材股份有限公司,,AAA,02,2020-03-09,3.65,90
163944,20齐鲁Y1,齐鲁交通发展集团有限公司,,AAA,02,2020-03-04,3.44,90
163945,19航租Y1,中航国际融资租赁有限公司,,AAA,02,2019-12-10,4.7,90
163947,19工业Y1,中铁高新工业股份有限公司,,AAA,02,2019-12-02,4.25,90
163949,G19八Y1,中国水利水电第八工程局有限公司,,AA+,02,2019-12-20,5.23,90
163950,19通用Y3,中国通用技术(集团)控股有限责任公司,,AAA,02,2019-12-18,3.85,90
163952,19晋建Y4,山西建设投资集团有限公司,,AAA,02,2019-12-05,5.3,90
163953,CHNG11Y,中国华能集团有限公司,,AAA,02,2019-11-28,4.15,90
163954,CHNG12Y,中国华能集团有限公司,,AAA,02,2019-11-28,4.58,90
163955,19锡公Y1,无锡市市政公用产业集团有限公司,,AAA,02,2019-12-20,4.13,90
163956,19电建Y2,中国电力建设股份有限公司,,AAA,02,2019-12-04,4.2,90
163957,19电建Y3,中国电力建设股份有限公司,,AAA,02,2019-12-09,3.9,90
163958,19首股Y3,北京首创生态环保集团股份有限公司,,AAA,02,2019-12-13,4.07,90
163960,19厦贸Y1,厦门国贸控股集团有限公司,,AAA,02,2019-12-20,4.5,90
163962,19阳煤Y1,山西华阳集团新能股份有限公司,,AAA,02,2019-12-18,5.17,90
163963,中化债Y1,中化国际控股股份有限公司,,AAA,02,2019-12-23,3.8,90
163964,19中化Y3,中国中化股份有限公司,,AAA,02,2019-12-24,3.69,90
163965,19能建Y1,中国能源建设股份有限公司,,AAA,02,2019-12-20,3.9,90
163969,19铁建Y5,中国铁建股份有限公司,,AAA,02,2019-12-24,3.9,90
163970,19铁建Y6,中国铁建股份有限公司,,AAA,02,2019-12-24,4.2,90
163971,19建集Y2,厦门建发集团有限公司,,AAA,02,2019-12-23,4.14,90
163975,19青控Y1,青岛城投城金控股集团有限公司,,AAA,02,2019-12-27,5.5,90
163976,19交建Y3,中国交通建设股份有限公司,,AAA,02,2020-01-06,3.88,90
163978,19中航Y7,中国航空技术国际控股有限公司,,AAA,02,2020-01-03,3.88,90
163982,19特电Y1,新疆特变电工集团有限公司,,AA+,02,2020-01-06,5.95,90
163983,19二商Y1,北京二商集团有限责任公司,,AAA,02,2020-01-07,4.4,90
163984,19中铝Y1,中铝资本控股有限公司,,AA+,02,2020-01-06,5.28,90
163985,19京粮Y1,北京粮食集团有限责任公司,,AAA,02,2020-01-07,4.3,90
163986,20中核Y1,中国核工业集团有限公司,,AAA,02,2020-01-22,3.68,90
163987,20中核Y2,中国核工业集团有限公司,,AAA,02,2020-01-22,4,90
163988,20唐新Y1,中国大唐集团新能源股份有限公司,,AAA,02,2020-02-04,3.88,90
163989,20赣投Y1,江西省投资集团有限公司,,AAA,02,2020-01-22,3.81,90
163991,20厦贸Y1,厦门国贸控股集团有限公司,,AAA,02,2020-03-04,3.7,90
163993,20鲁资Y1,山东省国有资产投资控股有限公司,,AAA,02,2020-03-11,3.48,90
163994,20远东Y1,远东国际融资租赁有限公司,,AAA,02,2020-02-26,3.87,90
163995,20远东Y2,远东国际融资租赁有限公司,,AAA,02,2020-02-26,4.13,90
163996,20象屿Y1,厦门象屿集团有限公司,,AAA,02,2020-03-02,4.03,90
163997,20象屿Y2,厦门象屿集团有限公司,,AAA,02,2020-03-02,4.35,90
163998,20唐新Y2,中国大唐集团新能源股份有限公司,,AAA,02,2020-03-11,3.58,90
175001,20交建Y1,中国交通建设股份有限公司,,AAA,02,2020-08-20,3.85,90
175004,20传媒01,贵州广电传媒集团有限公司,5,AA+,02,2020-08-26,4.2,90
175005,20电投Y7,国家电力投资集团有限公司,,AAA,02,2020-08-18,3.88,90
175006,20东兴G3,东兴证券股份有限公司,1.08,AAA,02,2020-08-19,3,90
175007,20东兴G4,东兴证券股份有限公司,3,AAA,02,2020-08-19,3.57,90
175008,20大唐Y1,中国大唐集团有限公司,,AAA,02,2020-09-03,3.84,90
175010,20苏交G1,江苏交通控股有限公司,3,AAA,02,2020-08-26,3.48,90
175011,20宁德01,宁德市国有资产投资经营有限公司,5,AA,02,2020-08-24,3.9,90
175013,20鲁高02,山东高速集团有限公司,3,AAA,02,2020-08-25,3.55,90
175014,20金隅04,北京金隅集团股份有限公司,5,AAA,02,2020-08-20,3.64,90
175015,20江公01,江阴市公有资产经营有限公司,5,AA+,02,2020-08-27,3.95,90
175016,20桂冠01,广西桂冠电力股份有限公司,3,AAA,02,2020-08-21,3.6,90
175017,20黔高01,贵州高速公路集团有限公司,3,AAA,02,2020-09-07,3.7,90
175019,20常城04,常州市城市建设(集团)有限公司,5,AAA,02,2020-08-27,4.07,90
175020,20延长Y1,陕西延长石油(集团)有限责任公司,,AAA,02,2020-08-27,3.9,90
175021,20平证05,平安证券股份有限公司,2,AAA,02,2020-08-24,2.95,90
175022,20中瑞01,郑州中瑞实业集团有限公司,3,AA+,02,2020-08-24,7,90
175023,20融信03,融信(福建)投资集团有限公司,6.19,AAA,02,2020-08-26,5.42,90
175025,20铁Y09,中国中铁股份有限公司,,AAA,02,2020-08-26,3.95,90
175027,20中化Y5,中国中化股份有限公司,,AAA,02,2020-09-23,4,90
175029,20杭交01,杭州市交通投资集团有限公司,5,AAA,02,2020-09-04,3.99,90
175030,20唐新Y6,中国大唐集团新能源股份有限公司,,AAA,02,2020-09-03,4,90
175034,20招金Y1,招金矿业股份有限公司,,AAA,02,2020-09-02,4.16,90
175035,20美置05,美的置业集团有限公司,5,AAA,02,2020-08-27,4.33,90
175036,20美置06,美的置业集团有限公司,4,AAA,02,2020-08-27,3.98,90
175037,20中证17,中信证券股份有限公司,1.03,AAA,02,2020-08-31,2.95,90
175038,20中证18,中信证券股份有限公司,3,AAA,02,2020-08-31,3.48,90
175039,20云投G5,云南省投资控股集团有限公司,3,AAA,02,2020-09-04,4.36,90
175041,20航租03,中航国际融资租赁有限公司,3,AAA,02,2020-08-27,3.8,90
175042,20乌江01,贵州乌江能源投资有限公司,5,AA+,02,2020-09-03,4.8,90
175043,20环球06,中国环球租赁有限公司,5,AAA,02,2020-08-31,4.05,90
175044,20贵安G3,贵州贵安发展集团有限公司,5,AA+,02,2020-11-20,6.5,90
175046,20电投Y8,国家电力投资集团有限公司,,AAA,02,2020-08-25,3.84,90
175047,20牡资01,牡丹江市国有资产投资控股有限公司,5,AA,02,2020-08-27,6.5,90
175048,20苏交G2,江苏交通控股有限公司,3,AAA,02,2020-09-04,3.46,90
175049,20世茂06,上海世茂建设有限公司,5,AAA,02,2020-09-03,3.9,90
175051,20中保Y1,中国投融资担保股份有限公司,,AAA,02,2020-09-02,4.47,90
175052,20绿原债,新疆绿原国有资本投资运营有限公司,3,AA,02,2020-09-09,6,90
175053,20平证06,平安证券股份有限公司,1.33,AAA,02,2020-09-01,3.07,90
175054,20柳投04,柳州东通投资发展有限公司,5,AA+,02,2020-09-01,6.7,90
175055,20首钢03,首钢集团有限公司,6,AAA,02,2020-09-03,3.69,90
175058,20豫资03,河南省豫资城乡一体化建设发展有限公司,3,AAA,02,2020-09-15,3.88,90
175059,20苏交G3,江苏交通控股有限公司,3,AAA,02,2020-09-10,3.65,90
175060,20鲁商01,山东省商业集团有限公司,3,AA+,02,2020-09-01,6,90
175061,20濮阳01,濮阳投资集团有限公司,5,AA,02,2020-09-02,5.2,90
175062,20光证G5,光大证券股份有限公司,3,AAA,02,2020-09-02,3.7,90
175063,20豫园03,上海豫园旅游商城(集团)股份有限公司,3,AAA,02,2020-09-03,3.8,90
175064,G龙源Y1,龙源电力集团股份有限公司,,AAA,02,2020-09-04,4.1,90
175066,20五资01,五矿资本控股有限公司,3,AAA,02,2020-09-01,3.79,90
175067,20葛洲Y1,中国葛洲坝集团股份有限公司,,AAA,02,2020-09-04,3.99,90
175068,20合景04,广州合景控股集团有限公司,3,AAA,02,2020-08-28,5.6,90
175070,20长飞01,长飞光纤光缆股份有限公司,3,AAA,02,2020-09-03,3.5,90
175071,20达州G1,达州市投资有限公司,5,AA,02,2020-09-07,5.84,90
175072,20津投17,天津城市基础设施建设投资集团有限公司,4,AAA,02,2020-09-16,3.89,90
175073,20津投18,天津城市基础设施建设投资集团有限公司,3,AAA,02,2020-09-16,4.2,90
175074,20海保G2,江苏海鸿投资控股集团有限公司,5,AA+,02,2020-09-17,4.13,90
175077,20世茂G3,上海世茂股份有限公司,6.33,AAA,02,2020-09-07,3.99,90
175078,20建一Y1,中国建筑一局(集团)有限公司,,AAA,02,2020-09-10,4.3,90
175080,20柳钢01,柳州钢铁股份有限公司,3,AAA,02,2020-09-18,4.5,90
175081,20兴泸01,泸州市兴泸投资集团有限公司,5,AA+,02,2020-09-07,4,90
175083,20中交01,中国交通建设集团有限公司,5,AAA,02,2020-09-07,3.42,90
175085,20华福G1,华福证券有限责任公司,3,AAA,02,2020-09-07,3.8,90
175086,20华福G2,华福证券有限责任公司,5,AAA,02,2020-09-07,4.29,90
175087,20杭实G1,杭州市实业投资集团有限公司,3,AAA,02,2020-09-08,3.85,90
175088,20HHPY1,华能澜沧江水电股份有限公司,,AAA,02,2020-09-08,4.27,90
175089,20CHNE04,国家能源投资集团有限责任公司,3,AAA,02,2020-09-04,3.55,90
175090,20龙控04,深圳市龙光控股有限公司,6.16,AAA,02,2020-09-21,4.8,90
175091,20翔业01,厦门翔业集团有限公司,3,AAA,02,2020-09-17,3.6,90
175092,20华电Y3,中国华电集团有限公司,,AAA,02,2020-09-18,4.25,90
175093,20远资01,远洋资本有限公司,3,AA+,02,2020-09-14,4.7,90
175094,20焦煤Y1,山西焦煤集团有限责任公司,,AAA,02,2020-09-16,4.4,90
175096,20核电Y2,中国核能电力股份有限公司,,AAA,02,2020-09-29,4.27,90
175097,20正荣03,正荣地产控股有限公司,4,AAA,02,2020-09-17,5.45,90
175099,20国君G5,国泰君安证券股份有限公司,3,AAA,02,2020-09-09,3.75,90
175101,20宏河02,山东宏河控股集团有限公司,3,AA+,02,2020-09-09,7,90
175102,20漳九Y1,漳州市九龙江集团有限公司,,AAA,02,2020-09-11,4.48,90
175103,20安租05,平安国际融资租赁有限公司,4,AAA,02,2020-09-14,3.85,90
175104,20安租06,平安国际融资租赁有限公司,5,AAA,02,2020-09-14,4.02,90
175105,20京发01,京投发展股份有限公司,3,AAA,02,2020-09-15,3.9,90
175106,20建工Y1,北京建工集团有限责任公司,,AAA,02,2020-09-24,4.48,90
175108,20花样01,花样年集团(中国)有限公司,3,AA+,02,2020-09-14,7.5,90
175109,20靖江02,靖江港口集团有限公司,5,AA+,02,2020-09-16,5.95,90
175110,20晋中债,晋中市公用基础设施投资控股(集团)有限公司,5,AA+,02,2020-09-17,4.5,90
175111,20常新G1,常州东方新城建设集团有限公司,5,AA+,02,2020-10-26,4.2,90
175112,20金城03,张家港市金城投资发展集团有限公司,5,AA+,02,2020-09-15,4.05,90
175114,G20雅砻2,雅砻江流域水电开发有限公司,3,AAA,02,2020-09-15,3.6,90
175116,20象屿Y4,厦门象屿集团有限公司,,AAA,02,2020-09-21,4.8,90
175117,20建集Y5,厦门建发集团有限公司,,AAA,02,2020-09-16,4.49,90
175119,20万达01,大连万达商业管理集团股份有限公司,5,AAA,02,2020-09-15,5.58,90
175120,20唐新Y8,中国大唐集团新能源股份有限公司,,AAA,02,2020-09-17,4.45,90
175122,20中金07,中国国际金融股份有限公司,5,AAA,02,2020-09-24,3.78,90
175124,20中证19,中信证券股份有限公司,1.03,AAA,02,2020-09-17,3.23,90
175125,20中证20,中信证券股份有限公司,10,AAA,02,2020-09-17,4.2,90
175126,20远东七,远东国际融资租赁有限公司,3,AAA,02,2020-09-18,3.94,90
175128,20资本Y2,国投资本股份有限公司,,AAA,02,2020-09-15,4.2,90
175129,20华能Y5,华能国际电力股份有限公司,,AAA,02,2020-09-16,4.38,90
175130,20光明02,光明食品(集团)有限公司,3,AAA,02,2020-09-17,3.8,90
175132,20渝枢06,重庆国际物流枢纽园区建设有限责任公司,5,AA+,02,2020-09-23,4.9,90
175133,20华安G1,华安证券股份有限公司,2,AAA,02,2020-09-22,3.72,90
175134,20电投Y9,国家电力投资集团有限公司,,AAA,02,2020-09-22,4.18,90
175135,20美置07,美的置业集团有限公司,5,AAA,02,2020-09-21,4.4,90
175136,20美置08,美的置业集团有限公司,4,AAA,02,2020-09-21,3.99,90
175137,20HHPY2,华能澜沧江水电股份有限公司,,AAA,02,2020-09-29,4.4,90
175138,20中铁01,中国铁建房地产集团有限公司,5,AAA,02,2020-09-22,4.05,90
175139,20腾越01,腾越建筑科技集团有限公司,4,AAA,02,2020-09-23,4.28,90
175140,20景控02,景德镇市国资运营投资控股集团有限责任公司,5,AA+,02,2020-09-24,4.69,90
175143,20安信G2,安信证券股份有限公司,3,AAA,02,2020-09-25,3.86,90
175144,20恒泰G1,恒泰证券股份有限公司,3,AAA,02,2020-09-23,4.39,90
175145,20药投01,中国医药投资有限公司,3,AAA,02,2020-10-12,3.7,90
175146,20川金02,四川金融控股集团有限公司,3,AAA,02,2020-09-28,3.7,90
175147,20青租03,青岛城乡建设融资租赁有限公司,3,AA+,02,2020-09-28,5.5,90
175148,20科创01,上海科技创业投资(集团)有限公司,5,AAA,02,2020-09-25,3.2,90
175150,20建租02,中建投租赁股份有限公司,3,AAA,02,2020-09-25,4.3,90
175151,20科工Y1,中建科工集团有限公司,,AA+,02,2020-11-03,5.6,90
175152,20海国04,北京市海淀区国有资本运营有限公司,3,AAA,02,2020-09-25,3.98,90
175153,唐新Y10,中国大唐集团新能源股份有限公司,,AAA,02,2020-09-25,3.73,90
175155,20宁投01,宁德市交通投资集团有限公司,5,AA+,02,2020-10-13,3.99,90
175156,20恒信G2,海通恒信国际融资租赁股份有限公司,3,AAA,02,2020-09-24,4.2,90
175157,20住宅03,厦门安居控股集团有限公司,3,AA+,02,2020-09-23,3.94,90
175159,20江油01,江油鸿飞投资(集团)有限公司,3,AAA,02,2020-09-23,6.15,90
175160,20常城05,常州市城市建设(集团)有限公司,5,AAA,02,2020-09-24,4.2,90
175162,20东吴G1,东吴证券股份有限公司,1.02,AAA,02,2020-09-30,3.29,90
175163,20东吴G2,东吴证券股份有限公司,3,AAA,02,2020-09-30,3.81,90
175164,20南钢G1,南京南钢钢铁联合有限公司,3,AA+,02,2020-10-27,5.6,90
175165,20万向01,中国万向控股有限公司,3,AA+,02,2020-09-25,5.3,90
175166,20赣铁01,江西省铁路航空投资集团有限公司,7,AAA,02,2020-09-29,4.35,90
175167,20港务01,厦门港务控股集团有限公司,5,AAA,02,2020-09-24,3.82,90
175168,20沪开02,上海城开(集团)有限公司,3,AA+,02,2020-09-24,4.07,90
175169,20焦煤Y3,山西焦煤集团有限责任公司,,AAA,02,2020-09-25,4.48,90
175170,20扬子G2,南京扬子国资投资集团有限责任公司,5,AAA,02,2020-09-25,4.18,90
175171,20财证06,财信证券股份有限公司,4,AAA,02,2020-09-25,4.1,90
175172,20幸福01,华夏幸福基业控股股份公司,5,AAA,02,2020-09-25,7.09,90
175173,G20洪轨1,南昌轨道交通集团有限公司,5,AAA,02,2020-09-25,3.89,90
175174,20招证G4,招商证券股份有限公司,2,AAA,02,2020-09-28,3.55,90
175175,20招证G5,招商证券股份有限公司,3,AAA,02,2020-09-28,3.78,90
175177,20长寿G2,重庆长寿开发投资(集团)有限公司,5,AA+,02,2020-09-25,5.77,90
175178,20安租Y2,平安国际融资租赁有限公司,,AAA,02,2020-10-13,4.75,90
175180,20保利05,保利发展控股集团股份有限公司,5,AAA,02,2020-10-15,3.72,90
175181,20保利06,保利发展控股集团股份有限公司,7,AAA,02,2020-10-15,4.18,90
175182,20东债02,东方证券股份有限公司,3,AAA,02,2020-10-12,3.75,90
175183,20三局Y1,中交第三公路工程局有限公司,,AAA,02,2020-10-09,4.84,90
175184,20青纾01,青岛国信发展(集团)有限责任公司,5,AAA,02,2020-09-28,3.87,90
175185,20财证05,财信证券股份有限公司,2,AAA,02,2020-09-25,3.47,90
175186,20扬子Y3,南京扬子国资投资集团有限责任公司,,AAA,02,2020-11-02,4.47,90
175188,20济城G1,济南城市投资集团有限公司,5,AAA,02,2020-09-29,4.24,90
175189,20凤凰01,江苏凤凰出版传媒集团有限公司,3,AAA,02,2020-09-25,3.85,90
175190,20中金09,中国国际金融股份有限公司,5,AAA,02,2020-09-29,3.8,90
175192,20世茂G4,上海世茂股份有限公司,6.26,AAA,02,2020-09-29,3.94,90
175194,20延长Y2,陕西延长石油(集团)有限责任公司,,AAA,02,2020-10-09,4.43,90
175197,20国都G1,国都证券股份有限公司,3,AA+,02,2020-11-05,4.6,90
175198,20华综Y3,珠海华发综合发展有限公司,,AAA,02,2020-10-13,4.79,90
175200,20首开01,北京首都开发控股(集团)有限公司,5,AAA,02,2020-10-12,3.9,90
175201,20合景06,广州合景控股集团有限公司,5,AAA,02,2020-10-15,6,90
175203,20中航Y3,中国航空技术国际控股有限公司,,AAA,02,2020-10-12,4.15,90
175204,20中航Y4,中国航空技术国际控股有限公司,,AAA,02,2020-10-12,4.44,90
175205,20赣速02,江西省交通投资集团有限责任公司,5,AAA,02,2020-10-19,4.07,90
175206,20建一Y2,中国建筑一局(集团)有限公司,,AAA,02,2020-09-29,4.4,90
175209,20铁建Y1,中国铁建股份有限公司,,AAA,02,2020-10-12,4.43,90
175211,20高速01,江西省交通投资集团有限责任公司,5,AAA,02,2020-10-09,4.08,90
175212,20铁Y11,中国中铁股份有限公司,,AAA,02,2020-10-26,4.2,90
175213,20铁Y12,中国中铁股份有限公司,,AAA,02,2020-10-26,4.47,90
175214,20碧地03,碧桂园地产集团有限公司,6,AAA,02,2020-10-13,4.38,90
175215,20东莞01,东莞证券股份有限公司,5,AA+,02,2020-10-09,4.4,90
175217,20建集Y7,厦门建发集团有限公司,,AAA,02,2020-10-22,4.7,90
175219,20首钢04,首钢集团有限公司,6,AAA,02,2020-10-28,3.87,90
175220,20株国07,株洲市国有资产投资控股集团有限公司,5,AA+,02,2020-10-23,4.5,90
175222,20珠投01,广东珠江投资股份有限公司,5,AA+,02,2020-10-26,6.5,90
175223,20桂冠02,广西桂冠电力股份有限公司,3,AAA,02,2020-10-12,3.3,90
175224,20电建Y1,中国电力建设股份有限公司,,AAA,02,2020-10-13,4.42,90
175225,20万达02,大连万达商业管理集团股份有限公司,4,AAA,02,2020-10-14,5.5,90
175226,20义乌05,义乌市国有资本运营有限公司,3,AA+,02,2020-10-22,4.15,90
175228,20建发Y1,厦门建发股份有限公司,,AAA,02,2020-10-28,4.33,90
175229,20大唐Y3,中国大唐集团有限公司,,AAA,02,2020-10-22,4.38,90
175231,唐新Y12,中国大唐集团新能源股份有限公司,,AAA,02,2020-10-29,3.69,90
175233,20南港01,南京新港开发有限公司,5,AA+,02,2020-10-27,4.5,90
175235,20金地01,金地(集团)股份有限公司,5,AAA,02,2020-10-19,3.95,90
175237,20沪国03,上海国有资产经营有限公司,3,AAA,02,2020-10-28,3.6,90
175238,20闽能Y1,福建省能源集团有限责任公司,,AAA,02,2020-10-26,4.1,90
175239,G20柳控2,广西柳州市投资控股集团有限公司,5,AA+,02,2020-10-23,5.8,90
175240,20远东八,远东国际融资租赁有限公司,2,AAA,02,2020-10-26,3.35,90
175241,20远东九,远东国际融资租赁有限公司,4,AAA,02,2020-10-26,3.91,90
175242,20青城01,青岛城市建设投资(集团)有限责任公司,6,AAA,02,2020-10-22,3.8,90
175243,20青城02,青岛城市建设投资(集团)有限责任公司,8,AAA,02,2020-10-22,4.2,90
175244,20淮矿01,淮北矿业控股股份有限公司,3,AAA,02,2020-10-28,3.95,90
175245,20藏城发,西藏城市发展投资股份有限公司,5,AA+,02,2020-11-20,4.5,90
175246,20邮政Y1,中国邮政集团有限公司,,AAA,02,2020-10-27,3.95,90
175247,20邮政Y2,中国邮政集团有限公司,,AAA,02,2020-10-27,4.25,90
175248,20邮政Y3,中国邮政集团有限公司,,AAA,02,2020-10-27,4.52,90
175249,20京电01,北京京能电力股份有限公司,3,AAA,02,2020-10-22,3.75,90
175250,20中证21,中信证券股份有限公司,2,AAA,02,2020-10-28,3.48,90
175251,20津投19,天津城市基础设施建设投资集团有限公司,6,AAA,02,2020-10-22,4.22,90
175252,20鲁能01,鲁能集团有限公司,5,AAA,02,2020-10-26,3.85,90
175254,20能建Y2,中国能源建设股份有限公司,,AAA,02,2020-10-30,3.67,90
175256,20建材Y2,中国建材股份有限公司,,AAA,02,2020-10-26,3.99,90
175259,PR旭辉03,旭辉集团股份有限公司,5,AAA,02,2020-11-02,4.23,90
175260,20五资02,五矿资本控股有限公司,3,AAA,02,2020-11-10,3.79,90
175261,20财达01,财达证券股份有限公司,5,AA+,02,2020-10-27,4.26,90
175262,20中金11,中国国际金融股份有限公司,3,AAA,02,2020-10-23,3.5,90
175263,20中金12,中国国际金融股份有限公司,5,AAA,02,2020-10-23,3.74,90
175264,20电建Y2,中国电力建设股份有限公司,,AAA,02,2020-10-23,4.43,90
175265,20葛洲Y2,中国葛洲坝集团股份有限公司,,AAA,02,2020-10-22,4.14,90
175267,20巨化01,巨化集团有限公司,3,AA+,02,2020-10-23,4.05,90
175268,20狮桥03,狮桥融资租赁(中国)有限公司,3,AA+,02,2020-11-05,4.9,90
175269,20安租07,平安国际融资租赁有限公司,4,AAA,02,2020-11-03,3.65,90
175270,20安租08,平安国际融资租赁有限公司,5,AAA,02,2020-11-03,3.88,90
175271,G20深高1,深圳高速公路集团股份有限公司,5,AAA,02,2020-10-29,3.65,90
175272,20银河G2,中国银河证券股份有限公司,3,AAA,02,2020-10-30,3.7,90
175273,20锡铁03,无锡地铁集团有限公司,5,AAA,02,2020-10-27,3.72,90
175274,20兖煤04,兖矿能源集团股份有限公司,15,AAA,02,2020-10-30,3.89,90
175275,20兖煤05,兖矿能源集团股份有限公司,10,AAA,02,2020-10-30,4.27,90
175276,20鄂交Y2,湖北交通投资集团有限公司,,AAA,02,2020-10-27,4.5,90
175277,20浦土03,上海浦东土地控股(集团)有限公司,5,AAA,02,2020-10-28,3.77,90
175278,20金港02,张家港保税区金港资产经营集团有限公司,5,AA+,02,2020-10-30,4.1,90
175279,20中财G2,中国中金财富证券有限公司,5,AAA,02,2020-10-29,3.77,90
175280,20中财G3,中国中金财富证券有限公司,5,AAA,02,2020-10-29,4.2,90
175281,20控租03,国药控股(中国)融资租赁有限公司,3,AAA,02,2020-10-30,3.88,90
175282,20华鑫03,华鑫证券有限责任公司,2,AA+,02,2020-11-19,4.5,90
175283,20昆交G2,昆明交通产业股份有限公司,5,AAA,02,2020-11-02,5.4,90
175284,20智光G1,泰兴市智光环保科技有限公司,3,AA+,02,2020-10-29,6.5,90
175285,20核电Y3,中国核能电力股份有限公司,,AAA,02,2020-11-02,3.94,90
175287,20电投Y0,国家电力投资集团有限公司,,AAA,02,2020-10-30,3.84,90
175288,20焦煤Y4,山西焦煤集团有限责任公司,,AAA,02,2020-10-29,4.17,90
175289,20常城06,常州市城市建设(集团)有限公司,5,AAA,02,2020-11-05,4.2,90
175291,20青港01,山东港口青岛港集团有限公司,3,AAA,02,2020-11-05,3.7,90
175292,20招证G6,招商证券股份有限公司,2,AAA,02,2020-10-29,3.43,90
175293,20招证G7,招商证券股份有限公司,3,AAA,02,2020-10-29,3.63,90
175294,20滨建G1,常熟市滨江城市建设经营投资有限责任公司,3,AA+,02,2020-10-29,4.2,90
175295,20天宁02,常州天宁建设发展集团有限公司,3,AA+,02,2020-11-02,4.06,90
175296,20景控03,景德镇市国资运营投资控股集团有限责任公司,5,AA+,02,2020-11-02,4.5,90
175298,20延长Y4,陕西延长石油(集团)有限责任公司,,AAA,02,2020-11-02,4.35,90
175299,20扬子G3,南京扬子国资投资集团有限责任公司,3,AAA,02,2020-11-13,3.78,90
175301,20青城03,青岛城市建设投资(集团)有限责任公司,6,AAA,02,2020-11-05,3.75,90
175302,20青城04,青岛城市建设投资(集团)有限责任公司,8,AAA,02,2020-11-05,4.18,90
175303,20广汇G2,广汇汽车服务有限责任公司,3,AA+,02,2020-11-04,7,90
175304,20复星04,上海复星高科技(集团)有限公司,5,AAA,02,2020-11-09,4.8,90
175305,20鲁高Y1,山东高速集团有限公司,,AAA,02,2020-11-10,4.23,90
175306,20晋金02,山西金融投资控股集团有限公司,5,AAA,02,2020-11-13,3.98,90
175307,20绿城07,绿城房地产集团有限公司,5,AAA,02,2020-11-04,3.82,90
175309,20上唐Y1,上海大唐融资租赁有限公司,,AAA,02,2020-11-09,4.15,90
175310,20上唐Y2,上海大唐融资租赁有限公司,,AAA,02,2020-11-09,4.75,90
175311,G龙源Y3,龙源电力集团股份有限公司,,AAA,02,2020-11-03,3.59,90
175312,G龙源Y4,龙源电力集团股份有限公司,,AAA,02,2020-11-03,3.9,90
175314,20电建Y4,中国电力建设股份有限公司,,AAA,02,2020-11-05,4.27,90
175315,20中证22,中信证券股份有限公司,1.03,AAA,02,2020-11-04,3.16,90
175316,20中证23,中信证券股份有限公司,2,AAA,02,2020-11-04,3.45,90
175317,20中证24,中信证券股份有限公司,10,AAA,02,2020-11-04,4.27,90
175319,20新汶Y1,新汶矿业集团有限责任公司,,AAA,02,2020-11-04,5,90
175320,20东兴G5,东兴证券股份有限公司,1.08,AAA,02,2020-11-02,3.23,90
175321,20东兴G6,东兴证券股份有限公司,3,AAA,02,2020-11-02,3.7,90
175322,20福电Y1,福建福清核电有限公司,,AAA,02,2020-11-06,4.37,90
175323,20中泰03,中泰证券股份有限公司,3,AAA,02,2020-11-03,3.79,90
175324,20柳发01,柳州市城市投资建设发展有限公司,5,AA+,02,2020-11-03,6.7,90
175325,20中金13,中国国际金融股份有限公司,3,AAA,02,2020-11-04,3.48,90
175326,20中金14,中国国际金融股份有限公司,5,AAA,02,2020-11-04,3.68,90
175327,20京粮Y1,北京粮食集团有限责任公司,,AAA,02,2020-11-17,3.93,90
175328,20交投Y2,中交投资有限公司,,AAA,02,2020-11-09,3.99,90
175329,20交投Y3,中交投资有限公司,,AAA,02,2020-11-09,4.37,90
175330,20红美03,红星美凯龙家居集团股份有限公司,3,AAA,02,2020-11-05,6.2,90
175331,20万达03,大连万达商业管理集团股份有限公司,4,AAA,02,2020-11-02,5.38,90
175332,20中公Y1,中交一公局集团有限公司,,AAA,02,2020-11-06,4.05,90
175333,20中公Y2,中交一公局集团有限公司,,AAA,02,2020-11-06,4.44,90
175334,20葛洲Y4,中国葛洲坝集团股份有限公司,,AAA,02,2020-11-04,3.97,90
175335,20葛洲Y5,中国葛洲坝集团股份有限公司,,AAA,02,2020-11-04,4.25,90
175337,20沪资01,上海国际集团资产管理有限公司,3,AAA,02,2020-11-05,3.3,90
175338,20安租Y4,平安国际融资租赁有限公司,,AAA,02,2020-11-09,4.75,90
175340,20一航Y1,中交第一航务工程局有限公司,,AAA,02,2020-11-11,4.6,90
175341,20信保Y1,江苏省信用再担保集团有限公司,,AAA,02,2020-11-13,4.2,90
175342,20漳九Y2,漳州市九龙江集团有限公司,,AAA,02,2020-11-09,4.17,90
175343,20浙金02,浙江省创新投资集团有限公司,5,AAA,02,2020-11-26,3.15,90
175344,20恒信G3,海通恒信国际融资租赁股份有限公司,3,AAA,02,2020-11-06,4.15,90
175345,20平证07,平安证券股份有限公司,3,AAA,02,2020-11-03,3.7,90
175346,20财达02,财达证券股份有限公司,4,AA+,02,2020-11-10,3.98,90
175347,20润药Y1,华润医药控股有限公司,,AAA,02,2020-11-04,3.79,90
175348,20铁Y13,中国中铁股份有限公司,,AAA,02,2020-11-03,3.62,90
175349,20铁Y14,中国中铁股份有限公司,,AAA,02,2020-11-03,3.94,90
175350,20东债03,东方证券股份有限公司,3,AAA,02,2020-11-10,3.65,90
175351,20中化Y7,中国中化股份有限公司,,AAA,02,2020-11-13,3.95,90
175353,20昌投G1,昌吉州国有资产投资经营集团有限公司,5,AA+,02,2020-11-17,4.5,90
175354,20融侨02,融侨集团股份有限公司,6.04,AA+,02,2020-12-03,6.8,90
175356,20安租09,平安国际融资租赁有限公司,4,AAA,02,2020-11-10,3.69,90
175357,20安租10,平安国际融资租赁有限公司,5,AAA,02,2020-11-10,3.9,90
175358,中交20Y1,中国交通建设集团有限公司,,AAA,02,2020-11-11,3.77,90
175359,中交20Y2,中国交通建设集团有限公司,,AAA,02,2020-11-11,4.11,90
175360,20舟投01,舟山海洋综合开发投资有限公司,5,AA+,02,2020-11-10,4.66,90
175361,20茅台01,中国贵州茅台酒厂(集团)有限责任公司,7,AAA,02,2020-11-11,3,90
175362,20远发01,中远海运发展股份有限公司,10,AAA,02,2020-11-10,4.46,90
175363,20苏新01,苏州新区高新技术产业股份有限公司,5,AAA,02,2020-11-25,3.95,90
175364,20柳投05,柳州东通投资发展有限公司,5,AA+,02,2020-12-25,7,90
175365,20海资G1,上海海通证券资产管理有限公司,5,AAA,02,2020-11-12,3.85,90
175366,20碧地04,碧桂园地产集团有限公司,5,AAA,02,2020-11-13,4.15,90
175368,20牡资02,牡丹江市国有资产投资控股有限公司,5,AA,02,2020-11-26,6.5,90
175369,20象屿Y5,厦门象屿股份有限公司,,AAA,02,2020-11-12,4.98,90
175371,20建材Y5,中国建材股份有限公司,,AAA,02,2020-11-12,3.79,90
175372,20建材Y6,中国建材股份有限公司,,AAA,02,2020-11-12,4.1,90
175373,20邮政Y4,中国邮政集团有限公司,,AAA,02,2020-11-13,3.7,90
175374,20邮政Y5,中国邮政集团有限公司,,AAA,02,2020-11-13,4.04,90
175375,20云投G7,云南省投资控股集团有限公司,3,AAA,02,2020-11-11,4.63,90
175376,20皖高01,安徽省高新技术产业投资有限公司,2,AAA,02,2020-11-17,3.7,90
175377,20二局Y2,中交第二公路工程局有限公司,,AAA,02,2020-11-12,3.9,90
175378,20二局Y3,中交第二公路工程局有限公司,,AAA,02,2020-11-12,4.3,90
175379,20建集Y9,厦门建发集团有限公司,,AAA,02,2020-11-16,4.5,90
175381,20冀通01,河北建投交通投资有限责任公司,5,AAA,02,2020-11-20,3.79,90
175382,20冀通02,河北建投交通投资有限责任公司,10,AAA,02,2020-11-20,4.53,90
175383,20晋电Y1,山西国际电力集团有限公司,,AAA,02,2020-11-19,5.3,90
175384,20闽能Y2,福建省能源集团有限责任公司,,AAA,02,2020-11-17,3.84,90
175386,20台州01,台州市国有资本运营集团有限公司,5,AAA,02,2020-11-24,3.98,90
175387,H20鑫苑1,鑫苑(中国)置业有限公司,7,AA,02,2020-11-18,8.35,90
175389,20大唐Y5,中国大唐集团有限公司,,AAA,02,2020-11-23,4.12,90
175393,20合景08,广州合景控股集团有限公司,5,AAA,02,2020-11-20,6.19,90
175396,20环球07,中国环球租赁有限公司,5,AAA,02,2020-11-18,3.95,90
175397,20国丰Y1,烟台国丰投资控股集团有限公司,,AAA,02,2020-11-19,4.66,90
175398,20晋旅Y2,山西省文化旅游投资控股集团有限公司,,AAA,02,2020-11-16,6.5,90
175399,20住总Y1,北京住总集团有限责任公司,,AAA,02,2020-11-23,4.43,90
175401,20华发04,珠海华发实业股份有限公司,5,AAA,02,2020-11-20,4.19,90
175402,20华发05,珠海华发实业股份有限公司,5,AAA,02,2020-11-20,3.89,90
175404,20航控Y1,中航工业产融控股股份有限公司,,AAA,02,2020-11-19,4.13,90
175405,20航控Y2,中航工业产融控股股份有限公司,,AAA,02,2020-11-19,4.3,90
175406,20国创01,苏州国发创业投资控股有限公司,5,AAA,02,2020-11-19,4.19,90
175407,20延长Y5,陕西延长石油(集团)有限责任公司,,AAA,02,2020-11-20,3.85,90
175408,20延长Y6,陕西延长石油(集团)有限责任公司,,AAA,02,2020-11-20,4.25,90
175415,20杭实G2,杭州市实业投资集团有限公司,3,AAA,02,2020-12-21,3.99,90
175416,20华证02,华宝证券股份有限公司,3,AAA,02,2020-11-25,3.7,90
175418,G20水利1,贵州省水利投资(集团)有限责任公司,5,AAA,02,2020-11-26,4.68,90
175420,20鲁高Y2,山东高速集团有限公司,,AAA,02,2020-11-20,4.21,90
175421,20渝开03,重庆科学城城市建设集团有限公司,5,AA+,02,2020-11-27,4.7,90
175423,20杭金01,杭州市金融投资集团有限公司,5,AAA,02,2020-12-04,4.38,90
175425,20核电Y5,中国核能电力股份有限公司,,AAA,02,2020-11-23,3.78,90
175426,20世控02,上海地产投资有限公司,5,AAA,02,2020-12-07,3.97,90
175427,20远东10,远东国际融资租赁有限公司,2,AAA,02,2020-11-30,4,90
175428,20远东11,远东国际融资租赁有限公司,4,AAA,02,2020-11-30,4.35,90
175429,20扬州02,扬州市城建国有资产控股(集团)有限责任公司,3,AAA,02,2020-12-03,4.1,90
175430,20栖建01,南京栖霞建设股份有限公司,5,AA+,02,2020-12-09,5,90
175432,20电力Y2,国投电力控股股份有限公司,,AAA,02,2020-12-16,4.06,90
175433,20腾越02,腾越建筑科技集团有限公司,4,AAA,02,2020-11-27,4.64,90
175436,20联泰01,广东省联泰集团有限公司,5,AA+,02,2020-11-24,6.5,90
175439,20首股Y1,北京首创生态环保集团股份有限公司,,AAA,02,2020-11-26,4.8,90
175440,20中电Y1,中国电子信息产业集团有限公司,,AAA,02,2020-12-01,4.55,90
175441,21湖州01,湖州市城市投资发展集团有限公司,5,AAA,02,2021-01-25,3.88,90
175444,20亦庄02,北京亦庄国际投资发展有限公司,3,AAA,02,2020-12-03,4.12,90
175445,20亦庄03,北京亦庄国际投资发展有限公司,5,AAA,02,2020-12-03,4.45,90
175446,20金辉03,金辉集团股份有限公司,4,AA+,02,2020-11-30,6.95,90
175447,20花样02,花样年集团(中国)有限公司,3,AA+,02,2020-11-30,7.5,90
175448,20工业Y1,中铁高新工业股份有限公司,,AAA,02,2020-12-10,4.77,90
175450,20交投Y4,中交投资有限公司,,AAA,02,2020-12-11,4.39,90
175451,20交投Y5,中交投资有限公司,,AAA,02,2020-12-11,4.69,90
175452,20中航Y5,中国航空技术国际控股有限公司,,AAA,02,2020-12-03,4.28,90
175453,20中航Y6,中国航空技术国际控股有限公司,,AAA,02,2020-12-03,4.55,90
175454,20赣融Y1,江西省金融控股集团有限公司,,AAA,02,2020-12-04,5,90
175458,20柳建05,广西柳州市建设投资开发有限责任公司,5,AA+,02,2020-11-26,7.3,90
175459,20红星05,红星美凯龙控股集团有限公司,3,AAA,02,2020-12-02,6.88,90
175461,20浦土04,上海浦东土地控股(集团)有限公司,5,AAA,02,2020-12-02,3.99,90
175462,20国君G6,国泰君安证券股份有限公司,2,AAA,02,2020-11-26,3.8,90
175463,20国君G7,国泰君安证券股份有限公司,3,AAA,02,2020-11-26,3.9,90
175464,20科工Y2,中建科工集团有限公司,,AA+,02,2020-12-30,5.8,90
175466,20华金01,华金证券股份有限公司,3,AAA,02,2020-11-27,4.48,90
175467,20中财G5,中国中金财富证券有限公司,5,AAA,02,2020-12-02,3.98,90
175470,20中化Y9,中国中化股份有限公司,,AAA,02,2020-12-15,4.26,90
175472,20星发03,长沙县星城发展集团有限公司,5,AA+,02,2020-11-27,4.6,90
175473,20华泰G7,华泰证券股份有限公司,3,AAA,02,2020-11-30,3.9,90
175474,20即投01,青岛市即墨区城市旅游开发投资有限公司,5,AA+,02,2020-12-07,4.4,90
175477,20蓉高03,成都高新投资集团有限公司,10,AAA,02,2020-12-10,4.4,90
175478,20黔高03,贵州高速公路集团有限公司,3,AAA,02,2020-12-14,4.27,90
175479,20华安G2,华安证券股份有限公司,3,AAA,02,2020-12-03,4.08,90
175481,20名城债,上海大名城企业股份有限公司,3,AA+,02,2020-12-07,7.5,90
175482,20银河G3,中国银河证券股份有限公司,2,AAA,02,2020-12-04,3.8,90
175484,20赣速03,江西省交通投资集团有限责任公司,5,AAA,02,2020-12-18,4.05,90
175485,20DTFDY1,大唐国际发电股份有限公司,,AAA,02,2020-12-04,4.39,90
175488,20兴泰Y1,安徽省兴泰融资担保集团股份有限公司,,AAA,02,2020-12-01,4.5,90
175489,20中公Y3,中交一公局集团有限公司,,AAA,02,2020-12-10,4.45,90
175490,20中公Y4,中交一公局集团有限公司,,AAA,02,2020-12-10,4.7,90
175491,20华租01,华电融资租赁有限公司,3,AAA,02,2020-12-08,4.3,90
175492,20深钜05,深圳市钜盛华股份有限公司,5,AA+,02,2020-12-03,6.5,90
175493,20航控Y3,中航工业产融控股股份有限公司,,AAA,02,2020-12-18,4.09,90
175494,20航控Y4,中航工业产融控股股份有限公司,,AAA,02,2020-12-18,4.38,90
175496,20万达04,大连万达商业管理集团股份有限公司,4,AAA,02,2020-12-09,6,90
175501,20航租Y1,中航国际融资租赁有限公司,,AAA,02,2020-12-18,4.6,90
175503,G20杭水1,杭州市水务集团有限公司,5,AAA,02,2020-12-15,3.79,90
175505,20方圆01,广州市方圆房地产发展有限公司,4,AA,02,2020-12-09,10,90
175507,20洪政02,南昌市政公用集团有限公司,5,AAA,02,2020-12-08,4.35,90
175508,20建Y11,厦门建发集团有限公司,,AAA,02,2020-12-10,4.59,90
175509,20奉交01,上海奉贤交通能源(集团)有限公司,5,AA+,02,2020-12-24,4.1,90
175510,20唐租Y2,大唐融资租赁有限公司,,AAA,02,2020-12-07,4.8,90
175514,20鲁金Y1,山东黄金矿业股份有限公司,,AAA,02,2020-12-08,4.8,90
175519,20华综Y4,珠海华发综合发展有限公司,,AAA,02,2020-12-14,4.55,90
175520,20国君G8,国泰君安证券股份有限公司,1,AAA,02,2020-12-10,3.4,90
175521,20国君G9,国泰君安证券股份有限公司,3,AAA,02,2020-12-10,3.77,90
175522,20延长Y7,陕西延长石油(集团)有限责任公司,,AAA,02,2020-12-15,4.29,90
175523,20延长Y8,陕西延长石油(集团)有限责任公司,,AAA,02,2020-12-15,4.63,90
175524,21绿地01,绿地控股集团有限公司,3,AAA,02,2021-01-14,7,90
175525,21绿地02,绿地控股集团有限公司,3,AAA,02,2021-01-14,6.5,90
175526,20神木01,神木市国有资本投资运营集团有限公司,5,AA+,02,2020-12-16,4.5,90
175527,20柳发02,柳州市城市投资建设发展有限公司,5,AA+,02,2020-12-11,6.7,90
175528,20唐租Y4,大唐融资租赁有限公司,,AAA,02,2020-12-15,5.2,90
175530,20明诚04,武汉明诚文化体育集团股份有限公司,5,AA+,02,2020-12-23,7.5,90
175531,20柳控04,广西柳州市投资控股集团有限公司,5,AA+,02,2020-12-29,6,90
175532,20京投04,北京市基础设施投资有限公司,3,AAA,02,2020-12-14,3.76,90
175534,20华泰G8,华泰证券股份有限公司,2,AAA,02,2020-12-18,3.67,90
175535,20华泰G9,华泰证券股份有限公司,3,AAA,02,2020-12-18,3.79,90
175536,20中咨Y1,中国公路工程咨询集团有限公司,,AAA,02,2020-12-18,4.95,90
175537,20义乌07,义乌市国有资本运营有限公司,3,AA+,02,2020-12-24,4.37,90
175538,20江建01,南京江宁城市建设集团有限公司,5,AAA,02,2020-12-22,4.16,90
175539,20甘投Y1,甘肃省公路航空旅游投资集团有限公司,,AAA,02,2020-12-21,4.99,90
175542,20泸投01,泸州市高新投资集团有限公司,5,AAA,02,2020-12-29,5.3,90
175543,中交20Y3,中国交通建设集团有限公司,,AAA,02,2020-12-24,3.89,90
175544,中交20Y4,中国交通建设集团有限公司,,AAA,02,2020-12-24,4.15,90
175545,20中财G6,中国中金财富证券有限公司,5,AAA,02,2020-12-22,3.85,90
175546,H20杉杉1,杉杉集团有限公司,5,AA+,02,2020-12-15,6.98,90
175547,20铁建Y3,中国铁建股份有限公司,,AAA,02,2020-12-22,4.37,90
175549,20天盈03,武汉天盈投资集团有限公司,5,AA+,02,2020-12-22,6.8,90
175550,20常高G1,常高新集团有限公司,3,AAA,02,2020-12-24,4.19,90
175551,20特房01,厦门经济特区房地产开发集团有限公司,2,AA+,02,2020-12-29,4.1,90
175553,G龙源Y5,龙源电力集团股份有限公司,,AAA,02,2020-12-21,3.7,90
175554,20首股Y2,北京首创生态环保集团股份有限公司,,AAA,02,2020-12-21,4.3,90
175555,20漳九Y3,漳州市九龙江集团有限公司,,AAA,02,2020-12-25,4.9,90
175557,20华电Y5,中国华电集团有限公司,,AAA,02,2020-12-24,3.85,90
175558,20湖交02,湖州市交通投资集团有限公司,5,AAA,02,2020-12-25,4.05,90
175559,20铁一Y1,中铁一局集团有限公司,,AAA,02,2020-12-23,4.55,90
175561,20化学Y1,中国化学工程集团有限公司,,AAA,02,2020-12-29,4.18,90
175566,20鲁金Y2,山东黄金矿业股份有限公司,,AAA,02,2020-12-24,4.69,90
175567,20昌投G2,昌吉州国有资产投资经营集团有限公司,5,AA+,02,2020-12-25,5.18,90
175568,20平证08,平安证券股份有限公司,1.52,AAA,02,2020-12-24,3.44,90
175572,20铁京Y1,中铁北京工程局集团有限公司,,AAA,02,2020-12-25,4.85,90
175573,20路桥02,厦门路桥建设集团有限公司,3,AAA,02,2020-12-28,3.86,90
175576,20深钜06,深圳市钜盛华股份有限公司,5,AA+,02,2020-12-30,6,90
175577,21深钜01,深圳市钜盛华股份有限公司,5,AA+,02,2021-03-26,7.5,90
175578,20航控Y5,中航工业产融控股股份有限公司,,AAA,02,2020-12-24,4,90
175579,20航控Y6,中航工业产融控股股份有限公司,,AAA,02,2020-12-24,4.32,90
175580,20铁二Y1,中铁二局集团有限公司,,AAA,02,2020-12-30,4.95,90
175581,20上航Y1,中交上海航道局有限公司,,AAA,02,2020-12-31,4,90
175582,20上航Y2,中交上海航道局有限公司,,AAA,02,2020-12-31,4.47,90
175583,20光证G6,光大证券股份有限公司,1.02,AAA,02,2020-12-31,3.12,90
175584,20光证G7,光大证券股份有限公司,3,AAA,02,2020-12-31,3.6,90
175587,20红星07,红星美凯龙控股集团有限公司,5,AAA,02,2020-12-28,7,90
175588,20铁沪Y1,中铁上海工程局集团有限公司,,AAA,02,2020-12-30,4.77,90
175589,20唐租G1,大唐融资租赁有限公司,2,AAA,02,2021-01-11,3.77,90
175590,20青控Y1,青岛城投城金控股集团有限公司,,AAA,02,2021-01-06,5.68,90
175592,20一航Y2,中交第一航务工程局有限公司,,AAA,02,2021-01-05,4.58,90
175594,21航租Y1,中航国际融资租赁有限公司,,AAA,02,2021-06-07,4.73,90
175595,20济轨Y2,济南轨道交通集团有限公司,,AAA,02,2021-01-05,3.79,90
175596,20疏浚Y1,中交疏浚(集团)股份有限公司,,AAA,02,2021-01-04,4.14,90
175597,21象金01,厦门象屿金象控股集团有限公司,3,AAA,02,2021-03-10,4.99,90
175598,20鲁能02,鲁能集团有限公司,5,AAA,02,2021-01-05,3.85,90
175599,21国丰01,烟台国丰投资控股集团有限公司,5,AAA,02,2021-01-15,3.74,90
175600,20伟驰02,伟驰控股集团有限公司,5,AA+,02,2021-01-08,5.2,90
175601,甬交投01,宁波交通投资集团有限公司,5,AAA,02,2021-01-19,3.95,90
175602,甬交投02,宁波交通投资集团有限公司,10,AAA,02,2021-01-19,4.25,90
175603,21常高G1,常高新集团有限公司,5,AAA,02,2021-01-15,3.98,90
175604,21珠投01,广东珠江投资股份有限公司,5,AA+,02,2021-01-14,7.5,90
175605,21漳九01,漳州市九龙江集团有限公司,5,AAA,02,2021-01-18,3.85,90
175606,21腾越01,腾越建筑科技集团有限公司,4,AAA,02,2021-01-14,4.27,90
175607,21发展01,山东发展投资控股集团有限公司,5,AAA,02,2021-01-15,3.7,90
175608,21延长Y1,陕西延长石油(集团)有限责任公司,,AAA,02,2021-01-14,3.93,90
175609,21延长Y2,陕西延长石油(集团)有限责任公司,,AAA,02,2021-01-14,4.24,90
175610,21鲁信01,山东省鲁信投资控股集团有限公司,5,AAA,02,2021-01-13,3.85,90
175611,21龙湖01,重庆龙湖企业拓展有限公司,5,AAA,02,2021-01-14,3.95,90
175612,21龙湖02,重庆龙湖企业拓展有限公司,7,AAA,02,2021-01-14,4.4,90
175613,21宝龙01,上海宝龙实业发展(集团)有限公司,7,AA+,02,2021-01-19,6.6,90
175614,21广越01,广州越秀集团股份有限公司,5,AAA,02,2021-01-18,3.5,90
175615,21广越02,广州越秀集团股份有限公司,7,AAA,02,2021-01-18,3.8,90
175616,21鑫苑01,鑫苑(中国)置业有限公司,5,AA,02,2021-01-12,8.35,90
175618,21红狮01,红狮控股集团有限公司,3,AAA,02,2021-10-29,4,90
175619,21红狮02,红狮控股集团有限公司,3,AAA,02,2021-10-29,4.6,90
175620,21渝股01,重庆渝东高速公路有限公司,5,AAA,02,2021-01-20,3.68,90
175621,21义创01,义乌市国有资本运营有限公司,3,AA+,02,2021-01-25,3.97,90
175623,21安租01,平安国际融资租赁有限公司,4,AAA,02,2021-01-19,3.6,90
175624,21安租02,平安国际融资租赁有限公司,5,AAA,02,2021-01-19,3.89,90
175625,21航集01,中国南方航空集团有限公司,3,AAA,02,2021-01-21,3.48,90
175626,21绿城01,绿城房地产集团有限公司,5,AAA,02,2021-01-20,3.92,90
175628,21锡公01,无锡市市政公用产业集团有限公司,5,AAA,02,2021-01-20,3.63,90
175629,21财金01,山东省财金投资集团有限公司,5,AAA,02,2021-01-21,3.8,90
175631,21光证G1,光大证券股份有限公司,3,AAA,02,2021-01-20,3.57,90
175632,21海晟01,江苏海晟控股集团有限公司,3,AA+,02,2021-01-26,4.3,90
175633,21远东S1,远东国际融资租赁有限公司,1,A-1,02,2021-01-21,3.47,90
175634,21远东二,远东国际融资租赁有限公司,4,AAA,02,2021-01-21,3.8,90
175635,21兴泸01,泸州市兴泸投资集团有限公司,5,AA+,02,2021-01-20,3.94,90
175636,21东吴01,东吴证券股份有限公司,3,AAA,02,2021-01-20,3.6,90
175637,21招证G1,招商证券股份有限公司,2,AAA,02,2021-01-21,3.24,90
175638,21招证G2,招商证券股份有限公司,3,AAA,02,2021-01-21,3.53,90
175639,21建元01,苏州新建元控股集团有限公司,5,AAA,02,2021-01-26,3.9,90
175642,21航集02,中国南方航空集团有限公司,3,AAA,02,2021-01-28,3.48,90
175643,21鲁信Y1,山东省鲁信投资控股集团有限公司,,AAA,02,2021-01-25,4.45,90
175644,21诸资01,诸暨市国有资产经营有限公司,3,AA+,02,2021-01-27,4.17,90
175645,21天风01,天风证券股份有限公司,3,AAA,02,2021-01-27,4.18,90
175646,21蓉高01,成都高新投资集团有限公司,10,AAA,02,2021-01-28,4.2,90
175647,21华鑫01,华鑫证券有限责任公司,2,AA+,02,2021-01-28,4.58,90
175648,21华泰G1,华泰证券股份有限公司,3,AAA,02,2021-01-27,3.58,90
175650,21越交01,越秀交通基建有限公司,5,AAA,02,2021-02-01,3.63,90
175651,21舟城01,舟山海城建设投资集团有限公司,5,AA+,02,2021-02-02,4,90
175652,21银河G1,中国银河证券股份有限公司,2,AAA,02,2021-01-26,3.24,90
175653,21银河G2,中国银河证券股份有限公司,3,AAA,02,2021-01-26,3.58,90
175654,21张江一,上海张江(集团)有限公司,5,AAA,02,2021-01-29,3.57,90
175655,21阳安01,华创云信数字技术股份有限公司,4,AA+,02,2021-01-25,5.6,90
175656,21株国01,株洲市国有资产投资控股集团有限公司,5,AA+,02,2021-02-02,4.85,90
175657,21济城G1,济南城市投资集团有限公司,5,AAA,02,2021-01-26,4.1,90
175658,21航租01,中航国际融资租赁有限公司,3,AAA,02,2021-01-28,3.88,90
175660,S21广扶2,广州越秀集团股份有限公司,7,AAA,02,2021-01-27,3.87,90
175662,21融德G2,华融融德资产管理有限公司,3,AAA,02,2021-02-04,5,90
175663,21兴业01,兴业证券股份有限公司,2,AAA,02,2021-02-02,3.45,90
175664,21信地01,信达地产股份有限公司,5,AA+,02,2021-01-29,4.4,90
175665,21信地02,信达地产股份有限公司,5,AA+,02,2021-01-29,4.57,90
175666,21渝开01,重庆科学城城市建设集团有限公司,5,AA+,02,2021-01-29,4.6,90
175667,21中证01,中信证券股份有限公司,1.03,AAA,02,2021-02-01,2.9,90
175668,21中证02,中信证券股份有限公司,3,AAA,02,2021-02-01,3.56,90
175669,21中证03,中信证券股份有限公司,10,AAA,02,2021-02-01,4.1,90
175670,21远资01,远洋资本有限公司,3,AA+,02,2021-06-17,5.3,90
175671,21融强01,大连融强投资有限公司,5,AA,02,2021-02-04,7.6,90
175672,21锡公Y1,无锡市市政公用产业集团有限公司,,AAA,02,2021-01-29,4.28,90
175673,21GLP01,普洛斯中国控股有限公司,3,AAA,02,2021-02-01,3.98,90
175675,21中泰01,中泰证券股份有限公司,3,AAA,02,2021-01-28,3.7,90
175676,21中铁01,中国铁建房地产集团有限公司,5,AAA,02,2021-01-29,3.78,90
175677,21镇投G1,镇江国有投资控股集团有限公司,5,AA+,02,2021-02-08,5.95,90
175679,21大华01,大华(集团)有限公司,7,AA+,02,2021-02-03,5.8,90
175681,21栖建01,南京栖霞建设股份有限公司,5,AA+,02,2021-02-19,5.48,90
175685,21牡丹01,黑牡丹(集团)股份有限公司,3,AA+,02,2021-02-01,4.8,90
175686,21HBST01,湖北省科技投资集团有限公司,10,AAA,02,2021-02-01,4.48,90
175687,21广晟Y1,广东省广晟控股集团有限公司,,AAA,02,2021-02-02,4.48,90
175688,21赣交01,江西省交通投资集团有限责任公司,5,AAA,02,2021-02-01,3.9,90
175689,21建租01,中建投租赁股份有限公司,3,AAA,02,2021-02-09,4.2,90
175690,21东债01,东方证券股份有限公司,3,AAA,02,2021-02-02,3.6,90
175691,21桂投01,广西投资集团有限公司,5,AAA,02,2021-01-28,4.5,90
175693,21美置01,美的置业集团有限公司,4,AAA,02,2021-02-05,4.4,90
175694,21美置02,美的置业集团有限公司,5,AAA,02,2021-02-05,4.6,90
175695,21津投01,天津城市基础设施建设投资集团有限公司,3,AAA,02,2021-02-22,4.99,90
175696,21狮桥01,狮桥融资租赁(中国)有限公司,2,AA+,02,2021-02-04,5.4,90
175697,21世控01,上海地产投资有限公司,5,AAA,02,2021-02-08,3.7,90
175698,21交投G1,中交投资有限公司,3,AAA,02,2021-02-03,3.69,90
175699,21苏科01,江苏省溧阳高新区控股集团有限公司,5,AA+,02,2021-02-04,4.99,90
175700,21唐租01,大唐融资租赁有限公司,3,AAA,02,2021-02-03,3.89,90
175702,21中化Y1,中国中化股份有限公司,,AAA,02,2021-03-25,3.69,90
175703,21中化Y2,中国中化股份有限公司,,AAA,02,2021-03-25,3.9,90
175704,21济建G1,济南城市建设集团有限公司,5,AAA,02,2021-02-04,3.87,90
175706,21宁沪G1,江苏宁沪高速公路股份有限公司,5,AAA,02,2021-02-05,3.7,90
175707,21鲁高01,山东高速集团有限公司,3,AAA,02,2021-02-08,3.78,90
175708,21复药01,上海复星医药(集团)股份有限公司,4,AAA,02,2021-02-05,3.98,90
175710,21长交01,长兴交通投资集团有限公司,5,AA+,02,2021-03-26,5.5,90
175712,21渝高01,重庆高速公路集团有限公司,3,AAA,02,2021-02-04,3.75,90
175713,21启东G1,启东城投集团有限公司,5,AA+,02,2021-02-05,4.45,90
175714,21环球01,中国环球租赁有限公司,2,AAA,02,2021-06-02,3.95,90
175715,21招证G3,招商证券股份有限公司,3,AAA,02,2021-02-02,3.58,90
175716,21住总01,北京住总集团有限责任公司,5,AAA,02,2021-02-09,3.85,90
175717,21珠投02,广东珠江投资股份有限公司,5,AA+,02,2021-02-24,7.5,90
175718,21柳发01,柳州市城市投资建设发展有限公司,5,AA+,02,2021-02-03,6.9,90
175719,21藏建01,西藏建工建材集团有限公司,5,AA+,02,2021-09-16,4.27,90
175722,21漳九Y1,漳州市九龙江集团有限公司,,AAA,02,2021-02-18,4.5,90
175723,21华远01,华远地产股份有限公司,3,AAA,02,2021-02-02,4.5,90
175724,21洪政01,南昌市政公用集团有限公司,3,AAA,02,2021-02-05,3.82,90
175725,21洪政02,南昌市政公用集团有限公司,5,AAA,02,2021-02-05,4.11,90
175726,21保利01,保利发展控股集团股份有限公司,5,AAA,02,2021-02-03,3.68,90
175727,21保利02,保利发展控股集团股份有限公司,7,AAA,02,2021-02-03,3.98,90
175728,21金高01,广东南海产业集团有限公司,5,AA+,02,2021-03-26,4.2,90
175729,21国药01,国药控股股份有限公司,3,AAA,02,2021-02-09,3.65,90
175730,21银河G3,中国银河证券股份有限公司,2,AAA,02,2021-02-09,3.5,90
175731,21银河G4,中国银河证券股份有限公司,3,AAA,02,2021-02-09,3.67,90
175732,21财信01,湖南财信投资控股有限责任公司,5,AAA,02,2021-02-05,4,90
175733,21中铁02,中国铁建房地产集团有限公司,5,AAA,02,2021-02-09,3.95,90
175734,21常新G1,常州东方新城建设集团有限公司,5,AA+,02,2021-02-09,4.5,90
175735,21新师01,新疆生产建设兵团第十二师国有资产投资发展集团有限公司,5,AA+,02,2021-02-18,5.5,90
175736,21中原01,中原证券股份有限公司,3,AAA,02,2021-03-11,4.03,90
175737,21恒信Y1,海通恒信国际融资租赁股份有限公司,,AAA,02,2021-03-05,4.98,90
175738,21恒信Y2,海通恒信国际融资租赁股份有限公司,,AAA,02,2021-03-05,5.2,90
175739,21大宁Y1,上海大宁资产经营(集团)有限公司,,AA+,02,2021-03-15,4.69,90
175740,21沪国01,上海国有资产经营有限公司,5,AAA,02,2021-03-02,3.5,90
175741,21海通02,海通证券股份有限公司,3,AAA,02,2021-02-19,3.79,90
175743,21融信01,融信(福建)投资集团有限公司,6.73,AAA,02,2021-02-18,6.5,90
175745,21凤祥01,新凤祥控股集团有限责任公司,3,AA,02,2021-04-21,7.5,90
175746,21新湖01,衢州信安发展股份有限公司,4,AAA,02,2021-02-23,7.6,90
175751,21申能01,申能(集团)有限公司,3,AAA,02,2021-02-18,3.4,90
175752,21红星01,红星美凯龙控股集团有限公司,3,AAA,02,2021-03-16,7,90
175754,21浦房01,上海市浦东新区房地产(集团)有限公司,5,AAA,02,2021-03-11,3.75,90
175756,21锡交Y1,无锡市交通产业集团有限公司,,AAA,02,2021-03-08,4.47,90
175762,21旭辉01,旭辉集团股份有限公司,6,AAA,02,2021-03-18,4.4,90
175763,21龙盛01,浙江龙盛集团股份有限公司,2,AAA,02,2021-03-08,4,90
175765,21中证04,中信证券股份有限公司,3,AAA,02,2021-03-05,3.6,90
175766,21中证05,中信证券股份有限公司,10,AAA,02,2021-03-05,4.1,90
175767,21象屿G1,厦门象屿集团有限公司,3,AAA,02,2021-04-15,3.93,90
175769,21远东三,远东国际融资租赁有限公司,4,AAA,02,2021-03-04,4.4,90
175770,21远东四,远东国际融资租赁有限公司,5,AAA,02,2021-03-04,4.5,90
175771,21复星02,上海复星高科技(集团)有限公司,4,AAA,02,2021-03-03,5.29,90
175772,PR银桥01,昆山银桥控股集团有限公司,5,AA+,02,2021-03-11,4.08,90
175773,21金地01,金地(集团)股份有限公司,5,AAA,02,2021-03-04,3.93,90
175775,21GLP03,普洛斯中国控股有限公司,3,AAA,02,2021-03-12,4.37,90
175777,21广越03,广州越秀集团股份有限公司,5,AAA,02,2021-03-09,3.65,90
175781,21中化G1,中化国际控股股份有限公司,5,AAA,02,2021-03-10,3.69,90
175782,GC电投01,国家电力投资集团有限公司,2,AAA,02,2021-03-04,3.45,90
175783,GC天成01,华能天成融资租赁有限公司,2,AAA,02,2021-03-05,4.05,90
175784,21建租02,中建投租赁股份有限公司,3,AAA,02,2021-03-22,4.15,90
175785,21中关01,中关村发展集团股份有限公司,3,AAA,02,2021-03-15,3.76,90
175786,21常新G2,常州东方新城建设集团有限公司,5,AA+,02,2021-03-08,4.8,90
175787,GC华能01,中国华能集团有限公司,2,AAA,02,2021-03-04,3.35,90
175789,GC国能01,国家能源投资集团有限责任公司,3,AAA,02,2021-03-04,3.45,90
175790,21首开01,北京首都开发控股(集团)有限公司,5,AAA,02,2021-03-12,3.8,90
175791,GC京投01,北京市基础设施投资有限公司,3,AAA,02,2021-03-08,3.5,90
175792,21华安G1,华安证券股份有限公司,3,AAA,02,2021-03-11,3.8,90
175793,GC钢联01,内蒙古包钢钢联股份有限公司,5,AAA,02,2021-04-07,6,90
175794,21黔铁01,贵州铁路投资集团有限责任公司,5,AAA,02,2021-03-11,4.5,90
175795,21海控Y1,青岛西海岸新区海洋控股集团有限公司,,AAA,02,2021-05-10,4.74,90
175797,GC三峡01,中国长江三峡集团有限公司,3,AAA,02,2021-03-09,3.45,90
175798,21晶电01,晶科电力科技股份有限公司,2,AA+,02,2021-03-11,7,90
175799,21唐租Y1,大唐融资租赁有限公司,,AAA,02,2021-03-11,4.95,90
175800,21公用01,上海大众公用事业(集团)股份有限公司,3,AAA,02,2021-03-12,3.87,90
175801,GC华电01,中国华电集团有限公司,3,AAA,02,2021-03-11,3.5,90
175802,21东航01,中国东方航空股份有限公司,10,AAA,02,2021-03-18,3.95,90
175803,21东航02,中国东方航空股份有限公司,6,AAA,02,2021-03-18,3.68,90
175804,21沪资01,上海国际集团资产管理有限公司,3,AAA,02,2021-03-12,3.6,90
175805,G21新Y1,新天绿色能源股份有限公司,,AAA,02,2021-03-16,5.15,90
175807,GC华电02,中国华电集团有限公司,2,AAA,02,2021-03-11,3.35,90
175808,21住总Y1,北京住总集团有限责任公司,,AAA,02,2021-03-10,4.38,90
175809,21温交01,温州市交通发展集团有限公司,7,AA+,02,2021-03-16,3.9,90
175811,21唐租Y2,大唐融资租赁有限公司,,AAA,02,2021-03-11,5.2,90
175812,21宁港01,宁波舟山港股份有限公司,5,AAA,02,2021-03-18,3.64,90
175814,21航租03,中航国际融资租赁有限公司,4,AAA,02,2021-03-30,3.98,90
175815,21天风02,天风证券股份有限公司,2,AAA,02,2021-03-18,4.5,90
175817,21国联01,国联证券股份有限公司,3,AAA,02,2021-03-18,3.7,90
175818,21延长01,陕西延长石油(集团)有限责任公司,3,AAA,02,2021-03-25,3.8,90
175819,21延长02,陕西延长石油(集团)有限责任公司,5,AAA,02,2021-03-25,4.1,90
175820,21首置01,首创置业有限公司,5,AAA,02,2021-03-22,4,90
175822,21洋河01,江苏洋河集团有限公司,3,AAA,02,2021-03-22,3.73,90
175823,21兰石01,兰州兰石集团有限公司,5,AAA,02,2021-03-22,6.8,90
175825,21鲁金01,山东省金融资产管理股份有限公司,3,AAA,02,2021-03-19,3.99,90
175826,21伟驰01,伟驰控股集团有限公司,5,AA+,02,2021-03-16,4.6,90
175827,21筑城01,贵阳市城市建设投资集团有限公司,5,AA+,02,2021-03-18,5.85,90
175828,21科创K1,上海科技创业投资(集团)有限公司,3,AAA,02,2021-03-11,3.68,90
175829,21国新01,中国国新控股有限责任公司,3,AAA,02,2021-03-12,3.65,90
175830,21诚通K1,中国诚通控股集团有限公司,5,AAA,02,2021-03-15,3.8,90
175832,21唐控01,唐山控股发展集团股份有限公司,5,AA+,02,2021-04-16,6.5,90
175834,21元禾K1,苏州元禾控股股份有限公司,2,AAA,02,2021-03-15,3.59,90
175835,21蓉高K1,成都高新投资集团有限公司,5,AAA,02,2021-03-16,4.29,90
175836,21西高科,西安高科集团有限公司,5,AA+,02,2021-03-19,5.5,90
175837,21珠投03,广东珠江投资股份有限公司,5,AA+,02,2021-03-17,7.5,90
175838,21通城01,南通城市建设集团有限公司,3,AAA,02,2021-03-18,3.76,90
175839,21厦资01,厦门资产管理有限公司,3,AA+,02,2021-07-27,3.98,90
175840,21南网01,中国南方电网有限责任公司,3,AAA,02,2021-03-22,3.58,90
175841,21济城G2,济南城市投资集团有限公司,5,AAA,02,2021-03-19,4.14,90
175842,GC凯盛01,凯盛科技集团有限公司,3,AA+,02,2021-08-19,3.98,90
175843,21吴开01,苏州市吴江经济技术开发区发展集团有限公司,5,AA+,02,2021-03-25,3.93,90
175844,21恒信G1,海通恒信国际融资租赁股份有限公司,4,AAA,02,2021-04-30,4.1,90
175845,21SIIC01,上海实业环境控股有限公司,5,AAA,02,2021-03-18,3.89,90
175846,21天易02,湖南天易集团有限公司,3,AAA,02,2021-03-17,6.5,90
175848,21特房01,厦门经济特区房地产开发集团有限公司,3,AA+,02,2021-03-19,4.07,90
175850,21住宅01,厦门安居控股集团有限公司,3,AA+,02,2021-03-18,3.89,90
175852,21交投G2,中交投资有限公司,3,AAA,02,2021-03-23,3.73,90
175854,21川电03,四川省水电投资经营集团有限公司,5,AA+,02,2021-03-18,4.1,90
175855,21漳九02,漳州市九龙江集团有限公司,5,AAA,02,2021-03-26,3.88,90
175856,21中金G1,中国国际金融股份有限公司,5,AAA,02,2021-03-23,3.58,90
175857,21中金G2,中国国际金融股份有限公司,10,AAA,02,2021-03-23,4.1,90
175858,21保利03,保利发展控股集团股份有限公司,5,AAA,02,2021-03-19,3.65,90
175859,21保利04,保利发展控股集团股份有限公司,7,AAA,02,2021-03-19,3.9,90
175860,21英大01,国网英大国际控股集团有限公司,3,AAA,02,2021-03-25,3.59,90
175861,甬交投03,宁波交通投资控股有限公司,2,AAA,02,2021-03-24,3.48,90
175862,21长集01,浙江长兴创新投资集团有限公司,5,AA+,02,2021-03-29,5.98,90
175863,21翔业01,厦门翔业集团有限公司,3,AAA,02,2021-03-24,3.7,90
175864,21国丰Y1,烟台国丰投资控股集团有限公司,,AAA,02,2021-03-25,4.08,90
175865,21国丰Y2,烟台国丰投资控股集团有限公司,,AAA,02,2021-03-25,4.51,90
175866,21抚州02,抚州市市属国有资产投资控股集团有限公司,5,AA+,02,2021-03-25,4.5,90
175869,21弘辉01,常州弘辉控股集团有限公司,5,AAA,02,2021-03-25,4.13,90
175870,21弘辉02,常州弘辉控股集团有限公司,5,AAA,02,2021-03-25,4.27,90
175871,21中证06,中信证券股份有限公司,10,AAA,02,2021-03-24,4.1,90
175872,21出版01,安徽出版集团有限责任公司,5,AA+,02,2021-03-25,3.99,90
175873,21星发01,长沙县星城发展集团有限公司,5,AA+,02,2021-03-22,4.18,90
175875,21湖州02,湖州市城市投资发展集团有限公司,5,AAA,02,2021-03-25,3.84,90
175876,21渝隆01,重庆渝隆资产经营(集团)有限公司,5,AA+,02,2021-03-26,4.49,90
175877,21智光G1,泰兴市智光环保科技有限公司,3,AA+,02,2021-09-28,6.7,90
175878,21建发Y1,厦门建发股份有限公司,,AAA,02,2021-04-01,4.37,90
175880,21甬投01,宁波开发投资集团有限公司,3,AAA,02,2021-03-25,3.76,90
175881,21中希01,中国希格玛有限公司,2,AA,02,2021-03-25,7.5,90
175882,21实业01,新疆广汇实业投资(集团)有限责任公司,3,AA+,02,2021-03-26,7.5,90
175883,GC天成02,华能天成融资租赁有限公司,3,AAA,02,2021-03-30,4.08,90
175884,21武金01,武汉金融控股(集团)有限公司,6,AAA,02,2021-03-26,4.16,90
175885,21象屿02,厦门象屿股份有限公司,3,AAA,02,2021-03-26,4,90
175886,21长发01,长沙城市发展集团有限公司,10,AAA,02,2021-03-30,4.9,90
175887,21长发02,长沙城市发展集团有限公司,5,AAA,02,2021-03-30,4.08,90
175888,21信地03,信达地产股份有限公司,5,AA+,02,2021-03-31,4.5,90
175889,21信地04,信达地产股份有限公司,5,AA+,02,2021-03-31,4.7,90
175890,21延长03,陕西延长石油(集团)有限责任公司,3,AAA,02,2021-03-30,3.8,90
175892,21诚通01,中国诚通控股集团有限公司,5,AAA,02,2021-03-26,3.78,90
175894,21信达01,信达证券股份有限公司,3,AAA,02,2021-03-29,3.7,90
175895,21世控02,上海地产投资有限公司,5,AAA,02,2021-04-02,3.63,90
175896,21鲁高Y1,山东高速集团有限公司,,AAA,02,2021-05-11,3.78,90
175898,21君创债,君创国际融资租赁有限公司,3,AAA,02,2021-04-02,5.3,90
175899,21轻盐01,湖南盐业集团有限公司,5,AA+,02,2021-03-30,4.6,90
175900,21远发01,中远海运发展股份有限公司,5,AAA,02,2021-04-01,3.99,90
175901,21安租Y1,平安国际融资租赁有限公司,,AAA,02,2021-04-14,5.2,90
175903,21绿城03,绿城房地产集团有限公司,5,AAA,02,2021-03-29,4.07,90
175905,21中金G3,中国国际金融股份有限公司,5,AAA,02,2021-03-30,3.51,90
175906,21中金G4,中国国际金融股份有限公司,10,AAA,02,2021-03-30,4.07,90
175907,21首置03,首创置业有限公司,5,AAA,02,2021-04-07,3.97,90
175909,21GLP05,普洛斯中国控股有限公司,3,AAA,02,2021-04-06,4.4,90
175911,21镇投G2,镇江国有投资控股集团有限公司,5,AA+,02,2021-04-27,6.3,90
175913,21唐新Y2,中国大唐集团新能源股份有限公司,,AAA,02,2021-04-19,3.84,90
175914,21东方01,浙江东方金融控股集团股份有限公司,3,AAA,02,2021-04-02,3.9,90
175915,21中财G1,中国中金财富证券有限公司,3,AAA,02,2021-04-01,3.44,90
175916,21中财G2,中国中金财富证券有限公司,5,AAA,02,2021-04-01,3.65,90
175917,21大宁01,上海大宁资产经营(集团)有限公司,7,AA+,02,2021-04-12,4.12,90
175918,21甬城01,宁波城建投资集团有限公司,5,AAA,02,2021-04-02,3.63,90
175919,21能投01,云南省能源投资集团有限公司,3,AAA,02,2021-04-12,5.5,90
175920,21苏新01,苏州新区高新技术产业股份有限公司,5,AAA,02,2021-04-08,3.85,90
175921,21宁开控,宁波经济技术开发区控股有限公司,5,AA+,02,2021-04-07,3.85,90
175922,21汽车01,广汇汽车服务集团股份公司,3,AA+,02,2021-04-02,7.45,90
175923,21浦土01,上海浦东土地控股(集团)有限公司,5,AAA,02,2021-04-15,3.6,90
175924,21龙川G1,扬州龙川控股集团有限责任公司,5,AA+,02,2021-04-06,4.97,90
175926,21深钜02,深圳市钜盛华股份有限公司,5,AA+,02,2021-04-02,7.5,90
175927,21珠投04,广东珠江投资股份有限公司,5,AA+,02,2021-04-01,7.5,90
175928,21安租03,平安国际融资租赁有限公司,4,AAA,02,2021-04-19,4.05,90
175930,21焦煤01,山西焦煤集团有限责任公司,3,AAA,02,2021-04-22,4.23,90
175931,21人居债,成都兴城人居地产投资集团股份有限公司,5,AAA,02,2021-04-09,4.27,90
175932,21唐租03,大唐融资租赁有限公司,3,AAA,02,2021-08-19,3.23,90
175933,21华远02,华远地产股份有限公司,3,AAA,02,2021-04-02,4.4,90
175934,21番雅01,广州番禺雅居乐房地产开发有限公司,3,AAA,02,2021-04-16,5.9,90
175935,GC机场01,首都机场集团有限公司,2,AAA,02,2021-04-12,3.3,90
175936,21大丰01,江苏盐城港大丰港开发集团有限公司,3,AA+,02,2021-04-08,6.5,90
175937,21乌房01,乌鲁木齐房地产开发(集团)有限公司,5,AA+,02,2021-04-27,5.3,90
175938,21奉通01,上海奉贤交通能源(集团)有限公司,5,AA+,02,2021-04-12,3.75,90
175939,21临债01,上海临港控股股份有限公司,4,AAA,02,2021-04-20,3.43,90
175940,21临债02,上海临港控股股份有限公司,5,AAA,02,2021-04-20,3.63,90
175941,21吉盐01,中盐吉兰泰盐化集团有限公司,5,AAA,02,2021-04-09,5.18,90
175943,21京投Y1,北京市基础设施投资有限公司,,AAA,02,2021-04-16,3.8,90
175944,21交房01,中交房地产集团有限公司,5,AAA,02,2021-04-12,3.85,90
175945,21金地03,金地(集团)股份有限公司,5,AAA,02,2021-04-13,3.91,90
175946,21金地04,金地(集团)股份有限公司,5,AAA,02,2021-04-13,4.3,90
175947,21复地01,复地(集团)股份有限公司,3,AAA,02,2021-04-09,4.95,90
175948,21南方01,南方水泥有限公司,3,AAA,02,2021-04-20,3.59,90
175949,21南方02,南方水泥有限公司,5,AAA,02,2021-04-20,3.92,90
175950,21凤凰01,江苏凤凰出版传媒集团有限公司,3,AAA,02,2021-04-16,3.64,90
175951,GC雅砻01,雅砻江流域水电开发有限公司,3,AAA,02,2021-04-16,3.55,90
175952,21舟交01,舟山交通投资集团有限公司,5,AA+,02,2021-04-15,4.6,90
175953,21诚通03,中国诚通控股集团有限公司,5,AAA,02,2021-04-15,3.75,90
175954,21诚通04,中国诚通控股集团有限公司,7,AAA,02,2021-04-15,4.05,90
175957,21龙盛03,浙江龙盛集团股份有限公司,2,AAA,02,2021-04-27,3.95,90
175958,21恒健01,广东恒健投资控股有限公司,3,AAA,02,2021-04-14,3.58,90
175959,21恒健02,广东恒健投资控股有限公司,5,AAA,02,2021-04-14,3.8,90
175960,21首农Y1,北京首农食品集团有限公司,,AAA,02,2021-04-19,3.93,90
175961,21国联G1,无锡市国联发展(集团)有限公司,3,AAA,02,2021-04-20,3.69,90
175962,21中化Y3,中国中化股份有限公司,,AAA,02,2021-04-16,3.5,90
175963,21中化Y4,中国中化股份有限公司,,AAA,02,2021-04-16,3.77,90
175964,21葛洲Y1,中国葛洲坝集团股份有限公司,,AAA,02,2021-04-14,3.8,90
175965,21国投01,国家开发投资集团有限公司,3,AAA,02,2021-04-15,3.52,90
175966,21国投02,国家开发投资集团有限公司,10,AAA,02,2021-04-15,3.96,90
175967,21厦贸Y1,厦门国贸集团股份有限公司,,AAA,02,2021-08-27,4.28,90
175969,21新师02,新疆生产建设兵团第十二师国有资产投资发展集团有限公司,5,AA+,02,2021-04-15,5.5,90
175970,21建集Y1,厦门建发集团有限公司,,AAA,02,2021-04-22,4.5,90
175971,21兴业02,兴业证券股份有限公司,2,AAA,02,2021-04-15,3.35,90
175972,21中证07,中信证券股份有限公司,10,AAA,02,2021-04-16,4.04,90
175973,21新钢01,新余钢铁集团有限公司,3,AA+,02,2021-04-27,5,90
175974,21恒健K1,广东恒健投资控股有限公司,3,AAA,02,2021-04-19,3.56,90
175975,21海通03,海通证券股份有限公司,3,AAA,02,2021-04-30,3.45,90
175979,G21深高1,深圳高速公路集团股份有限公司,5,AAA,02,2021-04-28,3.49,90
175980,甬交投04,宁波交通投资集团有限公司,5,AAA,02,2021-04-26,3.84,90
175981,甬交投05,宁波交通投资集团有限公司,10,AAA,02,2021-04-26,4.18,90
175982,21鲁高02,山东高速集团有限公司,10,AAA,02,2021-04-20,4.08,90
175983,21皖投02,安徽省投资集团控股有限公司,3,AAA,02,2021-04-19,3.6,90
175984,21国科01,中国科学院控股有限公司,5,AAA,02,2021-04-23,3.65,90
175985,21国投电,国投电力控股股份有限公司,5,AAA,02,2021-04-21,3.7,90
175986,21财金02,山东省财金投资集团有限公司,5,AAA,02,2021-04-21,3.75,90
175987,21国君G1,国泰君安证券股份有限公司,3,AAA,02,2021-04-20,3.46,90
175988,21国君G2,国泰海通证券股份有限公司,5,AAA,02,2021-04-20,3.75,90
175989,21皖新01,安徽新华发行(集团)控股有限公司,5,AA+,02,2021-04-28,4.48,90
175991,国电投02,国家电力投资集团有限公司,2,AAA,02,2021-04-19,3.29,90
175992,21财信02,湖南财信投资控股有限责任公司,5,AAA,02,2021-04-19,3.83,90
175995,21宝龙02,上海宝龙实业发展(集团)有限公司,7,AA+,02,2021-04-23,6.5,90
175996,21赣交02,江西省交通投资集团有限责任公司,5,AAA,02,2021-04-22,3.76,90
175997,21苏交01,江苏交通控股有限公司,3,AAA,02,2021-04-22,3.46,90
175998,21龙投01,龙岩投资发展集团有限公司,3,,02,2021-07-13,5.1,90
175999,21蓉高02,成都高新投资集团有限公司,10,AAA,02,2021-04-29,4.17,90
184001,21宜高投,宜昌高新投资开发有限公司,5,AA+,03,2021-08-31,4.3,30
184002,21龙山债,龙山县城市建设投资开发集团有限公司,7,AAA,03,2021-08-18,6.5,30
184003,21同安01,同安控股有限责任公司,7,AA+,03,2021-08-20,3.95,30
184004,21空港债,成都空港兴城投资集团有限公司,7,AA+,03,2021-08-27,4.38,30
184005,21建安01,建安投资控股集团有限公司,10,AA+,03,2021-08-24,4.8,30
184006,21蓝海01,威海市文登区蓝海投资开发有限公司,7,AAA,03,2021-08-26,5,30
184007,21新城02,新昌县城市建设投资集团有限公司,7,AA+,03,2021-08-31,5.1,30
184008,21新专02,新余市城市建设投资开发有限公司,7,AA,03,2021-08-30,4.88,0
184009,21安经01,安庆经济技术开发区建设投资集团有限公司,7,AA+,03,2021-09-02,6,30
184010,21冶城02,湖北荆楚投资发展有限公司,7,AA+,03,2021-08-31,6.2,30
184011,21黄岩01,台州市黄岩国有资本投资运营集团有限公司,7,AA+,03,2021-08-31,4.45,30
184012,21天轨01,天津轨道交通集团有限公司,3,AAA,03,2021-08-31,4.83,30
184013,21鄂交Y2,湖北交通投资集团有限公司,,AAA,03,2021-08-31,3.43,30
184014,21瑞丽债,瑞丽仁隆投资开发有限责任公司,7,AA,03,2021-09-17,7.6,30
184015,21东坡一,眉山市东坡发展投资有限公司,7,AAA,03,2021-09-30,6,0
184016,21东坡二,眉山市东坡发展投资有限公司,7,AAA,03,2021-09-30,6.09,0
184017,21随高01,随州现代产投实业控股集团有限公司,7,AA,03,2021-09-07,6.5,30
184018,21新盛01,徐州市新盛投资控股集团有限公司,7,AAA,03,2021-09-13,3.68,30
184019,21苏港01,江苏省港口集团有限公司,6,AAA,03,2021-09-09,3.2,30
184020,21富湾04,杭州富春湾新城建设投资集团有限公司,7,AA+,03,2021-09-10,4.54,30
184021,G21抚州2,抚州市市属国有资产投资控股集团有限公司,7,AA+,03,2021-09-02,4.41,0
184022,G21长兴1,长兴城市建设投资集团有限公司,7,AA+,03,2021-09-07,4.95,0
184023,G21长轨1,长春市轨道交通集团有限公司,10,AA+,03,2021-09-30,6,0
184024,21许昌债,许昌市投资集团有限公司,4,AA+,03,2021-09-07,4.07,0
184025,21龙港02,龙港市国有资本运营集团有限公司,7,AAA,03,2021-09-09,4.2,0
184026,21瓯海01,浙江瓯海产业投资集团有限公司,7,AA+,03,2021-09-07,4.41,30
184027,21德联01,德清联创科技新城建设有限公司,7,AAA,03,2021-09-13,4.23,30
184028,21广益02,成都东方广益投资有限公司,7,AAA,03,2021-09-09,4.43,30
184029,21广益03,成都东方广益投资有限公司,7,AA+,03,2021-12-16,4.88,30
184030,21南充01,南充临江东方投资集团有限公司,7,AA,03,2021-09-07,6.9,0
184031,21肥西02,肥西县城乡建设投资(集团)有限公司,7,AA+,03,2021-09-13,4,30
184032,21国贸01,厦门国贸控股集团有限公司,5,AAA,03,2021-09-07,4.2,30
184033,21彭国01,成都濛江投资集团有限公司,7,AAA,03,2021-09-07,4.9,30
184034,21鄂交01,湖北交通投资集团有限公司,5,AAA,03,2021-09-10,3.62,30
184035,21宜旅01,宜兴市城建文旅集团有限公司,7,AA+,03,2021-09-30,4.33,0
184036,21尖山02,海宁市尖山新区开发有限公司,7,AA+,03,2021-09-13,4.43,30
184037,G21龙债1,龙口市城乡建设投资发展有限公司,7,AA+,03,2021-09-07,4.93,0
184038,21高投02,新昌县高新园区投资集团有限公司,7,AA+,03,2021-09-13,4.9,30
184039,21乌城01,乌鲁木齐城市建设投资(集团)有限公司,10,AAA,03,2021-09-16,3.64,30
184040,21光明一,光明食品(集团)有限公司,3,AAA,03,2021-09-07,3.16,30
184041,G21扬化1,扬州新材料投资集团有限公司,7,AAA,03,2021-09-09,4.4,0
184042,21江北02,南京江北新区产业投资集团有限公司,7,AAA,03,2021-09-13,3.26,30
184043,21江北03,南京江北新区产业投资集团有限公司,7,AAA,03,2021-09-17,3.98,30
184044,21枣投01,枣阳市城市建设投资经营有限公司,7,AAA,03,2021-09-17,4.95,30
184045,21昆城02,昆山城市建设投资发展集团有限公司,7,AAA,03,2021-09-17,3.78,30
184046,21开州02,濮阳开州投资集团有限公司,7,AAA,03,2021-09-29,6.99,30
184047,21申太02,湖州申太建设发展有限公司,7,AA+,03,2021-09-23,5.2,30
184048,21龙山02,龙山县城市建设投资开发集团有限公司,7,AAA,03,2021-09-17,6.5,30
184049,21山能01,山东能源集团有限公司,3,AAA,03,2021-09-17,3.39,30
184050,21山能02,山东能源集团有限公司,5,AAA,03,2021-09-17,4.04,30
184052,21瑞安01,瑞安市国有资产投资集团有限公司,7,AA+,03,2021-09-28,3.98,30
184053,21遂天01,遂宁市天泰实业有限责任公司,7,AAA,03,2021-10-11,6.5,0
184054,21蓉产02,成都产业投资集团有限公司,5,AAA,03,2021-09-28,3.37,30
184055,21苏元01,苏州元禾控股股份有限公司,5,AAA,03,2021-09-30,4.08,30
184056,21赣城债,赣州城市开发投资集团有限责任公司,7,AA+,03,2021-09-30,4.96,30
184057,21同安02,同安控股有限责任公司,7,AA+,03,2021-09-27,4.17,30
184058,21醴高01,醴陵市高新技术产业发展集团有限公司,7,AAA,03,2021-10-11,6.7,30
184059,21泰兴债,泰兴市成兴国有资产经营投资有限公司,4,AA+,03,2021-10-18,6.8,0
184060,G21城建2,南通城市建设集团有限公司,7,AAA,03,2021-09-30,3.9,0
184061,21湘速02,湖南省高速公路集团有限公司,5,AAA,03,2021-11-05,3.77,30
184062,21长轨01,长沙市轨道交通集团有限公司,10,AAA,03,2021-10-18,3.95,30
184063,21嘉科01,嘉兴科技城投资发展集团有限公司,7,AA+,03,2021-09-29,3.6,30
184064,21湖城投,湖州市城市投资发展集团有限公司,7,AA+,03,2021-09-30,3.98,30
184065,21周口02,周口市城建投资发展有限公司,5,AA+,03,2021-09-30,5,0
184066,21天投02,成都天府新区投资集团有限公司,10,AAA,03,2021-09-30,3.9,30
184067,21双桥01,重庆市双桥经济技术开发区开发投资集团有限公司,7,AAA,03,2021-11-05,7.1,30
184068,21鄂科02,湖北省科技投资集团有限公司,10,AAA,03,2021-09-30,3.99,30
184069,21蓝海02,威海市文登区蓝海投资开发有限公司,7,AAA,03,2021-09-30,5.4,30
184070,21通资01,重庆市通达投资有限公司,7,AAA,03,2021-10-12,6.5,30
184071,21钟瑞祥,湖北钟瑞祥产业投资集团有限公司,7,AAA,03,2021-10-14,5.28,30
184072,21台州01,台州市国有资本运营集团有限公司,10,AAA,03,2021-10-18,3.75,30
184073,21金华债,金华市城市建设投资集团有限公司,7,AA+,03,2021-10-14,3.9,30
184074,21桐控债,桐庐县国有资本投资运营控股集团有限公司,7,AA,03,2021-10-13,4.78,0
184075,21金湖03,金湖县国控城市建设发展集团有限公司,7,AA+,03,2021-10-14,6.27,30
184076,21南雄02,南雄市国有资产投资有限责任公司,7,AAA,03,2021-10-26,4.48,30
184077,21龙川债,扬州龙川控股集团有限责任公司,4,AA+,03,2021-12-28,4.28,0
184078,21沪地02,上海地产(集团)有限公司,3,AAA,03,2021-10-13,3.2,30
184079,21沪地03,上海地产(集团)有限公司,5,AAA,03,2021-10-13,3.6,30
184080,21城乡债,济宁城乡振兴开发建设有限公司,7,AAA,03,2021-10-13,4.3,30
184081,21云新债,云浮市云新投资控股有限公司,7,AAA,03,2021-10-12,4.36,30
184082,21汉江03,汉江国有资本投资集团有限公司,7,AAA,03,2021-10-14,4.09,30
184083,21申太03,湖州申太建设发展有限公司,7,AA+,03,2021-10-18,5.15,30
184084,21滨建01,潍坊滨城建设集团有限公司,7,AA,03,2021-10-19,7,30
184085,21砀山01,砀山县建设投资有限公司,7,AAA,03,2021-10-25,5.7,30
184086,21宜宾02,宜宾发展控股集团有限公司,8,AAA,03,2021-10-28,3.84,30
184087,21山能03,山东能源集团有限公司,3,AAA,03,2021-10-22,3.66,30
184088,21山能04,山东能源集团有限公司,5,AAA,03,2021-10-22,4.24,30
184089,G21新沂,新沂市城市投资发展集团有限公司,7,AAA,03,2021-10-28,4.76,0
184090,21景陶债,景德镇陶文旅控股集团有限公司,7,AA+,03,2021-10-28,6.5,30
184091,21首集02,北京首都创业集团有限公司,3,AAA,03,2021-10-29,3.6,30
184092,G21富源,遂宁市富源实业有限公司,7,AA,03,2021-10-29,7.5,0
184093,21平果债,广西平果市城市建设投资有限责任公司,7,AAA,03,2021-11-05,7.5,30
184094,21两山01,重庆两山建设投资集团有限公司,7,AA+,03,2021-11-15,4.4,30
184095,G21扬新2,扬州新材料投资集团有限公司,7,AA+,03,2021-11-05,5.5,0
184096,21桂北02,广西北部湾投资集团有限公司,5,AAA,03,2021-11-08,3.8,30
184097,21六安债,安徽六安新城建设投资有限公司,7,AAA,03,2021-11-08,4.77,30
184098,G21西轨1,西安市轨道交通集团有限公司,5,AAA,03,2021-11-10,3.65,0
184099,21金投债,成都市金牛国有资产投资经营集团有限公司,7,AA+,03,2021-11-08,3.79,30
184100,21临经01,临沂经济开发区城市建设投资有限公司,7,AA,03,2021-11-08,7,30
184101,21淄博05,淄博市城市资产运营集团有限公司,7,AAA,03,2021-11-22,3.95,30
184102,21仙桃债,仙桃市城市建设投资开发有限公司,7,AAA,03,2021-11-15,4.57,30
184103,21仁怀债,仁怀市城市开发建设投资经营有限责任公司,7,AA+,03,2021-11-08,6.8,30
184104,21天轨02,天津轨道交通集团有限公司,3,AAA,03,2021-11-08,4.64,30
184105,G21长金2,浙江长兴创新投资集团有限公司,7,AAA,03,2021-11-11,4.75,0
184107,21厦居02,厦门安居集团有限公司,9,AAA,03,2021-11-15,3.27,30
184108,21福能01,福建省能源集团有限责任公司,5,AAA,03,2021-11-16,3.46,30
184109,21开泰01,如东县开泰城建投资有限公司,5,AAA,03,2021-12-07,3.92,0
184110,21桃源02,桃源县城市建设投资开发有限公司,7,AAA,03,2021-11-24,7,30
184112,21聚鑫02,十堰聚鑫国有资本投资运营集团有限公司,7,AAA,03,2021-11-24,3.97,30
184113,21西海01,青岛西海岸新区海洋控股集团有限公司,10,AAA,03,2021-11-16,3.45,30
184114,21云发01,株洲市云龙发展投资控股集团有限公司,7,AA+,03,2021-11-18,6.5,30
184115,21两江04,重庆两江新区开发投资集团有限公司,3,AAA,03,2021-11-16,3.18,30
184116,21闽资01,福建省国有资产管理有限公司,10,AA+,03,2021-11-23,4.3,30
184117,21贵港债,广西贵港市城市投资发展集团有限公司,7,AA,03,2021-11-22,7.2,30
184118,21祁投01,湖南祁阳经济开发区建设投资有限公司,7,AAA,03,2021-11-22,6.6,30
184119,21丽城01,丽水市城市建设投资集团有限公司,7,AA+,03,2021-11-24,3.91,30
184120,21嘉滨02,嘉兴滨海控股集团有限公司,7,AA+,03,2021-11-26,4.2,30
184121,21伊川债,伊川财源实业投资有限责任公司,7,AAA,03,2021-11-25,6.3,0
184123,21龙廷01,重庆市铜梁区龙廷城市开发建设有限公司,7,AAA,03,2021-11-29,6.5,30
184124,G21宜控1,宜昌城市发展投资集团有限公司,15,AA+,03,2021-12-03,3.85,30
184125,21宁国债,宁国市国有资产投资运营有限公司,5,AAA,03,2021-12-29,4,-170
184126,21攸停01,湖南省攸州投资发展集团有限公司,7,AA+,03,2021-12-28,6.5,0
184127,21苏高投,江苏高科技投资集团有限公司,7,AAA,03,2021-12-06,3.36,30
184128,21贵高01,贵州高科城市开发集团股份有限公司,7,AA,03,2021-12-03,7.5,0
184129,21蓝海03,威海市文登区蓝海投资开发有限公司,7,AAA,03,2021-12-03,6,30
184130,21日港01,山东港口日照港集团有限公司,5,AAA,03,2021-12-02,3.53,30
184131,21温江债,成都温江兴蓉西城市运营集团有限公司,7,AA+,03,2021-12-13,4.5,0
184132,21父城01,平顶山父城文化产业发展投资有限公司,7,AAA,03,2021-12-22,7,0
184133,21株金02,株洲金城投资控股集团有限公司,7,AAA,03,2021-12-06,6.5,30
184134,21东宝债,荆门市东宝区城乡建设投资有限公司,7,AAA,03,2021-12-06,6.5,30
184135,21苏投债,苏州市相城国有资本投资有限公司,7,AA+,03,2021-12-06,4,30
184136,21洪山01,武汉洪山城市建设投资有限公司,7,AA+,03,2021-12-14,3.65,30
184137,21淄金01,淄博金财公有资产经营有限公司,7,AA+,03,2021-12-07,6.3,30
184138,21天易08,湖南天易集团有限公司,7,AA+,03,2021-12-02,5.5,30
184139,21吴中债,江苏省吴中经济技术发展集团有限公司,5,AA+,03,2021-12-08,3.9,30
184140,21徐新债,徐州高新产业发展投资有限公司,7,AAA,03,2021-12-08,3.92,30
184141,21灌江债,响水县灌江新城建设发展有限公司,7,AAA,03,2021-12-07,6.1,30
184142,21桐庐01,桐庐新城发展投资有限公司,7,AA,03,2021-12-09,4.88,30
184143,21闽高02,福建省高速公路集团有限公司,10,AAA,03,2021-12-28,3.72,30
184144,21高邮G1,高邮市城市建设投资集团有限公司,7,AAA,03,2021-12-09,3.9,30
184145,21鑫源债,当阳市鑫源投资开发有限责任公司,5,AAA,03,2021-12-24,6,30
184146,21京保01,北京保障房中心有限公司,20,AAA,03,2021-12-13,3.43,30
184147,21黔交投,黔东南州交通旅游建设投资(集团)有限责任公司,7,AA,03,2021-12-20,5.8,30
184148,21汇微01,龙岩文旅汇金发展集团有限公司,5,AA+,03,2021-12-08,3.88,0
184149,21曲水01,江苏曲水园城镇化建设投资有限公司,7,AA+,03,2021-12-14,6.5,30
184150,21鑫达01,桃源县鑫达交通建设有限责任公司,7,AAA,03,2021-12-23,6.6,30
184151,21昌控02,南昌市产业投资集团有限公司,7,AAA,03,2021-12-13,3.84,30
184152,21阳新02,阳新县城镇建设投资开发有限公司,7,AAA,03,2021-12-28,6.36,0
184153,G21粤环1,广东省环保集团有限公司,7,AAA,03,2021-12-22,3.55,0
184154,21株国债,株洲市国有资产投资控股集团有限公司,7,AA+,03,2021-12-27,6,-170
184155,21张家界,张家界市经济发展投资集团有限公司,7,AA,03,2021-12-17,7.5,0
184156,21桂交03,广西交通投资集团有限公司,5,AAA,03,2021-12-23,3.45,30
184157,21扬庆02,扬州庆和瑞投资建设有限公司,7,AAA,03,2021-12-22,3.57,30
184158,21兴城债,成都空港兴城投资集团有限公司,7,AA+,03,2021-12-23,4.02,30
184159,21开达01,遂宁开达投资有限公司,7,AA,03,2021-12-16,7.5,30
184160,21延新投,延安市新区投资开发建设有限公司,7,AAA,03,2021-12-29,6.5,0
184161,21秦投01,四川秦巴新城投资集团有限公司,7,AA,03,2021-12-22,7,30
184163,21咸高微,咸宁高新投资集团有限公司,4,AAA,03,2022-01-11,5.25,0
184164,21惠通04,重庆市永川区惠通建设发展有限公司,7,AA+,03,2021-12-24,4.9,0
184165,G21达资,达州市高新科创有限公司,7,AA+,03,2021-12-24,5.85,0
184166,21西高02,西安高新控股有限公司,7,AAA,03,2021-12-29,5.97,30
184167,21武投02,武汉市城市建设投资开发集团有限公司,15,AAA,03,2021-12-28,3.79,30
184168,21诸投01,诸城市龙城建设投资集团有限公司,7,AAA,03,2021-12-29,4.2,30
184169,21诸投02,诸城市龙城建设投资集团有限公司,7,AAA,03,2021-12-29,4.2,30
184170,21皖交02,安徽省交通控股集团有限公司,5,AAA,03,2021-12-27,3.34,30
184171,21利民债,安徽利民投资控股(集团)有限公司,7,AAA,03,2022-01-10,5.36,30
184172,21锦城债,成都锦城光华投资集团有限公司,7,AAA,03,2021-12-29,5.2,30
184173,21江经债,南京江宁经济技术开发集团有限公司,5,AAA,03,2021-12-31,3.94,0
184174,21宜宾03,宜宾发展控股集团有限公司,8,AAA,03,2022-01-07,3.45,30
184175,21浏城03,浏阳市城市建设集团有限公司,7,AA+,03,2021-12-31,4.08,0
184176,21杭运01,杭州市运河综合保护开发建设集团有限责任公司,7,AA+,03,2022-01-11,3.25,0
184177,21宁控01,宁海县国有资产投资控股集团有限公司,7,AA+,03,2021-12-31,4.03,30
184178,21冶新01,湖北大冶湖高新技术产业投资有限公司,5,AAA,03,2021-12-31,3.79,0
184179,21汉江04,汉江国有资本投资集团有限公司,3,AAA,03,2021-12-31,3.28,30
184180,G21虞资2,绍兴市上虞区国有资本投资运营有限公司,10,AA+,03,2022-01-06,3.88,0
184181,G21西轨2,西安市轨道交通集团有限公司,5,AAA,03,2022-01-11,3.5,0
184182,21龙马02,泰州市龙马建设发展有限公司,7,AA+,03,2022-01-11,5.49,30
184183,21和县债,和县城市建设投资有限责任公司,7,AAA,03,2022-01-12,4.3,30
184184,21益高债,益阳高新产业发展投资集团有限公司,7,AAA,03,2022-01-06,6,30
184185,21成华01,成都成华国资经营投资有限责任公司,7,AA+,03,2022-01-07,4.2,30
184186,21江油债,江油鸿飞投资(集团)有限公司,7,AAA,03,2021-12-31,6.5,30
184187,22临港债,泸州临港投资集团有限公司,7,AAA,03,2022-02-16,6,30
184188,21邹城03,邹城市城资控股集团有限公司,7,AA+,03,2022-01-11,6.5,30
184189,21内小微,内江投资控股集团有限公司,5,AA,03,2022-01-18,7.5,0
184190,21应城01,应城市蒲阳开发投资有限公司,5,AAA,03,2022-01-12,5,0
184191,22淮北01,淮北市建投控股集团有限公司,4,AAA,03,2022-01-14,3.63,0
184192,21渝城投,重庆市城市建设投资(集团)有限公司,10,AAA,03,2022-01-10,3.2,30
184193,22蓉高G1,成都高新投资集团有限公司,10,AAA,03,2022-01-20,3.47,30
184194,22新锦01,杭州市临安区新锦产业发展集团有限公司,7,AA+,03,2022-01-18,3.3,30
184195,22东台债,东台市国有资产经营集团有限公司,7,AAA,03,2022-01-21,3.97,30
184196,22首基01,北京首钢基金有限公司,5,AAA,03,2022-02-14,3.15,30
184197,22嘉科01,嘉兴科技城投资发展集团有限公司,7,AA+,03,2022-01-20,3.85,30
184198,22绿色01,阿克苏地区绿色实业开发集团有限公司,10,AA+,03,2022-01-21,4.5,0
184199,22荣成债,荣成市城建投资开发有限公司,7,AAA,03,2022-01-27,5.5,30
184201,22沪地01,上海地产(集团)有限公司,5,AAA,03,2022-03-15,3.55,30
184202,22冶园01,江苏扬子江国际冶金工业园资产经营有限公司,7,AAA,03,2022-01-27,3.32,30
184203,22金发01,湖南金阳新城建设发展集团有限公司,7,AA+,03,2022-01-25,5.06,0
184204,22黄石01,黄石市城市发展投资集团有限公司,7,AA+,03,2022-05-05,4.12,30
184205,22雨花01,长沙市雨花城市建设投资集团有限公司,7,AAA,03,2022-01-27,3.45,30
184206,22雨花02,长沙市雨花城市建设投资集团有限公司,7,AA+,03,2022-01-26,5,30
184207,22天府01,成都天府水城城乡水务建设有限公司,7,AA,03,2022-02-07,7,0
184208,22黔开01,黔东南州开发投资(集团)有限责任公司,7,AA,03,2022-02-07,8,30
184209,22云发01,株洲市云龙发展投资控股集团有限公司,7,AAA,03,2022-01-28,6.3,30
184210,22肥西01,肥西县城乡建设投资(集团)有限公司,7,AA+,03,2022-02-07,3.68,30
184211,22天盈债,四川天盈实业有限责任公司,7,AA,03,2022-02-07,7.5,30
184212,22金松债,湖北松滋金松投资控股集团有限公司,5,AAA,03,2022-02-09,5.3,30
184213,22岳建02,岳阳市城市建设投资集团有限公司,7,AA+,03,2022-02-10,4.13,0
184214,22惠华债,岳阳惠华城市投资发展集团有限公司,7,AAA,03,2022-02-07,5.95,30
184215,22山高01,山东高速集团有限公司,5,AAA,03,2022-02-07,2.94,30
184216,22山高02,山东高速集团有限公司,10,AAA,03,2022-02-07,3.64,30
184217,22中宸01,杭州中宸城镇建设有限公司,7,AA+,03,2022-02-07,3.45,30
184218,22滨江01,南京滨江投资发展有限公司,7,AA+,03,2022-02-07,4.2,30
184219,22金阳01,湖南金阳投资集团有限公司,7,AA+,03,2022-02-09,5.1,30
184220,22东阳01,东阳市国有资产投资有限公司,7,AA+,03,2022-02-08,3.64,30
184221,22邮发01,高邮市经发投资有限公司,7,AAA,03,2022-02-07,3.78,30
184222,22秦投01,四川秦巴新城投资集团有限公司,7,AA,03,2022-02-08,7,30
184223,22湘江01,湖南湘江新区发展集团有限公司,10,AAA,03,2022-02-08,3.41,30
184224,G22长金1,浙江长兴创新投资集团有限公司,7,AAA,03,2022-02-10,4.6,0
184225,G22长金2,浙江长兴创新投资集团有限公司,7,AAA,03,2022-02-10,4.75,0
184226,22遂平01,遂平县开源投资有限公司,7,AAA,03,2022-02-07,6.8,30
184227,22任城01,山东任城融鑫发展有限公司,7,AAA,03,2022-02-10,3.97,30
184228,22郎川债,安徽郎川控股集团有限公司,7,AAA,03,2022-02-10,3.75,30
184229,22乐高债,乐山高新投资发展(集团)有限公司,7,AAA,03,2022-02-10,5.98,30
184230,22常专01,常山县城市投资集团有限公司,7,AAA,03,2022-02-16,3.68,30
184231,22温港城,温州港城发展有限公司,5,AA+,03,2022-03-01,3.8,30
184232,22东宝债,荆门市东宝区城乡建设投资有限公司,7,AAA,03,2022-02-08,5.98,30
184233,22桐庐01,桐庐新城发展投资有限公司,7,AA,03,2022-02-15,4.69,30
184234,22晋建01,山西建设投资集团有限公司,5,AAA,03,2022-02-09,3.76,30
184235,22进贤01,进贤城市建设投资发展集团有限公司,7,AA+,03,2022-02-15,6.4,0
184236,22饶资01,上饶市国有资产经营集团有限公司,7,AA+,03,2022-02-10,4.78,0
184237,22进贤02,进贤城市建设投资发展集团有限公司,7,AA+,03,2022-02-15,6.5,0
184238,22安城01,安吉县城西北开发有限公司,7,AA+,03,2022-02-15,5.4,30
184239,22句容债,句容市城市建设投资有限责任公司,5,AAA,03,2022-02-28,3.82,30
184240,22丹高新,丹阳市开发区高新技术产业发展有限公司,5,AAA,03,2022-03-01,3.95,30
184242,22东津02,襄阳东津国有资本投资集团有限公司,3,AAA,03,2022-03-02,3.91,30
184243,22扬中债,扬中市交通投资发展有限公司,7,AAA,03,2022-02-28,3.98,30
184244,22乌发01,乌鲁木齐经济技术开发区建发国有资本投资运营(集团)有限公司,7,AA+,03,2022-03-02,5.5,30
184245,22宏利债,青州市宏利水务有限公司,7,AA+,03,2022-02-28,6.8,30
184246,22黄冈01,黄冈新区投资开发有限公司,7,AAA,03,2022-03-04,4.5,30
184247,22渝合债,重庆市合川城市建设投资(集团)有限公司,7,AA+,03,2022-02-28,5.5,30
184248,22临空01,重庆临空开发投资集团有限公司,7,AA+,03,2022-03-04,4.07,30
184249,G22马慈,马鞍山慈湖高新技术产业开发区投资发展有限公司,7,AAA,03,2022-03-02,3.87,0
184250,22宁东01,宁海宁东新城开发投资有限公司,7,AA+,03,2022-03-17,4.2,30
184251,22金投债,成都市金牛国有资产投资经营集团有限公司,7,AA+,03,2022-03-04,3.35,30
184252,22海发01,江苏海州发展集团有限公司,7,AAA,03,2022-03-04,3.85,30
184253,22柔刚债,遂宁柔刚投资集团有限公司,7,AA,03,2022-03-04,7.8,30
184254,22简发债,简阳发展(控股)有限公司,7,AAA,03,2022-03-08,5.5,30
184255,22枣投01,枣阳市城市建设投资经营有限公司,7,AAA,03,2022-03-10,4.3,30
184256,22桂城01,桂阳县城市建设投资有限公司,6,AAA,03,2022-03-08,6,30
184257,22惠通01,重庆市永川区惠通建设发展有限公司,7,AA+,03,2022-03-07,4.1,0
184258,22空港01,成都空港兴城投资集团有限公司,7,AA+,03,2022-03-10,3.77,30
184259,22溧开债,南京溧水经济技术开发集团有限公司,7,AAA,03,2022-03-25,3.85,30
184260,22厦居01,厦门安居集团有限公司,9,AAA,03,2022-03-07,3.1,30
184261,22金交债,常州市金坛区交通产业集团有限公司,7,AAA,03,2022-03-17,3.9,30
184262,22青州债,青州市城市建设投资开发有限公司,5,AAA,03,2022-03-08,3.95,30
184263,22长兴01,长兴交通投资集团有限公司,10,AA+,03,2022-03-10,4.96,30
184264,22浏城01,浏阳市城市建设集团有限公司,7,AA+,03,2022-03-10,3.87,30
184265,22泰发01,泰安市城市发展投资有限公司,7,AA+,03,2022-03-17,4.17,30
184266,G22兴海2,江苏兴海控股集团有限公司,7,AA+,03,2022-04-01,6.5,0
184267,G22龙债1,龙口市城乡建设投资发展有限公司,7,AA+,03,2022-03-15,4.15,0
184268,G22兴海1,江苏兴海控股集团有限公司,7,AAA,03,2022-03-17,4.15,0
184269,22南水债,南昌市交通投资集团有限公司,7,AA+,03,2022-03-15,3.96,30
184270,22惠文01,重庆市南川区惠农文化旅游发展集团有限公司,7,AA,03,2022-03-10,7,0
184271,22两江01,重庆两江新区开发投资集团有限公司,5,AAA,03,2022-03-21,3.73,30
184272,22磁湖债,黄石磁湖高新科技发展有限公司,7,AA+,03,2022-03-25,6.5,30
184273,22无为债,无为市城市建设投资有限公司,7,AAA,03,2022-03-21,4,30
184274,22邵东01,湖南邵东生态产业园开发建设投资有限责任公司,7,AAA,03,2022-03-18,5.78,0
184275,22邵东02,湖南邵东生态产业园开发建设投资有限责任公司,7,AA+,03,2022-03-17,6.7,0
184276,22仁微债,仁寿发展投资集团有限公司,5,AAA,03,2022-03-15,5.79,0
184277,G22航建,西安航空城建设发展(集团)有限公司,7,AAA,03,2022-03-17,5.33,0
184278,22新沂01,新沂市交通投资有限公司,7,AAA,03,2022-03-22,4.19,30
184279,22桂交01,广西交通投资集团有限公司,5,AAA,03,2022-04-07,3.5,30
184280,22绿色02,阿克苏地区绿色实业开发集团有限公司,10,AA+,03,2022-03-21,4.48,0
184281,22嘉鱼01,嘉鱼县城镇建设投资有限公司,7,AAA,03,2022-03-21,5.89,30
184282,22光谷东,湖北光谷东国有资本投资运营集团有限公司,7,AAA,03,2022-03-21,5.3,30
184283,22上饶01,上饶投资控股集团有限公司,5,AAA,03,2022-04-14,4,30
184284,22黄石02,黄石市城市发展投资集团有限公司,7,AA+,03,2022-03-24,4.5,30
184285,22瀛洲债,江苏瀛洲发展集团有限公司,7,AA+,03,2022-03-30,5.2,30
184286,22黄岩01,台州市黄岩国有资本投资运营集团有限公司,7,AA+,03,2022-03-22,4.05,30
184287,22宁沩01,宁乡市沩东新城文化旅游投资有限公司,7,AAA,03,2022-03-24,6,0
184288,22天易01,湖南天易集团有限公司,7,AA+,03,2022-03-21,6.5,30
184289,22丰小微,丰城发展投资控股集团有限公司,5,AA+,03,2022-03-29,4.5,0
184290,22景陶债,景德镇陶文旅控股集团有限公司,7,AA+,03,2022-03-28,6.65,30
184291,22宜春01,宜春交通投资集团有限公司,7,AA+,03,2022-03-30,4.45,30
184292,22嵊南债,嵊州市城南建设投资有限公司,7,AA+,03,2022-03-29,4.25,30
184293,22浦集03,上海浦东发展(集团)有限公司,5,AAA,03,2022-04-25,2.99,30
184294,22父城01,平顶山父城文化产业发展投资有限公司,7,AAA,03,2022-04-01,6.7,0
184295,22水集01,水发集团有限公司,5,AAA,03,2022-03-24,5.6,30
184296,G22长兴1,长兴城市建设投资集团有限公司,7,AA+,03,2022-03-30,4.59,0
184297,22新梁02,重庆新梁产城建设发展有限公司,7,AAA,03,2022-03-24,6.5,30
184298,22温城01,温州市城市建设发展集团有限公司,10,AAA,03,2022-05-10,4.28,30
184299,22相高01,苏州相城高新技术产业发展有限公司,7,AA+,03,2022-04-06,4.13,30
184300,22建安05,建安投资控股集团有限公司,7,AA+,03,2022-04-21,4.39,30
184301,22甬滨债,宁波滨江新城开发投资有限公司,7,AA+,03,2022-04-07,4,30
184302,22即墨G1,青岛市即墨区城市开发投资有限公司,7,AA+,03,2022-03-29,4.24,30
184303,22投控01,嵊州市投资控股有限公司,7,AA+,03,2022-04-07,3.8,30
184304,22贵经01,贵阳经济开发区城市建设投资(集团)股份有限公司,7,AA,03,2022-05-05,7.5,30
184305,22建开01,建湖县开发区建设投资有限公司,7,AAA,03,2022-04-07,4.26,30
184306,22屏山债,屏山县恒源投资集团有限公司,7,AAA,03,2022-04-08,7.5,30
184307,22陕旅01,陕西旅游集团有限公司,7,AAA,03,2022-03-30,4.07,30
184308,22高邮G1,高邮市城市建设投资集团有限公司,7,AAA,03,2022-03-31,3.88,30
184309,22迈瑞债,重庆迈瑞城市建设投资有限责任公司,5,AA+,03,2022-03-31,5,30
184310,22绵经01,绵阳经开投资控股集团有限公司,5,AA,03,2022-04-07,6.9,0
184311,22山高03,山东高速集团有限公司,5,AAA,03,2022-04-25,3.05,30
184312,22浏交01,浏阳市交通建设投资有限公司,7,AAA,03,2022-04-01,3.95,30
184313,22乐交01,乐山交通投资发展(集团)有限公司,7,AAA,03,2022-03-31,4.88,30
184314,22龙经01,龙岩经济发展集团有限公司,5,AA,03,2022-05-09,4.5,30
184315,22新师01,新疆生产建设兵团第十二师国有资产投资发展集团有限公司,7,AA+,03,2022-04-14,4,30
184316,22崇川债,南通市崇川国有资产经营控股(集团)有限公司,7,AA+,03,2022-04-19,4.12,30
184317,22昌乐01,昌乐县新城发展有限公司,7,AA+,03,2022-04-07,6.5,0
184318,22西港01,西安港实业有限公司,7,AA+,03,2022-04-08,5.8,30
184319,22缙云01,缙云县国有资产投资经营集团有限公司,7,AA,03,2022-04-07,4.19,30
184320,22建安04,建安投资控股集团有限公司,7,AAA,03,2022-04-19,3.8,30
184321,22厦居02,厦门安居集团有限公司,9,AAA,03,2022-04-07,3.33,30
184322,22繁昌01,芜湖市繁昌区建设投资有限公司,7,AAA,03,2022-04-13,3.96,30
184323,22航天01,西安航天城投资发展集团有限公司,7,AAA,03,2022-04-13,5.2,30
184324,22新梁01,重庆新梁产城建设发展有限公司,7,AAA,03,2022-03-24,6.8,30
184325,22枝江债,枝江市国有资产管理有限公司,7,AAA,03,2022-04-13,4.2,30
184326,22航天02,西安航天城投资发展集团有限公司,7,AAA,03,2022-04-08,5.68,30
184327,22建德G1,建德市城市建设发展投资有限公司,7,AAA,03,2022-04-28,3.8,30
184328,22建德G2,建德市城市建设发展投资有限公司,7,AAA,03,2022-04-28,3.73,30
184329,22通达02,重庆市通达投资有限公司,7,AA+,03,2022-04-28,7,30
184331,22嘉秀01,嘉兴市嘉秀发展投资控股集团有限公司,7,AA+,03,2022-03-30,3.78,30
184332,22苏高01,苏州苏高新集团有限公司,7,AAA,03,2022-04-21,3.6,30
184333,22彭医债,成都濛江投资集团有限公司,5,AA+,03,2022-05-05,5,30
184334,22钱城01,杭州萧山钱江世纪城开发建设有限责任公司,7,AAA,03,2022-04-19,3.7,30
184335,G22建工1,福建建工集团有限责任公司,5,AA+,03,2022-04-19,3.4,0
184336,G22福清,福清市城市产业投资集团有限公司,7,AA+,03,2022-04-21,3.88,0
184337,22开达01,遂宁开达投资有限公司,7,AA,03,2022-04-18,7.5,30
184338,22岳西债,岳西县城市建设投资有限责任公司,7,AAA,03,2022-04-14,4.9,30
184339,22瑞安01,瑞安市国有资产投资集团有限公司,7,AA+,03,2022-04-25,3.7,30
184340,22绍专01,绍兴市交通控股集团有限公司,7,AAA,03,2022-04-25,3.54,0
184341,22西基债,西安城市基础设施建设投资集团有限公司,5,AAA,03,2022-04-19,3.52,30
184342,22赣投01,赣州市赣县区城市建设投资集团有限公司,7,AAA,03,2022-07-14,4.8,30
184343,22赣投02,赣州市赣县区城市建设投资集团有限公司,7,AAA,03,2022-07-14,4.6,30
184344,22平投01,平顶山发展投资控股集团有限公司,7,AAA,03,2022-05-10,3.88,30
184345,22沂南债,沂南县城市发展集团有限公司,7,AA+,03,2022-05-09,6.5,30
184347,G22羊安,成都市羊安新城开发建设有限公司,7,AAA,03,2022-04-28,5.5,0
184348,22余创债,杭州余杭城市发展投资集团有限公司,7,AA+,03,2022-04-28,3.59,30
184349,22蓝海债,威海市文登区蓝海投资开发有限公司,7,AA+,03,2022-04-14,6.5,30
184350,22长轨01,长沙市轨道交通集团有限公司,10,AAA,03,2022-04-25,3.97,30
184351,22成华01,成都成华国资经营投资有限责任公司,7,AA+,03,2022-04-25,4,30
184352,22新盛01,徐州市新盛投资控股集团有限公司,7,AAA,03,2022-04-25,3.6,30
184353,22淮控01,淮安开发控股有限公司,7,AAA,03,2022-05-09,3.94,30
184354,22平湖债,重庆市万州三峡平湖有限公司,7,AAA,03,2022-04-25,4.25,30
184355,22九联01,成都九联投资集团有限公司,7,AA+,03,2022-04-28,4.8,0
184356,22黔开02,黔东南州开发投资(集团)有限责任公司,7,AA,03,2022-05-05,8,30
184357,22长兴02,长兴交通投资集团有限公司,10,AA+,03,2022-05-05,4.5,30
184358,22国兴01,浙江国兴投资集团有限公司,7,AA+,03,2022-05-05,3.95,30
184359,G22西轨1,西安市轨道交通集团有限公司,5,AAA,03,2022-05-05,3.55,0
184360,22枞阳债,枞阳县投资发展有限公司,7,AAA,03,2022-06-07,4.28,30
184361,22伊川01,伊川财源实业投资有限责任公司,7,AAA,03,2022-04-28,5.6,0
184362,22温江债,成都温江兴蓉西城市运营集团有限公司,7,AA+,03,2022-05-13,4.05,0
184363,22乌城01,乌鲁木齐城市建设投资(集团)有限公司,10,AAA,03,2022-05-13,3.65,30
184364,22徐新债,徐州高新产业发展投资有限公司,7,AA+,03,2022-05-09,3.79,30
184365,22临川债,抚州市临川区城镇建设开发投资有限公司,5,AA+,03,2022-05-05,6.3,30
184366,22龙驰01,泸州市龙驰实业集团有限责任公司,7,AAA,03,2022-05-06,5.4,30
184367,22冶投01,湖北大冶湖高新技术产业投资有限公司,5,AAA,03,2022-05-06,3.56,0
184368,22青信03,青岛国信发展(集团)有限责任公司,5,AAA,03,2022-05-05,3.22,30
184369,22天易02,湖南天易集团有限公司,7,AA+,03,2022-04-29,6.5,30
184370,22醴高01,醴陵市高新技术产业发展集团有限公司,7,AAA,03,2022-05-09,6.4,30
184371,22孝昌01,孝昌县顺和开发投资有限责任公司,7,AAA,03,2022-05-09,5.89,30
184372,22苏港02,江苏省港口集团有限公司,10,AAA,03,2022-06-08,3.34,30
184373,22临港02,泸州临港投资集团有限公司,7,AAA,03,2022-05-13,5.5,30
184374,22苏港01,江苏省港口集团有限公司,6,AAA,03,2022-06-08,2.8,30
184375,22扬开债,扬州经济技术开发区开发(集团)有限公司,7,AAA,03,2022-05-09,3.8,30
184376,22赣建02,赣州建控投资控股集团有限公司,7,AA+,03,2022-05-06,5.5,30
184377,22智慧01,杭州钱塘智慧城投资开发有限公司,7,AA+,03,2022-05-10,3.88,0
184378,22益高债,益阳高新产业发展投资集团有限公司,7,AAA,03,2022-05-09,5.8,30
184379,22大丰债,盐城市大丰区交通投资有限责任公司,7,AA+,03,2022-05-13,6.2,30
184380,22萍投01,萍乡市城市建设投资集团有限公司,5,AA,03,2022-07-11,5.47,0
184381,22海发02,江苏海州发展集团有限公司,7,AAA,03,2022-05-09,3.88,30
184382,22望经01,望城经开区投资建设集团有限公司,5,AAA,03,2022-05-09,3.68,30
184383,22望经02,望城经开区投资建设集团有限公司,7,AA+,03,2022-05-09,4.15,30
184384,22邛旅01,邛崃市天际山水文化旅游投资集团有限公司,5,AAA,03,2022-08-29,5,0
184385,22邛旅02,邛崃市天际山水文化旅游投资集团有限公司,5,AAA,03,2022-08-29,5.3,0
184386,22浦集04,上海浦东发展(集团)有限公司,5,AAA,03,2022-05-12,3.02,30
184387,22蓉投01,成都城建投资管理集团有限责任公司,5,AAA,03,2022-05-10,3.15,30
184388,22张家界,张家界市经济发展投资集团有限公司,7,AA+,03,2022-05-11,6.5,0
184389,22长兴债,浙江长兴经开建设开发有限公司,7,AA+,03,2022-05-11,5.19,30
184390,22建房G1,建发房地产集团有限公司,10,AAA,03,2022-05-10,4.42,30
184391,22金安债,六安市金安区城乡建设投资有限公司,5,AAA,03,2022-05-13,3.9,30
184392,22沪地02,上海地产(集团)有限公司,3,AAA,03,2022-05-12,3.07,30
184393,G22长轨1,长春市轨道交通集团有限公司,10,AA+,03,2022-05-23,5,0
184394,22启国债,启东国有资产投资控股有限公司,5,AA+,03,2022-05-12,3.48,-200
184395,22许昌01,许昌市投资集团有限公司,4,AA+,03,2022-05-13,3.7,0
184396,22西海01,青岛西海岸新区海洋控股集团有限公司,10,AAA,03,2022-05-12,3.31,30
184397,22开福01,长沙开福城投集团有限责任公司,7,AA+,03,2022-05-13,3.99,30
184398,22产建01,浏阳现代制造产业建设投资开发有限公司,7,AA,03,2022-05-12,5.5,30
184399,22经国投,成都经开国投集团有限公司,7,AA+,03,2022-05-12,5.08,30
184400,22白沙01,衡阳白沙洲开发建设投资有限公司,7,AA+,03,2022-05-24,6.3,30
184401,22通瑞01,重庆市通瑞农业发展有限公司,7,AAA,03,2022-05-13,6.9,30
184402,19宏财01,贵州宏财投资集团有限责任公司,7,AA+,03,2022-05-20,7.3,0
184403,22荆门债,荆门市城市建设投资控股集团有限公司,5,AA+,03,2022-06-16,3.53,0
184404,22如开债,如皋市经济贸易开发有限公司,7,AAA,03,2022-05-30,3.67,30
184405,22攸停债,湖南省攸州投资发展集团有限公司,7,AA+,03,2022-06-15,6.5,0
184406,22建农债,建湖县新农村建设投资有限公司,5,AAA,03,2022-06-08,5.48,0
184407,22沪地03,上海地产(集团)有限公司,5,AAA,03,2022-06-08,2.85,30
184408,22龙廷01,重庆市铜梁区龙廷城市开发建设有限公司,7,AAA,03,2022-06-09,5.8,30
184409,22汉江01,汉江国有资本投资集团有限公司,5,AAA,03,2022-06-10,3.49,30
184410,22睢新债,睢宁县新城投资开发有限公司,7,AAA,03,2022-06-24,3.82,30
184411,22东坡01,眉山市东坡发展投资有限公司,4,AAA,03,2022-06-21,5.15,0
184412,22金阳02,湖南金阳投资集团有限公司,7,AA+,03,2022-06-14,4.5,30
184413,22渌江01,醴陵市渌江投资控股集团有限公司,7,AAA,03,2022-07-07,5.5,30
184414,22渌江02,醴陵市渌江投资控股集团有限公司,7,AA+,03,2022-07-07,6.5,30
184415,22临经01,临沂经济开发区城市建设投资有限公司,7,AA,03,2022-06-27,7,30
184416,22永银01,永兴银都投资发展集团有限公司,7,AA+,03,2022-06-14,5,30
184417,22丽旅01,丽水市文化旅游投资发展集团有限公司,7,AA,03,2022-06-23,3.5,0
184418,22张经投,张家界市经济发展投资集团有限公司,7,AA+,03,2022-06-21,6.5,0
184419,22浏城02,浏阳市城市建设集团有限公司,7,AA+,03,2022-06-20,3.84,30
184420,22西港04,西安港实业有限公司,7,AAA,03,2022-06-28,5,30
184421,22桐乡债,桐乡市国有资本投资运营有限公司,7,AA+,03,2022-06-24,3.49,30
184422,22金桥G1,上海金桥(集团)有限公司,7,AAA,03,2022-06-23,3.38,30
184423,G22两山1,浙江安吉两山国有控股集团有限公司,7,AAA,03,2022-06-23,3.6,0
184424,22恩施债,恩施城市建设投资集团有限公司,7,AAA,03,2022-07-01,4.2,30
184425,22富开债,杭州富阳开发区建设投资集团有限公司,7,AA+,03,2022-06-23,3.6,30
184426,G22厦01,厦门轨道建设发展集团有限公司,5,AAA,03,2022-06-21,3.25,0
184427,22渝垫01,重庆渝垫国有资产经营集团有限公司,7,AA,03,2022-06-21,6.7,30
184428,22迪荡01,绍兴高新技术产业开发区投资发展集团有限公司,7,AA+,03,2022-06-23,3.6,30
184429,22滨江债,安庆市滨江城市建设发展有限公司,7,AAA,03,2022-06-27,4,30
184430,22泗洪01,泗洪县宏源公有资产经营集团有限公司,7,AAA,03,2022-07-04,3.89,30
184431,22金滩01,文登金滩投资管理有限公司,7,AAA,03,2022-06-28,3.85,30
184432,22吉利01,浙江吉利控股集团有限公司,3,AAA,03,2022-06-24,3.5,30
184433,22桂城02,桂阳县城市建设投资有限公司,6,AA+,03,2022-08-04,6.5,30
184434,22经国02,成都经开国投集团有限公司,7,AA+,03,2022-06-27,4.95,30
184435,22金洲03,长沙金洲新城投资控股集团有限公司,7,AA+,03,2022-06-24,5.5,30
184436,22金洲02,长沙金洲新城投资控股集团有限公司,7,AAA,03,2022-06-28,5.2,30
184437,22舜邦债,诸城舜邦投资开发有限公司,4,AA+,03,2022-06-24,6,0
184438,22经开债,武汉江夏经济开发集团有限公司,7,AAA,03,2022-06-30,4.07,30
184439,22武投01,武汉市城市建设投资开发集团有限公司,5,AAA,03,2022-06-24,3.3,30
184440,22武投02,武汉市城市建设投资开发集团有限公司,15,AAA,03,2022-06-24,3.83,30
184441,22宿松债,宿松县建设发展投资有限公司,7,AAA,03,2022-07-20,3.99,0
184442,22金发03,湖南金阳新城建设发展集团有限公司,7,AA+,03,2022-06-28,4.26,30
184443,22安经01,安庆经济技术开发区建设投资集团有限公司,7,AAA,03,2022-06-30,3.87,30
184444,22资城01,资兴市城市建设投资有限责任公司,7,AA+,03,2022-06-30,6,30
184445,22郑地01,郑州城市发展集团有限公司,15,AAA,03,2022-06-28,3.57,30
184446,22国通债,宜都市国通投资开发有限责任公司,7,AA+,03,2022-07-07,5.3,30
184447,22洛城01,洛阳城市发展投资集团有限公司,7,AA+,03,2022-07-04,4,0
184448,22随高债,随州现代产投实业控股集团有限公司,7,AA,03,2022-07-08,6.5,30
184449,22湖口债,江西省湖口县石钟投资开发有限公司,7,AA+,03,2022-07-01,4.85,30
184450,22虞控01,绍兴市上虞杭州湾经开区控股集团有限公司,7,AA+,03,2022-07-05,3.49,30
184451,22袍投债,绍兴袍江经济技术开发区投资发展集团有限公司,7,AA+,03,2022-07-18,3.9,0
184452,22璧微01,重庆两山建设投资集团有限公司,5,AA+,03,2022-07-01,4.4,0
184453,22淮控02,淮安开发控股有限公司,7,AAA,03,2022-07-07,3.83,30
184454,22渝宏烨,重庆宏烨实业集团有限公司,7,AAA,03,2022-06-30,5.92,30
184455,22新城投,新昌县城市建设投资集团有限公司,7,AA+,03,2022-07-07,3.75,30
184456,22宿迁港,宿迁市运河港区开发集团有限公司,7,AAA,03,2022-07-07,3.88,30
184457,22建房G2,建发房地产集团有限公司,10,AAA,03,2022-07-01,4.45,30
184458,22章丘债,章丘市国有资产运营有限公司,7,AAA,03,2022-07-05,3.65,30
184459,22上虞01,绍兴市上虞区国有资本投资运营有限公司,7,AA+,03,2022-07-07,3.49,30
184460,22吴城01,湖州吴兴城市投资发展集团有限公司,7,AA+,03,2022-07-06,4.2,0
184461,22邕产投,南宁产业投资集团有限责任公司,7,AA,03,2022-07-04,5.3,30
184462,22融发债,青岛军民融合发展集团有限公司,7,AA+,03,2022-07-07,3.58,30
184463,22宁沩02,宁乡市沩东新城文化旅游投资有限公司,7,AAA,03,2022-07-06,5.8,0
184464,22金堂01,四川花园水城城乡产业发展投资开发有限责任公司,7,AA,03,2022-07-05,7.5,30
184465,22内兴01,内江兴元实业集团有限责任公司,5,AAA,03,2022-07-08,2.43,0
184466,22高新01,湖州莫干山高新集团有限公司,7,AA+,03,2022-07-07,3.83,30
184467,22长垣03,长垣市投资集团有限公司,7,AAA,03,2022-07-20,5.4,30
184468,22玉投债,玉山投资控股集团有限公司,6,AAA,03,2022-07-12,5.2,30
184469,22库停01,库尔勒城市建设(集团)有限责任公司,7,AAA,03,2022-07-13,4.9,0
184470,22南浔债,湖州南浔新城投资发展集团有限公司,7,AAA,03,2022-07-13,3.8,30
184471,22远景01,寿光市滨海远景城镇建设开发有限公司,7,AA+,03,2022-07-12,7,0
184472,22皖江债,安庆皖江高科技投资发展有限公司,5,AA+,03,2022-07-12,3.74,0
184473,22成阿01,四川成阿发展实业有限公司,5,AA+,03,2022-07-25,7.5,30
184474,22成阿02,四川成阿发展实业有限公司,5,AA+,03,2022-07-25,7.5,30
184475,22延长01,陕西延长石油(集团)有限责任公司,5,AAA,03,2022-07-26,3,30
184476,22延长02,陕西延长石油(集团)有限责任公司,5,AAA,03,2022-07-26,3.4,30
184477,22龙微01,龙岩投资发展集团有限公司,5,AA,03,2022-07-26,3.98,0
184478,G22武侯,成都武侯资本投资管理集团有限公司,10,AA+,03,2022-07-21,3.6,0
184479,22湖城债,湖州市城市投资发展集团有限公司,7,AAA,03,2022-08-05,3.29,30
184480,22汴微01,开封市发展投资集团有限公司,5,AA+,03,2022-08-02,3.68,0
184481,22钱投债,杭州市钱江新城投资集团有限公司,7,AAA,03,2022-07-20,3.4,30
184482,22金沙01,金沙县建设投资集团股份有限公司,7,AA,03,2022-07-18,8,30
184483,22兴黄01,泰兴市兴黄综合投资开发有限公司,5,AA+,03,2022-07-18,4.99,0
184484,22惠文02,重庆市南川区惠农文化旅游发展集团有限公司,7,AA,03,2022-07-18,7.5,0
184485,22衢交债,衢州市衢通发展集团有限公司,7,AA+,03,2022-07-26,3.4,30
184486,22望水01,长沙市望城区水利投资发展集团有限公司,7,AAA,03,2022-07-26,3.85,30
184487,22兰考01,兰考县城市建设投资发展有限公司,7,AAA,03,2022-07-26,5.98,30
184488,22兰考02,兰考县城市建设投资发展有限公司,7,AAA,03,2022-07-26,6,30
184489,G22长兴2,长兴城市建设投资集团有限公司,7,AA+,03,2022-07-29,3.92,0
184491,22金滩02,文登金滩投资管理有限公司,7,AAA,03,2022-07-29,5.45,30
184492,22海宁债,海宁市城市发展投资集团有限公司,7,AA+,03,2022-08-04,3.45,0
184493,22乌发02,乌鲁木齐经济技术开发区建发国有资本投资运营(集团)有限公司,7,AA+,03,2022-08-22,4.73,30
184494,22丽城01,丽水市城市建设投资集团有限公司,7,AA+,03,2022-07-29,3.44,30
184495,22一诺01,南通一诺城镇建设开发有限公司,7,AAA,03,2022-08-08,3.58,30
184496,22蚌淮上,蚌埠河北新区发展有限责任公司,7,AAA,03,2022-08-02,5,30
184497,22萍昌01,江西省萍乡市昌盛城市投资有限公司,7,AAA,03,2022-08-05,5,30
184498,22常齐债,常州齐梁建设集团有限公司,7,AAA,03,2022-08-04,3.97,30
184499,22盱城债,淮安市盱眙城市资产经营有限责任公司,7,AAA,03,2022-08-04,3.78,30
184500,22蓉高Y2,成都高新投资集团有限公司,,AAA,03,2022-08-02,3.2,30
184501,G22两山2,浙江安吉两山国有控股集团有限公司,7,AA+,03,2022-08-04,4,0
184502,22平投02,平顶山发展投资控股集团有限公司,7,AAA,03,2022-08-16,3.85,30
184503,22黔开03,黔东南州开发投资(集团)有限责任公司,7,AA,03,2022-08-10,7,30
184504,22上饶02,上饶市国有资产经营集团有限公司,7,AAA,03,2022-08-04,4.4,0
184505,22椒江01,台州市椒江区国有资本运营集团有限公司,7,AAA,03,2022-08-04,3.34,30
184506,22多湖债,金华市多湖中央商务区建设投资有限公司,7,AA+,03,2022-08-05,3.36,30
184507,PR洋口港,江苏洋口港建设发展集团有限公司,7,AAA,03,2022-08-04,3.5,30
184509,22南城02,南城县金融创新投资发展集团有限公司,7,AAA,03,2022-08-22,4.1,30
184510,22南城01,南城县金融创新投资发展集团有限公司,7,AAA,03,2022-08-22,4.12,30
184511,22潍小01,潍坊水务投资集团有限公司,4,AA+,03,2022-08-02,6.5,0
184512,22枣林湾,仪征市枣林湾文化体育旅游发展有限公司,7,AAA,03,2022-08-05,3.58,0
184513,22雄州债,四川雄州实业有限责任公司,7,AAA,03,2022-08-10,5,30
184514,22汇微01,龙岩文旅汇金发展集团有限公司,5,AA+,03,2022-08-16,3.2,0
184515,22綦东债,重庆市綦江区东部新城开发建设有限公司,5,AA,03,2022-08-10,7,0
184516,22安丘01,安丘市华安国有资产经营有限公司,7,AAA,03,2022-08-10,6.5,30
184517,22钱城02,杭州萧山钱江世纪城开发建设有限责任公司,7,AAA,03,2022-08-16,3.15,30
184518,22顺投债,南充市顺投发展集团有限公司,7,AAA,03,2022-08-16,5,0
184519,22朔州债,朔州市投资建设开发有限公司,7,AA,03,2022-08-19,5.5,30
184520,G22诸新1,诸暨市新城投资开发集团有限公司,7,AA+,03,2022-08-17,3.73,0
184521,22航高债,西安航天高技术产业发展集团有限公司,7,AA+,03,2022-08-16,4.98,30
184522,22蓉高G2,成都高新投资集团有限公司,10,AAA,03,2022-08-12,3.17,30
184523,22龙泉债,龙泉市国资控股有限公司,7,AAA,03,2022-08-17,3.35,30
184524,22湖投03,湖州新型城市投资发展集团有限公司,7,AA+,03,2022-08-16,4.05,30
184525,22芦溪01,江西省芦溪城市发展投资集团有限公司,7,AAA,03,2022-08-19,5.15,0
184526,22芦溪02,江西省芦溪城市发展投资集团有限公司,7,AAA,03,2022-08-19,5.15,0
184527,22普陀01,舟山市普陀区国有资产投资经营有限公司,7,AAA,03,2022-08-19,3.27,30
184528,22铜都01,贵溪市新铜都投资经营有限公司,7,AAA,03,2022-08-18,5.19,30
184529,G22景城1,景德镇市城市建设投资集团有限责任公司,7,AAA,03,2022-08-17,5,0
184530,22望投01,长沙市望城区城市建设投资集团有限公司,7,AA+,03,2022-08-22,3.3,30
184531,22日月01,商丘市日月新城投资开发有限公司,4,AA+,03,2022-08-23,4.34,0
184532,22闽港01,福建省港口集团有限责任公司,10,AAA,03,2022-08-19,3.7,30
184533,22厦城01,厦门市城市建设发展投资有限公司,7,AAA,03,2022-08-25,2.7,30
184535,22潍滨发,潍坊滨海投资发展有限公司,5,AA+,03,2022-08-25,6.12,30
184536,22开泰02,如东县开泰城建投资有限公司,5,AAA,03,2022-08-25,3.4,0
184537,22柯桥债,绍兴市柯桥区建设集团有限公司,7,AA+,03,2022-09-07,3.3,0
184538,22济高02,济南高新控股集团有限公司,10,AAA,03,2022-08-30,2.88,30
184539,22济高03,济南高新控股集团有限公司,10,AAA,03,2022-08-30,3.48,30
184540,22嘉善债,嘉善县国有资产投资集团有限公司,7,AA+,03,2022-09-15,3.2,30
184541,22天府02,成都天府水城城乡水务建设有限公司,7,AA,03,2022-08-31,7.5,0
184542,22昭阳债,邵阳市昭阳投资发展有限公司,7,AAA,03,2022-08-29,6.3,30
184543,22定城01,定远县城乡发展投资集团有限公司,7,AAA,03,2022-08-30,3.47,30
184544,22国惠03,山东发展投资控股集团有限公司,7,AAA,03,2022-09-01,2.8,30
184545,22投控02,嵊州市投资控股有限公司,7,AA+,03,2022-09-06,3.45,30
184546,22东城投,东台市城市建设投资发展集团有限公司,5,AAA,03,2022-09-02,3.35,30
184547,22鄂科01,湖北省科技投资集团有限公司,15,AAA,03,2022-09-02,3.18,30
184548,22沂发01,新沂经济开发区建设发展有限公司,7,AAA,03,2022-09-06,3.47,30
184549,22赣建04,赣州建控投资控股集团有限公司,7,AA+,03,2022-09-06,4.39,30
184550,G22富源1,遂宁市富源实业有限公司,7,AAA,03,2022-09-02,5,0
184551,22远景02,寿光市滨海远景城镇建设开发有限公司,7,AA+,03,2022-09-07,7,0
184552,22沂发02,新沂经济开发区建设发展有限公司,7,AAA,03,2022-09-06,3.66,30
184553,22沂发03,新沂经济开发区建设发展有限公司,7,AAA,03,2022-09-06,3.47,30
184554,22安控05,浙江安吉国控建设发展集团有限公司,7,AAA,03,2022-09-09,3.51,0
184555,22安控06,浙江安吉国控建设发展集团有限公司,7,AA+,03,2022-09-13,3.8,0
184556,22昆交债,昆明市交通投资集团有限责任公司,3,AAA,03,2022-09-14,5.8,30
184557,22嘉兴01,嘉兴滨海控股集团有限公司,7,AA+,03,2022-09-13,3.75,30
184558,22鄂联01,湖北省联合发展投资集团有限公司,5,AAA,03,2022-09-16,3.65,30
184559,22曲水01,江苏曲水园城镇化建设投资有限公司,7,AA+,03,2022-09-07,3.77,30
184560,22賨成债,渠县賨成建设发展投资有限公司,7,AA+,03,2022-09-09,6.7,0
184561,22滨建01,潍坊滨城建设集团有限公司,7,AA,03,2022-09-07,6.5,30
184562,22潍经债,潍坊经济区城市建设投资发展集团有限公司,7,AAA,03,2022-12-09,6,0
184563,22桐控01,桐庐县国有资本投资运营控股集团有限公司,7,AA,03,2022-09-13,3.9,0
184564,22汉江02,汉江国有资本投资集团有限公司,3,AAA,03,2022-10-14,2.89,30
184565,22奉投债,宁波市奉化区投资集团有限公司,7,AA+,03,2022-09-26,3.2,30
184566,22遂发债,遂宁发展投资集团有限公司,7,AAA,03,2022-10-28,4.5,30
184567,22蓉金02,成都交子金融控股集团有限公司,10,AAA,03,2022-09-21,3.17,30
184568,22醴高02,醴陵市高新技术产业发展集团有限公司,7,AAA,03,2022-09-19,6.3,30
184569,22相高02,苏州相城高新技术产业发展有限公司,7,AA+,03,2022-09-19,3.51,30
184570,22怀新债,怀远县新型城镇化建设有限公司,7,AAA,03,2022-09-16,3.77,0
184571,22沿海,射阳县沿海投资有限公司,7,AAA,03,2022-09-19,3.89,0
184572,22新城02,新昌县城市建设投资集团有限公司,7,AA+,03,2022-09-19,3.58,30
184573,22临专01,湖南自由贸易试验区临空产业投资集团有限公司,7,AAA,03,2022-09-19,3.33,30
184574,22榕新债,福州新区开发投资集团有限公司,7,AAA,03,2022-09-22,3.1,30
184575,22宁安居,南京安居建设集团有限责任公司,5,AAA,03,2022-09-22,2.72,30
184576,22徐工01,徐州工程机械集团有限公司,5,AAA,03,2022-09-27,3.19,30
184578,22潜江01,潜江市城市建设投资开发有限公司,7,AAA,03,2022-10-14,5,30
184579,22瑞安02,瑞安市国有资产投资集团有限公司,7,AA+,03,2022-09-26,3,30
184580,22金桥G2,上海金桥(集团)有限公司,7,AAA,03,2022-09-29,2.6,30
184581,22赣控01,赣州城市投资控股集团有限责任公司,7,AA+,03,2022-09-28,3.88,30
184582,22邯建投,邯郸市建设投资集团有限公司,7,AA+,03,2022-09-30,4.67,30
184583,22新泰01,新泰市统筹城乡发展集团有限公司,7,AAA,03,2022-10-26,6.5,30
184584,G22大足1,重庆大足国有资产经营管理集团有限公司,7,AA+,03,2022-10-10,6.5,0
184585,22河投01,河南投资集团有限公司,3,AAA,03,2022-10-13,2.68,30
184586,22珞璜债,重庆市江津区珞璜开发建设有限公司,7,AAA,03,2022-10-10,5.3,0
184587,G22富源2,遂宁市富源实业有限公司,7,AA,03,2022-09-30,7,0
184588,22荣开债,荣成市经济开发投资有限公司,4,AAA,03,2022-10-13,3.7,0
184589,22温高01,温州高新技术产业开发区建设发展集团有限公司,7,AA+,03,2022-11-08,3.47,30
184590,22上控02,上饶投资控股集团有限公司,7,AAA,03,2022-10-24,4.28,30
184591,22延旅债,延安旅游(集团)有限公司,7,AA+,03,2022-10-13,6.99,0
184592,22崇仁01,崇仁县城市建设投资发展有限公司,7,AAA,03,2022-12-05,5.2,30
184593,22崇仁02,崇仁县城市建设投资发展有限公司,7,AAA,03,2022-12-05,5.2,30
184595,22环微02,眉山环天实业有限公司,4,AAA,03,2022-10-17,5,0
184596,22兰考03,兰考县城市建设投资发展有限公司,7,AAA,03,2022-10-24,5.6,30
184597,22宜宾01,宜宾发展控股集团有限公司,5,AAA,03,2022-10-26,3.15,30
184598,22九江债,九江市国有投资控股集团有限公司,7,AAA,03,2022-10-20,3.8,30
184599,22金建债,江苏金坛建设集团有限公司,7,AAA,03,2022-10-24,3.43,0
184600,22潜江02,潜江市城市建设投资开发有限公司,7,AAA,03,2022-11-02,3.98,30
184601,22迪荡02,绍兴高新技术产业开发区投资发展集团有限公司,7,AA+,03,2022-10-26,3.5,30
184602,22洪产02,南昌市产业投资集团有限公司,7,AAA,03,2022-10-26,3.42,30
184603,22红停债,玉溪市红塔区国有资产经营有限责任公司,7,AAA,03,2022-10-28,6.5,0
184604,22萍投02,萍乡市城市建设投资集团有限公司,5,AA+,03,2022-11-10,4.2,0
184605,22甬发01,宁波市镇海发展有限公司,3,AAA,03,2022-11-03,3.16,0
184606,22临城投,杭州市临安区城市发展投资集团有限公司,7,AA+,03,2022-11-02,3.38,30
184607,22扬子债,南京扬子国资投资集团有限责任公司,5,AAA,03,2022-10-19,3.1,30
184608,22长垣04,长垣市投资集团有限公司,7,AAA,03,2022-11-02,4.98,30
184609,22良渚债,杭州良渚文化城集团有限公司,7,AA+,03,2022-11-10,3.57,30
184610,G22厦02,厦门轨道建设发展集团有限公司,10,AAA,03,2022-11-03,3.44,0
184611,22滦州债,滦州市城市建设投资有限公司,7,AA+,03,2022-11-16,6.5,30
184612,22张控01,张家港经开区控股集团有限公司,7,AA+,03,2022-11-03,3.57,30
184613,22产建02,浏阳现代制造产业建设投资开发有限公司,7,AA,03,2022-11-03,4.42,30
184614,G22厦03,厦门轨道建设发展集团有限公司,5,AAA,03,2022-11-07,2.95,0
184615,22济轨03,济南轨道交通集团有限公司,10,AAA,03,2022-11-14,3.14,30
184616,22洪泽债,江苏洪泽湖建设投资集团有限公司,7,AAA,03,2022-11-07,3.9,0
184617,22浙天01,浙江天子湖实业投资有限公司,7,AA+,03,2022-11-10,3.95,30
184618,22赣建07,赣州建控投资控股集团有限公司,7,AA+,03,2022-11-07,4.5,30
184619,22启东G1,启东城投集团有限公司,7,AAA,03,2022-11-10,3.43,30
184620,22梁山债,山东水泊梁山城建投资有限公司,7,AAA,03,2022-11-21,6.25,30
184621,22宁产01,南京江北新区产业投资集团有限公司,7,AAA,03,2022-11-16,3.2,30
184622,G22嵊交1,嵊州市交通投资发展集团有限公司,7,AA+,03,2022-11-24,3.7,0
184623,22公安债,公安县城建投资有限公司,7,AAA,03,2022-11-24,5,30
184624,22杭开债,宁波杭州湾新区开发建设有限公司,7,AA+,03,2022-11-18,3.18,30
184625,22温高02,温州高新技术产业开发区建设发展集团有限公司,7,AA+,03,2022-11-21,3.5,30
184626,22临经02,临沂经济开发区城市建设投资有限公司,7,AA,03,2022-11-30,7,30
184627,22龙腾债,成都市龙腾水利开发有限公司,7,AAA,03,2022-12-06,5,0
184629,22虞控02,绍兴市上虞杭州湾经开区控股集团有限公司,7,AA+,03,2022-11-30,3.5,30
184631,22振东01,临沂振东建设投资有限公司,7,AA,03,2022-12-02,7,30
184633,22仁投01,仁怀市城市开发建设投资经营有限责任公司,7,AA+,03,2022-12-06,6.98,30
184634,22赤壁债,赤壁市蓝天城市建设投资开发有限责任公司,7,AAA,03,2022-12-14,5.85,30
184635,22宿城债,宿迁市城区开发投资有限公司,7,AAA,03,2022-12-08,4.7,30
184636,22普陀02,舟山市普陀区国有资产投资经营有限公司,7,AAA,03,2022-12-19,3.76,30
184638,22福安01,福安市城市建设投资集团有限公司,7,AAA,03,2022-12-15,4.26,30
184639,22祁投01,湖南祁阳经济开发区建设投资有限公司,7,AAA,03,2022-12-15,6,30
184640,22祁投02,湖南祁阳经济开发区建设投资有限公司,7,AA+,03,2022-12-15,6.9,30
184641,22浏发01,浏阳市城乡发展集团有限责任公司,7,AA+,03,2022-12-14,5,30
184642,22筑富01,江苏筑富实业投资有限公司,7,AAA,03,2022-12-19,5.48,0
184643,22筑富02,江苏筑富实业投资有限公司,7,AA+,03,2023-01-05,6.7,0
184644,22登建01,登封市建设投资集团有限公司,7,AAA,03,2022-12-19,6.5,30
184645,22金堂04,四川花园水城城乡产业发展投资开发有限责任公司,7,AA,03,2022-12-19,7.5,30
184646,22株国债,株洲市国有资产投资控股集团有限公司,7,AA+,03,2022-12-29,5.5,-170
184647,22东港债,新东港控股集团有限公司,7,AAA,03,2022-12-29,5.5,30
184649,22吉湖01,江西吉湖发展集团有限公司,5,AAA,03,2023-01-03,5.5,30
184650,22吉湖02,江西吉湖发展集团有限公司,5,AAA,03,2023-01-03,5.5,30
184652,22锦汇债,江苏锦汇集团有限公司,5,AAA,03,2023-01-05,4.76,0
184654,22凤阳债,凤阳县经济发展投资有限公司,7,AAA,03,2022-12-22,4.4,30
184655,22怀宁债,安徽省怀宁县城乡建设投资发展有限责任公司,7,AAA,03,2022-12-26,4.8,30
184656,22闽高速,福建省高速公路集团有限公司,10,AAA,03,2022-12-27,3.95,30
184657,22云和债,云和县国有资本运营有限公司,7,AAA,03,2023-01-05,3.7,30
184658,22宜宾02,宜宾发展控股集团有限公司,8,AAA,03,2022-12-23,4.3,30
184659,22嵊城01,嵊州市城市建设投资发展集团有限公司,7,AA+,03,2022-12-27,4.4,30
184660,22玉交01,玉林交通旅游投资集团有限公司,7,AA,03,2022-12-23,6.5,0
184662,22厦城02,厦门市城市建设发展投资有限公司,7,AAA,03,2022-12-26,3.65,30
184663,23上城01,杭州上城区城市建设投资集团有限公司,7,AAA,03,2023-02-01,3.5,30
184664,22上虞02,绍兴市上虞区国有资本投资运营有限公司,7,AA+,03,2022-12-27,4.45,30
184665,22安泰债,聊城市安泰城乡投资开发有限责任公司,7,AAA,03,2022-12-29,6,30
184666,22桐投01,桐庐投资建设发展集团有限公司,7,AAA,03,2022-12-30,4.48,30
184668,22铜都03,贵溪市新铜都投资经营有限公司,7,AAA,03,2022-12-29,6.7,30
184669,22富湾债,杭州富春湾新城建设投资集团有限公司,10,AA+,03,2023-01-05,4.55,30
184671,22岚小01,日照市岚山区城市建设发展有限公司,7,AAA,03,2023-01-05,6,0
184672,22汉江03,汉江国有资本投资集团有限公司,5,AAA,03,2023-01-04,4.6,30
184673,22湘乡02,湘乡市东山投资建设开发有限公司,7,AAA,03,2023-01-05,6.28,30
184674,23鑫达01,桃源县鑫达交通建设有限责任公司,7,AA+,03,2023-01-17,6.6,30
184675,23宁经01,宁乡经济技术开发区建设投资有限公司,7,AA+,03,2023-01-17,6,30
184676,23龙睿债,福建龙睿投资有限公司,7,AAA,03,2023-01-20,4.8,30
184677,23启东G1,启东城投集团有限公司,7,AAA,03,2023-01-16,4.66,30
184678,23启点01,德清启点智能生态城建设发展有限公司,7,AAA,03,2023-03-30,4.41,30
184679,23黄石债,黄石市城市发展投资集团有限公司,7,AAA,03,2023-01-19,4.6,30
184680,23上城债,杭州上城区国有资本运营集团有限公司,7,AAA,03,2023-01-20,3.8,30
184681,23滨江01,南京滨江投资发展有限公司,7,AA+,03,2023-03-20,4.75,30
184682,23新盛01,徐州市新盛投资控股集团有限公司,5,AAA,03,2023-03-14,3.65,30
184683,23绍旅01,绍兴市文化旅游集团有限公司,7,AA+,03,2023-01-20,4.65,0
184684,23江北01,南京江北新区产业投资集团有限公司,7,AAA,03,2023-01-20,4.35,30
184685,23穗铁01,广州地铁集团有限公司,3,AAA,03,2023-01-20,3.1,30
184686,23京投01,北京市基础设施投资有限公司,3,AAA,03,2023-01-30,3.15,30
184687,23宿城02,江苏宿城国有资产经营管理有限公司,5,AAA,03,2023-01-20,4.57,0
184688,23高投01,新昌县高新园区投资集团有限公司,7,AA+,03,2023-02-01,4.88,30
184689,23利辛01,利辛县城乡发展建设投资集团有限公司,7,AAA,03,2023-03-02,4.58,30
184690,23苏城01,苏州城市建设投资发展(集团)有限公司,7,AAA,03,2023-02-01,3.86,30
184691,23邹城资,邹城市城资控股集团有限公司,7,AA+,03,2023-02-03,7.5,30
184692,23闽港01,福建省港口集团有限责任公司,10,AAA,03,2023-02-01,3.93,30
184693,23延经债,延安经济技术开发建设投资有限公司,5,AAA,03,2023-03-06,6.4,0
184694,G23淄博1,淄博市城市资产运营集团有限公司,7,AAA,03,2023-02-16,5.18,0
184695,23发展01,佛山市三水投资发展集团有限公司,7,AA+,03,2023-03-08,3.25,30
184696,23天新债,成都市天新交通建设有限公司,7,AAA,03,2023-03-08,5.8,30
184697,23桐经开,桐城经开区建设投资集团有限公司,7,AAA,03,2023-03-06,4.6,30
184699,23宁国债,安徽省宁国建设投资集团有限公司,7,AAA,03,2023-03-06,4.6,-170
184700,23海瀛01,盐城海瀛控股集团有限公司,7,AAA,03,2023-03-16,4.38,30
184701,23夷陵一,湖北夷陵经济发展集团有限公司,7,AAA,03,2023-03-06,5.5,30
184702,23夷陵二,湖北夷陵经济发展集团有限公司,7,AAA,03,2023-03-06,6,30
184703,23杭高新,杭州高新金投控股集团有限公司,10,AAA,03,2023-03-06,3.7,30
184704,G23长荡1,江苏长荡湖旅游控股有限公司,7,AAA,03,2023-03-08,4.99,0
184705,23上虞01,绍兴市上虞区国有资本投资运营有限公司,7,AA+,03,2023-03-06,3.86,30
184706,23高新02,湖州莫干山高新集团有限公司,7,AA+,03,2023-03-13,5.4,30
184707,23杭交投,杭州市交通投资集团有限公司,10,AAA,03,2023-03-08,3.7,30
184708,23孝长01,孝感市长兴投资有限公司,7,AA+,03,2023-03-20,6.8,30
184709,23萧开01,杭州萧山经济技术开发区国有资产经营有限公司,7,AAA,03,2023-03-09,3.67,30
184710,G23南湖1,嘉兴市南湖城市建设投资集团有限公司,7,AA+,03,2023-03-20,4.4,0
184711,23嘉新01,嘉兴高新集团有限公司,7,AA+,03,2023-03-22,4.05,30
184712,23太新01,无锡市太湖新城发展集团有限公司,5,AAA,03,2023-03-16,3.64,30
184713,23翠屏债,宜宾市翠屏区国有资产经营管理有限责任公司,7,AAA,03,2023-03-14,5.87,0
184714,23北港01,广西北部湾国际港务集团有限公司,5,AAA,03,2023-03-22,4.36,30
184715,23丰城投,丰县城市建设投资集团有限公司,7,AAA,03,2023-03-24,4.77,30
184716,23陆嘴01,上海陆家嘴(集团)有限公司,5,AAA,03,2023-03-14,3.32,30
184717,23镜湖债,绍兴市镜湖开发集团有限公司,10,AAA,03,2023-03-22,3.79,0
184718,G23渭南1,渭南市城市投资集团有限公司,7,AA+,03,2023-03-16,6,0
184719,23彭泽债,彭泽县城市发展建设集团有限公司,7,AAA,03,2023-03-14,6,30
184720,23嘉善01,嘉善县国有资产投资集团有限公司,7,AA+,03,2023-03-22,3.96,30
184721,23广信债,上饶市广信城投集团有限公司,7,AAA,03,2023-03-20,5.5,30
184722,23五河01,五河县城市建设投资经营有限责任公司,7,AAA,03,2023-03-20,4.5,30
184723,23内兴01,内江兴元实业集团有限责任公司,5,AAA,03,2023-03-20,5.5,0
184724,23当阳债,当阳市建设投资控股集团有限公司,7,AAA,03,2023-03-27,5.8,30
184725,23宿松01,宿松县建设发展投资有限公司,7,AAA,03,2023-03-24,4.58,0
184726,23济城01,济南城市投资集团有限公司,5,AAA,03,2023-03-24,4.2,30
184727,23嘉特01,嘉兴特钢新城开发有限公司,7,AA+,03,2023-03-28,4.08,30
184728,23当涂债,当涂县城乡建设投资有限责任公司,7,AAA,03,2023-04-21,4.2,30
184729,23平果债,广西平果市城市建设投资有限责任公司,7,AAA,03,2023-03-31,6.5,30
184730,23孝感债,孝感市城市建设投资公司,7,AAA,03,2023-03-31,4.46,0
184731,23当经债,安徽当涂经济开发区建设投资有限责任公司,7,AAA,03,2023-04-18,4.5,30
184732,23海淀01,北京市海淀区国有资本运营有限公司,5,AAA,03,2023-03-20,3.84,30
184733,23台州01,台州市国有资本运营集团有限公司,10,AAA,03,2023-03-28,3.58,30
184734,23厦城01,厦门市城市建设发展投资有限公司,7,AAA,03,2023-03-27,3.2,30
184735,23宁国01,宁国市国有资本控股集团有限公司,7,AAA,03,2023-03-31,4.37,30
184736,23宁国02,宁国市国有资本控股集团有限公司,7,AAA,03,2023-03-31,4.6,30
184737,23南安债,南安市能源工贸投资发展集团有限公司,7,AAA,03,2023-03-29,4.08,30
184738,23铜梁01,重庆市铜梁区金龙城市建设发展(集团)有限公司,7,AAA,03,2023-04-06,5.8,0
184739,23万盛01,重庆市万盛经济技术开发区开发投资集团有限公司,7,AAA,03,2023-03-30,6,30
184740,23滕建债,滕州市城市建设综合开发有限公司,7,AAA,03,2023-04-06,4.8,30
184741,23浔新02,湖州南浔新开建设集团有限公司,7,AA+,03,2023-04-03,5.19,30
184742,G23荆交,荆门市交通旅游投资集团有限公司,7,AAA,03,2023-04-06,4.98,0
184743,23汉江01,汉江国有资本投资集团有限公司,3,AAA,03,2023-03-29,3.37,30
184744,23荆门债,荆门市城市建设投资有限公司,7,AAA,03,2023-04-06,4.43,30
184745,23浙天01,浙江天子湖实业投资有限公司,7,AA+,03,2023-04-06,5,30
184746,23兴阳债,泸州兴阳投资集团有限公司,5,AAA,03,2023-04-03,5.5,0
184747,23甘交01,甘肃省公路交通建设集团有限公司,3,AAA,03,2023-04-17,4.8,30
184748,23南园债,南安市园区开发建设集团有限责任公司,3,AA+,03,2023-04-19,4.5,0
184749,23肥资01,肥城市城市资产经营集团有限公司,7,AAA,03,2023-04-06,6,30
184750,23山高01,山东高速集团有限公司,5,AAA,03,2023-03-30,3.29,30
184751,23新锦01,杭州市临安区新锦产业发展集团有限公司,7,AA+,03,2023-04-10,3.39,30
184752,G正方01,山东正方控股集团有限公司,7,AAA,03,2023-04-06,5,0
184753,23宁都01,宁都县城市发展投资有限公司,7,AAA,03,2023-03-31,6.5,30
184754,23武空01,武汉临空港投资集团有限公司,7,AA+,03,2023-04-06,3.7,30
184755,23临财01,淄博市临淄区九合财金控股有限公司,7,AAA,03,2023-04-03,6.5,30
184756,23香发债,成都香城城市发展有限公司,7,AA+,03,2023-04-06,5.5,30
184757,23邮集01,高邮市经济发展集团有限公司,7,AAA,03,2023-04-10,4.2,30
184758,23建高01,建湖县高新投资发展有限公司,7,AAA,03,2023-04-10,4.8,30
184759,23桐投债,桐庐投资建设发展集团有限公司,7,AAA,03,2023-08-15,3.94,30
184760,23上城02,杭州上城区城市建设投资集团有限公司,7,AAA,03,2023-04-25,3.49,30
184761,23翠屏02,宜宾市翠屏区国有资产经营管理有限责任公司,7,AAA,03,2023-04-17,5.83,0
184762,23天门02,张家界天门旅游经济投资有限责任公司,7,AAA,03,2023-04-10,6.5,0
184763,23寿港01,寿光市港投控股集团有限公司,7,AAA,03,2023-04-12,5.3,30
184764,23萍昌01,江西省萍乡市昌盛城市投资有限公司,7,AA+,03,2023-04-12,6.5,30
184765,23科城01,科学城(广州)投资集团有限公司,6,AAA,03,2023-04-17,3.45,30
184766,23云投01,云南省投资控股集团有限公司,3,AAA,03,2023-05-05,6.95,30
184767,23岚小01,日照市岚山区城市建设发展有限公司,7,AAA,03,2023-04-13,6.3,0
184768,23宁城02,宁乡市城市建设投资集团有限公司,7,AA+,03,2023-04-13,4.95,30
184769,23龙经债,龙岩经济发展集团有限公司,5,AA,03,2023-04-26,4.98,30
184770,23嵊城01,嵊州市城市建设投资发展集团有限公司,7,AA+,03,2023-04-18,4.68,30
184771,23润企债,睢宁县润企投资有限公司,7,AAA,03,2023-04-19,4.27,30
184772,23望投01,长沙市望城区城市建设投资集团有限公司,7,AA+,03,2023-04-18,4.28,30
184773,23仙投01,福建省九仙产业投资发展集团有限公司,7,AAA,03,2023-04-25,4.39,30
184774,23航发01,西安航天城市发展控股集团有限公司,7,AAA,03,2023-04-18,6,0
184775,23余发01,余干县发展控股集团有限公司,7,AAA,03,2023-04-19,5.27,30
184776,23鑫通01,洛阳鑫通经济发展投资有限公司,7,AAA,03,2023-05-09,6.5,30
184777,23通商01,宁波通商控股集团有限公司,10,AAA,03,2023-04-21,3.64,30
184778,G23大理1,大理州交通投资开发(集团)有限公司,7,AA,03,2023-04-21,7,0
184779,23国晟01,洛阳国晟投资控股集团有限公司,7,AAA,03,2023-05-10,3.82,30
184781,23平天湖,安徽平天湖投资控股集团有限公司,7,AAA,03,2023-04-19,4.23,30
184782,23永业01,兴宁市永业基础设施建设投资有限公司,7,AAA,03,2023-04-21,4.97,30
184783,23应城01,应城市蒲阳开发投资有限公司,5,AAA,03,2023-04-21,4.4,0
184784,23博投01,博尔塔拉蒙古自治州国有资产投资经营有限责任公司,7,AA,03,2023-04-21,7,30
184785,23渝高01,重庆高速公路集团有限公司,15,AAA,03,2023-05-05,3.9,30
184786,23钱塘债,杭州钱塘新区产业发展集团有限公司,7,AA+,03,2023-05-12,3.18,30
184787,23瀚宇02,成都市瀚宇投资有限公司,7,AAA,03,2023-04-26,6.5,30
184788,23蓉高F1,成都高新投资集团有限公司,10,AAA,03,2023-05-05,3.38,30
184789,23蓉高Y1,成都高新投资集团有限公司,,AAA,03,2023-05-09,3.65,30
184791,23徐投01,徐州工业园区投资发展集团有限公司,7,AAA,03,2023-05-05,4.39,30
184792,23发控02,海南省发展控股有限公司,5,AAA,03,2023-04-27,3.2,30
184793,23鹤投01,鹤壁投资集团有限公司,7,AAA,03,2023-05-12,6.48,30
184794,23奉化债,宁波市奉化区城市投资发展集团有限公司,7,AAA,03,2023-05-08,3.65,30
184795,23娄锑01,娄底锑都投资发展有限公司,7,AAA,03,2023-05-11,5.95,30
184796,23耀安01,安徽耀安投资集团有限公司,7,AAA,03,2023-05-16,4.3,0
184797,23东坡01,眉山市东坡发展投资有限公司,4,AAA,03,2023-05-08,5.3,0
184798,23淮联01,淮安市国有联合投资发展集团有限公司,7,AAA,03,2023-05-10,3.8,30
184799,23浏发01,浏阳市城乡发展集团有限责任公司,7,AA+,03,2023-05-04,4.27,30
185000,21环球Y3,中国环球租赁有限公司,,AAA,02,2021-11-19,3.77,90
185001,21莱钢Y1,莱芜钢铁集团有限公司,,AAA,02,2021-11-25,4.8,90
185002,21远东九,远东国际融资租赁有限公司,2,AAA,02,2021-11-25,3.52,90
185003,21鲁高06,山东高速集团有限公司,5,AAA,02,2021-11-18,3.14,90
185004,21秦发02,秦皇岛城市发展投资控股集团有限公司,5,AAA,02,2021-11-17,3.53,90
185005,21鲁高07,山东高速集团有限公司,10,AAA,02,2021-11-18,3.83,90
185007,21恒健03,广东恒健投资控股有限公司,2,AAA,02,2021-11-25,2.98,90
185009,21中公Y1,中交一公局集团有限公司,,AAA,02,2021-11-19,3.68,90
185010,21海通11,海通证券股份有限公司,3,AAA,02,2021-11-25,3.09,90
185011,21诚通19,中国诚通控股集团有限公司,5,AAA,02,2021-11-25,3.33,90
185012,21中船01,中国船舶工业集团有限公司,3,AAA,02,2021-11-19,2.98,90
185014,21津投12,天津城市基础设施建设投资集团有限公司,2,AAA,02,2021-11-29,4.98,90
185016,21电科01,中国电子科技集团有限公司,3,AAA,02,2021-11-25,3,90
185017,21广越S1,广州越秀集团股份有限公司,0.33,,02,2021-11-24,2.69,90
185020,GC核融01,中核融资租赁有限公司,3,AAA,02,2021-11-26,3.15,90
185021,G21华新2,华电新能源集团股份有限公司,3,AAA,02,2021-11-23,3.1,90
185022,21昆速01,昆明市高速公路建设开发股份有限公司,5,,02,2021-12-09,6.18,90
185023,21诚泰01,诚泰融资租赁(上海)有限公司,3,AA+,02,2021-12-08,4.5,90
185025,21衢资02,衢州市国有资本运营有限公司,3,AA+,02,2021-11-29,3.44,90
185026,21泉城01,泉州城建集团有限公司,5,AAA,02,2021-11-26,3.17,90
185027,21金控06,江苏金坛投资控股有限公司,3,AAA,02,2021-12-06,3.9,90
185028,21中泰05,中泰证券股份有限公司,3,AAA,02,2021-11-25,3.14,90
185030,21藏建02,西藏建工建材集团有限公司,5,AA+,02,2021-11-29,4,90
185032,21中豫02,中原豫资投资控股集团有限公司,3,,02,2021-11-26,3.34,90
185033,21诚通21,中国诚通控股集团有限公司,5,AAA,02,2021-12-03,3.33,90
185035,21东债02,东方证券股份有限公司,3,AAA,02,2021-11-29,3.08,90
185038,21铁建Y4,中国铁建股份有限公司,,AAA,02,2021-11-26,3.64,90
185039,21铁建Y3,中国铁建股份有限公司,,AAA,02,2021-11-26,3.3,90
185041,21金隅01,北京金隅集团股份有限公司,5,AAA,02,2021-11-26,3.17,90
185042,21核建Y1,中国核工业建设股份有限公司,,AAA,02,2021-12-03,3.2,90
185043,G21综能1,国网综合能源服务集团有限公司,3,AA+,02,2021-11-26,3.27,90
185044,21晋中01,晋中市公用基础设施投资控股(集团)有限公司,5,,02,2021-11-29,4.02,90
185045,21中证20,中信证券股份有限公司,3,AAA,02,2021-11-29,3.07,90
185046,21宁沪G2,江苏宁沪高速公路股份有限公司,5,AAA,02,2021-11-29,3.08,90
185047,21瀚蓝01,瀚蓝环境股份有限公司,2,AA+,02,2021-11-26,3.14,90
185050,21首农Y3,北京首农食品集团有限公司,,AAA,02,2021-12-03,3.48,90
185051,21格力01,珠海格力集团有限公司,5,AAA,02,2021-12-13,3.18,90
185052,21铁工Y7,中国中铁股份有限公司,,AAA,02,2021-11-30,3.14,90
185053,21象金03,厦门象屿金象控股集团有限公司,3,AAA,02,2021-12-15,5,90
185054,21吴城G1,苏州市吴中城市建设投资集团有限公司,3,,02,2021-12-03,3.4,90
185055,21如皋01,如皋市城市产业发展集团有限公司,5,AA+,02,2021-12-03,4.1,90
185056,21铁工Y8,中国中铁股份有限公司,,AAA,02,2021-11-30,3.3,90
185057,21舟城03,舟山海城建设投资集团有限公司,5,,02,2021-12-06,3.88,90
185058,21豫通Y3,河南交通投资集团有限公司,,AAA,02,2021-12-06,3.4,90
185059,21豫保Y1,河南省中豫融资担保有限公司,,AAA,02,2021-12-17,5.2,90
185060,21昌控01,南昌市产业投资集团有限公司,5,AAA,02,2021-12-02,3.38,90
185061,21豫通Y4,河南交通投资集团有限公司,,AAA,02,2021-12-07,3.9,90
185062,21中化03,中国中化股份有限公司,3,,02,2021-12-06,3.1,90
185063,21中电Y2,中国电子信息产业集团有限公司,,AAA,02,2021-12-07,3.25,90
185064,21中化04,中国中化股份有限公司,5,,02,2021-12-06,3.42,90
185065,21华电07,中国华电集团有限公司,2,AAA,02,2021-12-02,2.94,90
185066,21华电08,中国华电集团有限公司,3,AAA,02,2021-12-02,3.05,90
185067,21华租03,华电融资租赁有限公司,3,AAA,02,2021-12-13,3.42,90
185068,21昌投G1,昌吉州国有资产投资经营集团有限公司,5,AA+,02,2021-12-15,3.95,90
185069,21创鸿05,江苏创鸿资产管理有限公司,5,AAA,02,2021-12-03,5,90
185071,21中关Y5,中关村发展集团股份有限公司,,AAA,02,2021-12-08,3.4,90
185073,21兴泸05,泸州市兴泸投资集团有限公司,7,AA+,02,2021-12-09,3.94,90
185074,21鲁铁G2,山东铁路投资控股集团有限公司,5,AAA,02,2021-12-10,3.53,90
185076,21上控01,上饶投资控股集团有限公司,5,AAA,02,2021-12-15,3.8,90
185077,21国新05,中国国新控股有限责任公司,5,,02,2021-12-08,3.42,90
185078,21津投14,天津城市基础设施建设投资集团有限公司,2,AAA,02,2021-12-23,5.15,90
185081,21巨石01,中国巨石股份有限公司,3,AAA,02,2021-12-10,3.14,90
185082,21中船03,中国船舶工业集团有限公司,3,AAA,02,2021-12-20,2.97,90
185083,21国新04,中国国新控股有限责任公司,3,,02,2021-12-08,3.04,90
185085,21南山02,南山集团有限公司,3,AAA,02,2021-12-29,5.7,90
185087,21济轨Y5,济南轨道交通集团有限公司,,AAA,02,2021-12-08,3.44,90
185088,21江铜01,江西铜业股份有限公司,2,AAA,02,2021-12-14,2.83,90
185089,21泉城02,泉州城建集团有限公司,3,AAA,02,2021-12-14,3.09,90
185090,21绵控Y1,绵阳市投资控股(集团)有限公司,,AA+,02,2021-12-17,5.7,90
185091,21中金G8,中国国际金融股份有限公司,10,AAA,02,2021-12-14,3.68,90
185093,21冀通01,河北建投交通投资有限责任公司,3,AAA,02,2021-12-20,3.1,90
185094,21泉城03,泉州城建集团有限公司,5,AAA,02,2021-12-14,3.5,90
185095,21杭城01,杭州市城市建设投资集团有限公司,3,AAA,02,2021-12-20,2.99,90
185096,21杭城02,杭州市城市建设投资集团有限公司,5,AAA,02,2021-12-20,3.35,90
185097,21中金G7,中国国际金融股份有限公司,3,AAA,02,2021-12-14,2.97,90
185098,21方程Y1,中建方程投资发展集团有限公司,,AA+,02,2021-12-14,3.8,90
185099,21浙商G2,浙江省浙商资产管理股份有限公司,5,,02,2021-12-20,3.3,90
185100,21方程Y2,中建方程投资发展集团有限公司,,AA+,02,2021-12-14,4.25,90
185102,21冀通02,河北建投交通投资有限责任公司,10,AAA,02,2021-12-20,4,90
185103,21豫投01,河南投资集团有限公司,10,AAA,02,2021-12-16,3.9,90
185104,21财通G2,财通证券股份有限公司,1.02,AAA,02,2021-12-20,2.72,90
185105,21昆投02,昆山国创投资集团有限公司,3,AA+,02,2021-12-28,3.59,90
185107,21万州01,重庆万州经济技术开发(集团)有限公司,5,AA+,02,2021-12-15,6.2,90
185109,21唐资01,中国大唐集团资本控股有限公司,3,AAA,02,2021-12-22,3.08,90
185110,21中证21,中信证券股份有限公司,3,AAA,02,2021-12-17,2.97,90
185111,21江东07,江东控股集团有限责任公司,5,,02,2021-12-23,3.49,90
185113,21安租Y5,平安国际融资租赁有限公司,,AAA,02,2021-12-27,4.7,90
185114,21北辰G2,北京北辰实业股份有限公司,5,AAA,02,2022-01-04,3.46,90
185115,21中电Y3,中国电子信息产业集团有限公司,,AAA,02,2021-12-15,3.29,90
185116,21财金04,山东省财金投资集团有限公司,5,AAA,02,2021-12-14,3.29,90
185117,21广越09,广州越秀集团股份有限公司,10,AAA,02,2021-12-13,3.78,90
185119,21铁建Y6,中国铁建股份有限公司,,AAA,02,2021-12-15,3.58,90
185120,21铁建Y5,中国铁建股份有限公司,,AAA,02,2021-12-15,3.2,90
185121,21广越08,广州越秀集团股份有限公司,5,AAA,02,2021-12-13,3.03,90
185122,21天航Y3,中交天津航道局有限公司,,AAA,02,2021-12-22,4,90
185124,21市新01,上海市北高新股份有限公司,5,AAA,02,2021-12-14,3.25,90
185126,GC华租Y2,华电融资租赁有限公司,,AAA,02,2021-12-23,4.04,90
185127,21皖控01,安徽省国有资本运营控股集团有限公司,5,AA+,02,2021-12-27,3.42,90
185128,21延长Y4,陕西延长石油(集团)有限责任公司,,AAA,02,2021-12-14,3.45,90
185130,21特房05,厦门经济特区房地产开发集团有限公司,4,AA+,02,2021-12-22,3.65,90
185131,GC华租Y1,华电融资租赁有限公司,,AAA,02,2021-12-23,3.7,90
185132,21红狮03,红狮控股集团有限公司,3,AAA,02,2021-12-20,3.8,90
185133,21豫通Y5,河南交通投资集团有限公司,,AAA,02,2021-12-17,2.99,90
185134,21中财G5,中国中金财富证券有限公司,5,AAA,02,2021-12-16,3.06,90
185136,21浦土03,上海浦东土地控股(集团)有限公司,5,AAA,02,2021-12-27,3.07,90
185137,21大唐Y1,中国大唐集团有限公司,,AAA,02,2021-12-17,3.18,90
185138,21陕旅01,陕西旅游集团有限公司,10,AAA,02,2021-12-23,6,90
185139,21CHNG1Y,中国华能集团有限公司,,AAA,02,2021-12-16,2.99,90
185140,21浦集05,上海浦东发展(集团)有限公司,7,AAA,02,2021-12-27,3.32,90
185141,21石化01,中国石油化工集团有限公司,3,,02,2021-12-27,2.94,90
185142,G21苏交1,江苏交通控股有限公司,3,AAA,02,2021-12-22,2.8,90
185144,21浦集04,上海浦东发展(集团)有限公司,5,AAA,02,2021-12-27,3.01,90
185145,21上唐03,上海大唐融资租赁有限公司,3,AAA,02,2021-12-28,3.28,90
185146,21石化S1,中国石油化工集团有限公司,0.75,,02,2021-12-27,2.68,90
185148,21国新06,中国国新控股有限责任公司,10,AAA,02,2021-12-22,3.8,90
185151,GC国铁02,中国铁路投资集团有限公司,3,AAA,02,2021-12-31,2.93,90
185152,21海控02,海南省发展控股有限公司,5,AAA,02,2021-12-28,3.38,90
185153,21交建Y3,中国交通建设股份有限公司,,AAA,02,2021-12-23,3.18,90
185154,21金隅Y2,北京金隅集团股份有限公司,,AAA,02,2021-12-27,3.4,90
185156,21交建Y4,中国交通建设股份有限公司,,AAA,02,2021-12-23,3.53,90
185157,21铁投Y1,中国铁建投资集团有限公司,,AAA,02,2021-12-29,3.35,90
185159,21铁投Y2,中国铁建投资集团有限公司,,AAA,02,2021-12-29,3.98,90
185160,21泰交G4,泰州市交通产业集团有限公司,5,AA+,02,2021-12-27,3.6,90
185161,21龙川G4,扬州龙川控股集团有限责任公司,5,,02,2021-12-27,4.12,90
185163,21恒信G5,海通恒信国际融资租赁股份有限公司,3,AAA,02,2021-12-29,3.7,90
185165,21上航Y1,中交上海航道局有限公司,,AAA,02,2021-12-27,3.39,90
185166,H21汽车1,广汇汽车服务有限责任公司,3,,02,2021-12-22,7.5,90
185167,21天地一,天地源股份有限公司,3,AA+,02,2022-01-05,7.5,90
185168,21三航Y1,中交第三航务工程局有限公司,,AAA,02,2021-12-24,3.55,90
185170,21蓉高Y2,成都高新投资集团有限公司,,AAA,02,2021-12-31,3.42,90
185172,22银桥01,昆山银桥控股集团有限公司,3,,02,2022-01-20,3.25,90
185173,21津投16,天津城市基础设施建设投资集团有限公司,2,AAA,02,2021-12-31,5.4,90
185174,22鄂科Y1,湖北省科技投资集团有限公司,,AAA,02,2022-01-13,3.7,90
185175,21渝南05,重庆市渝南资产经营有限公司,3,,02,2021-12-30,6.8,90
185176,21天风05,天风证券股份有限公司,3,AAA,02,2021-12-30,4.3,90
185178,21路建Y1,中交路桥建设有限公司,,AAA,02,2022-01-04,3.36,90
185179,21莱钢Y2,莱芜钢铁集团有限公司,,AAA,02,2022-01-06,4.78,90
185180,22相城01,苏州市相城城市建设投资(集团)有限公司,3,AA+,02,2022-01-10,3.23,90
185181,G中建Y1,中建科技集团有限公司,,AA+,02,2021-12-31,4.3,90
185182,22义市01,义乌市市场发展集团有限公司,3,AA+,02,2022-01-13,3.5,90
185183,21铁沪Y2,中铁上海工程局集团有限公司,,AAA,02,2021-12-30,3.5,90
185186,21陕旅02,陕西旅游集团有限公司,10,,02,2022-01-06,6.5,90
185187,22藏投01,拉萨市城市建设投资经营有限公司,5,AA+,02,2022-01-21,3.45,90
185190,21诚通23,中国诚通控股集团有限公司,5,AAA,02,2022-01-04,3.3,90
185191,21诚通24,中国诚通控股集团有限公司,7,AAA,02,2022-01-04,3.6,90
185192,21中控01,河南中原金控有限公司,2,AA+,02,2021-12-31,5,90
185193,21蒙电Y1,内蒙古蒙电华能热电股份有限公司,,AAA,02,2022-01-04,3.32,90
185194,21交建Y5,中国交通建设股份有限公司,,AAA,02,2021-12-31,3.14,90
185195,21陕煤Y5,陕西煤业化工集团有限责任公司,,AAA,02,2022-01-07,3.93,90
185196,21铁建Y8,中国铁建股份有限公司,,AAA,02,2022-01-05,3.5,90
185197,22三明01,三明市投资发展集团有限公司,3,AA+,02,2022-01-11,3.45,90
185198,21铁建Y7,中国铁建股份有限公司,,AAA,02,2022-01-05,3.17,90
185199,22宁投01,宁德市交通投资集团有限公司,5,,02,2022-01-12,3.3,90
185200,22津投01,天津城市基础设施建设投资集团有限公司,2,AAA,02,2022-01-13,5.45,90
185201,22国丰Y1,烟台国丰投资控股集团有限公司,,AAA,02,2022-01-17,3.45,90
185203,21泰达01,天津泰达投资控股有限公司,3,AAA,02,2022-01-13,5.7,90
185204,22建租01,中建投租赁股份有限公司,4,AAA,02,2022-01-19,3.4,90
185205,22HDGJ01,华电国际电力股份有限公司,3,AAA,02,2022-01-12,2.92,90
185206,22建租02,中建投租赁股份有限公司,5,AAA,02,2022-01-19,3.6,90
185207,22宁铁01,南京地铁集团有限公司,3,AAA,02,2022-01-17,2.67,90
185208,22建资01,南京建邺国有资产经营集团有限公司,5,,02,2022-01-14,3.27,90
185209,22中化02,中国中化股份有限公司,5,,02,2022-01-27,3.1,90
185210,GC融和05,中电投融和融资租赁有限公司,5,AAA,02,2022-01-17,3.6,90
185211,22远东一,远东国际融资租赁有限公司,3,AAA,02,2022-01-14,3.8,90
185213,GC融和04,中电投融和融资租赁有限公司,3,AAA,02,2022-01-17,3.18,90
185214,22嵊州01,嵊州市投资控股有限公司,7,AA+,02,2022-01-13,3.87,90
185216,22奉交01,上海奉贤交通能源(集团)有限公司,5,AA+,02,2022-01-18,3.5,90
185217,22济金02,济南金投控股集团有限公司,5,,02,2022-01-13,4,90
185218,22兴港01,河南航空港投资集团有限公司,3,,02,2022-01-18,5.2,90
185220,22复星01,上海复星高科技(集团)有限公司,2,AAA,02,2022-01-21,6.2,90
185221,22中化01,中国中化股份有限公司,3,,02,2022-01-27,2.79,90
185223,22金隅Y1,北京金隅集团股份有限公司,,AAA,02,2022-01-14,3.39,90
185224,22金隅Y2,北京金隅集团股份有限公司,,AAA,02,2022-01-14,3.87,90
185225,22安建01,安徽建工集团股份有限公司,5,,02,2022-01-13,3.9,90
185226,22HBST01,湖北省科技投资集团有限公司,10,,02,2022-01-18,3.7,90
185227,22常城01,常州市城市建设(集团)有限公司,10,AAA,02,2022-01-13,3.55,90
185228,22产投G1,南京江北新区产业投资集团有限公司,5,AAA,02,2022-08-19,3.25,90
185229,22中化G1,中化国际控股股份有限公司,3,AAA,02,2022-01-17,2.96,90
185232,22国发01,苏州国际发展集团有限公司,3,AAA,02,2022-01-24,2.75,90
185234,22诚通02,中国诚通控股集团有限公司,7,AAA,02,2022-01-18,3.6,90
185235,22诚通01,中国诚通控股集团有限公司,3,AAA,02,2022-01-18,3.25,90
185236,22中豫01,中原豫资投资控股集团有限公司,5,,02,2022-01-21,3.6,90
185237,22宜兴01,宜兴市城市发展投资有限公司,7,,02,2022-01-21,3.2,90
185238,22京投01,北京市基础设施投资有限公司,3,AAA,02,2022-01-18,2.95,90
185239,22如皋01,如皋市城市产业发展集团有限公司,5,AA+,02,2022-01-21,3.8,90
185240,G22长电1,中国长江电力股份有限公司,3,AAA,02,2022-01-25,2.88,90
185241,G22长电2,中国长江电力股份有限公司,5,AAA,02,2022-01-25,3.19,90
185243,22中航01,中国航空集团有限公司,3,AAA,02,2022-01-19,2.93,90
185244,22芜建01,芜湖市投资控股集团有限公司,5,AA+,02,2022-01-19,3.25,90
185246,22中泰01,中泰证券股份有限公司,3,AAA,02,2022-01-21,2.97,90
185248,22建发01,厦门建发股份有限公司,3,AAA,02,2022-01-18,3.4,90
185249,22漳九02,漳州市九龙江集团有限公司,7,AAA,02,2022-01-27,3.55,90
185250,22漳九01,漳州市九龙江集团有限公司,5,AAA,02,2022-01-27,3.08,90
185251,22津投02,天津城市基础设施建设投资集团有限公司,2,AAA,02,2022-01-21,5.65,90
185252,22装备01,晋能控股装备制造集团有限公司,5,AAA,02,2022-01-24,3.7,90
185253,22环球01,中国环球租赁有限公司,5,AAA,02,2022-01-21,3.65,90
185254,22大唐Y1,中国大唐集团有限公司,,AAA,02,2022-01-19,3.03,90
185255,22翔业01,厦门翔业集团有限公司,3,AAA,02,2022-01-21,2.97,90
185256,22柳建01,广西柳州市建设投资开发有限责任公司,3,AA+,02,2022-01-21,7.5,90
185257,22路桥Y1,厦门路桥建设集团有限公司,,AAA,02,2022-01-25,3.27,90
185258,22宁资02,宁夏国有资本运营集团有限责任公司,3,AAA,02,2022-01-25,3.18,90
185260,22装备02,晋能控股装备制造集团有限公司,5,AAA,02,2022-01-24,4.88,90
185261,22铁工01,中国中铁股份有限公司,3,AAA,02,2022-01-19,2.93,90
185262,22铁工02,中国中铁股份有限公司,5,AAA,02,2022-01-19,3.28,90
185263,22路桥01,厦门路桥建设集团有限公司,3,AAA,02,2022-01-17,3.03,90
185264,22航租01,中航国际融资租赁有限公司,3,AAA,02,2022-01-21,3.18,90
185265,22广药01,广州医药集团有限公司,5,,02,2022-09-14,2.55,90
185266,22甬城01,宁波城建投资集团有限公司,5,AAA,02,2022-01-21,2.92,90
185267,22安租01,平安国际融资租赁有限公司,3,AAA,02,2022-01-27,3.38,90
185268,22安租02,平安国际融资租赁有限公司,4,AAA,02,2022-01-24,3.48,90
185269,22兴业01,兴业证券股份有限公司,3,AAA,02,2022-04-13,3,90
185270,22CHNES1,国家能源投资集团有限责任公司,0.5,,02,2022-01-21,2.46,90
185271,22狮桥01,狮桥融资租赁(中国)有限公司,2,AA+,02,2022-01-26,4.5,90
185272,22嵊州02,嵊州市投资控股有限公司,3,,02,2022-01-21,3.77,90
185273,22张公G1,张家港市国有资本投资集团有限公司,5,AAA,02,2022-01-28,3.35,90
185274,22龙湖01,重庆龙湖企业拓展有限公司,6,AAA,02,2022-01-19,3.49,90
185275,22龙湖02,重庆龙湖企业拓展有限公司,8,AAA,02,2022-01-19,3.95,90
185276,22西基01,西安城市基础设施建设投资集团有限公司,5,AAA,02,2022-01-21,3.39,90
185277,22西基02,西安城市基础设施建设投资集团有限公司,10,AAA,02,2022-01-21,4.08,90
185280,22国电01,国电电力发展股份有限公司,3,,02,2022-01-20,2.91,90
185281,22国电02,国电电力发展股份有限公司,5,,02,2022-01-20,3.25,90
185283,22金隅Y4,北京金隅集团股份有限公司,,AAA,02,2022-01-24,3.87,90
185284,22国控01,江西省国有资本运营控股集团有限公司,3,AAA,02,2022-01-21,3.05,90
185285,22海通01,海通证券股份有限公司,2.97,AAA,02,2022-01-25,2.84,90
185286,22招证G1,招商证券股份有限公司,3,AAA,02,2022-01-21,2.89,90
185288,22招金01,招金矿业股份有限公司,5,AAA,02,2022-01-27,3.03,90
185290,22开源债,开源证券股份有限公司,3,AAA,02,2022-01-26,3.18,90
185292,22建材Y1,中国建材股份有限公司,,AAA,02,2022-01-27,2.99,90
185294,22格力01,珠海格力集团有限公司,3,AAA,02,2022-01-27,2.88,90
185295,22闽能01,福建省能源集团有限责任公司,3,,02,2022-01-26,2.94,90
185296,GC三峡S1,中国长江三峡集团有限公司,0.25,,02,2022-01-27,2.3,90
185297,GC三峡S2,中国长江三峡集团有限公司,0.5,,02,2022-01-27,2.35,90
185298,GC三峡02,中国长江三峡集团有限公司,10,AAA,02,2022-01-27,3.55,90
185300,22深高01,深圳高速公路集团股份有限公司,7,AAA,02,2022-01-27,3.18,90
185301,22浦集01,上海浦东发展(集团)有限公司,5,AAA,02,2022-02-07,2.86,90
185302,22蓉金01,成都交子金融控股集团有限公司,3,,02,2022-02-15,3,90
185303,22苏新01,苏州苏高新集团有限公司,5,,02,2022-01-21,3.03,90
185305,22青信01,青岛国信发展(集团)有限责任公司,3,AAA,02,2022-03-23,3.2,90
185306,22清能01,湖北清能投资发展集团有限公司,3,AAA,02,2022-03-21,5,90
185308,22浙商G1,浙江省浙商资产管理股份有限公司,5,,02,2022-01-26,3.09,90
185311,22邮政01,中国邮政集团有限公司,2,AAA,02,2022-01-25,2.69,90
185312,22邮政02,中国邮政集团有限公司,3,AAA,02,2022-01-25,2.84,90
185314,22吴城G1,苏州市吴中城市建设投资集团有限公司,3,,02,2022-01-26,3.15,90
185315,22华综01,珠海华发综合发展有限公司,5,AAA,02,2022-01-27,3.39,90
185316,22上证01,上海证券有限责任公司,3,AAA,02,2022-01-27,2.99,90
185318,22江宁Y2,南京江宁城市建设集团有限公司,,AAA,02,2022-01-28,3.37,90
185319,22镇公01,镇江城市建设产业集团有限公司,5,,02,2022-01-28,5,90
185320,22京资01,北京市国有资产经营有限责任公司,10,AAA,02,2022-01-27,3.6,90
185321,22中原01,中原证券股份有限公司,3,,02,2022-03-08,3.2,90
185322,22天风01,天风证券股份有限公司,3,AAA,02,2022-01-27,4.06,90
185323,22新际01,新兴际华集团有限公司,3,,02,2022-02-11,2.92,90
185324,22建集01,厦门建发集团有限公司,5,AAA,02,2022-01-28,3.64,90
185325,22新际02,新兴际华集团有限公司,5,,02,2022-02-11,3.37,90
185326,22兖投01,济宁市兖州区惠民城建投资有限公司,5,,02,2022-02-18,7,90
185327,22蓉高01,成都高新投资集团有限公司,10,,02,2022-01-28,3.38,90
185328,22首集租,北京首都创业集团有限公司,3,AAA,02,2022-02-24,3.05,90
185329,22晋股01,晋能控股山西煤业股份有限公司,5,AAA,02,2022-02-09,3.47,90
185330,22株国01,株洲市国有资产投资控股集团有限公司,5,,02,2022-03-28,4.95,90
185331,22铁投Y1,中国铁建投资集团有限公司,,AAA,02,2022-02-09,3.39,90
185332,G22电建1,中国电力建设股份有限公司,3,,02,2022-01-28,2.69,90
185334,22大唐Y2,中国大唐集团有限公司,,AAA,02,2022-02-07,2.98,90
185335,22润药01,华润医药控股有限公司,3,AAA,02,2022-01-26,2.86,90
185336,22武金Y1,武汉金融控股(集团)有限公司,,AAA,02,2022-01-28,4.1,90
185339,22张科01,上海张江科技创业投资有限公司,5,AAA,02,2022-02-07,2.97,90
185341,22财通G1,财通证券股份有限公司,3,AAA,02,2022-02-21,3,90
185342,22柳控01,广西柳州市投资控股集团有限公司,5,AA+,02,2022-02-08,7.45,90
185344,22广越02,广州越秀集团股份有限公司,10,,02,2022-01-28,3.68,90
185345,22武经01,江苏武进经济发展集团有限公司,5,,02,2022-02-17,3.28,90
185346,22远东二,远东国际融资租赁有限公司,3,AAA,02,2022-02-10,3.49,90
185347,22中车G1,中国中车集团有限公司,10,,02,2022-01-28,3.17,90
185348,22津投03,天津城市基础设施建设投资集团有限公司,2,AAA,02,2022-02-14,5.65,90
185349,22国机01,中国机械工业集团有限公司,1.02,,02,2022-02-09,2.5,90
185350,22宁港01,宁波舟山港集团有限公司,3,,02,2022-02-09,2.85,90
185352,22海陵G1,泰州海陵城市发展集团有限公司,5,,02,2022-02-07,5.4,90
185354,22宁港02,宁波舟山港集团有限公司,5,,02,2022-02-09,3.2,90
185355,22宁港03,宁波舟山港集团有限公司,10,,02,2022-02-09,3.73,90
185356,GC申股01,申能股份有限公司,3,AAA,02,2022-02-15,2.65,90
185357,22太新01,无锡市太湖新城发展集团有限公司,10,AAA,02,2022-02-22,3.35,90
185359,22海通02,海通证券股份有限公司,3,AAA,02,2022-02-24,2.9,90
185360,22中证01,中信证券股份有限公司,5.02,AAA,02,2022-02-21,3.2,90
185361,22中证02,中信证券股份有限公司,10.12,AAA,02,2022-02-21,3.69,90
185362,22太新02,无锡市太湖新城发展集团有限公司,10,AAA,02,2022-02-22,4.25,90
185363,22交建Y1,中国交通建设股份有限公司,,AAA,02,2022-02-23,2.99,90
185364,22华泰G1,华泰证券股份有限公司,3,AAA,02,2022-02-18,2.79,90
185365,22远租01,海发宝诚融资租赁有限公司,3,,02,2022-02-21,3.85,90
185366,22远东三,远东国际融资租赁有限公司,4,AAA,02,2022-02-28,3.48,90
185368,22绿城01,绿城房地产集团有限公司,5,AAA,02,2022-02-24,3.28,90
185369,22星发01,长沙县星城发展集团有限公司,5,AA+,02,2022-02-25,3.28,90
185370,22津投04,天津城市基础设施建设投资集团有限公司,2,AAA,02,2022-02-25,5.75,90
185371,22兴投02,河南航空港投资集团有限公司,3,,02,2022-03-04,4.88,90
185372,22朝国02,北京朝阳国有资本运营管理有限公司,7,AAA,02,2022-03-01,3.45,90
185373,22保置02,保利置业集团有限公司,7,,02,2022-02-25,3.66,90
185374,22朝国01,北京朝阳国有资本运营管理有限公司,5,AAA,02,2022-03-01,2.96,90
185376,22保置01,保利置业集团有限公司,5,,02,2022-02-25,2.99,90
185377,22三投01,三门峡市投资集团有限公司,3,,02,2022-03-22,3.98,90
185378,22金茂01,上海金茂投资管理集团有限公司,5,AAA,02,2022-02-24,3.2,90
185380,22中航02,中国航空集团有限公司,3,AAA,02,2022-02-23,2.9,90
185382,22建投03,南京江北新区建设投资集团有限公司,3,,02,2022-03-02,3,90
185383,22中航03,中国航空集团有限公司,5,AAA,02,2022-02-23,3.35,90
185384,22邮政04,中国邮政集团有限公司,3,AAA,02,2022-02-24,2.91,90
185385,22安租03,平安国际融资租赁有限公司,4,,02,2022-02-24,3.2,90
185386,22国丰Y2,烟台国丰投资控股集团有限公司,,AAA,02,2022-03-07,3.4,90
185387,22常城03,常州市城市建设(集团)有限公司,10,AAA,02,2022-03-02,3.55,90
185389,22HBST02,湖北省科技投资集团有限公司,10,,02,2022-03-02,3.83,90
185391,22浦创G1,上海浦东科创集团有限公司,5,AAA,02,2022-03-01,2.93,90
185392,22沪投01,上海市信息投资股份有限公司,5,AAA,02,2022-03-01,2.97,90
185393,22招证G2,招商证券股份有限公司,3,AAA,02,2022-07-29,2.7,90
185395,22环球02,中国环球租赁有限公司,5,AAA,02,2022-03-08,3.56,90
185396,22皋通G1,如皋市交通产业集团有限公司,5,,02,2022-03-03,3.5,90
185397,22交建Y2,中国交通建设股份有限公司,,AAA,02,2022-02-23,3.45,90
185398,22常通01,常州市交通产业集团有限公司,8,,02,2022-03-03,3.65,90
185399,22国新02,中国国新控股有限责任公司,15,AAA,02,2022-03-04,3.99,90
185401,22国新01,中国国新控股有限责任公司,10,AAA,02,2022-03-04,3.9,90
185402,22沪电01,上海电力股份有限公司,3,,02,2022-02-28,2.94,90
185403,22新际03,新兴际华集团有限公司,5,,02,2022-02-25,3.47,90
185405,22金港01,张家港保税区金港资产经营集团有限公司,5,,02,2022-03-02,3.28,90
185406,22金港02,张家港保税区金港资产经营集团有限公司,5,,02,2022-03-02,3.89,90
185408,22航租02,中航国际融资租赁有限公司,5,AAA,02,2022-03-01,3.2,90
185409,22象屿G1,厦门象屿集团有限公司,3,AAA,02,2022-03-02,3.43,90
185410,22象屿G2,厦门象屿集团有限公司,5,AAA,02,2022-03-02,3.65,90
185411,22湖州01,湖州市城市投资发展集团有限公司,5,AAA,02,2022-03-03,3.05,90
185412,22大唐Y3,中国大唐集团有限公司,,AAA,02,2022-03-02,3.03,90
185413,22青租01,青岛城乡建设融资租赁有限公司,3,AAA,02,2022-03-02,3.5,90
185414,22冀通01,河北建投交通投资有限责任公司,3,AAA,02,2022-03-22,3.18,90
185415,22冀通02,河北建投交通投资有限责任公司,10,AAA,02,2022-03-22,4.27,90
185416,22鲁铁01,山东铁路投资控股集团有限公司,5,AAA,02,2022-03-15,3.53,90
185417,22鲁铁02,山东铁路投资控股集团有限公司,10,AAA,02,2022-03-15,4.09,90
185418,22苏城01,苏州城市建设投资发展(集团)有限公司,5,AAA,02,2022-02-28,3.39,90
185419,22天风02,天风证券股份有限公司,3,AAA,02,2022-03-04,4.08,90
185420,22南资01,南方工业资产管理有限责任公司,3,AA+,02,2022-03-04,3.39,90
185421,22东吴01,东吴证券股份有限公司,3,AAA,02,2022-03-02,3,90
185422,22东吴02,东吴证券股份有限公司,5,AAA,02,2022-03-02,3.47,90
185423,22大唐01,中国大唐集团有限公司,3,AAA,02,2022-03-01,2.9,90
185424,22抚州02,抚州市市属国有资产投资控股集团有限公司,5,AA+,02,2022-03-03,3.55,90
185426,22张经01,张家港经开区控股集团有限公司,3,AA+,02,2022-03-01,3.3,90
185427,22吴江G1,苏州市吴江城市投资发展集团有限公司,3,,02,2022-03-04,3.2,90
185428,22国惠01,山东国惠投资控股集团有限公司,3,,02,2022-03-03,3.08,90
185429,22沪国01,上海国有资产经营有限公司,3,,02,2022-03-04,2.95,90
185430,22国惠02,山东发展投资控股集团有限公司,5,,02,2022-03-03,3.35,90
185431,22北方01,中国北方工业有限公司,5,AAA,02,2022-03-08,2.93,90
185432,22焦煤Y1,山西焦煤集团有限责任公司,,AAA,02,2022-03-04,3.5,90
185433,22象金01,厦门象屿金象控股集团有限公司,3,AAA,02,2022-03-04,4.84,90
185434,22国控02,江西省国有资本运营控股集团有限公司,3,AAA,02,2022-03-11,3,90
185435,22赣融01,江西省金融控股集团有限公司,3,AAA,02,2022-03-07,3.7,90
185436,22产融01,中航工业产融控股股份有限公司,3,AAA,02,2022-03-04,3.05,90
185437,22舟城01,舟山海城建设投资集团有限公司,5,,02,2022-03-08,3.73,90
185438,22鄂交Y2,湖北交通投资集团有限公司,,AAA,02,2022-03-03,3.81,90
185439,22宁资03,宁夏国有资本运营集团有限责任公司,3,AAA,02,2022-03-03,3.28,90
185441,22晋中01,晋中市公用基础设施投资控股(集团)有限公司,5,,02,2022-03-15,3.78,90
185442,22CHNES2,国家能源投资集团有限责任公司,0.5,,02,2022-03-07,2.15,90
185443,22吴发G1,江苏省吴中经济技术发展集团有限公司,3,,02,2022-03-18,3.4,90
185444,GC财团03,苏州中方财团控股股份有限公司,5,,02,2022-09-26,2.9,90
185446,22唐新01,中国大唐集团新能源股份有限公司,3,AAA,02,2022-03-10,2.97,90
185448,22海通03,海通证券股份有限公司,3,AAA,02,2022-03-10,3.03,90
185449,22衢资01,衢州市国有资本运营有限公司,3,,02,2022-03-11,3.33,90
185450,22中证03,中信证券股份有限公司,3,AAA,02,2022-03-16,3.03,90
185451,22安控01,浙江安吉国控建设发展集团有限公司,5,,02,2022-03-14,4.35,90
185452,GC天成05,华能天成融资租赁有限公司,3,AAA,02,2022-03-18,3.29,90
185453,22建房01,建发房地产集团有限公司,6,AAA,02,2022-07-21,3.59,90
185455,GC天成06,华能天成融资租赁有限公司,5,AAA,02,2022-03-18,3.89,90
185456,22豫园01,上海豫园旅游商城(集团)股份有限公司,3,AAA,02,2022-03-24,4.95,90
185457,22兴资01,兴业资产管理有限公司,3,AAA,02,2022-03-14,3.3,90
185458,22巨石01,中国巨石股份有限公司,3,,02,2022-03-09,3.07,90
185459,22钱江01,杭州市钱江新城投资集团有限公司,5,AAA,02,2022-03-17,2.99,90
185460,22杭实01,杭州市实业投资集团有限公司,3,,02,2022-03-14,3.25,90
185461,22恒信Y1,海通恒信国际融资租赁股份有限公司,,AAA,02,2022-03-18,4.59,90
185462,GC甬能01,宁波能源集团股份有限公司,3,AAA,02,2022-03-10,3.18,90
185463,22中证04,中信证券股份有限公司,5,AAA,02,2022-03-16,3.4,90
185464,22晋纾01,晋中市公用基础设施投资控股(集团)有限公司,5,AA+,02,2022-03-18,3.99,90
185465,22黄海01,江苏黄海金融控股集团有限公司,3,AA+,02,2022-03-09,4.79,90
185466,22远发01,中远海运发展股份有限公司,5,AAA,02,2022-03-10,3.5,90
185467,22张公G2,张家港市国有资本投资集团有限公司,3,AAA,02,2022-03-17,3.25,90
185468,22昆投01,昆山国创投资集团有限公司,3,AA+,02,2022-06-17,3.05,90
185469,22沪电02,上海电力股份有限公司,3,,02,2022-03-21,3.08,90
185470,22远东四,远东国际融资租赁有限公司,4,AAA,02,2022-03-15,3.5,90
185471,22蓉产01,成都产业投资集团有限公司,5,AAA,02,2022-03-23,3.33,90
185473,22GLP01,普洛斯中国控股有限公司,3,AAA,02,2022-03-11,4.3,90
185475,22贵安G1,贵州贵安发展集团有限公司,5,,02,2022-03-09,6.5,90
185476,22华鑫01,华鑫证券有限责任公司,3,,02,2022-03-22,3.5,90
185477,22远东五,远东国际融资租赁有限公司,3,AAA,02,2022-03-15,4,90
185478,22兵装S1,中国兵器装备集团有限公司,1,A-1,02,2022-03-11,2.5,90
185480,22中希01,中国希格玛有限公司,2,,02,2022-03-24,8.2,90
185481,22中财G1,中国中金财富证券有限公司,3,AAA,02,2022-03-15,3.07,90
185482,22中财G2,中国中金财富证券有限公司,5,AAA,02,2022-03-15,3.49,90
185483,22杭金01,杭州市金融投资集团有限公司,5,AAA,02,2022-03-21,3.3,90
185484,22华福G1,华福证券有限责任公司,3,AAA,02,2022-03-23,3.4,90
185486,22紫金01,紫金矿业集团股份有限公司,5,AAA,02,2022-03-11,3.6,90
185487,22杭金02,杭州市金融投资集团有限公司,5,AAA,02,2022-03-21,3.67,90
185489,G22桂冠1,广西桂冠电力股份有限公司,3,AAA,02,2022-03-14,2.74,90
185490,22鄂科Y2,湖北省科技投资集团有限公司,,AAA,02,2022-03-14,3.51,90
185491,22赣铁01,江西省铁路航空投资集团有限公司,5,AAA,02,2022-03-21,3.24,90
185492,22京资02,北京市国有资产经营有限责任公司,5,AAA,02,2022-03-15,3.5,90
185494,22漳九03,漳州市九龙江集团有限公司,5,AAA,02,2022-03-17,3.35,90
185496,22兴杭01,闽西兴杭国有资产投资经营有限公司,3,AAA,02,2022-03-18,3.24,90
185497,22临港G1,上海临港经济发展(集团)有限公司,5,AAA,02,2022-03-24,3.6,90
185498,22洪政01,南昌市政公用集团有限公司,5,AAA,02,2022-03-22,3.67,90
185499,22山招Y1,山东招金集团有限公司,,AAA,02,2022-03-18,3.88,90
185500,GC中核01,中国核工业集团有限公司,3,AAA,02,2022-03-18,2.84,90
185501,22安租05,平安国际融资租赁有限公司,4,AAA,02,2022-03-16,3.45,90
185502,22安租06,平安国际融资租赁有限公司,5,AAA,02,2022-03-15,3.8,90
185503,GC中核02,中国核工业集团有限公司,5,AAA,02,2022-03-22,3.45,90
185504,22浙资01,浙江省国有资本运营有限公司,3,AAA,02,2022-03-18,3.17,90
185505,22鲁金01,山东省金融资产管理股份有限公司,5,AAA,02,2022-03-21,3.25,90
185506,22浙商G2,浙江省浙商资产管理股份有限公司,5,,02,2022-03-22,3.8,90
185507,22文汇Y1,龙岩文旅汇金发展集团有限公司,,AA+,02,2022-04-28,3.68,90
185508,22昆交G1,昆明交通产业股份有限公司,5,AAA,02,2022-03-25,5.78,90
185510,22万州01,重庆万州经济技术开发(集团)有限公司,5,AA+,02,2022-03-18,6.2,90
185512,22东吴03,东吴证券股份有限公司,3,AAA,02,2022-03-17,3.15,90
185513,22建发G1,乌鲁木齐经济技术开发区建发国有资本投资运营(集团)有限公司,5,,02,2022-04-28,4.28,90
185514,22曹国02,曹妃甸国控投资集团有限公司,5,AA+,02,2022-03-15,6.2,90
185515,22南钢01,南京南钢钢铁联合有限公司,3,AA+,02,2022-03-17,5.2,90
185516,22京发01,京投发展股份有限公司,3,AAA,02,2022-03-16,3.27,90
185517,22诚通K1,中国诚通控股集团有限公司,3,AAA,02,2022-04-27,3.25,90
185518,22湖州02,湖州市城市投资发展集团有限公司,5,AAA,02,2022-03-18,3.29,90
185520,22红塔01,红塔证券股份有限公司,3,AAA,02,2022-03-16,3.3,90
185522,22中保01,中国投融资担保股份有限公司,5,AAA,02,2022-03-17,3.2,90
185525,22兴城01,成都兴城投资集团有限公司,3,AAA,02,2022-03-21,3.2,90
185526,22兴城02,成都兴城投资集团有限公司,5,AAA,02,2022-03-21,3.7,90
185527,22东风01,东风汽车集团股份有限公司,3,,02,2022-03-18,3,90
185529,22五资01,五矿资本控股有限公司,3,AAA,02,2022-03-17,3.36,90
185530,22国新03,中国国新控股有限责任公司,3,AAA,02,2022-06-14,2.85,90
185531,22国新04,中国国新控股有限责任公司,5,AAA,02,2022-06-13,3.3,90
185532,22鲁信01,山东省鲁信投资控股集团有限公司,5,AAA,02,2022-03-21,3.5,90
185533,22常新G1,常州东方新城建设集团有限公司,5,,02,2022-03-28,3.65,90
185534,22陕煤Y1,陕西煤业化工集团有限责任公司,,AAA,02,2022-03-22,3.88,90
185535,22湖交01,湖州市交通投资集团有限公司,5,AAA,02,2022-08-12,2.7,90
185536,22天地一,天地源股份有限公司,3,AA+,02,2022-03-18,7.5,90
185537,22恒健K1,广东恒健投资控股有限公司,3,AAA,02,2022-03-25,3.15,90
185538,22特房01,厦门经济特区房地产开发集团有限公司,5,AA+,02,2022-03-23,3.88,90
185539,G22临债1,上海临港控股股份有限公司,4,AAA,02,2022-03-25,3.1,90
185540,G22临债2,上海临港控股股份有限公司,5,AAA,02,2022-03-25,3.27,90
185542,22兴投03,河南航空港投资集团有限公司,3,,02,2022-03-25,5.19,90
185543,22国都G1,国都证券股份有限公司,3,AA+,02,2022-03-21,4.1,90
185544,22国都G2,国都证券股份有限公司,4,AA+,02,2022-03-21,4.39,90
185545,22建银01,中国建银投资有限责任公司,3,AAA,02,2022-03-25,3.13,90
185546,22建银02,中国建银投资有限责任公司,5,AAA,02,2022-03-25,3.5,90
185547,22云交01,云南省交通投资建设集团有限公司,3,AAA,02,2022-03-21,4.2,90
185548,22甬投01,宁波开发投资集团有限公司,5,AAA,02,2022-03-21,3.18,90
185549,22陕金01,陕西金融控股集团有限公司,3,AAA,02,2022-05-10,3.75,90
185550,22国君G1,国泰君安证券股份有限公司,3,AAA,02,2022-03-21,3.04,90
185551,22南山01,南山集团有限公司,3,AAA,02,2022-05-11,5.3,90
185553,22榆能01,陕西榆林能源集团有限公司,5,,02,2022-03-23,3.58,90
185554,22国君G2,国泰海通证券股份有限公司,10,AAA,02,2022-03-21,3.74,90
185555,22苏创01,苏州创元投资发展(集团)有限公司,5,,02,2022-03-25,3.4,90
185556,22财证01,财信证券股份有限公司,2,AAA,02,2022-03-29,3.13,90
185557,22远租02,海发宝诚融资租赁有限公司,3,,02,2022-03-23,4.27,90
185558,22中泰02,中泰证券股份有限公司,3,AAA,02,2022-03-24,3.18,90
185559,22财证02,财信证券股份有限公司,3,AAA,02,2022-03-29,3.38,90
185560,22赣交01,江西省交通投资集团有限责任公司,10,AAA,02,2022-06-16,3.1,90
185561,22赣交02,江西省交通投资集团有限责任公司,10,AAA,02,2022-06-16,3.69,90
185562,22交房01,中交房地产集团有限公司,5,AAA,02,2022-03-22,3.49,90
185563,22锡产Y1,无锡产业发展集团有限公司,,AAA,02,2022-03-23,3.6,90
185565,22兴泸02,泸州市兴泸投资集团有限公司,7,AA+,02,2022-06-01,3.75,90
185567,22格地02,格力地产股份有限公司,3,AA+,02,2022-03-29,7,90
185568,22交投Y1,中交投资有限公司,,AAA,02,2022-03-21,3.42,90
185569,22中铁01,中国铁建房地产集团有限公司,5,AAA,02,2022-03-25,3.65,90
185570,22国机03,中国机械工业集团有限公司,7,,02,2022-04-27,3.4,90
185573,22国机02,中国机械工业集团有限公司,3,,02,2022-04-27,2.99,90
185575,22如皋02,如皋市城市产业发展集团有限公司,5,AA+,02,2022-03-31,3.8,90
185576,22海宁01,海宁市资产经营公司,3,AA+,02,2022-04-06,3.32,90
185577,22苏国Y2,苏州高新国有资产经营管理集团有限公司,,AA+,02,2022-04-18,3.35,90
185578,22苏新02,苏州苏高新集团有限公司,5,,02,2022-03-22,3.3,90
185579,22青控Y1,青岛城投城金控股集团有限公司,,AAA,02,2022-04-11,4.08,90
185580,22焦煤Y2,山西焦煤集团有限责任公司,,AAA,02,2022-03-25,3.63,90
185581,22中航04,中国航空集团有限公司,3,AAA,02,2022-03-25,3.13,90
185582,22宁德01,宁德市国有资产投资经营集团有限公司,5,,02,2022-04-15,3.5,90
185583,22联和K1,上海联和投资有限公司,5,AAA,02,2022-03-23,3.7,90
185585,22镇投G1,镇江国有投资控股集团有限公司,3,,02,2022-04-08,4.5,90
185586,22中航05,中国航空集团有限公司,5,AAA,02,2022-03-25,3.54,90
185588,22国科01,中国科学院控股有限公司,3,AAA,02,2022-04-21,3.05,90
185590,22鲁信Y1,山东省鲁信投资控股集团有限公司,,AAA,02,2022-03-28,3.6,90
185591,22国联02,国联民生证券股份有限公司,5,AAA,02,2022-03-28,3.8,90
185593,22中证05,中信证券股份有限公司,3,AAA,02,2022-08-29,2.5,90
185594,22中邮01,中邮证券有限责任公司,5,AAA,02,2022-03-28,3.15,90
185595,22网租01,国网国际融资租赁有限公司,3,,02,2022-03-31,3.03,90
185596,22上航Y1,中交上海航道局有限公司,,AAA,02,2022-04-06,3.63,90
185597,22外高01,上海外高桥集团股份有限公司,5,AAA,02,2022-03-31,3.19,90
185598,22鄂投01,湖北省联合发展投资集团有限公司,5,AAA,02,2022-04-06,3.8,90
185599,22金茂02,上海金茂投资管理集团有限公司,5,AAA,02,2022-03-31,3.5,90
185601,22青控Y2,青岛城投城金控股集团有限公司,,AAA,02,2022-04-11,4.5,90
185602,22榆能02,陕西榆林能源集团有限公司,5,,02,2022-04-18,3.45,90
185603,22悦达G1,江苏悦达集团有限公司,5,AAA,02,2022-03-30,5.5,90
185605,22淮安01,淮安开发控股有限公司,3,,02,2022-04-19,4.5,90
185606,22洪轨01,南昌轨道交通集团有限公司,5,AAA,02,2022-04-08,3.65,90
185609,22兴杭02,闽西兴杭国有资产投资经营有限公司,3,AAA,02,2022-03-31,3.28,90
185610,22建工Y1,北京建工集团有限责任公司,,AAA,02,2022-03-31,3.59,90
185612,22唐租01,大唐融资租赁有限公司,3,AAA,02,2022-04-07,3.3,90
185613,22鲁资K1,山东省国有资产投资控股有限公司,5,AAA,02,2022-03-31,3.35,90
185614,22中铁03,中国铁建房地产集团有限公司,5,,02,2022-04-06,3.7,90
185615,22津投05,天津城市基础设施建设投资集团有限公司,2,AAA,02,2022-04-12,5.5,90
185616,22宁城01,宁乡市城市建设投资集团有限公司,5,AA+,02,2022-04-06,3.8,90
185617,22京保01,北京保障房中心有限公司,24,,02,2022-04-11,3.09,90
185618,22中铁02,中国铁建房地产集团有限公司,5,AAA,02,2022-04-01,3.67,90
185619,22路建Y1,中交路桥建设有限公司,,AAA,02,2022-04-08,3.5,90
185620,22集租02,北京首都创业集团有限公司,3,AAA,02,2022-04-20,3.18,90
185621,22江公01,南京江北新区公用控股集团有限公司,3,AA+,02,2022-04-18,3.39,90
185622,22奉发01,上海奉贤发展(集团)有限公司,3,AA+,02,2022-04-07,3,90
185623,22阳安01,华创云信数字技术股份有限公司,2,AAA,02,2022-04-08,3.8,90
185624,22陕煤Y2,陕西煤业化工集团有限责任公司,,AAA,02,2022-04-22,3.68,90
185625,22云龙01,株洲市云龙发展投资控股集团有限公司,5,AA+,02,2022-05-10,6.9,90
185627,22建机01,陕西建设机械股份有限公司,5,AA+,02,2022-04-11,5.5,90
185628,22焦煤Y3,山西焦煤集团有限责任公司,,AAA,02,2022-04-11,3.69,90
185630,22西电01,西湖电子集团有限公司,5,,02,2022-04-20,3.65,90
185631,22中咨Y1,中国公路工程咨询集团有限公司,,AAA,02,2022-04-19,3.4,90
185632,22平证03,平安证券股份有限公司,3,AAA,02,2022-04-19,3,90
185633,22平证04,平安证券股份有限公司,5,AAA,02,2022-04-19,3.42,90
185634,G22南控1,广东南海控股集团有限公司,5,,02,2022-04-18,3.09,90
185635,22保置03,保利置业集团有限公司,5,,02,2022-04-18,3.35,90
185637,22济轨01,济南轨道交通集团有限公司,3,AAA,02,2022-04-14,3.15,90
185638,22济轨02,济南轨道交通集团有限公司,5,AAA,02,2022-04-14,3.68,90
185639,22蓉高02,成都高新投资集团有限公司,10,AAA,02,2022-04-14,3.59,90
185640,22华发02,珠海华发实业股份有限公司,5,,02,2022-05-12,4.9,90
185641,22华发01,珠海华发实业股份有限公司,5,,02,2022-05-12,4.7,90
185642,22川投01,四川省投资集团有限责任公司,5,,02,2022-04-15,3.1,90
185643,22兴投04,河南航空港投资集团有限公司,3,,02,2022-04-26,4.64,90
185644,22华宝01,华宝投资有限公司,3,,02,2022-04-15,3.09,90
185646,22吴江G2,苏州市吴江城市投资发展集团有限公司,3,,02,2022-04-22,3.13,90
185647,22新工01,南京新工投资集团有限责任公司,3,AAA,02,2022-04-19,3.17,90
185648,22住宅01,厦门安居控股集团有限公司,3,AA+,02,2022-04-11,3.6,90
185649,22河西01,南京市河西新城区国有资产经营控股(集团)有限责任公司,3,AAA,02,2022-04-21,3.02,90
185650,22河西02,南京市河西新城区国有资产经营控股(集团)有限责任公司,10,AAA,02,2022-04-20,4.17,90
185651,22沪电03,上海电力股份有限公司,3,,02,2022-04-25,3.05,90
185652,22济建Y1,济南城市建设集团有限公司,,AAA,02,2022-04-20,3.44,90
185653,22中豫02,中原豫资投资控股集团有限公司,3,,02,2022-04-20,3.14,90
185654,22瀚蓝01,瀚蓝环境股份有限公司,2,AA+,02,2022-06-10,2.7,90
185655,22津投06,天津城市基础设施建设投资集团有限公司,1.02,AAA,02,2022-04-21,5.5,90
185656,甬通商01,宁波通商控股集团有限公司,3,AAA,02,2022-04-25,2.9,90
185657,甬通商02,宁波通商控股集团有限公司,10,AAA,02,2022-04-25,3.96,90
185658,22厦贸01,厦门国贸控股集团有限公司,3,AAA,02,2022-05-13,3.32,90
185659,22申能01,申能(集团)有限公司,3,,02,2022-04-28,2.9,90
185660,22海沧01,厦门海沧投资集团有限公司,2,AA+,02,2022-04-27,3.4,90
185661,22创控01,昆山创业控股集团有限公司,5,AAA,02,2022-05-05,3.5,90
185663,22张江一,上海张江(集团)有限公司,5,,02,2022-04-27,2.99,90
185664,22鲁资01,山东省国有资产投资控股有限公司,5,AAA,02,2022-04-18,3.2,90
185665,G22锡Y2,无锡产业发展集团有限公司,,AAA,02,2022-04-21,3.44,90
185666,22甬城02,宁波城建投资集团有限公司,5,AAA,02,2022-04-25,3.02,90
185667,G22雅砻1,雅砻江流域水电开发有限公司,3,AAA,02,2022-04-25,2.97,90
185668,22三明02,三明市投资发展集团有限公司,3,,02,2022-04-26,3.28,90
185671,22安租09,平安国际融资租赁有限公司,2,,02,2022-04-22,2.87,90
185672,22安租10,平安国际融资租赁有限公司,4,,02,2022-04-22,3.35,90
185675,22苏科01,江苏省溧阳高新区控股集团有限公司,5,AA+,02,2022-05-06,3.5,90
185676,22华数01,华数数字电视传媒集团有限公司,3,,02,2022-04-21,3.12,90
185677,22漳九05,漳州市九龙江集团有限公司,5,AAA,02,2022-04-21,3.23,90
185678,22建发Y1,厦门建发股份有限公司,,AAA,02,2022-04-26,3.53,90
185679,22余投01,余姚市城市建设投资发展有限公司,5,,02,2022-04-27,3.75,90
185680,22宁沪G1,江苏宁沪高速公路股份有限公司,3,AAA,02,2022-04-26,2.9,90
185681,22大唐Y4,中国大唐集团有限公司,,AAA,02,2022-04-25,3.05,90
185682,G22三资,三峡资本控股有限责任公司,3,AAA,02,2022-04-21,2.99,90
185683,22东兴G1,东兴证券股份有限公司,3,AAA,02,2022-04-25,3,90
185685,22中科01,北京中关村科技创业金融服务集团有限公司,3,,02,2022-04-27,3.9,90
185686,22鄂交Y3,湖北交通投资集团有限公司,,AAA,02,2022-04-26,3.41,90
185687,22创投K1,深圳市创新投资集团有限公司,5,AAA,02,2022-04-29,3.55,90
185688,22恒信G1,海通恒信国际融资租赁股份有限公司,2,AAA,02,2022-04-26,3.48,90
185689,22义市02,义乌市市场发展集团有限公司,3,AA+,02,2022-05-09,3.46,90
185690,22鲁高01,山东高速集团有限公司,5,AAA,02,2022-04-26,3.1,90
185691,22鲁高02,山东高速集团有限公司,10,AAA,02,2022-04-26,3.85,90
185692,22相城02,苏州市相城城市建设投资(集团)有限公司,3,,02,2022-05-06,3.2,90
185693,22保利01,保利发展控股集团股份有限公司,5,AAA,02,2022-04-26,2.96,90
185694,22保利02,保利发展控股集团股份有限公司,7,AAA,02,2022-04-26,3.59,90
185695,22株国02,株洲市国有资产投资控股集团有限公司,5,,02,2022-04-27,4.9,90
185696,22苏资01,苏州资产管理有限公司,3,,02,2022-04-29,3.2,90
185698,22辽港01,辽宁港口股份有限公司,2,AAA,02,2022-04-27,2.68,90
185699,22辽港02,辽宁港口股份有限公司,3,AAA,02,2022-04-27,3.15,90
185700,22鲁资02,山东省国有资产投资控股有限公司,3,,02,2022-04-27,3.15,90
185701,22鲁金02,山东省金融资产管理股份有限公司,3,AAA,02,2022-05-05,3.3,90
185703,22建材Y3,中国建材股份有限公司,,AAA,02,2022-04-27,3.13,90
185704,22首股01,北京首都开发股份有限公司,5,AAA,02,2022-04-27,3.59,90
185705,22HDGJY1,华电国际电力股份有限公司,,AAA,02,2022-04-29,3.14,90
185706,22滨建G1,常熟市滨江城市建设经营投资有限责任公司,3,,02,2022-05-06,3.5,90
185707,22核建Y1,中国核工业建设股份有限公司,,AAA,02,2022-05-05,3.15,90
185708,22科创01,上海科技创业投资(集团)有限公司,5,,02,2022-04-29,2.95,90
185709,22远东六,远东国际融资租赁有限公司,3,AAA,02,2022-04-29,3.59,90
185710,22安租Y1,平安国际融资租赁有限公司,,AAA,02,2022-05-05,4,90
185711,22国君G3,国泰海通证券股份有限公司,3,AAA,02,2022-04-27,2.96,90
185712,22国君G4,国泰海通证券股份有限公司,10,AAA,02,2022-04-27,3.7,90
185713,22武生01,武汉生态环境投资发展集团有限公司,5,,02,2022-04-27,3.8,90
185714,22中化Y1,中国中化股份有限公司,,AAA,02,2022-05-06,3.18,90
185715,22南控01,广东南海控股集团有限公司,5,,02,2022-05-12,3.09,90
185716,22吴城G2,苏州市吴中城市建设投资集团有限公司,3,,02,2022-05-09,3.25,90
185717,22漳九Y1,漳州市九龙江集团有限公司,,AAA,02,2022-05-05,3.33,90
185720,22建邺G1,南京市建邺区高新科技投资集团有限公司,5,,02,2022-05-06,3.35,90
185721,22网租02,国网国际融资租赁有限公司,3,,02,2022-05-06,2.95,90
185722,22锡创K1,无锡创业投资集团有限公司,5,AAA,02,2022-05-06,3.88,90
185723,22巨化01,巨化集团有限公司,3,,02,2022-04-28,3.3,90
185725,22中泰03,中泰证券股份有限公司,3,,02,2022-05-05,3,90
185726,22亦庄01,北京亦庄国际投资发展有限公司,3,AAA,02,2022-05-05,3.13,90
185727,22银河G1,中国银河证券股份有限公司,3,AAA,02,2022-05-05,2.95,90
185728,22中航Y1,中国航空技术国际控股有限公司,,AAA,02,2022-04-28,2.93,90
185729,22舟交01,舟山交通投资集团有限公司,5,AA+,02,2022-05-10,3.89,90
185730,22中航Y2,中国航空技术国际控股有限公司,,AAA,02,2022-04-28,3.19,90
185731,22铁建Y1,中国铁建股份有限公司,,AAA,02,2022-04-28,3.17,90
185732,22铁建Y2,中国铁建股份有限公司,,AAA,02,2022-04-28,3.55,90
185733,22芜湖02,芜湖宜居投资集团有限公司,5,,02,2022-05-20,3.13,90
185734,22铁投Y2,中国铁建投资集团有限公司,,AAA,02,2022-05-10,3.47,90
185735,22丰港01,江苏盐城港大丰港开发集团有限公司,5,,02,2022-05-06,5.99,90
185736,22锡产Y3,无锡产业发展集团有限公司,,AAA,02,2022-05-06,3.36,90
185737,22资控01,中建资本控股有限公司,3,AA+,02,2022-05-11,3.3,90
185738,22北辰G1,北京北辰实业股份有限公司,5,AAA,02,2022-05-06,3.5,90
185740,G22HXY1,华电新能源集团股份有限公司,,AAA,02,2022-05-17,3.13,90
185741,22国联03,国联民生证券股份有限公司,5,AAA,02,2022-05-06,3.6,90
185743,22乌江01,贵州乌江能源投资有限公司,5,AA+,02,2022-05-10,3.7,90
185744,22蓉高03,成都高新投资集团有限公司,10,,02,2022-05-12,3.58,90
185745,22华电Y2,中国华电集团有限公司,,AAA,02,2022-05-16,3.1,90
185746,22华电Y3,中国华电集团有限公司,,AAA,02,2022-05-16,3.54,90
185747,22建租03,中建投租赁股份有限公司,3,,02,2022-05-19,3.58,90
185749,22鄂担Y1,湖北省融资担保集团有限责任公司,,AAA,02,2022-06-07,3.9,90
185750,22厦贸02,厦门国贸控股集团有限公司,5,AAA,02,2022-05-13,3.58,90
185751,22津投07,天津城市基础设施建设投资集团有限公司,2,AAA,02,2022-05-13,4.7,90
185752,22隧道01,上海隧道工程股份有限公司,3,AAA,02,2022-05-20,2.97,90
185753,22恒信K1,海通恒信国际融资租赁股份有限公司,3,AAA,02,2022-05-10,3.57,90
185755,GC晶电01,晶科电力科技股份有限公司,2,AA,02,2022-05-18,5.5,90
185756,22濮阳01,濮阳投资集团有限公司,5,AAA,02,2022-05-12,4,90
185758,22兴投05,河南航空港投资集团有限公司,3,,02,2022-05-16,4.39,90
185759,22国机04,中国机械工业集团有限公司,3,,02,2022-05-12,2.97,90
185760,22国机05,中国机械工业集团有限公司,7,,02,2022-05-12,3.45,90
185761,22株国03,株洲市国有资产投资控股集团有限公司,5,,02,2022-05-16,4.8,90
185763,22中铁04,中国铁建房地产集团有限公司,5,,02,2022-05-23,3.3,90
185764,22远发02,中远海运发展股份有限公司,5,AAA,02,2022-05-23,3.38,90
185768,22华安G1,华安证券股份有限公司,3,AAA,02,2022-05-19,2.93,90
185769,22首股02,北京首都开发股份有限公司,5,AAA,02,2022-05-19,3.46,90
185770,22铁投Y4,中国铁建投资集团有限公司,,AAA,02,2022-05-26,3.7,90
185771,22穗建01,广州市城市建设开发有限公司,5,AAA,02,2022-05-20,2.9,90
185772,22穗建03,广州市城市建设开发有限公司,5,AAA,02,2022-05-27,2.84,90
185773,22穗建04,广州市城市建设开发有限公司,7,AAA,02,2022-05-27,3.35,90
185774,22穗建02,广州市城市建设开发有限公司,7,AAA,02,2022-05-20,3.38,90
185775,22江海01,江海证券有限公司,3,AA+,02,2022-05-27,5.3,90
185776,22安租11,平安国际融资租赁有限公司,2,,02,2022-05-24,2.75,90
185777,22安租12,平安国际融资租赁有限公司,4,,02,2022-05-24,3.23,90
185778,G22长电3,中国长江电力股份有限公司,3,AAA,02,2022-05-30,2.78,90
185779,22信地01,信达地产股份有限公司,3,AA+,02,2022-05-24,3.45,90
185780,22闽高01,福建发展高速公路股份有限公司,3,AA+,02,2022-05-20,3.04,90
185781,22闽高02,福建发展高速公路股份有限公司,5,AA+,02,2022-05-20,3.49,90
185782,22信地02,信达地产股份有限公司,5,AA+,02,2022-05-24,3.7,90
185783,22陕煤Y3,陕西煤业化工集团有限责任公司,,AAA,02,2022-05-31,3.53,90
185784,22开源01,开源证券股份有限公司,3,AAA,02,2022-05-23,3.23,90
185785,22苏城02,苏州城市建设投资发展(集团)有限公司,5,AAA,02,2022-05-25,3.28,90
185786,22美置01,美的置业集团有限公司,4,AAA,02,2022-05-27,4.5,90
185788,22津投09,天津城市基础设施建设投资集团有限公司,2,AAA,02,2022-05-27,5.5,90
185789,22浙商G3,浙江省浙商资产管理股份有限公司,4,,02,2022-06-06,2.9,90
185790,GC永钢K1,江苏永钢集团有限公司,5,AA+,02,2022-06-01,5,90
185791,22建发Y2,厦门建发股份有限公司,,AAA,02,2022-06-08,3.23,90
185792,22京投02,北京市基础设施投资有限公司,3,AAA,02,2022-05-26,2.83,90
185793,22交建Y3,中国交通建设股份有限公司,,AAA,02,2022-05-25,2.98,90
185795,22建投04,南京江北新区建设投资集团有限公司,3,,02,2022-06-08,2.83,90
185797,22沪国K2,上海国有资产经营有限公司,3,,02,2022-06-10,2.75,90
185798,22温岭01,温岭市国有资产投资集团有限公司,5,,02,2022-07-01,2.99,90
185799,22海晟G1,江苏海晟控股集团有限公司,3,AA+,02,2022-06-06,3.09,90
185800,22兴投06,河南航空港投资集团有限公司,3,,02,2022-06-07,3.98,90
185802,22住宅02,厦门安居控股集团有限公司,2,,02,2022-05-27,2.87,90
185803,22城建01,北京城建投资发展股份有限公司,5,AAA,02,2022-07-06,3.25,90
185804,22国投K1,国家开发投资集团有限公司,3,,02,2022-05-27,2.75,90
185805,22国投K2,国家开发投资集团有限公司,10,,02,2022-05-27,3.62,90
185806,22紫金02,紫金矿业集团股份有限公司,5,,02,2022-05-31,2.94,90
185807,22CHNG1Y,中国华能集团有限公司,,AAA,02,2022-05-27,2.94,90
185808,22CHNG2Y,中国华能集团有限公司,,AAA,02,2022-05-27,3.38,90
185809,22网租03,国网国际融资租赁有限公司,3,,02,2022-06-01,2.73,90
185810,22龙湖03,重庆龙湖企业拓展有限公司,6,,02,2022-05-24,4,90
185811,G22宝钢1,宝山钢铁股份有限公司,3,,02,2022-05-30,2.68,90
185813,22武生02,武汉生态环境投资发展集团有限公司,5,,02,2022-06-09,3,90
185814,22国君G5,国泰海通证券股份有限公司,3,AAA,02,2022-05-30,2.78,90
185815,22国君G6,国泰海通证券股份有限公司,10,AAA,02,2022-05-30,3.58,90
185816,22苏垦01,江苏省农垦集团有限公司,3,AAA,02,2022-05-31,2.88,90
185817,22粤港K1,广州港股份有限公司,3,AAA,02,2022-05-31,2.78,90
185818,22滨江G1,南京滨江投资发展有限公司,5,,02,2022-06-06,3.99,90
185819,22营财01,苏州营财投资集团有限公司,3,AAA,02,2022-05-31,3.08,90
185820,22浙商G4,浙江省浙商资产管理股份有限公司,5,,02,2022-06-06,3.18,90
185821,22光证G1,光大证券股份有限公司,3,AAA,02,2022-06-17,2.9,90
185822,22中铁05,中国铁建房地产集团有限公司,3,,02,2022-06-01,3.2,90
185823,22中铁06,中国铁建房地产集团有限公司,5,,02,2022-06-01,3.68,90
185824,22辽港03,辽宁港口股份有限公司,2,AAA,02,2022-06-06,2.7,90
185825,22苏新03,苏州苏高新集团有限公司,5,,02,2022-05-27,2.98,90
185826,22保利03,保利发展控股集团股份有限公司,5,AAA,02,2022-06-07,2.89,90
185827,22保利04,保利发展控股集团股份有限公司,7,AAA,02,2022-06-07,3.4,90
185828,22兴泰01,合肥兴泰金融控股(集团)有限公司,5,AAA,02,2022-06-06,2.98,90
185829,22穗发01,广州发展集团股份有限公司,5,AAA,02,2022-06-01,2.77,90
185830,22葛洲Y1,中国葛洲坝集团股份有限公司,,AAA,02,2022-06-10,3.04,90
185832,22信保Y1,江苏省信用再担保集团有限公司,,AAA,02,2022-06-08,3.15,90
185833,22沪资01,上海国际集团资产管理有限公司,3,,02,2022-06-06,2.8,90
185835,22产融02,中航工业产融控股股份有限公司,3,AAA,02,2022-06-15,2.96,90
185836,22三投02,三门峡市投资集团有限公司,5,,02,2022-06-16,3.85,90
185837,22五资02,五矿资本控股有限公司,3,AAA,02,2022-06-01,2.97,90
185838,22贵安G2,贵州贵安发展集团有限公司,5,,02,2022-06-06,6,90
185839,22保置05,保利置业集团有限公司,5,,02,2022-06-09,3.2,90
185840,22保置06,保利置业集团有限公司,7,,02,2022-06-09,3.65,90
185841,22华鲁K1,华鲁控股集团有限公司,3,,02,2022-06-10,2.6,90
185842,22华远01,华远地产股份有限公司,2,AAA,02,2022-06-02,3.19,90
185843,22抚州03,抚州市市属国有资产投资控股集团有限公司,5,AA+,02,2022-06-20,3.98,90
185844,22宏桥01,山东宏桥新型材料有限公司,3,AA+,02,2022-06-20,4.3,90
185845,22华资Y1,中国华电集团产融控股有限公司,,AAA,02,2022-06-16,3.03,90
185846,22华资Y2,中国华电集团产融控股有限公司,,AAA,02,2022-06-16,3.26,90
185847,22国联04,国联民生证券股份有限公司,3,AAA,02,2022-06-10,2.99,90
185848,22皋通G2,如皋市交通产业集团有限公司,5,,02,2022-06-13,3.27,90
185849,22建材Y4,中国建材股份有限公司,,AAA,02,2022-06-14,3.05,90
185850,22首城01,北京首创城市发展集团有限公司,5,AAA,02,2022-06-13,3.7,90
185851,H22旭辉1,旭辉集团股份有限公司,5,AAA,02,2022-06-30,5.5,90
185852,22兴城03,成都兴城投资集团有限公司,5,AAA,02,2022-06-14,3.34,90
185853,22津投10,天津城市基础设施建设投资集团有限公司,2,AAA,02,2022-06-15,3.75,90
185854,22津投11,天津城市基础设施建设投资集团有限公司,2,AAA,02,2022-06-15,5.4,90
185855,22晋陵01,常州市晋陵投资集团有限公司,3,AA+,02,2022-06-09,3.08,90
185856,22穗投01,广州产业投资控股集团有限公司,3,AAA,02,2022-06-09,2.7,90
185857,22东兴G2,东兴证券股份有限公司,3,AAA,02,2022-06-10,2.9,90
185858,国新YK01,中国国新控股有限责任公司,,AAA,02,2022-06-08,3.5,90
185859,国新YK02,中国国新控股有限责任公司,,AAA,02,2022-06-08,4,90
185860,22晋建02,山西建设投资集团有限公司,5,AAA,02,2022-06-10,3.5,90
185863,22东海01,东海证券股份有限公司,3,AA+,02,2022-06-14,3.44,90
185865,22鲁资04,山东省国有资产投资控股有限公司,5,,02,2022-06-14,3.4,90
185866,22建邺G2,南京市建邺区高新科技投资集团有限公司,5,,02,2022-06-15,3.3,90
185867,22安租Y2,平安国际融资租赁有限公司,,AAA,02,2022-06-21,3.96,90
185868,22铁工03,中国中铁股份有限公司,3,AAA,02,2022-06-14,2.9,90
185869,22铁工04,中国中铁股份有限公司,5,AAA,02,2022-06-14,3.3,90
185870,22东吴05,东吴证券股份有限公司,3,AAA,02,2022-06-15,2.9,90
185871,22张公G3,张家港市国有资本投资集团有限公司,3,AAA,02,2022-06-14,2.95,90
185872,22洪政02,南昌市政公用集团有限公司,3,,02,2022-06-15,3,90
185873,22洪政03,南昌市政公用集团有限公司,5,,02,2022-06-15,3.44,90
185874,22蓉轨Y1,成都轨道交通集团有限公司,,AAA,02,2022-06-23,3.5,90
185875,22芯鑫01,芯鑫融资租赁有限责任公司,3,AAA,02,2022-06-21,3.27,90
185877,22交通G2,昆明市交通投资有限责任公司,2,,02,2022-06-16,5,90
185878,22西基03,西安城市基础设施建设投资集团有限公司,5,AAA,02,2022-06-20,3.1,90
185879,22西基04,西安城市基础设施建设投资集团有限公司,15,AAA,02,2022-06-20,4.28,90
185880,22融和01,中电投融和融资租赁有限公司,3,,02,2022-06-15,3.1,90
185881,22融和02,中电投融和融资租赁有限公司,5,,02,2022-06-15,3.6,90
185882,22陕金K2,陕西金融控股集团有限公司,3,,02,2022-06-23,3.55,90
185883,22智光G1,泰兴市智光环保科技有限公司,3,AAA,02,2022-09-06,3.2,90
185886,22四局Y1,中交建筑集团有限公司,,AAA,02,2022-06-24,3.18,90
185887,22药投01,中国医药投资有限公司,3,AAA,02,2022-06-27,2.78,90
185888,22光证G2,光大证券股份有限公司,5,AAA,02,2022-06-17,3.25,90
185890,22网租04,国网国际融资租赁有限公司,2,,02,2022-07-01,2.7,90
185894,22安租13,平安国际融资租赁有限公司,3,,02,2022-06-23,3.65,90
185895,22新钢01,新余钢铁集团有限公司,5,,02,2022-06-23,3.3,90
185896,22娄城G1,太仓娄城高新集团有限公司,5,,02,2022-06-21,3.65,90
185897,22台州01,台州市国有资本运营集团有限公司,5,AAA,02,2022-06-22,2.85,90
185898,G22疏浚1,中交疏浚(集团)股份有限公司,3,AAA,02,2022-06-21,2.88,90
185899,22远东七,远东国际融资租赁有限公司,4,AAA,02,2022-06-20,3.3,90
185900,22国丰Y3,烟台国丰投资控股集团有限公司,,AAA,02,2022-06-22,3.37,90
185901,22国丰Y4,烟台国丰投资控股集团有限公司,,AAA,02,2022-06-22,4.07,90
185902,22HDGJY2,华电国际电力股份有限公司,,AAA,02,2022-07-27,2.67,90
185903,22成交01,成都交通投资集团有限公司,3,,02,2022-06-24,2.97,90
185904,22交建Y5,中国交通建设股份有限公司,,AAA,02,2022-06-23,3.07,90
185905,22国租01,国新融资租赁有限公司,4,AAA,02,2022-06-30,2.8,90
185906,22国租02,国新融资租赁有限公司,5,AAA,02,2022-06-30,3,90
185907,22国发02,苏州国际发展集团有限公司,3,,02,2022-06-21,2.9,90
185908,22上金01,上海汽车集团金控管理有限公司,3,,02,2022-06-27,3.1,90
185909,22余投02,余姚市城市建设投资发展有限公司,5,,02,2022-06-27,3.6,90
185910,22首股03,北京首都开发股份有限公司,5,AAA,02,2022-06-22,3.4,90
185912,22蓉产K1,成都产业投资集团有限公司,5,AAA,02,2022-06-22,3,90
185913,22保利05,保利发展控股集团股份有限公司,5,AAA,02,2022-07-01,3,90
185914,22保利06,保利发展控股集团股份有限公司,7,AAA,02,2022-07-01,3.4,90
185915,22恒信G2,海通恒信国际融资租赁股份有限公司,2,AAA,02,2022-06-24,3.16,90
185916,22穗建05,广州市城市建设开发有限公司,5,AAA,02,2022-06-29,2.85,90
185917,22穗建06,广州市城市建设开发有限公司,7,AAA,02,2022-06-29,3.37,90
185918,22宁资04,宁夏国有资本运营集团有限责任公司,3,AAA,02,2022-06-27,3.1,90
185919,22漳九Y3,漳州市九龙江集团有限公司,,AAA,02,2022-07-05,3.27,90
185920,22淮安03,淮安开发控股有限公司,2,,02,2022-06-24,4.65,90
185921,22湘财01,湘财证券股份有限公司,3,,02,2022-06-23,4.87,90
185922,22建租05,中建投租赁股份有限公司,5,AAA,02,2022-07-14,3.68,90
185923,22华港03,华远国际陆港集团有限公司,5,AAA,02,2022-07-11,3.4,90
185924,22武金Y2,武汉金融控股(集团)有限公司,,AAA,02,2022-06-27,4,90
185926,22济建Y3,济南城市建设集团有限公司,,AAA,02,2022-07-01,3.75,90
185927,22翔业02,厦门翔业集团有限公司,3,,02,2022-06-27,2.97,90
185928,22龙湖04,重庆龙湖企业拓展有限公司,6,AAA,02,2022-07-11,4.1,90
185929,22建发Y3,厦门建发股份有限公司,,AAA,02,2022-06-27,3.97,90
185930,22漳九06,漳州市九龙江集团有限公司,5,AAA,02,2022-07-04,3.09,90
185931,22葛洲Y2,中国葛洲坝集团股份有限公司,,AAA,02,2022-06-27,3.13,90
185932,22连城G1,连云港市城建控股集团有限公司,5,,02,2022-06-30,3.42,90
185934,22陕金03,陕西金融控股集团有限公司,3,,02,2022-07-05,3.47,90
185936,22安租15,平安国际融资租赁有限公司,4,,02,2022-07-04,3.13,90
185937,22南山02,南山集团有限公司,2,AAA,02,2022-07-14,5.18,90
185939,22华电01,中国华电集团有限公司,3,AAA,02,2022-07-08,2.93,90
185940,22华电02,中国华电集团有限公司,5,AAA,02,2022-07-08,3.35,90
185942,22交通G4,昆明市交通投资有限责任公司,2,,02,2022-08-10,5,90
185943,22川投02,四川省投资集团有限责任公司,5,,02,2022-06-29,3.39,90
185944,22兴投07,河南航空港投资集团有限公司,3,,02,2022-07-28,4.12,90
185945,22津投12,天津城市基础设施建设投资集团有限公司,2,AAA,02,2022-07-08,4.1,90
185946,22津投13,天津城市基础设施建设投资集团有限公司,2,AAA,02,2022-07-08,5.5,90
185947,22特房02,厦门经济特区房地产开发集团有限公司,3,AAA,02,2022-07-01,2.93,90
185948,22特房03,厦门经济特区房地产开发集团有限公司,5,AAA,02,2022-07-01,3.18,90
185949,22路投01,台州市路桥公共资产投资管理集团有限公司,2,,02,2022-07-20,2.67,90
185950,22中豫03,中原豫资投资控股集团有限公司,5,,02,2022-07-06,3.48,90
185951,22栖建01,南京栖霞建设股份有限公司,5,AA+,02,2022-07-12,3.75,90
185952,22国管01,北京国有资本运营管理有限公司,10,AAA,02,2022-07-06,3.64,90
185953,22临债01,上海临港控股股份有限公司,4,AAA,02,2022-07-11,2.79,90
185954,22豫投01,河南投资集团有限公司,10,AAA,02,2022-07-18,3.98,90
185956,22青控Y4,青岛城投城金控股集团有限公司,,AAA,02,2022-07-08,3.86,90
185957,GC天成07,华能天成融资租赁有限公司,2,AAA,02,2022-07-11,2.8,90
185958,22中公Y1,中交一公局集团有限公司,,AAA,02,2022-07-04,2.95,90
185959,22中公Y2,中交一公局集团有限公司,,AAA,02,2022-07-04,3.17,90
185960,22建控Y1,陕西建工控股集团有限公司,,AAA,02,2022-07-28,5.7,90
185961,22滨建G2,常熟市滨江城市建设经营投资有限责任公司,3,,02,2022-07-04,3.4,90
185962,22义创G1,义乌市国有资本运营有限公司,3,,02,2022-07-21,3.15,90
185963,22沪资02,上海国际集团资产管理有限公司,3,,02,2022-07-11,2.9,90
185964,22玄武01,南京钟山资产经营管理集团有限公司,3,,02,2022-07-20,2.86,90
185965,22穗建07,广州市城市建设开发有限公司,5,AAA,02,2022-07-08,2.9,90
185967,22金茂03,上海金茂投资管理集团有限公司,5,AAA,02,2022-07-18,3.28,90
185968,22首城02,北京首创城市发展集团有限公司,5,AAA,02,2022-07-13,3.8,90
185969,22粤港02,广州港股份有限公司,3,AAA,02,2022-07-11,2.9,90
185970,22临债02,上海临港控股股份有限公司,5,AAA,02,2022-07-20,2.95,90
185971,22恒信G3,海通恒信国际融资租赁股份有限公司,3,AAA,02,2022-07-13,3.44,90
185972,22能租01,国能融资租赁有限公司,3,AAA,02,2022-08-22,2.84,90
185973,22国君G7,国泰海通证券股份有限公司,3,AAA,02,2022-07-11,2.92,90
185974,22国君G8,国泰海通证券股份有限公司,5,AAA,02,2022-07-11,3.27,90
185975,22惠控01,无锡市惠山国有投资控股集团有限公司,3,,02,2022-07-15,2.9,90
185976,22杭金03,杭州市金融投资集团有限公司,5,AAA,02,2022-07-19,2.99,90
185977,22鸿商01,鸿商产业控股集团有限公司,3,AA+,02,2022-08-12,6.4,90
185978,22宏桥02,山东宏桥新型材料有限公司,3,AA+,02,2022-08-09,4.5,90
185979,22安建Y1,安徽建工集团股份有限公司,,AA+,02,2022-07-11,4.9,90
185981,22鲁资06,山东省国有资产投资控股有限公司,5,,02,2022-07-13,3.47,90
185982,22安租Y3,平安国际融资租赁有限公司,,AAA,02,2022-11-01,4.2,90
185983,22大宁01,上海大宁资产经营(集团)有限公司,7,AA+,02,2022-07-18,3.4,90
185984,22东兴G3,东兴证券股份有限公司,1.03,AAA,02,2022-07-14,2.39,90
185985,22中交Y1,中交第四航务工程局有限公司,,AAA,02,2022-08-03,3.04,90
185986,22建银03,中国建银投资有限责任公司,3,AAA,02,2022-07-15,2.95,90
185988,22海控Y1,青岛西海岸新区海洋控股集团有限公司,,AAA,02,2022-08-03,3.3,90
185989,22中科02,北京中关村科技创业金融服务集团有限公司,3,,02,2022-07-13,3.63,90
185990,22城建02,北京城建投资发展股份有限公司,5,AAA,02,2022-07-21,3.22,90
185991,22新汶Y1,新汶矿业集团有限责任公司,,AAA,02,2022-07-13,3.86,90
185992,22同安01,同安控股有限责任公司,5,,02,2022-07-18,3.95,90
185993,22阳安02,华创云信数字技术股份有限公司,2,AA+,02,2022-07-19,5.6,90
185994,22航租03,中航国际融资租赁有限公司,5,AAA,02,2022-07-14,3.13,90
185995,22国科K2,中国科学院控股有限公司,5,,02,2022-07-22,2.99,90
185997,22苏新05,苏州苏高新集团有限公司,5,,02,2022-07-26,2.92,90
185998,22中航Y3,中国航空技术国际控股有限公司,,AAA,02,2022-07-13,3.1,90
185999,22中航Y4,中国航空技术国际控股有限公司,,AAA,02,2022-07-13,3.45,90
188000,21建材01,中国建材股份有限公司,3,AAA,02,2021-04-20,3.4,90
188002,21深钜03,深圳市钜盛华股份有限公司,5,AA+,02,2021-05-18,7.5,90
188004,21赣融Y1,江西省金融控股集团有限公司,,AAA,02,2021-04-30,5,90
188005,21锡交Y3,无锡市交通产业集团有限公司,,AAA,02,2021-06-28,3.89,90
188007,21中关Y1,中关村发展集团股份有限公司,,AAA,02,2021-04-26,3.74,90
188008,21新工01,南京新工投资集团有限责任公司,3,AAA,02,2021-04-29,3.68,90
188009,21中化T1,中化资本投资管理有限责任公司,3,AAA,02,2021-04-29,3.95,90
188010,21常熟01,常熟市城市经营投资集团有限公司,5,AA+,02,2021-04-28,3.69,90
188011,21筑城02,贵阳市城市建设投资集团有限公司,5,AA+,02,2021-08-23,6,90
188013,21航控01,中航工业产融控股股份有限公司,2,AAA,02,2021-04-23,3.4,90
188014,21航控02,中航工业产融控股股份有限公司,3,AAA,02,2021-04-23,3.65,90
188015,国电投03,国家电力投资集团有限公司,2,AAA,02,2021-04-26,3.29,90
188016,21通城02,南通城市建设集团有限公司,3,AAA,02,2021-04-22,3.67,90
188017,21长寿G1,重庆长寿开发投资(集团)有限公司,5,AA+,02,2021-05-11,5.86,90
188020,21南资02,南方工业资产管理有限责任公司,3,AA+,02,2021-04-30,4.1,90
188021,21国保01,国新商业保理有限公司,3,AAA,02,2021-05-24,3.7,90
188023,21苏农01,苏州市农业发展集团有限公司,5,AA+,02,2021-04-29,3.9,90
188025,21蚌投01,蚌埠投资集团有限公司,5,AAA,02,2021-12-13,3.61,90
188026,21华租01,华电融资租赁有限公司,3,AAA,02,2021-04-30,3.96,90
188027,21淮矿01,淮北矿业控股股份有限公司,2,AAA,02,2021-04-27,3.59,90
188028,21兴泸02,泸州市兴泸投资集团有限公司,5,AA+,02,2021-04-26,3.8,90
188029,21兴泸03,泸州市兴泸投资集团有限公司,5,AA+,02,2021-04-26,4.4,90
188030,21北控01,北京控股集团有限公司,3,AAA,02,2021-04-27,3.45,90
188031,21建发Y2,厦门建发股份有限公司,,AAA,02,2021-04-26,4.13,90
188033,21苏城01,苏州城市建设投资发展(集团)有限公司,5,AAA,02,2021-04-30,3.78,90
188034,21海润01,江苏海润城市发展集团有限公司,5,AA+,02,2021-04-28,4.2,90
188035,21中财G3,中国中金财富证券有限公司,5,AAA,02,2021-04-29,3.55,90
188036,21中财G4,中国中金财富证券有限公司,5,AAA,02,2021-04-29,3.84,90
188037,21紫金Y1,南京紫金投资集团有限责任公司,,AAA,02,2021-04-29,3.9,90
188038,21GLP07,普洛斯中国控股有限公司,5,AAA,02,2021-04-29,4.4,90
188039,21宁德01,宁德市国有资产投资经营集团有限公司,5,AA,02,2021-05-10,4.1,90
188041,21武经01,江苏武进经济发展集团有限公司,5,AA+,02,2021-05-13,4.35,90
188042,21先导01,长沙先导投资控股集团有限公司,3,AAA,02,2021-04-29,3.7,90
188043,21先导02,长沙先导投资控股集团有限公司,7,AAA,02,2021-04-29,4.5,90
188044,21山招Y1,山东招金集团有限公司,,AAA,02,2021-04-30,4.7,90
188045,21西南01,西南水泥有限公司,3,AAA,02,2021-04-28,3.59,90
188046,21西南02,西南水泥有限公司,5,AAA,02,2021-04-28,3.94,90
188047,21华泰G3,华泰证券股份有限公司,3,AAA,02,2021-04-29,3.42,90
188048,21渝水01,重庆水务集团股份有限公司,5,AAA,02,2021-04-29,3.8,90
188049,21富通01,富通集团有限公司,3,AA+,02,2021-04-29,7,90
188050,21国发01,苏州国际发展集团有限公司,3,AAA,02,2021-04-29,3.49,90
188051,21巴中G1,巴中市国有资本运营集团有限公司,3,AA,02,2021-05-11,7.2,90
188052,21中航Y1,中国航空技术国际控股有限公司,,AAA,02,2021-05-10,3.48,90
188053,21中航Y2,中国航空技术国际控股有限公司,,AAA,02,2021-05-10,3.69,90
188055,21安租Y3,平安国际融资租赁有限公司,,AAA,02,2021-06-07,5.1,90
188057,21越交02,越秀交通基建有限公司,5,AAA,02,2021-05-18,3.48,90
188058,21越交03,越秀交通基建有限公司,7,AAA,02,2021-05-18,3.84,90
188059,21诚通05,中国诚通控股集团有限公司,5,AAA,02,2021-04-29,3.7,90
188060,21诚通06,中国诚通控股集团有限公司,7,AAA,02,2021-04-29,4,90
188061,21富皋G1,富皋万泰集团有限公司,5,AA+,02,2021-05-06,4.25,90
188063,21海企01,江苏省海外企业集团有限公司,3,AAA,02,2021-05-12,4.09,90
188064,21余姚01,余姚市城市建设投资发展有限公司,5,AA+,02,2021-05-06,4.5,90
188065,21高科01,武汉高科国有控股集团有限公司,5,AA+,02,2021-05-10,4.45,90
188067,21黔高01,贵州高速公路集团有限公司,5,AAA,02,2021-05-11,3.87,90
188069,21绍城G1,绍兴市城市发展集团有限公司,7,AAA,02,2021-04-30,4.39,90
188070,21金控02,江苏金坛投资控股有限公司,2,AA,02,2021-05-13,5.5,90
188071,21长交03,长兴交通投资集团有限公司,5,AA+,02,2021-06-28,4.85,90
188072,21北新01,北新建材集团有限公司,5,AAA,02,2021-05-06,3.65,90
188075,21华鲁01,华鲁控股集团有限公司,5,AAA,02,2021-05-13,3.69,90
188077,21曹国02,曹妃甸国控投资集团有限公司,5,AA+,02,2021-05-06,6,90
188078,21五资01,五矿资本控股有限公司,3,AAA,02,2021-05-10,3.67,90
188079,21凤凰02,江苏凤凰出版传媒集团有限公司,3,AAA,02,2021-05-10,3.53,90
188080,21洪政03,南昌市政公用集团有限公司,5,AAA,02,2021-05-10,3.99,90
188081,21水发01,水发集团有限公司,5,AAA,02,2021-05-20,5.14,90
188082,21葛洲01,中国葛洲坝集团股份有限公司,5,AAA,02,2021-05-11,3.53,90
188084,21两江01,重庆两江新区开发投资集团有限公司,5,AAA,02,2021-05-11,3.97,90
188085,GC国铁01,中国铁路投资集团有限公司,2,AAA,02,2021-05-13,3.26,90
188087,21盐投01,盐城东方投资开发集团有限公司,5,AA+,02,2021-05-12,6.48,90
188088,21国联02,国联证券股份有限公司,3,AAA,02,2021-05-17,3.59,90
188089,21国管01,北京国有资本运营管理有限公司,10,AAA,02,2021-05-14,4.03,90
188090,21成大01,辽宁成大股份有限公司,3,AA+,02,2021-05-10,6,90
188091,21扬州01,扬州市城建国有资产控股(集团)有限责任公司,3,AAA,02,2021-05-10,3.6,90
188092,21中化Y5,中国中化股份有限公司,,AAA,02,2021-05-19,3.6,90
188093,21中化Y6,中国中化股份有限公司,,AAA,02,2021-05-19,3.79,90
188094,GC福电01,福建福清核电有限公司,3,AAA,02,2021-05-17,3.51,90
188095,21唐新01,中国大唐集团新能源股份有限公司,3,AAA,02,2021-05-13,3.32,90
188096,21开源01,开源证券股份有限公司,3,AAA,02,2021-05-12,3.9,90
188097,21成高01,四川成南高速公路有限责任公司,5,AAA,02,2021-05-20,3.6,90
188098,21苏信01,江苏省国信集团有限公司,3,AAA,02,2021-05-18,3.4,90
188099,21苏信02,江苏省国信集团有限公司,5,AAA,02,2021-05-18,3.74,90
188101,国电投04,国家电力投资集团有限公司,2,AAA,02,2021-05-17,3.19,90
188102,21远洋01,北京远洋控股集团有限公司,5,AAA,02,2021-05-18,4.2,90
188103,21穗发01,广州发展集团股份有限公司,5,AAA,02,2021-05-18,3.43,90
188105,21陆集01,上海陆家嘴(集团)有限公司,5,AAA,02,2021-05-19,3.43,90
188106,21华泰G4,华泰证券股份有限公司,5,AAA,02,2021-05-26,3.71,90
188107,21国金01,国金证券股份有限公司,2,AAA,02,2021-05-21,3.38,90
188108,21国金02,国金证券股份有限公司,3,AAA,02,2021-05-21,3.55,90
188109,21葛洲02,中国葛洲坝集团股份有限公司,5,AAA,02,2021-05-26,3.4,90
188110,21宁交01,南京市交通建设投资控股(集团)有限责任公司,5,AAA,02,2021-05-24,3.75,90
188111,21常通01,常州市交通产业集团有限公司,3,AA+,02,2021-05-31,3.72,90
188112,21金城01,张家港市金城投资发展集团有限公司,5,AA+,02,2021-05-26,3.77,90
188113,21宏桥01,山东宏桥新型材料有限公司,2,AA+,02,2021-06-17,4.9,90
188114,21宏桥02,山东宏桥新型材料有限公司,3,AA+,02,2021-06-17,5.6,90
188115,21诚通07,中国诚通控股集团有限公司,5,AAA,02,2021-05-26,3.63,90
188116,21诚通08,中国诚通控股集团有限公司,7,AAA,02,2021-05-26,3.98,90
188117,21麓山01,长沙麓山投资控股集团有限公司,3,AA+,02,2021-06-04,4.02,90
188119,21浙商01,浙商证券股份有限公司,5,AAA,02,2021-05-24,3.49,90
188120,21财证01,财信证券股份有限公司,2,AAA,02,2021-05-27,3.2,90
188121,21财证02,财信证券股份有限公司,3,AAA,02,2021-05-27,3.82,90
188123,21建材Y1,中国建材股份有限公司,,AAA,02,2021-05-27,3.33,90
188124,21建材Y2,中国建材股份有限公司,,AAA,02,2021-05-27,3.52,90
188126,G21张江1,上海张江高科技园区开发股份有限公司,5,AAA,02,2021-05-31,3.68,90
188127,21国君G3,国泰君安证券股份有限公司,3,AAA,02,2021-05-26,3.31,90
188128,21国君G4,国泰海通证券股份有限公司,5,AAA,02,2021-05-26,3.67,90
188129,21张公02,张家港市国有资本投资集团有限公司,3,AAA,02,2021-06-21,3.59,90
188130,21安信G1,国投证券股份有限公司,3,AAA,02,2021-05-31,3.3,90
188131,21安信G2,国投证券股份有限公司,5,AAA,02,2021-05-31,3.7,90
188132,21控租01,国耀融汇融资租赁有限公司,4,AAA,02,2021-06-07,3.79,90
188133,21海润02,江苏海润城市发展集团有限公司,5,AA+,02,2021-06-29,3.97,90
188134,21华泰G5,华泰证券股份有限公司,3,AAA,02,2021-05-27,3.28,90
188135,21华能01,华能国际电力股份有限公司,3,AAA,02,2021-05-27,3.35,90
188136,21华能02,华能国际电力股份有限公司,10,AAA,02,2021-05-27,3.97,90
188137,21启东G2,启东城投集团有限公司,5,AA+,02,2021-05-28,3.9,90
188138,21特房03,厦门经济特区房地产开发集团有限公司,5,AA+,02,2021-05-28,4.18,90
188139,21国电01,国电电力发展股份有限公司,3,AAA,02,2021-05-28,3.35,90
188140,21华泰G6,华泰证券股份有限公司,5,AAA,02,2021-05-27,3.63,90
188141,21南港01,南京新港开发有限公司,5,AA+,02,2021-06-07,4.2,90
188142,21建租03,中建投租赁股份有限公司,4,AAA,02,2021-06-08,3.73,90
188143,21建租04,中建投租赁股份有限公司,4,AAA,02,2021-06-08,4.02,90
188144,21鲁高Y3,山东高速集团有限公司,,AAA,02,2021-05-28,3.6,90
188145,21龙湖03,重庆龙湖企业拓展有限公司,5,AAA,02,2021-05-26,3.5,90
188146,21龙湖04,重庆龙湖企业拓展有限公司,7,AAA,02,2021-05-26,3.93,90
188147,21长发03,长沙城市发展集团有限公司,10,AAA,02,2021-05-31,4.45,90
188149,21金港01,张家港保税区金港资产经营集团有限公司,5,AA+,02,2021-06-02,3.99,90
188150,21海通04,海通证券股份有限公司,3,AAA,02,2021-06-01,3.35,90
188151,21安租05,平安国际融资租赁有限公司,4,AAA,02,2021-05-31,3.76,90
188152,21安租06,平安国际融资租赁有限公司,5,AAA,02,2021-05-31,4.04,90
188153,21首创01,北京首都创业集团有限公司,3,AAA,02,2021-05-31,3.53,90
188154,21陕煤Y1,陕西煤业化工集团有限责任公司,,AAA,02,2021-06-17,4.5,90
188155,21济城G3,济南城市投资集团有限公司,5,AAA,02,2021-06-01,3.8,90
188156,21深钜04,深圳市钜盛华股份有限公司,5,,02,2021-05-26,7.5,90
188157,21南司01,重庆市南部新城产业投资集团有限公司,5,AA+,02,2021-07-30,5,90
188159,21首钢Y1,首钢集团有限公司,,AAA,02,2021-06-04,3.97,90
188161,21紫金01,紫金矿业集团股份有限公司,3,AAA,02,2021-06-08,3.46,90
188162,21紫金02,紫金矿业集团股份有限公司,5,AAA,02,2021-06-08,3.87,90
188163,21兖煤01,兖矿能源集团股份有限公司,3,AAA,02,2021-06-04,3.74,90
188164,21兖煤02,兖矿能源集团股份有限公司,5,AAA,02,2021-06-04,4.13,90
188165,21GLP08,普洛斯中国控股有限公司,5,AAA,02,2021-06-21,4.3,90
188166,21平证03,平安证券股份有限公司,3,AAA,02,2021-06-04,3.4,90
188167,21平证04,平安证券股份有限公司,1.53,AAA,02,2021-06-07,3.05,90
188168,21兵装Y1,中国兵器装备集团有限公司,,AAA,02,2021-06-04,3.24,90
188169,21淮投01,淮北市建投控股集团有限公司,5,AA+,02,2021-06-04,6.3,90
188170,21中电Y1,中国电子信息产业集团有限公司,,AAA,02,2021-07-02,3.98,90
188171,21保利05,保利发展控股集团股份有限公司,5,AAA,02,2021-06-04,3.39,90
188172,21保利06,保利发展控股集团股份有限公司,7,AAA,02,2021-06-04,3.7,90
188173,21松建01,上海松江城镇建设投资开发集团有限公司,5,AAA,02,2021-06-21,3.49,90
188174,21国联03,国联证券股份有限公司,2,AAA,02,2021-06-11,3.27,90
188175,21万向01,中国万向控股有限公司,2,AA+,02,2021-06-07,5.5,90
188177,21复星05,上海复星高科技(集团)有限公司,2,AAA,02,2021-06-04,5.5,90
188178,21复星06,上海复星高科技(集团)有限公司,2,AAA,02,2021-06-04,6.2,90
188179,21华创01,华创证券有限责任公司,2,AA+,02,2021-06-04,5,90
188182,21住宅04,厦门安居控股集团有限公司,5,AA+,02,2021-06-16,3.8,90
188183,21网租01,国网国际融资租赁有限公司,2,AAA,02,2021-06-17,3.38,90
188184,21深钜05,深圳市钜盛华股份有限公司,5,,02,2021-06-04,7.5,90
188185,GC华电03,中国华电集团有限公司,3,AAA,02,2021-06-08,3.3,90
188187,21龙川G3,扬州龙川控股集团有限责任公司,5,,02,2021-06-07,4.53,90
188188,21锡交01,无锡市交通产业集团有限公司,5,AAA,02,2021-06-08,3.75,90
188189,21锡交02,无锡市交通产业集团有限公司,10,AAA,02,2021-06-08,4.47,90
188190,21宁城03,宁乡市城市建设投资集团有限公司,5,AA+,02,2021-06-07,4.2,90
188191,21景瑞01,景瑞地产(集团)有限公司,3,AA,02,2021-06-03,7.2,90
188192,21铁工Y1,中国中铁股份有限公司,,AAA,02,2021-06-09,3.63,90
188193,21铁工Y2,中国中铁股份有限公司,,AAA,02,2021-06-09,3.85,90
188194,21临港G1,上海临港经济发展(集团)有限公司,3,AAA,02,2021-06-11,3.41,90
188195,21光证G2,光大证券股份有限公司,3,AAA,02,2021-06-10,3.3,90
188196,21光证G3,光大证券股份有限公司,5,AAA,02,2021-06-10,3.67,90
188197,21平海01,广东惠州平海发电厂有限公司,2,AA+,02,2021-06-11,3.57,90
188198,21唐控03,唐山控股发展集团股份有限公司,5,AA+,02,2021-06-28,6.5,90
188199,21华能03,华能国际电力股份有限公司,3,AAA,02,2021-06-10,3.33,90
188200,21华能04,华能国际电力股份有限公司,10,AAA,02,2021-06-10,3.97,90
188201,21渝东01,重庆市万州三峡平湖有限公司,5,AA+,02,2021-07-23,4.48,90
188202,21海通05,海通证券股份有限公司,3,AAA,02,2021-06-16,3.4,90
188203,21科发01,绵阳科技城发展投资(集团)有限公司,3,AA,02,2021-07-07,6.5,90
188204,21宝龙03,上海宝龙实业发展(集团)有限公司,7,AAA,02,2021-06-18,5.7,90
188205,21中证08,中信证券股份有限公司,5,AAA,02,2021-06-17,3.7,90
188206,21中证09,中信证券股份有限公司,10,AAA,02,2021-06-17,4.03,90
188208,21天易06,湖南天易集团有限公司,3,AAA,02,2021-06-11,6.5,90
188210,21广晟Y2,广东省广晟控股集团有限公司,,AAA,02,2021-06-17,4.13,90
188212,21苏科03,江苏省溧阳高新区控股集团有限公司,5,AA+,02,2021-06-17,4.5,90
188213,21广越04,广州越秀集团股份有限公司,5,AAA,02,2021-06-17,3.45,90
188215,21国君G5,国泰君安证券股份有限公司,3,AAA,02,2021-06-15,3.4,90
188217,21国投03,国家开发投资集团有限公司,3,AAA,02,2021-06-17,3.4,90
188218,21国投04,国家开发投资集团有限公司,5,AAA,02,2021-06-17,3.74,90
188220,21中关Y2,中关村发展集团股份有限公司,,AAA,02,2021-06-28,3.58,90
188221,21中关Y3,中关村发展集团股份有限公司,,AAA,02,2021-06-28,3.9,90
188222,21深钜06,深圳市钜盛华股份有限公司,5,,02,2021-06-18,7.5,90
188225,21国租01,国新融资租赁有限公司,3,AAA,02,2021-06-15,3.63,90
188226,21国金03,国金证券股份有限公司,1.03,AAA,02,2021-06-18,3.02,90
188228,21中企01,中华企业股份有限公司,5,AAA,02,2021-06-21,3.7,90
188229,21安信G3,国投证券股份有限公司,3,AAA,02,2021-06-24,3.44,90
188230,21泸高01,泸州市高新投资集团有限公司,5,AAA,02,2021-06-30,5,90
188231,21青纾01,青岛国信发展(集团)有限责任公司,5,AAA,02,2021-06-22,3.6,90
188232,21环球Y1,中国环球租赁有限公司,,AAA,02,2021-07-02,5.1,90
188233,21镇公01,镇江城市建设产业集团有限公司,5,AA+,02,2021-07-28,6.3,90
188234,21平证05,平安证券股份有限公司,3,AAA,02,2021-06-18,3.48,90
188236,GC航租01,中航国际融资租赁有限公司,4,AAA,02,2021-06-29,3.59,90
188237,21建材Y4,中国建材股份有限公司,,AAA,02,2021-06-21,3.35,90
188239,21华泰G7,华泰证券股份有限公司,3,AAA,02,2021-06-21,3.4,90
188241,21唐新02,中国大唐集团新能源股份有限公司,3,AAA,02,2021-07-26,2.95,90
188242,21昆投01,昆山国创投资集团有限公司,3,AA+,02,2021-07-06,3.89,90
188243,G21长电1,中国长江电力股份有限公司,5,AAA,02,2021-06-25,3.73,90
188244,21中铝01,中铝资本控股有限公司,3,AA+,02,2021-06-28,4.2,90
188245,21宜城01,宜兴市城市发展投资有限公司,7,AA+,02,2021-06-23,3.63,90
188246,国电投05,国家电力投资集团有限公司,2,AAA,02,2021-06-25,3.25,90
188247,21华远03,华远地产股份有限公司,3,AAA,02,2021-06-17,4.2,90
188248,21南方03,南方水泥有限公司,3,AAA,02,2021-06-23,3.47,90
188250,21翔业02,厦门翔业集团有限公司,3,AAA,02,2021-06-24,3.68,90
188251,21山招Y2,山东招金集团有限公司,,AAA,02,2021-07-01,4.5,90
188252,21铁建Y1,中国铁建股份有限公司,,AAA,02,2021-06-23,3.73,90
188253,21铁建Y2,中国铁建股份有限公司,,AAA,02,2021-06-23,4,90
188254,21当代01,武汉当代科技产业集团股份有限公司,5,AA+,02,2021-06-23,6.95,90
188257,21新控01,新城控股集团股份有限公司,3,AAA,02,2021-06-28,6,90
188259,21格地02,格力地产股份有限公司,2,AA+,02,2021-06-24,6.5,90
188261,21CHNE01,国家能源投资集团有限责任公司,3,AAA,02,2021-06-21,3.37,90
188262,21交租01,中交融资租赁有限公司,3,AAA,02,2021-06-29,3.69,90
188263,21长治02,长治市财通投资控股集团有限公司,5,AA+,02,2021-06-24,2.1,90
188264,21华能05,华能国际电力股份有限公司,10,AAA,02,2021-06-24,3.99,90
188267,21赣投Y2,江西省投资集团有限公司,,AAA,02,2021-07-23,3.7,90
188268,21居然01,北京居然之家投资控股集团有限公司,3,AA+,02,2021-06-25,6.2,90
188269,21中铁Y3,中国中铁股份有限公司,,AAA,02,2021-06-24,3.73,90
188270,21中铁Y4,中国中铁股份有限公司,,AAA,02,2021-06-24,4.05,90
188271,21鄂交Y1,湖北交通投资集团有限公司,,AAA,02,2021-06-29,3.89,90
188272,21康居01,南京浦口康居建设集团有限公司,3,AA+,02,2021-06-30,4.1,90
188273,21恒信G2,海通恒信国际融资租赁股份有限公司,4,AAA,02,2021-06-23,3.85,90
188274,21常城07,常州市城市建设(集团)有限公司,10,AAA,02,2021-07-08,4.08,90
188275,21常城08,常州市城市建设(集团)有限公司,10,AAA,02,2021-07-08,4.7,90
188276,21金辉01,金辉集团股份有限公司,5,AA+,02,2021-06-23,6.95,90
188277,21济金03,济南金投控股集团有限公司,5,AA+,02,2021-07-29,3.95,90
188278,21柳控02,广西柳州市投资控股集团有限公司,5,AA+,02,2021-07-05,7.6,90
188279,21国发S2,苏州国际发展集团有限公司,1,A-1,02,2021-06-30,2.8,90
188280,21淮安01,淮安开发控股有限公司,3,AA+,02,2021-06-28,5.45,90
188281,21穗发02,广州发展集团股份有限公司,5,AAA,02,2021-07-01,3.4,90
188282,21华泰09,华泰证券股份有限公司,3,AAA,02,2021-06-24,3.45,90
188284,21一航Y1,中交第一航务工程局有限公司,,AAA,02,2021-06-23,4.07,90
188285,21兖煤Y1,兖矿能源集团股份有限公司,,AAA,02,2021-06-29,3.99,90
188286,21兖煤Y2,兖矿能源集团股份有限公司,,AAA,02,2021-06-29,4.4,90
188288,21陆集02,上海陆家嘴(集团)有限公司,5,AAA,02,2021-06-29,3.6,90
188289,21融信03,融信(福建)投资集团有限公司,6.32,AAA,02,2021-07-13,6.5,90
188291,21平证06,平安证券股份有限公司,3,AAA,02,2021-06-29,3.5,90
188292,21平证07,平安证券股份有限公司,2,AAA,02,2021-06-29,3.35,90
188293,21路桥Y1,厦门路桥建设集团有限公司,,AAA,02,2021-06-29,3.93,90
188294,21黔高02,贵州高速公路集团有限公司,3,,02,2021-07-08,3.75,90
188296,21华住01,珠海华发实业股份有限公司,5,AAA,02,2021-08-10,4.68,90
188297,21武经02,江苏武进经济发展集团有限公司,3,AA+,02,2021-07-07,4.1,90
188298,21建投01,南京江北新区建设投资集团有限公司,5,AAA,02,2021-07-01,3.49,90
188299,21建发G1,乌鲁木齐经济技术开发区建发国有资本投资运营(集团)有限公司,5,AA+,02,2021-07-01,5.5,90
188300,GC天成03,华能天成融资租赁有限公司,3,AAA,02,2021-07-01,3.85,90
188302,21天风04,天风证券股份有限公司,2,AAA,02,2021-07-02,4.12,90
188303,21陕煤Y2,陕西煤业化工集团有限责任公司,,AAA,02,2021-06-30,4.5,90
188304,21中保01,中国投融资担保股份有限公司,5,AAA,02,2021-06-29,3.5,90
188305,21龙控02,深圳市龙光控股有限公司,5.38,AAA,02,2021-06-30,4.8,90
188308,21鄂长Y1,长江产业投资集团有限公司,,AAA,02,2021-07-08,4.2,90
188309,21吉保01,吉林省信用融资担保投资集团有限公司,5,AA+,02,2021-07-08,6.5,90
188310,21即投01,青岛市即墨区城市旅游开发投资有限公司,5,AA+,02,2021-09-24,3.85,90
188311,21虞国01,绍兴市上虞区国有资本投资运营有限公司,5,AA+,02,2021-07-05,3.89,90
188312,21南钢01,南京南钢钢铁联合有限公司,3,AA+,02,2021-07-02,5.97,90
188313,21财资01,湖南省财信资产管理有限公司,5,AAA,02,2021-08-06,3.8,90
188314,21国联04,国联证券股份有限公司,3,AAA,02,2021-07-01,3.65,90
188315,21赣交03,江西省交通投资集团有限责任公司,5,AAA,02,2021-06-30,3.75,90
188316,21株发01,株洲市城市建设发展集团有限公司,5,AA+,02,2021-07-12,4.19,90
188317,21株发02,株洲市城市建设发展集团有限公司,5,AA+,02,2021-07-12,5,90
188318,21融侨01,融侨集团股份有限公司,5.42,AA+,02,2021-07-08,7,90
188320,21蒙牛01,内蒙古蒙牛乳业(集团)股份有限公司,2,AAA,02,2021-07-09,3.1,90
188321,21闽能01,福建省能源集团有限责任公司,3,AAA,02,2021-07-23,3.43,90
188322,21赣交V1,江西省交通投资集团有限责任公司,3,AAA,02,2021-07-06,3.42,90
188323,21德泰01,大连德泰控股有限公司,3,AA+,02,2021-07-12,5.6,90
188324,21华泰11,华泰证券股份有限公司,3,AAA,02,2021-09-13,3.03,90
188325,21华泰12,华泰证券股份有限公司,10,AAA,02,2021-09-13,3.78,90
188326,21奥园债,奥园集团有限公司,4,AAA,02,2021-07-07,6.8,90
188327,21成交02,成都交通投资集团有限公司,5,AAA,02,2021-07-29,3.45,90
188328,21锡建03,无锡市建设发展投资有限公司,5,AAA,02,2021-07-19,3.62,90
188329,21锡建04,无锡市建设发展投资有限公司,7,AAA,02,2021-07-19,4.08,90
188330,21镇投G3,镇江国有投资控股集团有限公司,3,,02,2021-10-13,6.2,90
188331,21济轨Y1,济南轨道交通集团有限公司,,AAA,02,2021-07-12,3.74,90
188332,21苏交02,江苏交通控股有限公司,3,AAA,02,2021-07-09,3.31,90
188333,21安租07,平安国际融资租赁有限公司,4,AAA,02,2021-07-15,3.87,90
188334,21安租08,平安国际融资租赁有限公司,5,AAA,02,2021-07-15,4.08,90
188336,21锡交Y6,无锡市交通产业集团有限公司,,AAA,02,2021-08-02,3.92,90
188338,21鄂旅Y2,湖北文化旅游集团有限公司,,AAA,02,2021-07-07,4.85,90
188339,21国科02,中国科学院控股有限公司,5,AAA,02,2021-07-20,3.4,90
188340,21航租04,中航国际融资租赁有限公司,3,AAA,02,2021-07-09,3.73,90
188341,21宁铁13,南京地铁集团有限公司,3,AAA,02,2021-07-16,3.18,90
188342,21海怡01,广东星河湾房地产(集团)有限公司,5,AA,02,2021-07-06,8.5,90
188343,21国电02,国电电力发展股份有限公司,3,AAA,02,2021-07-09,3.33,90
188344,21渝开投,重庆城市交通开发投资(集团)有限公司,3,AAA,02,2021-07-23,3.25,90
188345,21华宇01,重庆华宇集团有限公司,3,AA+,02,2021-07-09,7,90
188346,21中关02,中关村发展集团股份有限公司,5,AAA,02,2021-07-15,3.49,90
188347,21东兴G1,东兴证券股份有限公司,3,AAA,02,2021-07-13,3.42,90
188348,21东兴G2,东兴证券股份有限公司,5,AAA,02,2021-07-13,3.72,90
188349,21常通02,常州市交通产业集团有限公司,5,AA+,02,2021-07-15,4.08,90
188350,21万联G1,万联证券股份有限公司,3,AA+,02,2021-07-15,3.6,90
188353,21远发02,中远海运发展股份有限公司,5,AAA,02,2021-07-13,3.76,90
188354,21亦庄01,北京亦庄国际投资发展有限公司,3,AAA,02,2021-07-15,3.43,90
188355,21晋建01,山西建设投资集团有限公司,3,AAA,02,2021-07-12,4.1,90
188356,21产发01,宿迁产业发展集团有限公司,5,AAA,02,2021-07-14,3.47,90
188357,21光明01,光明食品(集团)有限公司,3,AAA,02,2021-07-16,3.25,90
188358,21舟投01,舟山海洋综合开发投资有限公司,5,AA+,02,2021-07-30,3.55,90
188359,21华福G1,华福证券有限责任公司,3,AAA,02,2021-07-16,3.43,90
188360,21汾湖G1,苏州汾湖投资集团有限公司,5,,02,2021-07-28,3.65,90
188361,21建银01,中国建银投资有限责任公司,3,AAA,02,2021-07-21,3.26,90
188362,21建银02,中国建银投资有限责任公司,5,AAA,02,2021-07-21,3.5,90
188363,21中证10,中信证券股份有限公司,5,AAA,02,2021-07-15,3.62,90
188364,21中证11,中信证券股份有限公司,10,AAA,02,2021-07-15,3.92,90
188365,21希望01,新希望五新实业集团有限公司,4,AAA,02,2021-07-21,5.25,90
188369,21建材Y7,中国建材股份有限公司,,AAA,02,2021-07-19,3.45,90
188370,21特房04,厦门经济特区房地产开发集团有限公司,5,AA+,02,2021-07-15,4,90
188371,21保利07,保利发展控股集团股份有限公司,5,AAA,02,2021-07-21,3.17,90
188372,21保利08,保利发展控股集团股份有限公司,7,AAA,02,2021-07-21,3.45,90
188373,21惠控01,无锡市惠山国有投资控股集团有限公司,5,AA+,02,2021-07-26,3.5,90
188374,21浦集02,上海浦东发展(集团)有限公司,5,AAA,02,2021-07-26,3.18,90
188375,21浦集03,上海浦东发展(集团)有限公司,7,AAA,02,2021-07-26,3.45,90
188376,21路公01,台州市路桥公共资产投资管理集团有限公司,5,,02,2021-07-26,4.19,90
188377,国电投06,国家电力投资集团有限公司,3,AAA,02,2021-07-16,3.21,90
188379,21诚通09,中国诚通控股集团有限公司,5,AAA,02,2021-07-15,3.48,90
188380,21诚通10,中国诚通控股集团有限公司,7,AAA,02,2021-07-15,3.77,90
188381,21盐投02,盐城东方投资开发集团有限公司,3,AA+,02,2021-07-26,6.5,90
188382,21光证G4,光大证券股份有限公司,3,AAA,02,2021-07-21,3.12,90
188383,21光证G5,光大证券股份有限公司,5,AAA,02,2021-07-21,3.45,90
188384,21嘉善01,嘉善县国有资产投资集团有限公司,5,AA+,02,2021-07-26,3.5,90
188385,21嘉善02,嘉善县国有资产投资集团有限公司,5,AA+,02,2021-07-26,4.1,90
188386,21招证G4,招商证券股份有限公司,2,AAA,02,2021-07-15,3,90
188387,21招证G5,招商证券股份有限公司,3,AAA,02,2021-07-15,3.22,90
188390,21水务01,北控水务集团有限公司,5,AAA,02,2021-07-22,3.27,90
188391,21水务02,北控水务集团有限公司,5,AAA,02,2021-07-22,3.64,90
188392,21远东六,远东国际融资租赁有限公司,4,AAA,02,2021-07-20,3.98,90
188393,21东莞01,东莞证券股份有限公司,5,AA+,02,2021-07-28,3.75,90
188394,21沪资02,上海国际集团资产管理有限公司,3,AAA,02,2021-07-23,3.18,90
188395,21南山01,南山集团有限公司,3,AAA,02,2021-10-14,5.85,90
188396,21贵安G1,贵州贵安发展集团有限公司,5,AA+,02,2021-07-23,6.5,90
188397,21鲁能01,鲁能集团有限公司,5,AAA,02,2021-07-21,3.38,90
188398,21杭钢01,杭州钢铁集团有限公司,3,AAA,02,2021-07-27,3.49,90
188399,21银河G5,中国银河证券股份有限公司,3,AAA,02,2021-07-26,3.13,90
188400,21银河G6,中国银河证券股份有限公司,5,AAA,02,2021-07-27,3.45,90
188401,21广越06,广州越秀集团股份有限公司,5,AAA,02,2021-07-21,3.19,90
188402,21广越07,广州越秀集团股份有限公司,7,AAA,02,2021-07-21,3.45,90
188403,21中化01,中国中化股份有限公司,3,AAA,02,2021-07-22,3.24,90
188404,21中化02,中国中化股份有限公司,5,AAA,02,2021-07-22,3.53,90
188405,21张江01,上海张江高科技园区开发股份有限公司,5,AAA,02,2021-07-23,3.2,90
188406,21张江02,上海张江高科技园区开发股份有限公司,5,AAA,02,2021-07-23,3.49,90
188407,21中豫01,中原豫资投资控股集团有限公司,3,AAA,02,2021-07-26,3.38,90
188408,GC天成04,华能天成融资租赁有限公司,3,AAA,02,2021-07-30,3.55,90
188409,21苏高01,苏州苏高新集团有限公司,5,AAA,02,2021-07-22,3.27,90
188410,21外高01,上海外高桥集团股份有限公司,5,AAA,02,2021-07-27,3.19,90
188411,21兴城G1,成都兴城投资集团有限公司,3,AAA,02,2021-07-29,3.28,90
188412,中化GY01,中化国际控股股份有限公司,,AAA,02,2021-07-27,3.26,90
188413,21凤祥02,新凤祥控股集团有限责任公司,3,AA,02,2021-07-27,7.5,90
188414,21湘财01,湘财证券股份有限公司,3,AAA,02,2021-07-22,4,90
188415,21财金03,山东省财金投资集团有限公司,5,AAA,02,2021-07-27,3.39,90
188416,21湘财02,湘财证券股份有限公司,3,AA+,02,2021-07-22,6,90
188417,21宁证01,南京证券股份有限公司,1.04,AAA,02,2021-07-26,2.84,90
188418,21兴业03,兴业证券股份有限公司,3,AAA,02,2021-07-27,3.13,90
188419,21平证08,平安证券股份有限公司,3,AAA,02,2021-08-02,3.25,90
188420,H21正荣1,正荣地产控股有限公司,4,AAA,02,2021-08-12,6.3,90
188422,21交建Y1,中国交通建设股份有限公司,,AAA,02,2021-07-26,3.3,90
188423,21交建Y2,中国交通建设股份有限公司,,AAA,02,2021-07-26,3.6,90
188424,21渝隆02,重庆渝隆资产经营(集团)有限公司,5,AA+,02,2021-08-17,3.85,90
188425,21川投01,四川省投资集团有限责任公司,5,AAA,02,2021-07-26,3.24,90
188426,21铁工01,中国中铁股份有限公司,3,AAA,02,2021-07-29,3.14,90
188427,21铁工02,中国中铁股份有限公司,5,AAA,02,2021-07-29,3.4,90
188428,21义市01,义乌市市场发展集团有限公司,3,AA+,02,2021-07-29,3.47,90
188429,21豫园01,上海豫园旅游商城(集团)股份有限公司,2,AAA,02,2021-07-28,4.1,90
188431,21国君G7,国泰君安证券股份有限公司,3,AAA,02,2021-07-27,3.13,90
188432,21国君G8,国泰海通证券股份有限公司,5,AAA,02,2021-07-27,3.48,90
188433,国电投07,国家电力投资集团有限公司,3,AAA,02,2021-07-27,3.17,90
188434,21香建01,中山城市建设集团有限公司,5,AA+,02,2021-07-30,3.3,90
188435,21首钢Y3,首钢集团有限公司,,AAA,02,2021-07-28,3.85,90
188436,21松国01,上海松江国有资产投资经营管理集团有限公司,5,AAA,02,2021-08-10,3.18,90
188437,21北方01,中国北方工业有限公司,3,AAA,02,2021-07-23,2.96,90
188438,21穗建01,广州市城市建设开发有限公司,5,AAA,02,2021-07-28,3.2,90
188439,21穗建02,广州市城市建设开发有限公司,7,AAA,02,2021-07-28,3.5,90
188440,21金港02,张家港保税区金港资产经营集团有限公司,5,AA+,02,2021-08-09,3.7,90
188441,21陕资01,陕西金融资产管理股份有限公司,3,AAA,02,2021-11-11,4.2,90
188442,21光明02,光明食品(集团)有限公司,3,AAA,02,2021-07-30,3.13,90
188443,21诚通11,中国诚通控股集团有限公司,5,AAA,02,2021-07-28,3.37,90
188444,21诚通12,中国诚通控股集团有限公司,7,AAA,02,2021-07-28,3.65,90
188445,21诸资04,诸暨市国有资产经营有限公司,3,,02,2021-08-05,3.5,90
188446,21外运01,中国外运股份有限公司,5,AAA,02,2021-07-29,3.15,90
188447,21恒健V1,广东恒健投资控股有限公司,5,AAA,02,2021-08-04,3.35,90
188448,21兵建01,新疆生产建设兵团建设工程(集团)有限责任公司,5,AA+,02,2021-08-10,5.2,90
188449,21津投02,天津城市基础设施建设投资集团有限公司,2,AAA,02,2021-08-02,5.3,90
188451,21深高01,深圳高速公路集团股份有限公司,5,AAA,02,2021-08-02,3.35,90
188452,21华鑫02,华鑫证券有限责任公司,2,AA+,02,2021-07-30,3.6,90
188453,21华集01,福建省华兴集团有限责任公司,3,AAA,02,2021-08-02,3.4,90
188454,H21旭辉2,旭辉集团股份有限公司,5,AAA,02,2021-07-27,4.2,90
188456,21华安G2,华安证券股份有限公司,3,AAA,02,2021-08-02,3.2,90
188457,21泰交G1,泰州市交通产业集团有限公司,5,AA+,02,2021-08-06,3.56,90
188458,21海通06,海通证券股份有限公司,3,AAA,02,2021-08-04,3.14,90
188459,21科发02,绵阳科技城发展投资(集团)有限公司,3,AA,02,2021-08-10,6.5,90
188460,21国管02,北京国有资本运营管理有限公司,5,AAA,02,2021-08-03,3.37,90
188461,21北辰G1,北京北辰实业股份有限公司,5,AAA,02,2021-07-29,3.46,90
188462,21铁发01,山东铁路发展基金有限公司,5,AAA,02,2021-07-30,3.4,90
188464,21抚州04,抚州市市属国有资产投资控股集团有限公司,5,AA+,02,2021-08-10,3.61,90
188466,21唐新03,中国大唐集团新能源股份有限公司,3,AAA,02,2021-08-13,2.85,90
188468,21华港03,华远国际陆港集团有限公司,5,AAA,02,2021-08-06,4.6,90
188470,21赣交Y2,江西省交通投资集团有限责任公司,,AAA,02,2021-08-02,3.65,90
188471,21两江02,重庆两江新区开发投资集团有限公司,5,AAA,02,2021-08-11,3.5,90
188472,21玄武01,南京钟山资产经营管理集团有限公司,3,AA+,02,2021-08-06,3.26,90
188473,21金辉02,金辉集团股份有限公司,5,AA+,02,2021-08-04,6.95,90
188475,21建集01,厦门建发集团有限公司,5,AAA,02,2021-08-11,3.99,90
188476,21首开02,北京首都开发控股(集团)有限公司,5,AAA,02,2021-08-05,3.29,90
188477,21华鑫03,华鑫证券有限责任公司,3,,02,2021-08-06,3.87,90
188478,21天路01,西藏天路股份有限公司,5,AA,02,2021-08-03,5.15,90
188479,21太新04,无锡市太湖新城发展集团有限公司,5,AAA,02,2021-08-06,3.58,90
188480,21创鸿03,江苏创鸿资产管理有限公司,5,AAA,02,2021-08-17,3.62,90
188481,21招证G6,招商证券股份有限公司,2.24,AAA,02,2021-08-03,2.95,90
188482,21招证G7,招商证券股份有限公司,2.92,AAA,02,2021-08-03,3.12,90
188483,21诚通13,中国诚通控股集团有限公司,5,AAA,02,2021-08-11,3.25,90
188484,21诚通14,中国诚通控股集团有限公司,7,AAA,02,2021-08-11,3.58,90
188487,21国宏01,洛阳国宏投资控股集团有限公司,5,AA,02,2021-08-12,4.98,90
188488,21滨建G1,常熟市滨江城市建设经营投资有限责任公司,3,AA+,02,2021-08-18,3.68,90
188489,21山招Y3,山东招金集团有限公司,,AAA,02,2021-08-19,4.25,90
188490,21常通03,常州市交通产业集团有限公司,5,AA+,02,2021-08-23,3.85,90
188492,21三福01,泰州三福重工集团有限公司,5,AA+,02,2021-08-09,7,90
188493,21财通02,无锡财通融资租赁有限公司,7,AAA,02,2021-08-17,3.63,90
188494,21中航G1,中航证券有限公司,3,AA+,02,2021-08-13,3.38,90
188495,21紫金03,紫金矿业集团股份有限公司,5,AAA,02,2021-08-06,3.1,90
188496,21国君G9,国泰君安证券股份有限公司,3,AAA,02,2021-08-09,3.01,90
188497,21国君10,国泰海通证券股份有限公司,5,AAA,02,2021-08-09,3.35,90
188498,21常高G2,常高新集团有限公司,5,AAA,02,2021-08-20,3.69,90
188499,21合景01,广州合景控股集团有限公司,3,AAA,02,2021-08-12,6.2,90
188500,21吉保02,吉林省信用融资担保投资集团有限公司,5,AA+,02,2021-08-09,6.5,90
188501,21鲁高03,山东高速集团有限公司,5,AAA,02,2021-08-09,3.37,90
188502,21宁铁14,南京地铁集团有限公司,3,AAA,02,2021-08-10,3.07,90
188503,21中铁03,中国铁建房地产集团有限公司,5,AAA,02,2021-08-09,3.28,90
188504,21电力Y1,国投电力控股股份有限公司,,AAA,02,2021-08-24,3.14,90
188505,21东兴G3,东兴证券股份有限公司,1.02,AAA,02,2021-08-13,2.69,90
188506,21东兴G4,东兴证券股份有限公司,3,AAA,02,2021-08-13,3.08,90
188507,21新汶Y1,新汶矿业集团有限责任公司,,AAA,02,2021-08-10,3.97,90
188509,21中车S1,中国中车集团有限公司,0.26,,02,2021-08-19,2.29,90
188511,21赣交Y3,江西省交通投资集团有限责任公司,,AAA,02,2021-08-17,3.63,90
188512,21津投04,天津城市基础设施建设投资集团有限公司,2,AAA,02,2021-08-16,5.3,90
188513,GC财团01,苏州中方财团控股股份有限公司,5,AAA,02,2021-08-24,3.1,90
188514,GC财团02,苏州中方财团控股股份有限公司,7,AAA,02,2021-08-24,3.5,90
188515,21亦庄04,北京亦庄国际投资发展有限公司,3,AAA,02,2021-08-10,3.18,90
188516,21亦庄05,北京亦庄国际投资发展有限公司,5,AAA,02,2021-08-10,3.54,90
188517,21镇公02,镇江城市建设产业集团有限公司,5,,02,2021-08-24,6.3,90
188518,21镇公03,镇江城市建设产业集团有限公司,5,,02,2021-08-24,6.5,90
188519,21建材04,中国建材股份有限公司,5,AAA,02,2021-08-10,3.35,90
188520,21建材03,中国建材股份有限公司,3,AAA,02,2021-08-10,2.97,90
188521,21豫通01,河南交通投资集团有限公司,3,AAA,02,2021-08-09,3.14,90
188522,21兴资01,兴业资产管理有限公司,3,AAA,02,2021-08-18,3.4,90
188523,21锡交03,无锡市交通产业集团有限公司,5,AAA,02,2021-08-19,3.49,90
188524,21锡交04,无锡市交通产业集团有限公司,10,AAA,02,2021-08-19,4.2,90
188525,21国租02,国新融资租赁有限公司,4,AAA,02,2021-08-17,3.16,90
188526,21恒信G3,海通恒信国际融资租赁股份有限公司,3,AAA,02,2021-08-17,3.9,90
188527,21南方05,南方水泥有限公司,3,AAA,02,2021-08-17,3.07,90
188528,21南方06,南方水泥有限公司,5,AAA,02,2021-08-17,3.43,90
188532,21扬州02,扬州市城建国有资产控股(集团)有限责任公司,5,AAA,02,2021-08-23,3.54,90
188533,21安租S2,平安国际融资租赁有限公司,0.61,A-1,02,2021-08-17,2.9,90
188534,21平证09,平安证券股份有限公司,3,AAA,02,2021-08-13,3.05,90
188535,21富通02,富通集团有限公司,2,,02,2021-09-16,4.98,90
188536,21中地01,中煤地质集团有限公司,5,AAA,02,2021-08-23,4.47,90
188537,21新湖02,衢州信安发展股份有限公司,4,AAA,02,2021-08-16,7.75,90
188539,21淮安02,淮安开发控股有限公司,3,AA+,02,2021-08-17,5.4,90
188540,21海兴G1,盐城市海兴集团有限公司,5,AA+,02,2021-08-13,5.98,90
188541,国电投08,国家电力投资集团有限公司,3,AAA,02,2021-08-13,3.05,90
188542,21首农Y2,北京首农食品集团有限公司,,AAA,02,2021-08-19,3.53,90
188543,21黔高04,贵州高速公路集团有限公司,5,AAA,02,2021-08-18,3.5,90
188545,21龙盛04,浙江龙盛集团股份有限公司,3,AAA,02,2021-08-19,3.8,90
188547,21海控Y3,青岛西海岸新区海洋控股集团有限公司,,AAA,02,2021-09-07,3.9,90
188550,21宁投01,宁德市交通投资集团有限公司,5,AA+,02,2021-08-24,4,90
188552,21川电04,四川省水电投资经营集团有限公司,5,AA+,02,2021-08-19,3.94,90
188553,21电建03,中国电力建设股份有限公司,3,AAA,02,2021-08-17,3.1,90
188554,21电建04,中国电力建设股份有限公司,5,AAA,02,2021-08-17,3.43,90
188555,21南城01,重庆市南岸区城市建设发展(集团)有限公司,5,,02,2021-10-27,4.37,90
188557,21国君11,国泰海通证券股份有限公司,10,AAA,02,2021-08-17,3.77,90
188558,21光证G6,光大证券股份有限公司,3,AAA,02,2021-08-16,3.12,90
188560,21龙湖05,重庆龙湖企业拓展有限公司,5,AAA,02,2021-08-16,3.35,90
188561,21龙湖06,重庆龙湖企业拓展有限公司,7,AAA,02,2021-08-16,3.7,90
188562,21海洋01,青岛海洋投资集团有限公司,5,AA+,02,2021-08-25,3.65,90
188563,21路桥Y2,厦门路桥建设集团有限公司,,AAA,02,2021-09-07,3.54,90
188564,21新师03,新疆生产建设兵团第十二师国有资产投资发展集团有限公司,5,AA+,02,2021-08-25,4.77,90
188566,21义乌01,义乌市国有资本运营有限公司,5,AA+,02,2021-08-20,3.84,90
188567,21招证G9,招商证券股份有限公司,3,AAA,02,2021-08-17,3.08,90
188568,21招证10,招商证券股份有限公司,5,AAA,02,2021-08-17,3.41,90
188569,21津投05,天津城市基础设施建设投资集团有限公司,2,AAA,02,2021-09-01,5.1,90
188571,21海通07,海通证券股份有限公司,3,AAA,02,2021-08-25,3.04,90
188572,21柳发02,柳州市城市投资建设发展有限公司,5,,02,2021-09-01,7.3,90
188573,21海润03,江苏海润城市发展集团有限公司,5,AA+,02,2021-09-06,3.6,90
188574,21港务01,厦门港务控股集团有限公司,5,AAA,02,2021-08-20,3.15,90
188575,21中金G5,中国国际金融股份有限公司,5,AAA,02,2021-08-23,3.04,90
188576,21中金G6,中国国际金融股份有限公司,7,AAA,02,2021-08-23,3.39,90
188577,GC融和01,中电投融和融资租赁有限公司,3,AAA,02,2021-08-25,3.35,90
188578,GC融和02,中电投融和融资租赁有限公司,5,AAA,02,2021-08-25,3.75,90
188579,21甘交01,甘肃省公路交通建设集团有限公司,5,AAA,02,2021-09-03,3.98,90
188580,21蓉高03,成都高新投资集团有限公司,10,AAA,02,2021-08-24,3.55,90
188581,21东吴02,东吴证券股份有限公司,1.58,AAA,02,2021-08-24,2.85,90
188582,21东吴03,东吴证券股份有限公司,3,AAA,02,2021-08-24,3.1,90
188583,21国投05,国家开发投资集团有限公司,3,AAA,02,2021-08-19,3.02,90
188584,21国投06,国家开发投资集团有限公司,10,AAA,02,2021-08-19,3.7,90
188585,21港投01,河南航空港投资集团有限公司,4,AAA,02,2021-08-27,4.69,90
188586,21江东05,江东控股集团有限责任公司,5,AA+,02,2021-08-30,3.48,90
188587,21首股01,北京首都开发股份有限公司,5,AAA,02,2021-08-24,3.45,90
188588,21兴业04,兴业证券股份有限公司,3,AAA,02,2021-08-19,3.09,90
188590,国电投09,国家电力投资集团有限公司,2,AAA,02,2021-08-23,2.93,90
188592,21中飞01,中飞租融资租赁有限公司,3,AA+,02,2021-08-20,4.2,90
188594,21兖投02,济宁市兖州区惠民城建投资有限公司,5,AA+,02,2021-08-24,7,90
188595,21平证10,平安证券股份有限公司,5,AAA,02,2021-08-20,3.47,90
188596,21控租02,国药控股(中国)融资租赁有限公司,3,AAA,02,2021-09-01,3.87,90
188597,21宏桥03,山东宏桥新型材料有限公司,3,AA+,02,2021-08-26,4.16,90
188598,21华租02,华电融资租赁有限公司,3,AAA,02,2021-09-01,3.47,90
188599,21渝南03,重庆市渝南资产经营有限公司,3,,02,2021-09-06,6,90
188600,21华远04,华远地产股份有限公司,3,AAA,02,2021-08-23,3.73,90
188601,21新金01,新疆金融投资(集团)有限责任公司,3,AA+,02,2021-08-25,5.5,90
188603,新交投03,新疆交通建设投资控股有限公司,3,AA,02,2021-09-02,5.8,90
188604,21环球02,中国环球租赁有限公司,3,AAA,02,2021-09-01,3.68,90
188605,21建发G2,乌鲁木齐经济技术开发区建发国有资本投资运营(集团)有限公司,5,AA+,02,2021-09-15,4.88,90
188607,21沪盛01,上海国盛(集团)有限公司,5,AAA,02,2021-08-24,3.05,90
188608,21中证12,中信证券股份有限公司,3,AAA,02,2021-08-26,3.01,90
188609,21中证13,中信证券股份有限公司,5,AAA,02,2021-08-26,3.34,90
188610,21绿城05,绿城房地产集团有限公司,5,AAA,02,2021-08-24,3.34,90
188613,21兖煤Y4,兖矿能源集团股份有限公司,,AAA,02,2021-09-01,3.54,90
188614,21文汇Y1,龙岩文旅汇金发展集团有限公司,,AA+,02,2021-09-24,5.26,90
188615,21先导03,长沙先导投资控股集团有限公司,5,AAA,02,2021-08-25,3.64,90
188616,21航租Y2,中航国际融资租赁有限公司,,AAA,02,2021-09-03,3.99,90
188617,21航租Y3,中航国际融资租赁有限公司,,AAA,02,2021-09-03,4.5,90
188619,21龙控03,深圳市龙光控股有限公司,5.22,AAA,02,2021-08-30,4.7,90
188620,21航租05,中航国际融资租赁有限公司,3,AAA,02,2021-08-27,3.1,90
188622,21甘金01,甘肃金融控股集团有限公司,5,AAA,02,2021-09-01,3.98,90
188624,21象金02,厦门象屿金象控股集团有限公司,3,AAA,02,2021-09-01,4.3,90
188625,21恒健K2,广东恒健投资控股有限公司,5,AAA,02,2021-08-26,3.37,90
188626,21GLP11,普洛斯中国控股有限公司,5,AAA,02,2021-08-26,4.3,90
188627,21宁证02,南京证券股份有限公司,1.02,AAA,02,2021-08-30,2.7,90
188628,21宁证03,南京证券股份有限公司,2,AAA,02,2021-08-30,2.9,90
188629,21国管03,北京国有资本运营管理有限公司,10,AAA,02,2021-09-01,3.7,90
188630,21中车G1,中国中车集团有限公司,5,,02,2021-08-26,3.05,90
188631,21国发03,苏州国际发展集团有限公司,5,AAA,02,2021-09-02,3.48,90
188632,21国发04,苏州国际发展集团有限公司,5,AAA,02,2021-09-02,3.15,90
188633,21电力Y2,国投电力控股股份有限公司,,AAA,02,2021-09-09,3.18,90
188634,21海宁02,海宁市资产经营公司,5,AA+,02,2021-09-01,3.32,90
188635,21南司02,重庆市南部新城产业投资集团有限公司,5,AA+,02,2021-09-01,5.1,90
188636,21国联05,国联证券股份有限公司,3,AAA,02,2021-09-02,3.29,90
188637,21绿水01,广西绿城水务集团股份有限公司,5,AA+,02,2021-09-02,3.7,90
188638,21招金Y1,招金矿业股份有限公司,,AAA,02,2021-08-30,3.85,90
188639,国电投10,国家电力投资集团有限公司,3,AAA,02,2021-08-27,3.06,90
188640,21华鑫04,华鑫证券有限责任公司,5,,02,2021-09-07,3.9,90
188641,21泰交G2,泰州市交通产业集团有限公司,5,AA+,02,2021-09-02,3.62,90
188643,21国铁01,中国铁路投资集团有限公司,3,AAA,02,2021-09-06,3.12,90
188644,21国管04,北京国有资本运营管理有限公司,5,AAA,02,2021-09-06,3.33,90
188645,21闽能02,福建省能源集团有限责任公司,10,AAA,02,2021-09-02,3.8,90
188647,21中泰02,中泰证券股份有限公司,3,AAA,02,2021-09-02,3.1,90
188648,21中泰03,中泰证券股份有限公司,5,AAA,02,2021-09-02,3.47,90
188649,21常高G3,常高新集团有限公司,5,AAA,02,2021-09-03,3.75,90
188650,21华新01,华新水泥股份有限公司,3,AAA,02,2021-08-30,3.26,90
188651,21延长05,陕西延长石油(集团)有限责任公司,3,AAA,02,2021-09-01,3.2,90
188653,G21FRY3,福建华电福瑞能源发展有限公司,,AAA,02,2021-09-06,3.29,90
188655,21首证01,首创证券股份有限公司,3,AA+,02,2021-09-01,3.7,90
188656,G21FRY1,福建华电福瑞能源发展有限公司,,AAA,02,2021-09-03,3.29,90
188660,21焦煤Y1,山西焦煤集团有限责任公司,,AAA,02,2021-08-31,3.57,90
188661,21广晟Y4,广东省广晟控股集团有限公司,,AAA,02,2021-09-03,3.7,90
188663,21海通08,海通证券股份有限公司,3,AAA,02,2021-09-03,3.1,90
188664,21海通09,海通证券股份有限公司,5,AAA,02,2021-09-03,3.43,90
188665,21首创02,北京首都创业集团有限公司,3,AAA,02,2021-09-01,3.2,90
188666,21沪房01,上海南房(集团)有限公司,5,AA,02,2021-09-02,3.6,90
188667,21环保债,北京首创生态环保集团股份有限公司,5,AAA,02,2021-09-02,3.7,90
188669,21华发03,珠海华发实业股份有限公司,5,AAA,02,2021-09-17,4.69,90
188671,21西经发,西安经发集团有限责任公司,5,AA+,02,2021-09-06,4.8,90
188672,21津投07,天津城市基础设施建设投资集团有限公司,2,AAA,02,2021-09-13,4.52,90
188673,21津投08,天津城市基础设施建设投资集团有限公司,3,AAA,02,2021-09-13,5.57,90
188674,21镇公04,镇江城市建设产业集团有限公司,5,AA+,02,2021-09-03,6.21,90
188675,21镇公05,镇江城市建设产业集团有限公司,5,AA+,02,2021-09-03,6.5,90
188676,21陕煤Y3,陕西煤业化工集团有限责任公司,,AAA,02,2021-09-01,3.85,90
188677,21中旅01,中国旅游集团有限公司,5,AAA,02,2021-09-07,3.44,90
188678,21眉控03,眉山发展控股集团有限公司,5,AAA,02,2021-09-02,4.77,90
188679,21济建Y1,济南城市建设集团有限公司,,AAA,02,2021-09-08,3.69,90
188680,21洪政04,南昌市政公用集团有限公司,3,AAA,02,2021-09-08,3.19,90
188682,21绍城G2,绍兴市城市发展集团有限公司,10,AAA,02,2021-09-06,4.15,90
188683,21亦庄06,北京亦庄国际投资发展有限公司,5,AAA,02,2021-09-09,3.54,90
188684,21北水Y1,北控水务(中国)投资有限公司,,AAA,02,2021-09-10,3.58,90
188685,21椒江01,台州市椒江区国有资本运营集团有限公司,5,AA+,02,2021-09-10,3.75,90
188687,21南租01,南航国际融资租赁有限公司,3,AA+,02,2021-11-19,3.45,90
188688,21金光01,金光纸业(中国)投资有限公司,3,AAA,02,2021-10-13,6,90
188689,21京投02,北京市基础设施投资有限公司,3,AAA,02,2021-09-06,3.09,90
188690,21华宝01,华宝投资有限公司,3,AAA,02,2021-09-15,3.1,90
188691,21太新05,无锡市太湖新城发展集团有限公司,5,AAA,02,2021-09-06,3.69,90
188692,21太新06,无锡市太湖新城发展集团有限公司,10,AAA,02,2021-09-06,4.35,90
188693,21恒信Y3,海通恒信国际融资租赁股份有限公司,,AAA,02,2021-09-15,4.8,90
188694,21苏农02,苏州市农业发展集团有限公司,5,AAA,02,2021-09-22,3.5,90
188695,21汾湖G2,苏州汾湖投资集团有限公司,3,,02,2021-09-13,3.8,90
188699,21国铁02,中国铁路投资集团有限公司,3,AAA,02,2021-09-14,3.07,90
188701,国电投11,国家电力投资集团有限公司,3,AAA,02,2021-09-09,3.09,90
188702,21正奇01,正奇控股股份有限公司,3,AAA,02,2021-09-17,6.5,90
188705,21水发02,水发集团有限公司,5,AAA,02,2021-09-17,5,90
188706,21两江03,重庆两江新区开发投资集团有限公司,5,AAA,02,2021-09-13,3.6,90
188707,21国丰Y3,烟台国丰投资控股集团有限公司,,AAA,02,2021-09-23,3.68,90
188709,21高科03,武汉高科国有控股集团有限公司,5,AA+,02,2021-09-14,3.8,90
188711,21芯鑫01,芯鑫融资租赁有限责任公司,3,AAA,02,2021-09-16,3.58,90
188713,21保置01,保利置业集团有限公司,5,AAA,02,2021-09-13,3.29,90
188714,21远东七,远东国际融资租赁有限公司,2,AAA,02,2021-09-16,3.5,90
188715,21曹国04,曹妃甸国控投资集团有限公司,5,AA+,02,2021-10-11,6.5,90
188716,21新汶01,新汶矿业集团有限责任公司,5,AAA,02,2021-09-17,3.6,90
188717,21国工01,中国中材国际工程股份有限公司,3,AAA,02,2021-09-17,3.28,90
188718,21桂投03,广西投资集团有限公司,5,AAA,02,2021-09-23,4.69,90
188719,21金坛02,江苏金坛国发国际投资发展有限公司,5,AA+,02,2021-09-15,5,90
188720,21中瑞01,郑州中瑞实业集团有限公司,5,AA+,02,2021-09-28,7.2,90
188721,21金坛03,江苏金坛国发国际投资发展有限公司,5,AAA,02,2021-09-15,3.71,90
188722,21广越Y1,广州越秀集团股份有限公司,,AAA,02,2021-09-13,3.39,90
188723,21华金01,华金证券股份有限公司,3,AAA,02,2021-09-24,3.9,90
188724,21产基02,湖南省财信产业基金管理有限公司,5,AAA,02,2021-09-14,3.95,90
188725,21通用01,中国通用技术(集团)控股有限责任公司,3,AAA,02,2021-09-22,3.09,90
188727,21常城10,常州市城市建设(集团)有限公司,10,AAA,02,2021-09-22,3.75,90
188728,21锡创01,无锡创业投资集团有限公司,5,AAA,02,2021-09-28,3.65,90
188729,21国宏02,洛阳国宏投资控股集团有限公司,5,AA,02,2021-09-28,5.2,90
188730,21穂建03,广州市城市建设开发有限公司,5,AAA,02,2021-09-16,3.17,90
188731,21穂建04,广州市城市建设开发有限公司,7,AAA,02,2021-09-16,3.55,90
188732,21当代02,武汉当代科技产业集团股份有限公司,5,AA+,02,2021-09-14,6.5,90
188733,21浦建01,上海浦东建设股份有限公司,5,,02,2021-11-08,3.39,90
188734,21控租03,国药控股(中国)融资租赁有限公司,3,AAA,02,2021-09-24,3.8,90
188735,21常熟02,常熟市城市经营投资集团有限公司,5,AA+,02,2021-09-24,3.5,90
188736,21国君12,国泰君安证券股份有限公司,3.14,AAA,02,2021-09-16,3.09,90
188737,21国君13,国泰海通证券股份有限公司,10,AAA,02,2021-09-16,3.8,90
188738,21舟城02,舟山海城建设投资集团有限公司,5,AA+,02,2021-09-23,3.4,90
188739,21北控02,北京控股集团有限公司,10,AAA,02,2021-09-23,3.8,90
188740,21港务02,厦门港务控股集团有限公司,5,AAA,02,2021-09-23,3.19,90
188741,21杭城建,杭州市城市建设发展集团有限公司,5,AA+,02,2021-10-13,3.34,90
188742,21大众01,大众交通(集团)股份有限公司,3,AAA,02,2021-09-23,3.48,90
188743,21国都G1,国都证券股份有限公司,3,AA+,02,2021-09-22,4.48,90
188745,H21旭辉3,旭辉集团股份有限公司,4,AAA,02,2021-09-23,3.9,90
188746,21东兴G5,东兴证券股份有限公司,1.02,AAA,02,2021-09-16,2.69,90
188747,21蓉高Y1,成都高新投资集团有限公司,,AAA,02,2021-11-10,3.6,90
188748,21珠江01,广州珠江实业集团有限公司,5,AAA,02,2021-09-23,4.65,90
188749,21兴杭01,闽西兴杭国有资产投资经营有限公司,3,AAA,02,2021-09-23,3.3,90
188750,21象屿Y1,厦门象屿股份有限公司,,AAA,02,2021-12-13,4.8,90
188751,21中证14,中信证券股份有限公司,3,AAA,02,2021-09-23,3.08,90
188752,21中航01,中国航空集团有限公司,5,AAA,02,2021-09-22,3.59,90
188753,国电投12,国家电力投资集团有限公司,3,AAA,02,2021-09-17,3.09,90
188755,21临债03,上海临港控股股份有限公司,4,AAA,02,2021-09-27,3.05,90
188756,21临债04,上海临港控股股份有限公司,5,AAA,02,2021-09-27,3.23,90
188757,21舟交02,舟山交通投资集团有限公司,5,AA+,02,2021-09-24,4.09,90
188758,21一航Y2,中交第一航务工程局有限公司,,AAA,02,2021-09-27,3.55,90
188759,21七师01,新疆生产建设兵团第七师国有资本投资运营集团有限公司,3,AA,02,2021-09-23,5.5,90
188760,21云交01,云南省交通投资建设集团有限公司,3,AAA,02,2021-09-27,4.04,90
188761,21复星07,上海复星高科技(集团)有限公司,2,AAA,02,2021-09-23,5.59,90
188762,21光证G8,光大证券股份有限公司,3,AAA,02,2021-09-24,3.1,90
188763,21光证G9,光大证券股份有限公司,5,AAA,02,2021-09-24,3.5,90
188764,G21桂冠1,广西桂冠电力股份有限公司,3,AAA,02,2021-09-29,2.9,90
188765,21镇公06,镇江城市建设产业集团有限公司,5,AA+,02,2021-09-30,6,90
188767,21天航Y1,中交天津航道局有限公司,,AAA,02,2021-10-08,4.3,90
188770,21南网03,中国南方电网有限责任公司,5,,02,2021-09-30,3.47,90
188771,21国电03,国电电力发展股份有限公司,3,AAA,02,2021-09-27,3.15,90
188772,21鲁高Y4,山东高速集团有限公司,,AAA,02,2021-09-27,3.47,90
188773,21华电05,中国华电集团有限公司,2,AAA,02,2021-09-30,2.96,90
188774,21榕投01,福州国有资本投资运营集团有限公司,5,AA+,02,2021-09-28,3.49,90
188775,21华电06,中国华电集团有限公司,3,AAA,02,2021-09-30,3.1,90
188776,21闽冶01,福建省冶金(控股)有限责任公司,5,AAA,02,2021-09-30,3.38,90
188778,21海润04,江苏海润城市发展集团有限公司,5,,02,2021-10-13,3.88,90
188779,21静安01,上海静安置业(集团)有限公司,5,AA+,02,2021-10-08,3.38,90
188780,21三资01,三峡资本控股有限责任公司,3,AAA,02,2021-09-30,3.3,90
188781,21黔高06,贵州高速公路集团有限公司,5,AAA,02,2021-10-19,3.65,90
188783,21宁投02,宁德市交通投资集团有限公司,5,AA+,02,2021-10-21,4.19,90
188784,21甬城02,宁波城建投资集团有限公司,5,AAA,02,2021-09-24,3.17,90
188787,21通用03,中国通用技术(集团)控股有限责任公司,3,AAA,02,2021-09-28,3.17,90
188789,21焦煤Y2,山西焦煤集团有限责任公司,,AAA,02,2021-09-28,3.84,90
188790,21电建05,中国电力建设股份有限公司,3,AAA,02,2021-09-28,3.1,90
188792,21产发02,宿迁产业发展集团有限公司,7,,02,2021-10-08,3.84,90
188793,21中林01,中国林业集团有限公司,3,AAA,02,2021-10-15,6.1,90
188795,21海企02,江苏省海外企业集团有限公司,5,AAA,02,2021-09-28,4.49,90
188796,21津投09,天津城市基础设施建设投资集团有限公司,2,AAA,02,2021-10-13,4.35,90
188797,21津投10,天津城市基础设施建设投资集团有限公司,3,AAA,02,2021-10-13,5.3,90
188800,21环球Y2,中国环球租赁有限公司,,AAA,02,2021-10-28,4.83,90
188802,21穂建05,广州市城市建设开发有限公司,5,AAA,02,2021-10-08,3.29,90
188804,21中银01,中银国际证券股份有限公司,3,AAA,02,2021-09-29,3.1,90
188805,21兖投03,济宁市兖州区惠民城建投资有限公司,5,AA+,02,2021-09-30,7,90
188806,21军融01,青岛军民融合发展集团有限公司,5,AA+,02,2021-10-20,4.4,90
188807,21皖投03,安徽省投资集团控股有限公司,3,AAA,02,2021-10-11,3.3,90
188808,21沪盛02,上海国盛(集团)有限公司,5,,02,2021-10-08,3.05,90
188810,21豫通Y1,河南交通投资集团有限公司,,AAA,02,2021-09-30,3.6,90
188811,21豫通Y2,河南交通投资集团有限公司,,AAA,02,2021-09-30,4.25,90
188812,21盛泽G1,江苏盛泽投资有限公司,3,,02,2021-09-30,3.99,90
188813,21中证16,中信证券股份有限公司,3.04,AAA,02,2021-10-08,3.09,90
188814,21中证17,中信证券股份有限公司,5,AAA,02,2021-10-08,3.47,90
188816,21延长Y3,陕西延长石油(集团)有限责任公司,,AAA,02,2021-11-15,3.59,90
188817,GC华能02,中国华能集团有限公司,5,AAA,02,2021-10-08,3.36,90
188818,GC华能03,中国华能集团有限公司,10,AAA,02,2021-10-08,3.8,90
188819,21晋建02,山西建设投资集团有限公司,3,AAA,02,2021-09-30,4.4,90
188820,21中关03,中关村发展集团股份有限公司,3,,02,2021-10-14,3.34,90
188822,21中航S1,中国航空集团有限公司,1,AAA,02,2021-10-14,2.75,90
188823,21中航03,中国航空集团有限公司,5,AAA,02,2021-09-30,3.57,90
188824,21许投01,许昌市投资集团有限公司,5,AA+,02,2021-12-22,3.9,90
188826,21悦达G1,江苏悦达集团有限公司,5,AAA,02,2021-11-15,4.2,90
188827,21桂农01,广西农垦集团有限责任公司,2,AA+,02,2021-10-13,4.9,90
188828,21远洋02,北京远洋控股集团有限公司,5,AAA,02,2021-09-30,4.06,90
188830,21北港S1,广西北部湾国际港务集团有限公司,0.75,,02,2021-10-15,3.27,90
188831,21唐新Y3,中国大唐集团新能源股份有限公司,,AAA,02,2021-10-19,3.07,90
188832,21济轨Y2,济南轨道交通集团有限公司,,AAA,02,2021-10-11,3.48,90
188833,21济轨Y3,济南轨道交通集团有限公司,,AAA,02,2021-10-11,3.69,90
188834,21浦土02,上海浦东土地控股(集团)有限公司,5,AAA,02,2021-10-21,3.37,90
188837,21中交Y1,中交第四航务工程局有限公司,,AAA,02,2021-10-27,3.77,90
188838,21CHNES1,国家能源投资集团有限责任公司,0.5,,02,2021-10-28,2.4,90
188839,21财通G1,财通证券股份有限公司,3,AAA,02,2021-10-21,3.34,90
188840,21鲁信02,山东省鲁信投资控股集团有限公司,5,AAA,02,2021-10-13,3.7,90
188842,21临城01,临沂城市建设投资集团有限公司,5,AAA,02,2021-11-30,3.45,90
188843,21浙资01,浙江省国有资本运营有限公司,3,AAA,02,2021-10-25,3.35,90
188845,21大宁02,上海大宁资产经营(集团)有限公司,7,AA+,02,2021-10-18,3.99,90
188846,21远发03,中远海运发展股份有限公司,10,AAA,02,2021-10-19,4.3,90
188847,21海控01,海南省发展控股有限公司,5,AAA,02,2021-10-20,3.7,90
188851,21兴杭02,闽西兴杭国有资产投资经营有限公司,3,AAA,02,2021-10-21,3.45,90
188853,22云资01,云南能投资本投资有限公司,3,AAA,02,2022-04-20,5.6,90
188855,21衡弘湘,衡阳弘湘国有投资(控股)集团有限公司,3,AA+,02,2021-10-29,5,90
188857,21建材05,中国建材股份有限公司,3,AAA,02,2021-10-19,3.25,90
188858,21安控01,浙江安吉国控建设发展集团有限公司,5,AA+,02,2021-11-01,5.18,90
188859,21国君14,国泰君安证券股份有限公司,3.14,AAA,02,2021-10-19,3.29,90
188860,21国君15,国泰海通证券股份有限公司,10,AAA,02,2021-10-19,3.99,90
188861,21港务03,厦门港务控股集团有限公司,5,AAA,02,2021-10-25,3.4,90
188863,22海兴G1,盐城市海兴集团有限公司,3,AA+,02,2022-01-26,5.5,90
188865,21芯鑫02,芯鑫融资租赁有限责任公司,2,AAA,02,2021-10-27,3.65,90
188866,21青信01,青岛国信发展(集团)有限责任公司,5,AAA,02,2021-10-29,3.52,90
188867,21津创01,天津创业环保集团股份有限公司,5,AA+,02,2021-10-22,4.85,90
188868,21中证18,中信证券股份有限公司,3,AAA,02,2021-10-22,3.25,90
188869,21中证19,中信证券股份有限公司,5,AAA,02,2021-10-22,3.59,90
188870,21泰交G3,泰州市交通产业集团有限公司,5,AA+,02,2021-11-10,3.65,90
188871,21平证11,平安证券股份有限公司,3,AAA,02,2021-10-27,3.37,90
188873,21泰城G1,泰州市城市建设投资集团有限公司,5,AA+,02,2021-11-01,3.79,90
188874,21华泰13,华泰证券股份有限公司,3,AAA,02,2021-10-22,3.25,90
188875,21华泰14,华泰证券股份有限公司,10,AAA,02,2021-10-22,3.99,90
188876,21GLP12,普洛斯中国控股有限公司,5,AAA,02,2021-10-21,4.3,90
188877,21津投11,天津城市基础设施建设投资集团有限公司,2,AAA,02,2021-10-27,4.8,90
188878,21诚通15,中国诚通控股集团有限公司,5,AAA,02,2021-10-21,3.54,90
188880,21通城03,南通城市建设集团有限公司,4,AAA,02,2021-10-27,3.47,90
188881,21浙商G1,浙江省浙商资产管理股份有限公司,5,AAA,02,2021-10-22,3.8,90
188882,21成建工,成都建工集团有限公司,5,AA+,02,2021-11-19,3.85,90
188883,21铁投01,中国铁建投资集团有限公司,3,AAA,02,2021-10-27,3.52,90
188884,21光证10,光大证券股份有限公司,3,AAA,02,2021-12-28,3.02,90
188885,21北水Y2,北控水务(中国)投资有限公司,,AAA,02,2021-11-05,3.79,90
188886,21光证11,光大证券股份有限公司,5,AAA,02,2021-12-28,3.35,90
188887,21江东06,江东控股集团有限责任公司,5,,02,2021-10-22,3.95,90
188888,21张江03,上海张江高科技园区开发股份有限公司,5,AAA,02,2021-10-25,3.37,90
188889,21中关05,中关村发展集团股份有限公司,3,,02,2021-11-01,3.47,90
188892,21恒信G4,海通恒信国际融资租赁股份有限公司,2,AAA,02,2021-10-28,3.8,90
188893,21海亮01,海亮集团有限公司,3,AA+,02,2021-11-09,6.5,90
188894,21武生01,武汉生态环境投资发展集团有限公司,5,,02,2021-11-04,3.9,90
188895,21翠微01,北京翠微大厦股份有限公司,5,AAA,02,2021-11-16,4,90
188896,21蓉金01,成都交子金融控股集团有限公司,5,AAA,02,2021-11-09,3.91,90
188898,21唐新Y6,中国大唐集团新能源股份有限公司,,AAA,02,2021-10-29,3.48,90
188899,21唐新04,中国大唐集团新能源股份有限公司,3,AAA,02,2021-10-27,3.39,90
188900,21杭金01,杭州市金融投资集团有限公司,5,AAA,02,2021-11-02,3.45,90
188901,21融强02,大连融强投资有限公司,5,AA,02,2021-11-01,7.6,90
188902,21利程01,利程融资租赁(上海)有限公司,5,AAA,02,2021-11-01,6,90
188903,21国机01,中国机械工业集团有限公司,5,AAA,02,2021-11-15,3.14,90
188904,21邗江01,扬州市邗江城市建设发展有限公司,5,AA+,02,2021-11-09,3.82,90
188906,21镇公08,镇江城市建设产业集团有限公司,5,,02,2021-11-02,6.2,90
188907,21娄城G1,太仓娄城高新集团有限公司,5,AA+,02,2021-11-08,3.69,90
188909,21长发07,长沙城市发展集团有限公司,5,AAA,02,2021-11-01,3.73,90
188911,21长发06,长沙城市发展集团有限公司,10,AAA,02,2021-11-01,4.39,90
188912,21虞交01,绍兴市上虞区交通集团有限公司,5,AA+,02,2021-11-08,3.68,90
188913,21国保03,国新商业保理有限公司,3,AAA,02,2021-11-30,3.4,90
188914,21国保04,国新商业保理有限公司,5,AAA,02,2021-11-30,3.7,90
188915,GC融和03,中电投融和融资租赁有限公司,5,AAA,02,2021-10-29,3.57,90
188916,21发展02,山东发展投资控股集团有限公司,5,AAA,02,2021-11-08,3.46,90
188917,21宁紫01,南京紫金资产管理有限公司,5,AAA,02,2021-11-04,3.51,90
188918,国电投13,国家电力投资集团有限公司,3,AAA,02,2021-11-01,3.29,90
188919,21国丰Y5,烟台国丰投资控股集团有限公司,,AAA,02,2021-11-17,3.58,90
188921,21远东八,远东国际融资租赁有限公司,2,AAA,02,2021-10-28,3.7,90
188922,21海润05,江苏海润城市发展集团有限公司,5,,02,2021-11-05,3.96,90
188924,21南网04,中国南方电网有限责任公司,3,,02,2021-10-29,3.22,90
188925,21珠投05,广东珠江投资股份有限公司,5,AA+,02,2021-10-29,7.5,90
188926,21华泰15,华泰证券股份有限公司,3,AAA,02,2021-10-28,3.22,90
188927,21华泰16,华泰证券股份有限公司,10,AAA,02,2021-10-28,3.94,90
188928,21中泰04,中泰证券股份有限公司,3,AAA,02,2021-11-02,3.34,90
188929,21国新03,中国国新控股有限责任公司,5,,02,2021-11-04,3.64,90
188930,21中科01,北京中关村科技创业金融服务集团有限公司,3,AA+,02,2021-11-23,4.4,90
188931,21常新G3,常州东方新城建设集团有限公司,5,,02,2021-11-12,3.84,90
188934,21龙盛05,浙江龙盛集团股份有限公司,2,AAA,02,2021-11-02,3.53,90
188935,21豫峡02,三门峡市投资集团有限公司,5,AA+,02,2021-11-29,4.49,90
188936,21东方02,浙江东方金融控股集团股份有限公司,3,AAA,02,2021-11-24,3.4,90
188937,GC华能04,中国华能集团有限公司,3,AAA,02,2021-11-03,3.1,90
188938,21黄海G1,江苏黄海金融控股集团有限公司,3,AA+,02,2021-11-29,5.35,90
188939,21上唐01,上海大唐融资租赁有限公司,3,AAA,02,2021-11-05,3.46,90
188940,21万联G2,万联证券股份有限公司,3,AA+,02,2021-11-04,3.55,90
188943,21中信01,中国中信有限公司,5,AAA,02,2021-11-05,3.49,90
188944,21中信02,中国中信有限公司,10,AAA,02,2021-11-05,3.79,90
188945,21上建Y1,上海基础设施建设发展(集团)有限公司,,AA+,02,2021-11-16,3.82,90
188946,21水发03,水发集团有限公司,5,,02,2021-11-08,4.95,90
188948,21轻盐02,湖南盐业集团有限公司,5,AA+,02,2021-11-03,4.27,90
188951,21鲁高04,山东高速集团有限公司,5,AAA,02,2021-11-04,3.24,90
188952,21鲁高05,山东高速集团有限公司,10,AAA,02,2021-11-03,3.89,90
188953,21渝交投,重庆城市交通开发投资(集团)有限公司,3,AAA,02,2021-11-11,3.27,90
188954,21嘉善03,嘉善县国有资产投资集团有限公司,5,AA+,02,2021-11-11,4.14,90
188955,21皋通01,如皋市交通产业集团有限公司,5,AA+,02,2021-11-08,4,90
188956,21嘉善04,嘉善县国有资产投资集团有限公司,5,AA+,02,2021-11-11,3.55,90
188957,21创鸿04,江苏创鸿资产管理有限公司,5,AA+,02,2021-12-06,6.1,90
188959,21港投02,河南航空港投资集团有限公司,3,AAA,02,2021-11-08,4.99,90
188960,21兴资02,兴业资产管理有限公司,3,AAA,02,2021-11-08,3.6,90
188961,21国药03,国药控股股份有限公司,3,AAA,02,2021-11-08,3.2,90
188962,21海通10,海通证券股份有限公司,3,AAA,02,2021-11-15,3.1,90
188963,G21华新1,华电新能源集团股份有限公司,3,AAA,02,2021-11-15,3.08,90
188964,21SIIC02,上海实业环境控股有限公司,5,AAA,02,2021-11-18,3.4,90
188965,21浙金控,浙江省创新投资集团有限公司,5,AAA,02,2021-11-19,3,90
188966,21建材07,中国建材股份有限公司,3,AAA,02,2021-11-12,3.09,90
188967,21建材08,中国建材股份有限公司,5,AAA,02,2021-11-12,3.4,90
188968,21电力Y3,国投电力控股股份有限公司,,AAA,02,2021-11-16,3.24,90
188969,21诚通17,中国诚通控股集团有限公司,5,AAA,02,2021-11-10,3.36,90
188970,21诚通18,中国诚通控股集团有限公司,7,AAA,02,2021-11-10,3.68,90
188971,21长电01,中国长江电力股份有限公司,3,AAA,02,2021-11-16,3.05,90
188972,21京汽01,北京汽车股份有限公司,3,AAA,02,2021-11-12,3.45,90
188974,21沪资03,上海国际集团资产管理有限公司,3,AAA,02,2021-11-22,3.12,90
188975,21赣交Y4,江西省交通投资集团有限责任公司,,AAA,02,2021-11-19,3.33,90
188976,21赣交Y5,江西省交通投资集团有限责任公司,,AAA,02,2021-11-19,3.74,90
188978,21东兴G6,东兴证券股份有限公司,1.02,AAA,02,2021-11-15,2.79,90
188979,21铁工Y5,中国中铁股份有限公司,,AAA,02,2021-11-15,3.15,90
188980,21兴业06,兴业证券股份有限公司,3,AAA,02,2021-11-15,3.1,90
188981,21铁工Y6,中国中铁股份有限公司,,AAA,02,2021-11-15,3.37,90
188982,21通城04,南通城市建设集团有限公司,4,AAA,02,2021-11-22,3.22,90
188983,21广越Y2,广州越秀集团股份有限公司,,AAA,02,2021-11-18,3.38,90
188984,21阳安G1,华创云信数字技术股份有限公司,4,AA+,02,2021-11-17,5.6,90
188985,21大众02,大众交通(集团)股份有限公司,3,AAA,02,2021-11-24,3.4,90
188986,21海鸿G1,江苏海鸿投资控股集团有限公司,5,,02,2021-11-25,3.65,90
188987,21京投03,北京市基础设施投资有限公司,3,AAA,02,2021-11-19,3.08,90
188988,21华发05,珠海华发实业股份有限公司,5,AAA,02,2021-12-24,4.99,90
188989,21建一Y1,中国建筑一局(集团)有限公司,,AAA,02,2021-11-17,3.48,90
188990,21金隅Y1,北京金隅集团股份有限公司,,AAA,02,2021-11-19,3.28,90
188994,21陕煤Y4,陕西煤业化工集团有限责任公司,,AAA,02,2021-11-29,4,90
188995,21西基01,西安城市基础设施建设投资集团有限公司,5,AAA,02,2021-11-24,3.2,90
188996,21西基02,西安城市基础设施建设投资集团有限公司,10,AAA,02,2021-11-24,4.18,90
188999,21建资01,南京建邺国有资产经营集团有限公司,5,,02,2021-11-29,3.4,90
240000,23中建K1,中建科技集团有限公司,3,,02,2023-09-26,3.19,90
240001,23漳九Y1,漳州市九龙江集团有限公司,5,AAA,02,2023-09-27,3.6,90
240002,23象屿G5,厦门象屿集团有限公司,3,,02,2023-09-28,3.69,90
240003,23津投21,天津城市基础设施建设投资集团有限公司,1.02,AAA,02,2023-09-22,3.8,90
240004,23津投22,天津城市基础设施建设投资集团有限公司,2,AAA,02,2023-09-22,5.5,90
240006,23国君G9,国泰海通证券股份有限公司,2.12,AAA,02,2023-09-26,2.8,90
240007,23国君10,国泰海通证券股份有限公司,3,AAA,02,2023-09-26,2.89,90
240008,23宏洋04,中海宏洋地产集团有限公司,4,AAA,02,2023-11-24,3.65,90
240010,23JTYK02,北京市基础设施投资有限公司,3,AAA,02,2023-09-26,3.13,90
240013,23南港01,南京新港开发有限公司,2,,02,2023-10-16,3.38,90
240017,23光证G5,光大证券股份有限公司,3,AAA,02,2023-09-26,2.9,90
240018,23希望01,新希望五新实业集团有限公司,2,AAA,02,2023-10-16,5.5,90
240019,23晋建02,山西建设投资集团有限公司,5,AAA,02,2023-10-09,3.78,90
240020,23智光G1,泰兴市智光环保科技有限公司,5,,02,2023-10-12,3.49,90
240021,23智光G2,泰兴市智光环保科技有限公司,5,,02,2023-10-12,4.48,90
240025,核建YK01,中国核工业建设股份有限公司,7,AAA,02,2023-10-10,3.17,90
240026,核建YK02,中国核工业建设股份有限公司,,AAA,02,2023-10-10,3.45,90
240029,23赣财02,江西省财政投资集团有限公司,3,AAA,02,2023-10-09,2.78,90
240030,23穗港03,广州港集团有限公司,3,,02,2023-10-09,2.58,90
240031,23金港G1,张家港保税区金港资产经营集团有限公司,3,,02,2023-10-20,3.4,90
240032,23金港G2,张家港保税区金港资产经营集团有限公司,5,,02,2023-10-20,3.87,90
240033,23南山K2,南山集团有限公司,2,AAA,02,2023-10-10,4.75,90
240034,23兴泰Y1,安徽省兴泰融资担保集团股份有限公司,,AAA,02,2023-10-30,3.4,90
240035,铁工YK11,中国中铁股份有限公司,,AAA,02,2023-10-09,3.15,90
240036,铁工YK12,中国中铁股份有限公司,,AAA,02,2023-10-09,3.36,90
240038,23中公Y6,中交一公局集团有限公司,,AAA,02,2023-10-16,3.3,90
240039,23扬子G3,南京扬子国资投资集团有限责任公司,3,AAA,02,2023-10-16,3.12,90
240040,23天宁G1,常州天宁建设发展集团有限公司,5,,02,2023-10-10,3.29,90
240041,23津投23,天津城市基础设施建设投资集团有限公司,1.02,AAA,02,2023-10-11,3.75,90
240042,23津投24,天津城市基础设施建设投资集团有限公司,2,AAA,02,2023-10-11,5.49,90
240043,23国丰06,烟台国丰投资控股集团有限公司,3,AAA,02,2023-10-30,3.2,90
240044,23国丰07,烟台国丰投资控股集团有限公司,5,AAA,02,2023-10-30,3.5,90
240045,23蒙资02,内蒙古金融资产管理有限公司,3,AAA,02,2023-10-11,3.6,90
240046,23皖交05,安徽省交通控股集团有限公司,3,,02,2023-09-28,2.88,90
240047,GY锡铁03,无锡地铁集团有限公司,,AAA,02,2023-10-23,3.24,90
240050,23豫通04,河南交通投资集团有限公司,5,,02,2023-10-18,3.37,90
240051,23东财K1,东营市财金投资集团有限公司,5,AAA,02,2023-11-09,3.7,90
240053,23疏浚K3,中交疏浚(集团)股份有限公司,2,AAA,02,2023-10-20,2.65,90
240055,23浦土02,上海浦东土地控股(集团)有限公司,3,AAA,02,2023-10-25,3.03,90
240056,23青港01,山东港口青岛港集团有限公司,5,AAA,02,2023-10-19,3,90
240057,23浙能K1,浙江省能源集团有限公司,5,AAA,02,2023-10-17,3.05,90
240058,23浙能K2,浙江省能源集团有限公司,10,AAA,02,2023-10-17,3.25,90
240059,铁工YK13,中国中铁股份有限公司,,AAA,02,2023-10-23,3.2,90
240060,铁工YK14,中国中铁股份有限公司,,AAA,02,2023-10-23,3.4,90
240062,23黔高03,贵州高速公路集团有限公司,3,AAA,02,2023-11-09,3.5,90
240063,23中证23,中信证券股份有限公司,2,AAA,02,2023-10-24,2.8,90
240064,23中证24,中信证券股份有限公司,3,AAA,02,2023-10-24,2.9,90
240065,23华新K1,华新建材集团股份有限公司,3,,02,2023-12-08,3.12,90
240067,G23深高1,深圳高速公路集团股份有限公司,3,,02,2023-10-24,2.88,90
240068,23华泰13,华泰证券股份有限公司,2,AAA,02,2023-10-19,2.8,90
240069,23华泰14,华泰证券股份有限公司,10,AAA,02,2023-10-19,3.35,90
240072,河钢YK03,河钢集团有限公司,,AAA,02,2023-10-24,3.83,90
240073,河钢YK04,河钢集团有限公司,,AAA,02,2023-10-24,4.25,90
240077,23市政Y1,北京市政建设集团有限责任公司,,AAA,02,2023-11-03,3.6,90
240078,23济轨05,济南轨道交通集团有限公司,5,,02,2023-10-30,3.49,90
240079,23创投K2,深圳市创新投资集团有限公司,5,AAA,02,2023-11-27,3.3,90
240080,23控租05,国耀融汇融资租赁有限公司,3,AAA,02,2023-11-02,3.64,90
240081,23方正G5,方正证券股份有限公司,3,AAA,02,2023-10-31,3.5,90
240082,23中航Y1,中国航空技术国际控股有限公司,,AAA,02,2023-10-19,3.25,90
240083,23义乌G2,义乌市国有资本运营有限公司,3,,02,2023-11-09,3.25,90
240084,23桂北04,广西北部湾投资集团有限公司,3,AAA,02,2023-12-06,3.4,90
240085,23山能K2,山东能源集团有限公司,5,AAA,02,2023-11-01,3.55,90
240086,23山能K3,山东能源集团有限公司,10,AAA,02,2023-11-01,3.89,90
240087,23扬子G4,南京扬子国资投资集团有限责任公司,3,AAA,02,2023-10-27,3.09,90
240089,23中泰02,中泰证券股份有限公司,3,AAA,02,2023-10-25,3,90
240091,23电租Y1,中国电建集团租赁有限公司,,AA+,02,2023-10-30,3.83,90
240093,23三友02,唐山三友化工股份有限公司,3,,02,2023-10-30,3.6,90
240094,华能YK07,中国华能集团有限公司,,AAA,02,2023-10-26,3.18,90
240095,23国君11,国泰海通证券股份有限公司,2,AAA,02,2023-10-24,2.82,90
240096,23国君12,国泰海通证券股份有限公司,5,AAA,02,2023-10-24,3.12,90
240097,建一YK01,中国建筑一局(集团)有限公司,,AAA,02,2023-10-27,3.39,90
240098,23兴城03,成都兴城投资集团有限公司,5,AAA,02,2023-11-16,3.07,90
240102,蓉金KY01,成都交子金融控股集团有限公司,,AAA,02,2023-11-16,3.37,90
240103,23铁基04,安徽省铁路发展基金股份有限公司,2,,02,2023-10-24,3.04,90
240104,23联和K3,上海联和投资有限公司,10,AAA,02,2023-10-25,3.68,90
240105,23天宁G2,常州天宁建设发展集团有限公司,5,,02,2023-10-30,3.35,90
240106,23江开G1,南京江宁经济技术开发集团有限公司,5,,02,2023-11-22,3.1,90
240107,23高科03,武汉高科国有控股集团有限公司,5,AA+,02,2023-10-27,3.47,90
240111,23建投Y2,南京江北新区建设投资集团有限公司,,,02,2023-10-31,3.6,90
240112,23BEHL02,北京控股有限公司,2,AAA,02,2023-10-27,2.9,90
240113,23BEHL03,北京控股有限公司,5,AAA,02,2023-10-27,3.3,90
240114,23财证01,财信证券股份有限公司,3,AAA,02,2023-10-25,3.18,90
240115,23山高K1,山东高速股份有限公司,3,,02,2023-10-25,3.09,90
240116,23浦创K1,上海浦东科创集团有限公司,5,,02,2023-10-26,2.94,90
240117,23赣交K5,江西省交通投资集团有限责任公司,3,,02,2023-10-26,3.05,90
240118,23财信04,湖南财信金融控股集团有限公司,5,,02,2023-10-23,3.24,90
240119,23华电K1,中国华电集团有限公司,3,,02,2023-10-26,2.85,90
240120,23华电K2,中国华电集团有限公司,10,,02,2023-10-27,3.35,90
240121,23恒信G3,海通恒信国际融资租赁股份有限公司,4,AAA,02,2023-10-27,3.47,90
240122,23延长K7,陕西延长石油(集团)有限责任公司,5,,02,2023-10-27,3.29,90
240123,23扬州G2,扬州市城建国有资产控股(集团)有限责任公司,3,AAA,02,2023-11-08,3.08,90
240126,23巨化03,巨化集团有限公司,3,,02,2023-10-27,3.33,90
240127,23唐租02,大唐融资租赁有限公司,2,,02,2023-10-30,3.2,90
240132,23电力03,国投电力控股股份有限公司,3,,02,2023-10-31,2.98,90
240133,能建YK02,中国能源建设股份有限公司,,AAA,02,2023-10-30,3.25,90
240136,23兴信05,兴业国信资产管理有限公司,3,AAA,02,2023-11-06,3.49,90
240137,23吉高03,吉林省高速公路集团有限公司,5,AAA,02,2023-11-09,3.68,90
240138,23云控01,云南省投资控股集团有限公司,1.03,,02,2023-11-02,4,90
240139,23五资03,五矿资本控股有限公司,3,AAA,02,2023-11-01,3.27,90
240143,23芯鑫02,芯鑫融资租赁有限责任公司,3,AAA,02,2023-10-31,3.64,90
240144,鲁高KY02,山东高速集团有限公司,,AAA,02,2023-10-30,3.59,90
240146,23铁投Y4,中国铁建投资集团有限公司,,AAA,02,2023-11-06,3.47,90
240147,23动能03,山东省新动能基金管理有限公司,5,AAA,02,2023-11-02,3.3,90
240148,铁工YK15,中国中铁股份有限公司,,AAA,02,2023-11-01,3.25,90
240149,铁工YK16,中国中铁股份有限公司,,AAA,02,2023-11-01,3.48,90
240150,23浙金03,浙江省创新投资集团有限公司,3,,02,2023-11-13,2.98,90
240153,23环球04,中国环球租赁有限公司,5,,02,2023-11-08,3,90
240154,23京保01,北京保障房中心有限公司,24,AAA,02,2023-11-16,2.92,90
240155,23京保02,北京保障房中心有限公司,10,AAA,02,2023-11-16,3.34,90
240156,23交YK01,中国交通建设股份有限公司,,AAA,02,2023-11-01,3.1,90
240157,23一航Y1,中交第一航务工程局有限公司,,AAA,02,2023-11-02,3.4,90
240158,23华泰15,华泰证券股份有限公司,2.75,AAA,02,2023-11-13,2.83,90
240159,23华泰16,华泰证券股份有限公司,10,AAA,02,2023-11-13,3.3,90
240160,23路桥02,厦门路桥建设集团有限公司,3,,02,2023-11-01,3.16,90
240162,23信投G7,中信建投证券股份有限公司,3,AAA,02,2023-11-06,2.94,90
240163,23信投G8,中信建投证券股份有限公司,5,AAA,02,2023-11-06,3.13,90
240164,23信投G9,中信建投证券股份有限公司,10,AAA,02,2023-11-06,3.35,90
240167,23厦贸Y5,厦门国贸控股集团有限公司,,AAA,02,2023-11-08,4.08,90
240168,23三能01,中国三峡新能源(集团)股份有限公司,5,,02,2023-11-16,3.08,90
240169,G23国发1,苏州国际发展集团有限公司,3,,02,2023-11-09,2.78,90
240170,23新师01,新疆生产建设兵团第十二师国有资产投资发展集团有限公司,5,,02,2023-11-03,3.65,90
240171,23海国07,北京市海淀区国有资本运营有限公司,5,AAA,02,2023-11-02,3.4,90
240172,23海国08,北京市海淀区国有资本运营有限公司,5,AAA,02,2023-11-02,3.7,90
240173,G23京Y1,北京市基础设施投资有限公司,,AAA,02,2023-11-09,3.1,90
240175,23亦庄K3,北京亦庄国际投资发展有限公司,3,AAA,02,2023-11-09,3,90
240176,23亦庄K4,北京亦庄国际投资发展有限公司,5,AAA,02,2023-11-09,3.3,90
240177,工业YK03,中铁高新工业股份有限公司,,AAA,02,2023-12-01,3.1,90
240178,工业YK04,中铁高新工业股份有限公司,,AAA,02,2023-12-01,3.25,90
240179,23中大01,物产中大集团股份有限公司,3,,02,2023-11-16,3.18,90
240180,23中信03,中国中信有限公司,5,AAA,02,2023-11-07,3.19,90
240182,23汉投10,汉江国有资本投资集团有限公司,5,,02,2023-11-07,3.23,90
240183,23汉投11,汉江国有资本投资集团有限公司,7,,02,2023-11-07,3.72,90
240184,23云信03,华创云信数字技术股份有限公司,4,AA+,02,2023-11-13,4.6,90
240187,23沪硅K1,上海硅产业集团股份有限公司,5,,02,2023-11-22,3.17,90
240188,23狮桥03,狮桥融资租赁(中国)有限公司,2,AA+,02,2023-11-22,4.5,90
240189,建一YK02,中国建筑一局(集团)有限公司,,AAA,02,2023-11-16,3.3,90
240190,23乌江02,贵州乌江能源投资有限公司,5,,02,2023-11-29,3.99,90
240191,23恒健01,广东恒健投资控股有限公司,2,,02,2023-11-15,2.8,90
240192,23恒健02,广东恒健投资控股有限公司,5,,02,2023-11-15,3.19,90
240193,中色YK04,中国有色矿业集团有限公司,,AAA,02,2023-11-09,3.15,90
240194,中色YK05,中国有色矿业集团有限公司,,AAA,02,2023-11-09,3.43,90
240195,23中证25,中信证券股份有限公司,2,AAA,02,2023-11-10,2.78,90
240196,23中证26,中信证券股份有限公司,5,AAA,02,2023-11-10,3.1,90
240197,23信保Y1,江苏省信用再担保集团有限公司,,,02,2023-11-15,3.1,90
240199,23开福03,长沙开福城投集团有限责任公司,3,AA+,02,2023-11-09,3.3,90
240201,23中公Y8,中交一公局集团有限公司,1,AAA,02,2023-11-09,3.35,90
240202,23台州02,台州市国有资本运营集团有限公司,3,AAA,02,2023-11-13,2.99,90
240203,23穗建07,广州市城市建设开发有限公司,5,AAA,02,2023-12-27,3.03,90
240204,23产融10,中航工业产融控股股份有限公司,3,AAA,02,2023-11-15,3.05,90
240205,23华租01,华电融资租赁有限公司,3,AAA,02,2023-11-28,2.8,90
240206,23安租12,平安国际融资租赁有限公司,2,,02,2023-11-21,3.18,90
240207,23安租13,平安国际融资租赁有限公司,2,,02,2023-11-21,3.76,90
240208,23财信05,湖南财信金融控股集团有限公司,5,,02,2023-11-09,3.13,90
240209,23产融11,中航工业产融控股股份有限公司,5,AAA,02,2023-11-15,3.3,90
240210,23青城10,青岛城市建设投资(集团)有限责任公司,3,,02,2023-11-21,3.28,90
240211,23漳九Y2,漳州市九龙江集团有限公司,,AAA,02,2023-11-20,3.47,90
240213,23鲁高K2,山东高速集团有限公司,5,AAA,02,2023-11-16,3.09,90
240214,23洪轨04,南昌轨道交通集团有限公司,3,AAA,02,2023-11-24,3.04,90
240215,蓝星YK04,中国蓝星(集团)股份有限公司,10,AAA,02,2023-11-15,3.45,90
240216,23住总Y1,北京住总集团有限责任公司,10,AAA,02,2023-11-17,3.27,90
240217,23建发Y2,厦门建发股份有限公司,5,AAA,02,2023-11-23,4.03,90
240218,23能源Y3,中化能源股份有限公司,2,AAA,02,2023-11-14,3.18,90
240221,23穗投K1,广州产业投资控股集团有限公司,10,AAA,02,2023-11-22,3.23,90
240224,23国创01,苏州国发创业投资控股有限公司,3,AAA,02,2023-11-15,3.27,90
240227,23皖投01,安徽省投资集团控股有限公司,3,,02,2023-11-28,2.95,90
240228,23云控02,云南省投资控股集团有限公司,2,,02,2023-11-22,4,90
240229,23海国09,北京市海淀区国有资本运营有限公司,5,AAA,02,2023-11-17,3.23,90
240230,23海国10,北京市海淀区国有资本运营有限公司,5,AAA,02,2023-11-17,3.58,90
240232,23厦贸Y6,厦门国贸集团股份有限公司,,AAA,02,2023-11-22,3.2,90
240234,23能化Y1,福建省能源石化集团有限责任公司,,,02,2023-11-22,3.38,90
240235,铁工YK17,中国中铁股份有限公司,,AAA,02,2023-11-16,3.14,90
240236,铁工YK18,中国中铁股份有限公司,,AAA,02,2023-11-16,3.35,90
240237,23国地02,厦门国贸地产集团有限公司,5,AAA,02,2023-12-15,3.65,90
240238,23汉投12,汉江国有资本投资集团有限公司,5,,02,2023-11-16,3.2,90
240239,23汉投13,汉江国有资本投资集团有限公司,7,,02,2023-11-16,3.68,90
240240,23中化Y8,中国中化股份有限公司,,AAA,02,2023-11-16,3.01,90
240241,23财券G5,财通证券股份有限公司,2,AAA,02,2023-11-22,2.85,90
240242,23财券G6,财通证券股份有限公司,3,AAA,02,2023-11-22,2.95,90
240243,23亦庄05,北京亦庄国际投资发展有限公司,5,AAA,02,2023-11-17,3.27,90
240244,23亦庄06,北京亦庄国际投资发展有限公司,10,AAA,02,2023-11-17,3.57,90
240246,GR中电02,中国电力国际有限公司,3,AAA,02,2023-11-17,2.99,90
240247,23扬子Y1,南京扬子国资投资集团有限责任公司,,AAA,02,2023-11-23,3.15,90
240248,23信投10,中信建投证券股份有限公司,3,AAA,02,2023-11-27,2.87,90
240249,23信投11,中信建投证券股份有限公司,5,AAA,02,2023-11-27,3.07,90
240252,23平证15,平安证券股份有限公司,3,AAA,02,2023-11-20,3,90
240253,23汇能Y1,中核汇能有限公司,,AAA,02,2023-11-23,3,90
240254,23汇能Y2,中核汇能有限公司,,AAA,02,2023-11-23,3.18,90
240255,延长KY08,陕西延长石油(集团)有限责任公司,,,02,2023-11-21,3.09,90
240256,延长KY09,陕西延长石油(集团)有限责任公司,,,02,2023-11-21,3.48,90
240257,交筑YK03,中交建筑集团有限公司,,AAA,02,2023-11-20,3.09,90
240258,交筑YK04,中交建筑集团有限公司,,AAA,02,2023-11-20,3.38,90
240259,23国君13,国泰海通证券股份有限公司,2,AAA,02,2023-11-21,2.82,90
240261,23国君15,国泰海通证券股份有限公司,5,AAA,02,2023-11-21,3.08,90
240262,23交水01,湖南省交通水利建设集团有限公司,5,,02,2023-11-20,3.4,90
240263,23沪国际,上海国际集团有限公司,3,,02,2023-11-24,2.83,90
240264,23松国01,上海松江国有资产投资经营管理集团有限公司,5,,02,2023-11-27,2.9,90
240265,鲁金KY01,山东黄金矿业股份有限公司,,AAA,02,2023-11-22,3.19,90
240266,23常新G1,常州东方新城建设集团有限公司,3,,02,2023-11-21,3.3,90
240267,23景控04,景德镇市国资运营投资控股集团有限责任公司,3,AA+,02,2023-12-04,3.5,90
240269,23蓉轨Y1,成都轨道交通集团有限公司,,,02,2023-12-11,3.19,90
240270,23京投04,北京市基础设施投资有限公司,3,AAA,02,2023-12-08,2.89,90
240271,23天成01,华能天成融资租赁有限公司,2,AAA,02,2023-11-22,3,90
240272,23天成02,华能天成融资租赁有限公司,3,AAA,02,2023-11-22,3.18,90
240274,23常经G1,常熟经开控股有限公司,5,,02,2023-11-27,3.19,90
240278,23山钢06,山东钢铁集团有限公司,5,,02,2023-11-29,3.16,90
240281,23方正G6,方正证券股份有限公司,2,AAA,02,2023-11-28,3.14,90
240283,23南方01,南方水泥有限公司,3,AAA,02,2023-11-29,2.95,90
240284,23栖建01,南京栖霞建设股份有限公司,5,,02,2023-12-04,3.5,90
240285,23豫管02,河南资产管理有限公司,3,AAA,02,2023-11-29,3.37,90
240286,甬通商K2,宁波通商控股集团有限公司,10,AAA,02,2023-12-14,3.36,90
240287,23新兴K1,厦门建发新兴产业股权投资有限责任公司,3,AAA,02,2023-12-01,3.37,90
240288,23新兴K2,厦门建发新兴产业股权投资有限责任公司,5,AAA,02,2023-12-01,3.65,90
240289,23浦土03,上海浦东土地控股(集团)有限公司,3,AAA,02,2023-11-28,2.99,90
240291,23中证28,中信证券股份有限公司,3,AAA,02,2023-11-24,2.87,90
240294,23开源03,开源证券股份有限公司,3,,02,2023-11-23,3.09,90
240296,23城建Y1,北京城建集团有限责任公司,,AAA,02,2023-12-04,3.02,90
240298,23航租Y4,中航国际融资租赁有限公司,,AAA,02,2023-11-29,3.45,90
240300,23唐租03,大唐融资租赁有限公司,2,,02,2023-11-28,3.02,90
240301,23津投26,天津城市基础设施建设投资集团有限公司,3,AAA,02,2023-11-29,4,90
240303,23中泰03,中泰证券股份有限公司,3,AAA,02,2023-11-29,2.97,90
240304,GC三峡YK,中国长江三峡集团有限公司,1,AAA,02,2023-11-29,2.98,90
240305,23江城01,南京江宁城市建设集团有限公司,5,,02,2023-11-29,3.06,90
240306,23海通16,海通证券股份有限公司,3,AAA,02,2023-11-29,2.95,90
240307,23中飞02,中飞租融资租赁有限公司,3,AAA,02,2023-12-06,3.58,90
240309,铁工YK19,中国中铁股份有限公司,1,AAA,02,2023-11-28,3.07,90
240310,铁工YK20,中国中铁股份有限公司,10,AAA,02,2023-11-28,3.28,90
240311,23控租06,国耀融汇融资租赁有限公司,3,AAA,02,2023-12-01,3.38,90
240312,23财金03,山东省财金投资集团有限公司,5,AAA,02,2023-11-23,3.15,90
240313,23红狮01,红狮控股集团有限公司,3,,02,2023-11-30,3.33,90
240315,23青城11,青岛城市建设投资(集团)有限责任公司,3,,02,2023-12-01,3.24,90
240317,23中化Y9,中国中化股份有限公司,,AAA,02,2023-11-28,2.93,90
240319,23浙商G2,浙江省浙商资产管理股份有限公司,5,,02,2023-12-01,3.24,90
240321,23杭实K3,杭州市实业投资集团有限公司,3,,02,2023-12-05,3.08,90
240322,23豫通05,河南交通投资集团有限公司,5,,02,2023-11-29,3.2,90
240324,河钢YK06,河钢集团有限公司,,AAA,02,2023-11-29,3.8,90
240327,23产融13,中航工业产融控股股份有限公司,5,AAA,02,2023-12-01,3.3,90
240328,赣投YK02,江西省投资集团有限公司,,AAA,02,2023-12-01,3.29,90
240329,23CHNG1Y,中国华能集团有限公司,,AAA,02,2023-11-29,3,90
240330,23环保01,北京首创生态环保集团股份有限公司,3,,02,2023-11-27,3.07,90
240331,23环保02,北京首创生态环保集团股份有限公司,5,,02,2023-11-27,3.35,90
240332,23环保Y4,北京首创生态环保集团股份有限公司,,AAA,02,2023-11-28,3.25,90
240334,鲁金KY02,山东黄金矿业股份有限公司,,AAA,02,2023-11-30,3.22,90
240335,23招证11,招商证券股份有限公司,3,AAA,02,2023-11-29,2.88,90
240336,23明债01,光明房地产集团股份有限公司,3,,02,2023-12-04,4.3,90
240337,装备YK01,晋能控股装备制造集团有限公司,,AAA,02,2023-12-04,3.7,90
240339,GY汇能02,中核汇能有限公司,,AAA,02,2023-11-30,3.18,90
240340,化学YK03,中国化学工程集团有限公司,,AAA,02,2023-12-07,3.17,90
240341,23华鑫02,华鑫证券有限责任公司,3,,02,2023-12-01,3.4,90
240342,23信达02,信达证券股份有限公司,1.02,AAA,02,2023-12-06,2.86,90
240344,23苏新01,苏州新区高新技术产业股份有限公司,5,,02,2023-12-12,3.3,90
240345,23吴金K2,苏州市吴中金融控股集团有限公司,5,AAA,02,2023-12-01,3.28,90
240346,23苏信02,江苏省国信集团有限公司,3,,02,2023-12-05,3,90
240349,23义乌G3,义乌市国有资本运营有限公司,5,,02,2023-12-21,3.3,90
240351,23云控05,云南省投资控股集团有限公司,2,,02,2023-12-07,3.94,90
240353,23海旅02,海南省旅游投资集团有限公司,3,,02,2023-12-21,2.98,90
240354,23浙资02,浙江省国有资本运营有限公司,3,,02,2023-12-15,2.98,90
240355,GC核融03,中核融资租赁有限公司,3,AAA,02,2023-12-15,3.03,90
240357,23鄂旅Y2,湖北文化旅游集团有限公司,,AAA,02,2023-12-25,3.35,90
240358,GC三峡K1,中国长江三峡集团有限公司,10,AAA,02,2023-12-14,3.15,90
240359,GC三峡K2,中国长江三峡集团有限公司,20,AAA,02,2023-12-14,3.28,90
240360,23信投13,中信建投证券股份有限公司,3,AAA,02,2023-12-14,2.95,90
240361,23信投14,中信建投证券股份有限公司,5,AAA,02,2023-12-14,3.15,90
240362,延长KY10,陕西延长石油(集团)有限责任公司,,AAA,02,2023-12-08,3.37,90
240363,23蒙电Y1,内蒙古蒙电华能热电股份有限公司,,AAA,02,2023-12-12,3.1,90
240364,23蒙电Y2,内蒙古蒙电华能热电股份有限公司,,AAA,02,2023-12-12,3.23,90
240365,23黔资01,贵州省国有资本运营有限责任公司,3,AAA,02,2023-12-15,3.4,90
240366,23财金04,山东省财金投资集团有限公司,5,AAA,02,2023-12-12,3.2,90
240367,23福电Y1,福建福清核电有限公司,,AAA,02,2023-12-08,3.17,90
240368,23鄂交K5,湖北交通投资集团有限公司,10,AAA,02,2023-12-25,3.29,90
240369,23特电Y1,新疆特变电工集团有限公司,,AA+,02,2023-12-26,4.1,90
240370,23银河G8,中国银河证券股份有限公司,3,AAA,02,2023-12-21,2.98,90
240371,23银河G9,中国银河证券股份有限公司,5,AAA,02,2023-12-21,3.14,90
240372,路建YK02,中交路桥建设有限公司,,AAA,02,2023-12-14,3.15,90
240373,23华租02,华电融资租赁有限公司,3,AAA,02,2023-12-20,3.24,90
240376,陕煤KY06,陕西煤业化工集团有限责任公司,,AAA,02,2023-12-15,3.55,90
240377,23交YK02,中国交通建设股份有限公司,,AAA,02,2023-12-13,3.03,90
240378,23交YK03,中国交通建设股份有限公司,,AAA,02,2023-12-13,3.13,90
240380,23津投28,天津城市基础设施建设投资集团有限公司,3,AAA,02,2023-12-21,4.1,90
240382,23安租14,平安国际融资租赁有限公司,2,,02,2023-12-18,3.3,90
240383,23安租15,平安国际融资租赁有限公司,2,,02,2023-12-18,3.93,90
240384,23宝租01,华宝都鼎(上海)融资租赁有限公司,2,,02,2023-12-18,3.14,90
240385,23方正G7,方正证券股份有限公司,2,AAA,02,2023-12-22,3.2,90
240386,23华兴Y1,中国核工业华兴建设有限公司,,AAA,02,2023-12-15,3.3,90
240387,23华兴Y2,中国核工业华兴建设有限公司,,AAA,02,2023-12-15,3.35,90
240388,中化Y10,中国中化股份有限公司,,AAA,02,2023-12-19,3.05,90
240389,中化Y11,中国中化股份有限公司,,AAA,02,2023-12-19,3.17,90
240390,23上金K2,上海汽车集团金控管理有限公司,3,AAA,02,2023-12-15,3.1,90
240392,23上证02,上海证券有限责任公司,3,AAA,02,2023-12-14,3.08,90
240393,23城建Y2,北京城建集团有限责任公司,,AAA,02,2023-12-20,3.13,90
240394,23河钢07,河钢集团有限公司,3,AAA,02,2023-12-13,3.41,90
240395,23河钢08,河钢集团有限公司,3,AAA,02,2023-12-13,3.78,90
240397,铁工YK22,中国中铁股份有限公司,,AAA,02,2023-12-15,3.35,90
240401,23穗建08,广州市城市建设开发有限公司,7,AAA,02,2023-12-27,3.25,90
240402,23CEE01,中国电气装备集团有限公司,3,AAA,02,2023-12-21,2.7,90
240404,23青城12,青岛城市建设投资(集团)有限责任公司,3,,02,2023-12-21,3.25,90
240406,23唐租04,大唐融资租赁有限公司,2,,02,2023-12-21,2.98,90
240407,23中证29,中信证券股份有限公司,2,AAA,02,2023-12-25,2.8,90
240408,23中证30,中信证券股份有限公司,3,AAA,02,2023-12-25,2.9,90
240409,23兴资01,兴业资产管理有限公司,3,,02,2023-12-21,3.24,90
240410,GK三峰01,重庆三峰环境集团股份有限公司,2,,02,2023-12-21,3.04,90
240411,23渝富04,重庆渝富控股集团有限公司,15,AAA,02,2023-12-28,3.87,90
240414,23平证16,平安证券股份有限公司,2,AAA,02,2023-12-25,2.98,90
240415,23平证17,平安证券股份有限公司,3,AAA,02,2023-12-25,3,90
240416,23中金G7,中国国际金融股份有限公司,5,AAA,02,2023-12-28,2.85,90
240417,23中金G8,中国国际金融股份有限公司,7,AAA,02,2023-12-28,3.03,90
240418,23苏创K1,苏州创新投资集团有限公司,3,AAA,02,2023-12-29,2.9,90
240419,23南山K3,南山集团有限公司,2,AAA,02,2023-12-25,4.6,90
240421,23七师01,新疆生产建设兵团第七师国有资本投资运营集团有限公司,3,,02,2023-12-25,3.98,90
240422,23环球05,中国环球租赁有限公司,5,,02,2023-12-25,3.2,90
240423,23招证12,招商证券股份有限公司,1.52,AAA,02,2023-12-25,2.8,90
240424,23招证13,招商证券股份有限公司,2,AAA,02,2023-12-25,2.81,90
240425,建三YK01,中建三局集团有限公司,,AAA,02,2023-12-22,3.16,90
240426,23京城04,北京城建投资发展股份有限公司,5,AAA,02,2023-12-27,3.37,90
240427,23京保03,北京保障房中心有限公司,24,,02,2023-12-26,2.9,90
240428,23苏信03,江苏省国信集团有限公司,3,,02,2023-12-25,2.87,90
240429,23象屿Y2,厦门象屿股份有限公司,,AAA,02,2023-12-28,4.45,90
240430,23杭水01,杭州市水务集团有限公司,3,,02,2023-12-26,2.96,90
240433,河钢YK10,河钢集团有限公司,,AAA,02,2023-12-22,3.78,90
240434,23皖交Y1,安徽省交通控股集团有限公司,,,02,2023-12-27,3.03,90
240440,23信地05,信达地产股份有限公司,5,AA+,02,2024-01-02,4.07,90
240441,24中铁01,中国铁建房地产集团有限公司,5,,02,2024-01-22,3.3,90
240444,23济建G2,济南城市建设集团有限公司,5,,02,2023-12-28,3.25,90
240445,铁建YK07,中国铁建股份有限公司,,AAA,02,2024-01-02,2.97,90
240447,23联发05,联发集团有限公司,6,AAA,02,2024-01-02,3.6,90
240448,23联发06,联发集团有限公司,6,AAA,02,2024-01-02,3.75,90
240449,24吉高01,吉林省高速公路集团有限公司,5,AAA,02,2024-01-11,3.12,90
240450,24浙资01,浙江省国有资本运营有限公司,3,,02,2024-01-09,2.79,90
240451,24义乌G1,义乌市国有资本运营有限公司,5,AAA,02,2024-01-18,3.08,90
240453,24兴泸02,泸州市兴泸投资集团有限公司,7,,02,2024-01-12,3.3,90
240454,24海通01,海通证券股份有限公司,3,AAA,02,2024-02-27,2.58,90
240455,23河钢11,河钢集团有限公司,2,AAA,02,2024-01-02,3.2,90
240456,23三局Y2,中交第三公路工程局有限公司,,AA+,02,2023-12-29,3.5,90
240457,24无锡G1,无锡市新发集团有限公司,5,,02,2024-01-11,2.95,90
240458,24无锡G2,无锡市新发集团有限公司,10,,02,2024-01-11,3.2,90
240459,24财金01,山东省财金投资集团有限公司,5,AAA,02,2024-01-11,3.15,90
240461,24南交02,南昌市交通投资集团有限公司,5,AAA,02,2024-04-10,2.85,90
240462,24太新Y1,无锡市太湖新城发展集团有限公司,,AAA,02,2024-01-12,3.02,90
240463,24张科K1,上海张江科技创业投资有限公司,5,AAA,02,2024-01-16,2.84,90
240464,24津投01,天津城市基础设施建设投资集团有限公司,2,AAA,02,2024-01-22,3.17,90
240465,24津投02,天津城市基础设施建设投资集团有限公司,3,AAA,02,2024-01-22,3.55,90
240467,24青信02,青岛国信发展(集团)有限责任公司,3,,02,2024-01-15,3,90
240468,24方正G1,方正证券股份有限公司,2,AAA,02,2024-01-18,2.9,90
240471,24东财01,东营市财金投资集团有限公司,5,,02,2024-01-19,3.49,90
240473,24湖州01,湖州市城市投资发展集团有限公司,5,AAA,02,2024-01-16,2.9,90
240474,24恒信G1,海通恒信国际融资租赁股份有限公司,4,AAA,02,2024-01-18,3.03,90
240475,24航租01,中航国际融资租赁有限公司,3,AAA,02,2024-01-25,2.95,90
240476,24兴城01,成都兴城投资集团有限公司,5,,02,2024-01-18,2.78,90
240478,24泰山G2,泰安市泰山财金投资集团有限公司,5,,02,2024-01-26,3.8,90
240480,24中邮01,中邮证券有限责任公司,3,AAA,02,2024-01-18,2.8,90
240481,24中邮02,中邮证券有限责任公司,5,AAA,02,2024-01-18,2.93,90
240482,24漳九01,漳州市九龙江集团有限公司,5,AAA,02,2024-01-17,2.94,90
240484,24产融02,中航工业产融控股股份有限公司,5,AAA,02,2024-01-17,3.03,90
240485,24辽港01,辽宁港口股份有限公司,3,AAA,02,2024-01-18,2.81,90
240486,24辽港02,辽宁港口股份有限公司,5,AAA,02,2024-01-18,3.05,90
240487,24新汶Y1,新汶矿业集团有限责任公司,,AAA,02,2024-01-17,3.05,90
240489,24粤港01,广州港股份有限公司,3,,02,2024-01-18,2.7,90
240490,24蓉轨01,成都轨道交通集团有限公司,5,,02,2024-01-25,2.85,90
240492,山招YK02,山东招金集团有限公司,,AAA,02,2024-01-22,3.03,90
240493,24建元01,苏州新建元控股集团有限公司,5,,02,2024-01-16,2.9,90
240494,24宝租01,华宝都鼎(上海)融资租赁有限公司,2,,02,2024-01-26,2.78,90
240495,24广越01,广州越秀集团股份有限公司,5,AAA,02,2024-01-19,2.93,90
240496,24广越02,广州越秀集团股份有限公司,10,AAA,02,2024-01-19,3.15,90
240497,24交投01,中交投资有限公司,3,,02,2024-01-22,2.79,90
240498,24交投02,中交投资有限公司,5,,02,2024-01-22,3.1,90
240499,24国联01,国联民生证券股份有限公司,3,AAA,02,2024-01-25,2.8,90
240500,24象金01,厦门象屿金象控股集团有限公司,3,AAA,02,2024-01-23,3.3,90
240501,24平证01,平安证券股份有限公司,2,AAA,02,2024-01-23,2.75,90
240502,24平证02,平安证券股份有限公司,3,AAA,02,2024-01-24,2.8,90
240503,24株国01,株洲市国有资产投资控股集团有限公司,3,,02,2024-01-18,3.4,90
240504,24中证G1,中信证券股份有限公司,2,AAA,02,2024-01-24,2.68,90
240505,24中证G2,中信证券股份有限公司,3,AAA,02,2024-01-24,2.74,90
240506,24招证G1,招商证券股份有限公司,3,AAA,02,2024-01-23,2.74,90
240507,24海晟G1,江苏海晟控股集团有限公司,3,,02,2024-01-18,3,90
240508,24中泰01,中泰证券股份有限公司,3,AAA,02,2024-01-25,2.8,90
240509,24住总01,北京住总集团有限责任公司,5,,02,2024-01-23,2.98,90
240510,24青城01,青岛城市建设投资(集团)有限责任公司,3,,02,2024-01-23,2.9,90
240511,24能投01,云南省能源集团有限公司,3,,02,2024-02-07,3.35,90
240512,24华福G1,华福证券股份有限公司,3,AAA,02,2024-01-23,2.82,90
240513,24华福G2,华福证券股份有限公司,5,AAA,02,2024-01-23,3,90
240517,24兴业01,兴业证券股份有限公司,3,AAA,02,2024-01-29,2.78,90
240519,24信投G1,中信建投证券股份有限公司,3,AAA,02,2024-01-29,2.72,90
240520,24信投G2,中信建投证券股份有限公司,10,AAA,02,2024-01-29,2.99,90
240521,24舟城01,舟山海城建设投资集团有限公司,5,,02,2024-01-26,2.95,90
240522,24舟城02,舟山海城建设投资集团有限公司,5,,02,2024-01-26,3.22,90
240524,24常新G2,常州东方新城建设集团有限公司,5,,02,2024-01-31,3.22,90
240525,24川金01,四川金融控股集团有限公司,3,AAA,02,2024-01-26,2.7,90
240526,甬通商K3,宁波通商控股集团有限公司,10,AAA,02,2024-02-05,3,90
240528,24中原01,中原证券股份有限公司,3,,02,2024-01-30,2.9,90
240529,24环球01,中国环球租赁有限公司,5,,02,2024-01-29,3.15,90
240530,24安叉K1,安徽叉车集团有限责任公司,2,,02,2024-01-25,2.7,90
240531,24建集Y1,厦门建发集团有限公司,,AAA,02,2024-01-30,3.26,90
240532,24浙商G1,浙江省浙商资产管理股份有限公司,5,,02,2024-02-01,3.1,90
240534,24供销01,中国供销集团有限公司,3,AAA,02,2024-02-05,2.84,90
240535,24信保Y1,江苏省信用再担保集团有限公司,,,02,2024-02-01,2.95,90
240536,24神木01,神木市国有资本投资运营集团有限公司,5,,02,2024-02-05,2.95,90
240538,24广越04,广州越秀集团股份有限公司,10,AAA,02,2024-01-26,3.12,90
240539,24公用01,上海大众公用事业(集团)股份有限公司,3,AAA,02,2024-02-06,2.85,90
240540,24发展01,山东发展投资控股集团有限公司,3,AAA,02,2024-02-06,2.69,90
240541,24苏广K1,江苏省广电有线信息网络股份有限公司,3,,02,2024-01-30,2.77,90
240542,24国发01,苏州国际发展集团有限公司,3,,02,2024-02-02,2.6,90
240544,24东证01,东方证券股份有限公司,3,AAA,02,2024-01-30,2.73,90
240546,24栖建02,南京栖霞建设股份有限公司,5,,02,2024-02-08,3,90
240547,24长产01,长江产业投资集团有限公司,5,,02,2024-02-02,2.94,90
240548,24住总02,北京住总集团有限责任公司,5,,02,2024-01-30,2.9,90
240549,24象屿G1,厦门象屿集团有限公司,3,,02,2024-02-02,3.15,90
240550,24宝武K1,中国宝武钢铁集团有限公司,3,AAA,02,2024-02-01,2.45,90
240552,鲁高KY04,山东高速集团有限公司,,AAA,02,2024-02-01,2.94,90
240553,24国惠01,山东发展投资控股集团有限公司,3,,02,2024-02-01,2.89,90
240554,24国惠02,山东发展投资控股集团有限公司,5,,02,2024-02-01,3.2,90
240555,24海租01,海发宝诚融资租赁有限公司,3,,02,2024-02-01,3,90
240556,24山钢01,山东钢铁集团有限公司,5,,02,2024-02-07,2.86,90
240557,24洋河01,江苏洋河集团有限公司,10,,02,2024-02-01,2.92,90
240558,24厦贸Y1,厦门国贸集团股份有限公司,,AAA,02,2024-02-01,3.1,90
240559,24路桥01,厦门路桥建设集团有限公司,5,,02,2024-02-02,2.9,90
240560,24川资01,四川发展资产管理有限公司,5,AAA,02,2024-02-06,2.78,90
240561,24启东01,启东城投集团有限公司,5,,02,2024-01-31,2.96,90
240563,24产融04,中航工业产融控股股份有限公司,5,AAA,02,2024-02-01,2.99,90
240564,24国金01,国金证券股份有限公司,3,AAA,02,2024-02-01,2.83,90
240566,24金华01,金华市国有资本运营有限公司,5,,02,2024-02-05,2.78,90
240568,24苏创K1,苏州创新投资集团有限公司,3,,02,2024-02-06,2.69,90
240570,24青信06,青岛国信发展(集团)有限责任公司,5,,02,2024-02-27,2.99,90
240572,24豫通Y2,河南交通投资集团有限公司,,,02,2024-02-06,2.97,90
240573,24电建K1,中国电力建设股份有限公司,10,AAA,02,2024-02-06,2.88,90
240574,24信达01,信达证券股份有限公司,1.02,AAA,02,2024-02-29,2.33,90
240575,24恒信Y1,海通恒信国际融资租赁股份有限公司,,AAA,02,2024-02-20,3.5,90
240578,24陆债01,上海陆家嘴金融贸易区开发股份有限公司,5,,02,2024-03-05,2.8,90
240580,24株国03,株洲市国有资产投资控股集团有限公司,5,,02,2024-02-08,3.79,90
240581,24融和01,中电投融和融资租赁有限公司,3,,02,2024-02-06,2.8,90
240582,24兖矿K1,兖矿能源集团股份有限公司,10,AAA,02,2024-03-19,3.03,90
240584,24保利01,保利发展控股集团股份有限公司,5,AAA,02,2024-02-07,2.9,90
240585,24洪政01,南昌市政公用集团有限公司,3,,02,2024-02-20,2.69,90
240586,24明债01,光明房地产集团股份有限公司,3,,02,2024-02-07,3.2,90
240587,24海通02,海通证券股份有限公司,5,AAA,02,2024-02-27,2.75,90
240589,24锡交Y2,无锡市交通产业集团有限公司,,AAA,02,2024-02-19,2.95,90
240590,24首集K1,北京首都创业集团有限公司,3,,02,2024-03-04,2.69,90
240594,24鄂旅01,湖北文化旅游集团有限公司,5,,02,2024-03-06,2.8,90
240595,24华安G1,华安证券股份有限公司,3,AAA,02,2024-03-01,2.6,90
240596,24鄂旅02,湖北文化旅游集团有限公司,5,,02,2024-03-06,3.07,90
240597,24中航G1,中航证券有限公司,3,AAA,02,2024-02-28,2.65,90
240598,24中航G2,中航证券有限公司,5,AAA,02,2024-02-28,2.88,90
240599,24常新G3,常州东方新城建设集团有限公司,3,,02,2024-02-29,2.79,90
240600,24中泰02,中泰证券股份有限公司,3,AAA,02,2024-02-29,2.6,90
240601,24石资K1,中国石化集团资本有限公司,3,AAA,02,2024-02-29,2.6,90
240603,24国创G1,昆山国创投资集团有限公司,5,,02,2024-03-01,2.88,90
240604,24泰达01,天津泰达投资控股(集团)有限公司,5,AAA,02,2024-02-26,3.1,90
240605,24宁证01,南京证券股份有限公司,2,AAA,02,2024-03-04,2.5,90
240606,24宝租02,华宝都鼎(上海)融资租赁有限公司,3,,02,2024-03-01,2.74,90
240607,24城建Y1,北京城建集团有限责任公司,,AAA,02,2024-03-04,2.65,90
240608,24通城01,南通城市建设集团有限公司,5,,02,2024-03-05,2.61,90
240611,建工KY09,北京建工集团有限责任公司,,AAA,02,2024-03-11,2.69,90
240612,24扬州G1,扬州市城建国有资产控股(集团)有限责任公司,5,AAA,02,2024-03-11,2.61,90
240613,24穗投01,广州产业投资控股集团有限公司,3,,02,2024-03-06,2.52,90
240615,交筑YK06,中交建筑集团有限公司,,AAA,02,2024-02-29,3,90
240616,24中证G3,中信证券股份有限公司,10.12,AAA,02,2024-03-04,2.75,90
240617,24沪国投,上海国有资本投资有限公司,5,AAA,02,2024-03-20,2.45,90
240618,24CHNG1K,中国华能集团有限公司,10,AAA,02,2024-02-29,2.75,90
240619,24环球02,中国环球租赁有限公司,5,,02,2024-03-11,2.65,90
240620,24东方01,浙江东方控股集团股份有限公司,3,,02,2024-03-22,2.68,90
240621,24伟驰01,伟驰控股集团有限公司,3,AA+,02,2024-03-05,2.8,90
240622,24穗建01,广州市城市建设开发有限公司,5,AAA,02,2024-07-17,2.25,90
240623,24穗建02,广州市城市建设开发有限公司,10,AAA,02,2024-07-17,2.75,90
240624,24相金K1,苏州市相城金融控股(集团)有限公司,5,,02,2024-03-13,2.74,90
240625,24东吴01,东吴证券股份有限公司,3,AAA,02,2024-03-12,2.53,90
240626,24沪国01,上海国有资产经营有限公司,3,,02,2024-03-13,2.44,90
240627,24京资02,北京市国有资产经营有限责任公司,10,AAA,02,2024-03-08,2.75,90
240628,24浦房01,上海市浦东新区房地产(集团)有限公司,5,AAA,02,2024-03-21,2.6,90
240630,24科创K1,上海科技创业投资(集团)有限公司,5,,02,2024-03-11,2.45,90
240632,24中金G1,中国国际金融股份有限公司,4,AAA,02,2024-03-07,2.39,90
240633,24津投03,天津城市基础设施建设投资集团有限公司,3,AAA,02,2024-03-04,2.9,90
240634,24津投04,天津城市基础设施建设投资集团有限公司,5,AAA,02,2024-03-04,3.5,90
240635,24中金G2,中国国际金融股份有限公司,5,AAA,02,2024-03-07,2.44,90
240636,24中金G3,中国国际金融股份有限公司,10,AAA,02,2024-03-07,2.7,90
240637,24青信07,青岛国信发展(集团)有限责任公司,5,,02,2024-03-11,2.75,90
240638,24青信08,青岛国信发展(集团)有限责任公司,5,,02,2024-03-11,2.88,90
240639,GC申YKV1,申能股份有限公司,,AAA,02,2024-04-01,2.5,90
240640,24厦贸01,厦门国贸控股集团有限公司,3,,02,2024-03-12,2.8,90
240641,24厦贸02,厦门国贸控股集团有限公司,5,,02,2024-03-12,2.98,90
240642,24开源01,开源证券股份有限公司,3,,02,2024-03-06,2.67,90
240643,24海通03,海通证券股份有限公司,3,AAA,02,2024-03-11,2.5,90
240644,24海通04,海通证券股份有限公司,5,AAA,02,2024-03-11,2.7,90
240645,24黔铁01,贵州铁路投资集团有限责任公司,5,,02,2024-03-05,2.95,90
240647,24恒信Y2,海通恒信国际融资租赁股份有限公司,,AAA,02,2024-03-19,3,90
240648,24港务Y1,厦门港务控股集团有限公司,,AAA,02,2024-03-12,2.6,90
240650,24建发Y1,厦门建发股份有限公司,,AAA,02,2024-03-11,3.06,90
240651,24兴城02,成都兴城投资集团有限公司,5,,02,2024-03-18,2.69,90
240652,24兴城03,成都兴城投资集团有限公司,10,,02,2024-03-18,2.99,90
240653,鄂交YK03,湖北交通投资集团有限公司,,AAA,02,2024-03-14,2.84,90
240654,24中公Y1,中交一公局集团有限公司,,AAA,02,2024-03-11,2.69,90
240655,24中公Y2,中交一公局集团有限公司,,AAA,02,2024-03-11,2.98,90
240656,24SIG01K,上海国际集团有限公司,5,,02,2024-03-28,2.45,90
240658,24抚州01,抚州市市属国有资产投资控股集团有限公司,5,,02,2024-03-14,2.89,90
240659,24苏资G1,苏州资产管理有限公司,3,,02,2024-03-20,2.4,90
240660,24建工K1,北京建工集团有限责任公司,10,AAA,02,2024-03-13,2.95,90
240661,24中化01,中国中化股份有限公司,5,AAA,02,2024-03-13,2.6,90
240662,24中化02,中国中化股份有限公司,10,AAA,02,2024-03-13,2.85,90
240663,24西高科,西安高科集团有限公司,5,AA+,02,2024-03-19,3.4,90
240664,24中保01,中国投融资担保股份有限公司,3,AAA,02,2024-03-14,2.57,90
240665,24中保02,中国投融资担保股份有限公司,5,AAA,02,2024-03-14,2.75,90
240666,24鲁金01,山东省金融资产管理股份有限公司,5,,02,2024-03-13,2.55,90
240667,24文汇01,龙岩文旅汇金发展集团有限公司,5,,02,2024-03-15,2.58,90
240668,24能建K1,中国能源建设股份有限公司,10,AAA,02,2024-03-14,2.72,90
240669,24京投K1,北京市基础设施投资有限公司,3,AAA,02,2024-05-30,2.2,90
240670,24光证G1,光大证券股份有限公司,2,AAA,02,2024-03-12,2.42,90
240671,24中电01,中国电力国际发展有限公司,3,,02,2024-03-19,2.67,90
240672,山招YK03,山东招金集团有限公司,,AAA,02,2024-03-14,2.68,90
240673,24象屿G2,厦门象屿集团有限公司,3,,02,2024-03-18,2.78,90
240674,24象屿G3,厦门象屿集团有限公司,5,,02,2024-03-18,3,90
240675,24湖州02,湖州市城市投资发展集团有限公司,5,AAA,02,2024-03-18,2.55,90
240676,24湖州03,湖州市城市投资发展集团有限公司,5,AAA,02,2024-03-18,2.85,90
240677,24安租01,平安国际融资租赁有限公司,2,,02,2024-03-18,2.52,90
240678,24长交G1,长兴交通投资集团有限公司,5,,02,2024-03-15,3.12,90
240679,24国丰01,烟台国丰投资控股集团有限公司,3,AAA,02,2024-03-19,2.65,90
240680,24国丰02,烟台国丰投资控股集团有限公司,10,AAA,02,2024-03-19,3.15,90
240683,24产融05,中航工业产融控股股份有限公司,3,AAA,02,2024-03-19,2.65,90
240684,24产融06,中航工业产融控股股份有限公司,5,AAA,02,2024-03-19,2.78,90
240685,24江开G1,南京江宁经济技术开发集团有限公司,5,,02,2024-04-10,2.88,90
240686,24万联G1,万联证券股份有限公司,3,AA+,02,2024-03-18,2.75,90
240687,24中证G4,中信证券股份有限公司,10,AAA,02,2024-03-15,2.69,90
240688,24甬城01,宁波城建投资集团有限公司,3,AAA,02,2024-03-27,2.55,90
240689,24甬城02,宁波城建投资集团有限公司,5,AAA,02,2024-03-27,2.7,90
240690,24住总Y1,北京住总集团有限责任公司,,,02,2024-03-14,2.8,90
240691,24青城03,青岛城市建设投资(集团)有限责任公司,3,,02,2024-03-19,2.8,90
240693,24中泰03,中泰证券股份有限公司,3,AAA,02,2024-03-20,2.6,90
240694,24方正G2,方正证券股份有限公司,2,AAA,02,2024-03-14,2.59,90
240695,24翔业01,厦门翔业集团有限公司,3,,02,2024-03-18,2.58,90
240696,24翔业02,厦门翔业集团有限公司,5,,02,2024-03-18,2.76,90
240697,24湘财01,湘财证券股份有限公司,3,,02,2024-03-14,3.2,90
240698,24国泰01,国泰租赁有限公司,3,,02,2024-03-21,3.8,90
240699,24唐新Y1,中国大唐集团新能源股份有限公司,,AAA,02,2024-03-21,2.63,90
240700,24通城02,南通城市建设集团有限公司,5,,02,2024-03-20,2.45,90
240701,G24天成1,华能天成融资租赁有限公司,3,AAA,02,2024-03-19,2.58,90
240702,G24天成2,华能天成融资租赁有限公司,5,AAA,02,2024-03-19,3,90
240703,24长电K1,中国长江电力股份有限公司,10,AAA,02,2024-03-18,2.7,90
240704,24远东一,远东国际融资租赁有限公司,2,AAA,02,2024-03-21,3.57,90
240705,24信达02,信达证券股份有限公司,3,AAA,02,2024-03-22,2.65,90
240706,24信达03,信达证券股份有限公司,5,AAA,02,2024-03-22,2.85,90
240707,24通用01,中国通用技术(集团)控股有限责任公司,3,,02,2024-03-19,2.6,90
240708,24港务01,厦门港务控股集团有限公司,5,,02,2024-03-26,2.55,90
240709,24渤海01,渤海证券股份有限公司,3,AAA,02,2024-03-27,2.7,90
240710,24德泰01,大连德泰城市建设有限公司,3,AA+,02,2024-04-24,3.3,90
240711,24皖控01,安徽省国有资本运营控股集团有限公司,5,,02,2024-03-19,2.57,90
240712,24国联02,国联民生证券股份有限公司,7,AAA,02,2024-04-08,2.79,90
240713,24泰达02,天津泰达投资控股(集团)有限公司,5,AAA,02,2024-03-19,3.45,90
240714,24陕资02,陕西金融资产管理股份有限公司,5,,02,2024-04-02,2.89,90
240715,24知投02,知识城(广州)投资集团有限公司,9,,02,2024-03-20,2.85,90
240717,24皖投01,安徽省投资集团控股有限公司,5,,02,2024-03-28,2.65,90
240718,24皖投02,安徽省投资集团控股有限公司,10,,02,2024-03-28,2.9,90
240719,24宁证02,南京证券股份有限公司,2,AAA,02,2024-03-21,2.57,90
240720,24鲁高K1,山东高速集团有限公司,10,AAA,02,2024-03-19,2.9,90
240721,24唐租Y1,大唐融资租赁有限公司,,AAA,02,2024-03-25,2.8,90
240722,24象屿Y1,厦门象屿股份有限公司,,,02,2024-03-28,3.05,90
240723,24国保01,国新商业保理有限公司,2,,02,2024-03-27,2.67,90
240724,G24桂北1,广西北部湾投资集团有限公司,5,AAA,02,2024-04-02,2.93,90
240725,24国保02,国新商业保理有限公司,3,,02,2024-03-27,2.8,90
240726,24城建01,北京城建集团有限责任公司,5,AAA,02,2024-04-02,2.78,90
240729,24首钢02,首钢集团有限公司,5,AAA,02,2024-03-22,2.79,90
240730,24亦庄K1,北京亦庄国际投资发展有限公司,10,AAA,02,2024-03-20,3,90
240731,24开源02,开源证券股份有限公司,5,,02,2024-03-20,2.99,90
240732,24南资K1,南方工业资产管理有限责任公司,3,AA+,02,2024-03-25,2.7,90
240733,24HBST01,湖北省科技投资集团有限公司,5,,02,2024-03-21,2.91,90
240734,24江建01,江门市交通建设投资集团有限公司,3,,02,2024-04-11,2.7,90
240735,24筑城01,贵阳市城市建设投资集团有限公司,5,AAA,02,2024-03-15,3.1,90
240736,24筑城02,贵阳市城市建设投资集团有限公司,5,AAA,02,2024-03-15,3.65,90
240737,24株国05,株洲市国有资产投资控股集团有限公司,3,,02,2024-03-22,3,90
240738,24株国06,株洲市国有资产投资控股集团有限公司,5,,02,2024-03-22,3.48,90
240741,24华建01,华建国际实业深圳有限公司,5,AAA,02,2024-03-21,3.37,90
240742,24华建02,华建国际实业深圳有限公司,4,AAA,02,2024-03-21,3.1,90
240743,24产业01,广东南海产业集团有限公司,5,,02,2024-03-28,2.45,90
240744,24环球03,中国环球租赁有限公司,5,,02,2024-03-28,2.85,90
240745,24先导01,长沙先导投资控股集团有限公司,10,AAA,02,2024-03-28,2.65,90
240746,24先导02,长沙先导投资控股集团有限公司,10,AAA,02,2024-03-28,3.16,90
240747,24苏新01,苏州新区高新技术产业股份有限公司,5,,02,2024-05-30,2.35,90
240748,24海通05,海通证券股份有限公司,3,AAA,02,2024-03-26,2.55,90
240749,24海通06,海通证券股份有限公司,5,AAA,02,2024-03-26,2.69,90
240750,24巨化K1,巨化集团有限公司,3,,02,2024-03-22,2.75,90
240752,24成大01,辽宁成大股份有限公司,3,,02,2024-04-16,4.5,90
240756,24杭旅01,杭州市商贸旅游集团有限公司,3,,02,2024-04-01,2.65,90
240758,24中关01,中关村发展集团股份有限公司,5,AAA,02,2024-03-27,2.76,90
240759,24保利02,保利发展控股集团股份有限公司,5,AAA,02,2024-03-27,2.99,90
240760,24保利03,保利发展控股集团股份有限公司,7,AAA,02,2024-03-27,3.2,90
240761,24首农Y1,北京首农食品集团有限公司,,AAA,02,2024-03-27,2.7,90
240763,24电科K1,中电科投资控股有限公司,3,,02,2024-04-19,2.67,90
240764,24中关02,中关村发展集团股份有限公司,10,AAA,02,2024-03-27,3,90
240765,24交水01,湖南省交通水利建设集团有限公司,5,,02,2024-03-25,2.75,90
240768,24疏浚K1,中交疏浚(集团)股份有限公司,3,,02,2024-03-28,2.55,90
240770,24信投G4,中信建投证券股份有限公司,10,AAA,02,2024-04-01,2.78,90
240771,24龙川G1,扬州龙川控股集团有限责任公司,5,,02,2024-03-26,2.83,90
240772,GC康富01,中国康富国际租赁股份有限公司,3,AAA,02,2024-03-26,3.49,90
240774,G24HXY1B,华电新能源集团股份有限公司,,AAA,02,2024-03-27,2.84,90
240775,24中化Y1,中国中化股份有限公司,,AAA,02,2024-03-25,2.65,90
240776,24云信01,华创云信数字技术股份有限公司,3,AAA,02,2024-03-27,2.88,90
240778,24豫通Y4,河南交通投资集团有限公司,,AAA,02,2024-03-22,2.88,90
240780,24绵投02,绵阳市投资控股(集团)有限公司,5,,02,2024-04-02,3.43,90
240781,24明债03,光明房地产集团股份有限公司,5,,02,2024-03-28,3.6,90
240782,24沪建Y1,上海建工集团股份有限公司,,AAA,02,2024-03-27,2.73,90
240783,24沪建Y2,上海建工集团股份有限公司,,AAA,02,2024-03-27,3.05,90
240784,24葛洲K1,中国葛洲坝集团有限公司,10,AAA,02,2024-03-27,2.8,90
240785,24鲁金K1,山东黄金矿业股份有限公司,5,AAA,02,2024-04-01,2.8,90
240787,24苏交G1,苏州交通投资集团有限责任公司,3,,02,2024-04-19,2.32,90
240788,24无锡G3,无锡市新发集团有限公司,5,,02,2024-04-08,2.89,90
240789,24津投05,天津城市基础设施建设投资集团有限公司,3,AAA,02,2024-03-26,2.92,90
240790,24津投06,天津城市基础设施建设投资集团有限公司,5,AAA,02,2024-03-26,3.55,90
240792,24元禾K1,苏州元禾控股股份有限公司,5,AAA,02,2024-03-28,2.5,90
240793,24厦贸Y2,厦门国贸集团股份有限公司,,AAA,02,2024-03-28,3.18,90
240796,24鲁信01,山东省鲁信投资控股集团有限公司,10,,02,2024-04-01,3.38,90
240797,24中证G5,中信证券股份有限公司,3,AAA,02,2024-04-01,2.54,90
240798,24国创K1,昆山国创投资集团有限公司,5,,02,2024-04-02,2.93,90
240799,24财资01,湖南省财信资产管理有限公司,3,AAA,02,2024-04-01,2.6,90
240801,24华港02,华远国际陆港集团有限公司,5,AAA,02,2024-03-29,2.99,90
240802,24南山K1,南山集团有限公司,2,AAA,02,2024-03-28,4,90
240803,24兵器K1,中国兵器工业集团有限公司,5,,02,2024-04-01,2.61,90
240804,24济建G1,济南城市建设集团有限公司,10,,02,2024-03-28,3.28,90
240805,24兴信01,兴业国信资产管理有限公司,3,AAA,02,2024-03-28,2.7,90
240806,24武控01,武汉三镇实业控股股份有限公司,5,,02,2024-04-08,3,90
240807,华阳YK01,山西华阳集团新能股份有限公司,,AAA,02,2024-04-01,2.88,90
240808,24新师01,新疆生产建设兵团第十二师国有资产投资发展集团有限公司,5,,02,2024-04-01,3.3,90
240809,24中交K1,中国交通建设集团有限公司,5,AAA,02,2024-04-17,2.55,90
240810,24中交K2,中国交通建设集团有限公司,10,AAA,02,2024-04-17,2.75,90
240811,华能YK08,中国华能集团有限公司,,AAA,02,2024-03-29,2.7,90
240812,24CHNG1Y,中国华能集团有限公司,,AAA,02,2024-03-29,2.9,90
240813,24常熟01,常熟市城市经营投资集团有限公司,5,AAA,02,2024-04-15,2.7,90
240814,24蓉轨Y1,成都轨道交通集团有限公司,,,02,2024-04-18,2.79,90
240815,24文汇02,龙岩文旅汇金发展集团有限公司,3,,02,2024-04-02,2.55,90
240816,24能化01,福建省能源石化集团有限责任公司,10,,02,2024-04-22,2.95,90
240817,24国发02,苏州国际发展集团有限公司,3,,02,2024-04-15,2.43,90
240819,24保利04,保利发展控股集团股份有限公司,5,AAA,02,2024-04-09,2.99,90
240820,24保利05,保利发展控股集团股份有限公司,7,AAA,02,2024-04-09,3.2,90
240821,24穗投02,广州产业投资控股集团有限公司,5,AAA,02,2024-04-01,2.75,90
240824,24环球Y1,中国环球租赁有限公司,,AAA,02,2024-04-25,2.99,90
240825,24广旅01,广西旅游发展集团有限公司,5,,02,2024-04-03,3.5,90
240826,24远发01,中远海运发展股份有限公司,5,,02,2024-04-18,2.45,90
240827,24国惠03,山东发展投资控股集团有限公司,3,,02,2024-04-25,2.49,90
240828,24国惠04,山东发展投资控股集团有限公司,5,,02,2024-04-25,2.74,90
240829,24中化T1,中化资本投资管理有限责任公司,3,AAA,02,2024-04-17,2.6,90
240830,24中化T2,中化资本投资管理有限责任公司,5,AAA,02,2024-04-17,2.82,90
240831,24安控04,厦门安居控股集团有限公司,3,,02,2024-04-11,2.6,90
240832,建材YK09,中国建材股份有限公司,,AAA,02,2024-04-08,2.5,90
240834,24能投02,云南省能源集团有限公司,3,,02,2024-04-08,2.99,90
240835,24狮桥01,狮桥融资租赁(中国)有限公司,2,AA+,02,2024-04-17,3.2,90
240836,24浦土01,上海浦东土地控股(集团)有限公司,3,AAA,02,2024-04-10,2.63,90
240837,24永钢01,江苏永钢集团有限公司,5,,02,2024-08-09,3.78,90
240838,24交资01,中交资本控股有限公司,3,AAA,02,2024-08-30,2.25,90
240839,24交资02,中交资本控股有限公司,5,AAA,02,2024-08-30,2.35,90
240840,24兴泸03,泸州市兴泸投资集团有限公司,10,,02,2024-04-23,2.87,90
240842,24广越Y1,广州越秀集团股份有限公司,,AAA,02,2024-04-29,2.45,90
240843,24广越Y2,广州越秀集团股份有限公司,,AAA,02,2024-04-29,2.87,90
240844,24恒健01,广东恒健投资控股有限公司,5,AAA,02,2024-04-03,2.63,90
240845,24恒健02,广东恒健投资控股有限公司,10,AAA,02,2024-04-03,2.83,90
240846,24兴城04,成都兴城投资集团有限公司,5,,02,2024-04-15,2.58,90
240847,24兴城05,成都兴城投资集团有限公司,5,,02,2024-04-15,2.75,90
240848,24铁基K1,安徽省铁路发展基金股份有限公司,5,,02,2024-04-19,2.69,90
240849,24兴资01,兴业资产管理有限公司,3,,02,2024-04-17,2.65,90
240850,24中电02,中国电力国际发展有限公司,3,,02,2024-04-24,2.39,90
240851,24苏交01,江苏交通控股有限公司,3,,02,2024-04-18,2.4,90
240852,24特电01,特变电工股份有限公司,5,,02,2024-04-19,3.2,90
240853,24苏资01,江苏资产管理有限公司,3,,02,2024-04-22,2.54,90
240854,24财金04,山东省财金投资集团有限公司,10,AAA,02,2024-04-16,2.76,90
240855,24东吴02,东吴证券股份有限公司,3,AAA,02,2024-04-17,2.45,90
240856,24五资01,五矿资本控股有限公司,3,AAA,02,2024-04-17,2.6,90
240857,24淮投01,淮北市建投控股集团有限公司,5,,02,2024-04-19,3.35,90
240858,24国金02,国金证券股份有限公司,3,AAA,02,2024-04-17,2.52,90
240859,24苏国Y1,苏州高新区国有资本控股集团有限公司,,,02,2024-04-18,2.6,90
240860,24津投08,天津城市基础设施建设投资集团有限公司,3,AAA,02,2024-04-18,2.98,90
240861,24津投09,天津城市基础设施建设投资集团有限公司,5,AAA,02,2024-04-18,3.52,90
240862,24津投10,天津城市基础设施建设投资集团有限公司,7,AAA,02,2024-04-18,3.99,90
240864,24信科K2,中国信息通信科技集团有限公司,10,AAA,02,2024-04-26,2.76,90
240866,24产融08,中航工业产融控股股份有限公司,5,AAA,02,2024-04-22,2.64,90
240867,24浦集01,上海浦东发展(集团)有限公司,5,,02,2024-04-19,2.38,90
240868,路建YK03,中交路桥建设有限公司,,AAA,02,2024-04-18,2.65,90
240869,葛洲YK06,中国葛洲坝集团有限公司,,AAA,02,2024-04-19,2.52,90
240870,葛洲YK07,中国葛洲坝集团有限公司,,AAA,02,2024-04-19,2.71,90
240871,24金川01,金川集团股份有限公司,3,,02,2024-04-18,2.55,90
240873,24建租01,中建投租赁股份有限公司,3,,02,2024-04-23,2.63,90
240874,24国联G1,无锡市国联发展(集团)有限公司,5,,02,2024-04-22,2.58,90
240875,24兴业03,兴业证券股份有限公司,3,AAA,02,2024-04-22,2.38,90
240876,24唐新Y2,中国大唐集团新能源股份有限公司,,AAA,02,2024-04-18,2.53,90
240878,24甬投Y1,宁波开发投资集团有限公司,,AAA,02,2024-04-18,2.63,90
240879,24苏农01,苏州市农业发展集团有限公司,3,AAA,02,2024-04-18,2.44,90
240881,24智光G1,泰兴市智光环保科技有限公司,5,,02,2024-04-17,3.8,90
240883,24豫通Y6,河南交通投资集团有限公司,,AAA,02,2024-04-17,2.82,90
240884,24鲁创K1,鲁信创业投资集团股份有限公司,10,AAA,02,2024-04-23,2.7,90
240885,24华创01,华创证券有限责任公司,3,AAA,02,2024-04-24,2.7,90
240886,24华创02,华创证券有限责任公司,5,AAA,02,2024-04-24,2.9,90
240887,24亦庄K2,北京亦庄国际投资发展有限公司,5,AAA,02,2024-04-18,2.65,90
240888,24亦庄K3,北京亦庄国际投资发展有限公司,10,AAA,02,2024-04-18,3,90
240889,24八局K1,中国建筑第八工程局有限公司,5,,02,2024-04-26,2.5,90
240890,24安租02,平安国际融资租赁有限公司,2,,02,2024-04-18,2.55,90
240891,24安租03,平安国际融资租赁有限公司,4,,02,2024-04-18,2.92,90
240893,24首钢Y2,首钢集团有限公司,,AAA,02,2024-04-22,2.77,90
240894,24民生G1,民生证券股份有限公司,2,AAA,02,2024-04-22,2.45,90
240895,24武经02,江苏武进经济发展集团有限公司,3,,02,2024-04-24,2.6,90
240896,24闽能01,福建省能源集团有限责任公司,10,,02,2024-04-29,2.7,90
240897,24方正G3,方正证券股份有限公司,2,AAA,02,2024-04-23,2.4,90
240898,24北控K1,北京控股集团有限公司,5,AAA,02,2024-04-18,2.49,90
240899,24北控K2,北京控股集团有限公司,10,AAA,02,2024-04-18,2.72,90
240900,24厦贸03,厦门国贸控股集团有限公司,3,,02,2024-04-26,2.55,90
240901,24厦贸04,厦门国贸控股集团有限公司,5,,02,2024-04-26,2.8,90
240902,24漳九Y1,漳州市九龙江集团有限公司,,AAA,02,2024-04-24,2.6,90
240903,24漳九Y2,漳州市九龙江集团有限公司,,AAA,02,2024-04-24,2.88,90
240904,24舜通01,宁波舜通集团有限公司,5,,02,2024-04-24,2.67,90
240905,24润药01,华润医药商业集团有限公司,3,,02,2024-04-22,2.45,90
240906,24润药02,华润医药商业集团有限公司,5,,02,2024-04-22,2.63,90
240907,陕煤KY07,陕西煤业化工集团有限责任公司,,AAA,02,2024-04-23,2.65,90
240908,24首集K2,北京首都创业集团有限公司,3,,02,2024-04-29,2.45,90
240909,华电YK07,中国华电集团有限公司,,AAA,02,2024-04-23,2.55,90
240910,华电YK08,中国华电集团有限公司,,AAA,02,2024-04-23,2.79,90
240911,24远东二,远东国际融资租赁有限公司,2,AAA,02,2024-04-25,2.8,90
240912,24远东三,远东国际融资租赁有限公司,4,AAA,02,2024-04-25,3.7,90
240913,鲁高KY06,山东高速集团有限公司,,AAA,02,2024-04-29,2.44,90
240914,24黔高01,贵州高速公路集团有限公司,5,,02,2024-04-25,2.76,90
240916,24京投K2,北京市基础设施投资有限公司,10,AAA,02,2024-05-30,2.67,90
240917,24榕资01,福州国有资本投资运营集团有限公司,5,AAA,02,2024-04-29,2.37,90
240918,24焦煤K1,山西焦煤集团有限责任公司,10,AAA,02,2024-04-23,2.88,90
240920,24盐投03,盐城东方投资开发集团有限公司,5,AA+,02,2024-05-06,3,90
240923,24中化03,中国中化股份有限公司,5,AAA,02,2024-04-25,2.45,90
240924,24中化04,中国中化股份有限公司,10,AAA,02,2024-04-25,2.72,90
240926,24富皋G2,富皋万泰集团有限公司,5,,02,2024-04-24,2.9,90
240927,24焦煤K2,山西焦煤集团有限责任公司,10,AAA,02,2024-04-26,2.79,90
240928,24常通01,常州市交通产业集团有限公司,5,,02,2024-05-07,2.5,90
240929,华阳YK02,山西华阳集团新能股份有限公司,,AAA,02,2024-04-25,2.57,90
240930,24财证01,财信证券股份有限公司,3,AAA,02,2024-04-25,2.4,90
240931,24建集Y2,厦门建发集团有限公司,,AAA,02,2024-06-13,2.5,90
240932,24建集Y3,厦门建发集团有限公司,,AAA,02,2024-06-13,2.95,90
240935,24国投01,国家开发投资集团有限公司,3,,02,2024-04-26,2.18,90
240936,24国投02,国家开发投资集团有限公司,15,,02,2024-04-26,2.67,90
240937,24厦贸Y3,厦门国贸集团股份有限公司,,AAA,02,2024-04-29,2.75,90
240938,24兴业04,兴业证券股份有限公司,5,AAA,02,2024-04-30,2.36,90
240940,赣投YK03,江西省投资集团有限公司,,AAA,02,2024-04-26,2.65,90
240942,GC华租Y4,华电融资租赁有限公司,,AAA,02,2024-04-29,2.59,90
240945,24建材K1,中国建材股份有限公司,2,AAA,02,2024-05-06,2.18,90
240946,24建材K2,中国建材股份有限公司,3,AAA,02,2024-05-06,2.29,90
240947,24豫资01,河南省豫资城乡一体化建设发展集团有限公司,5,AAA,02,2024-05-06,2.64,90
240949,24国机K1,中国机械工业集团有限公司,10,AAA,02,2024-04-29,2.64,90
240950,24CHNG2K,中国华能集团有限公司,10,AAA,02,2024-04-26,2.54,90
240951,24建工K2,北京建工集团有限责任公司,5,,02,2024-05-08,2.45,90
240952,24邢路01,邢台路桥建设集团有限公司,5,AA+,02,2024-05-06,3.5,90
240953,24安控06,厦门安居控股集团有限公司,3,,02,2024-05-07,2.4,90
240954,24牡丹01,黑牡丹(集团)股份有限公司,3,,02,2024-06-21,2.4,90
240955,24津投11,天津城市基础设施建设投资集团有限公司,3,AAA,02,2024-05-08,2.9,90
240956,24津投12,天津城市基础设施建设投资集团有限公司,5,AAA,02,2024-05-08,3.54,90
240957,24津投13,天津城市基础设施建设投资集团有限公司,7,AAA,02,2024-05-08,4,90
240958,24通用02,中国通用技术(集团)控股有限责任公司,3,,02,2024-05-06,2.35,90
240959,24华建03,华建国际实业深圳有限公司,4,AAA,02,2024-05-07,2.77,90
240960,24张江01,上海张江高科技园区开发股份有限公司,3,,02,2024-05-15,2.39,90
240961,金隅KY06,北京金隅集团股份有限公司,,AAA,02,2024-05-06,2.49,90
240962,24开源03,开源证券股份有限公司,3,,02,2024-05-06,2.44,90
240963,24淮投02,淮北市建投控股集团有限公司,5,,02,2024-05-16,3.18,90
240964,24连金01,连云港市金融控股集团有限公司,3,,02,2024-05-13,2.66,90
240965,24资控01,中建资本控股有限公司,3,,02,2024-05-09,2.7,90
240966,24商城Y1,义乌中国小商品城控股集团有限公司,,AA+,02,2024-05-13,2.75,90
240967,24麓山01,长沙麓山投资控股集团有限公司,5,,02,2024-05-17,2.65,90
240968,24首农01,北京首农食品集团有限公司,10,AAA,02,2024-05-16,2.83,90
240969,24保置01,保利置业集团有限公司,5,AAA,02,2024-06-17,2.5,90
240970,24保置02,保利置业集团有限公司,7,AAA,02,2024-06-17,2.8,90
240971,24特电S1,特变电工股份有限公司,0.5,,02,2024-05-06,2.18,90
240972,24济金02,济南金投控股集团有限公司,5,,02,2024-05-10,2.72,90
240974,24海润G1,江苏海润城市发展集团有限公司,3,,02,2024-05-07,2.58,90
240975,24方程01,中建方程投资发展集团有限公司,3,AA+,02,2024-05-09,2.6,90
240976,24金城G1,张家港市金城投资发展集团有限公司,3,,02,2024-05-14,2.45,90
240977,24紫金Y1,南京紫金投资集团有限责任公司,,,02,2024-05-13,2.55,90
240978,24紫金Y2,南京紫金投资集团有限责任公司,,,02,2024-05-13,2.71,90
240979,24亦庄K4,北京亦庄国际投资发展有限公司,10,AAA,02,2024-05-16,2.82,90
240980,24长轨01,长沙市轨道交通集团有限公司,5,,02,2024-05-07,2.4,90
240981,24中化05,中国中化股份有限公司,10,AAA,02,2024-05-17,2.7,90
240982,24中化06,中国中化股份有限公司,15,AAA,02,2024-05-17,2.84,90
240983,24华租01,华电融资租赁有限公司,3,AAA,02,2024-05-20,2.44,90
240984,24济建G2,济南城市建设集团有限公司,10,,02,2024-05-16,3.04,90
240985,24金港G1,张家港保税区金港资产经营集团有限公司,3,,02,2024-05-20,2.42,90
240986,24金港G2,张家港保税区金港资产经营集团有限公司,5,,02,2024-05-20,2.67,90
240987,24溧新01,江苏溧高新控股集团有限公司,5,,02,2024-05-13,2.55,90
240988,24建银01,中国建银投资有限责任公司,3,AAA,02,2024-05-23,2.3,90
240990,24启东02,启东城投集团有限公司,5,,02,2024-05-20,2.87,90
240991,24启东03,启东城投集团有限公司,5,,02,2024-05-20,2.5,90
240992,24华鲁K1,华鲁控股集团有限公司,5,,02,2024-05-30,2.46,90
240993,24融和02,中电投融和融资租赁有限公司,3,,02,2024-05-20,2.41,90
240995,24长水01,长沙水业集团有限公司,5,,02,2024-06-03,2.5,90
240996,24紫金K1,紫金矿业集团股份有限公司,5,,02,2024-05-21,2.3,90
240997,24恒信G2,海通恒信国际融资租赁股份有限公司,5,AAA,02,2024-05-23,2.48,90
240998,24国君G1,国泰海通证券股份有限公司,3,AAA,02,2024-05-23,2.3,90
241000,24中兵01,中兵投资管理有限责任公司,5,,02,2024-05-28,2.4,90
241001,24中兵02,中兵投资管理有限责任公司,5,,02,2024-05-28,2.58,90
241002,24安建Y1,安徽建工集团股份有限公司,,,02,2024-06-14,2.5,90
241005,24龙川G2,扬州龙川控股集团有限责任公司,5,,02,2024-05-27,2.45,90
241006,24苏资Y1,苏州资产管理有限公司,,,02,2024-05-27,2.6,90
241010,24豫通Y8,河南交通投资集团有限公司,,AAA,02,2024-05-23,2.58,90
241011,24浙商G2,浙江省浙商资产管理股份有限公司,5,,02,2024-05-23,2.38,90
241012,24成渝01,四川成渝高速公路股份有限公司,5,AAA,02,2024-05-29,2.3,90
241013,24CHNG3K,中国华能集团有限公司,3,AAA,02,2024-05-23,2.32,90
241014,24宝租03,华宝都鼎(上海)融资租赁有限公司,5,,02,2024-05-30,2.6,90
241015,24洪轨01,南昌轨道交通集团有限公司,5,,02,2024-05-22,2.45,90
241016,24建发Y2,厦门建发股份有限公司,,AAA,02,2024-05-29,2.83,90
241017,24葛洲K2,中国葛洲坝集团有限公司,10,AAA,02,2024-05-28,2.7,90
241018,24深高01,深圳高速公路集团股份有限公司,3,AAA,02,2024-05-30,2.25,90
241019,24深高02,深圳高速公路集团股份有限公司,10,AAA,02,2024-05-30,2.7,90
241020,24华资01,中国华电集团产融控股有限公司,3,,02,2024-06-04,2.32,90
241021,24川资02,四川发展资产管理有限公司,5,,02,2024-06-05,2.55,90
241023,24山高K2,山东高速股份有限公司,10,,02,2024-06-11,2.75,90
241024,24陆债02,上海陆家嘴金融贸易区开发股份有限公司,5,,02,2024-06-13,2.55,90
241025,鲁高KY07,山东高速集团有限公司,,AAA,02,2024-05-27,2.48,90
241026,24国药01,国药控股股份有限公司,5,AAA,02,2024-05-29,2.48,90
241027,24中财G1,中国中金财富证券有限公司,1.53,AAA,02,2024-05-30,2.18,90
241028,24中财G2,中国中金财富证券有限公司,2.54,AAA,02,2024-05-30,2.27,90
241029,24方正G4,方正证券股份有限公司,3,AAA,02,2024-05-28,2.4,90
241030,24豫港01,河南航空港投资集团有限公司,3,,02,2024-05-30,2.59,90
241031,24铁工K1,中国中铁股份有限公司,5,AAA,02,2024-05-29,2.4,90
241032,24铁工K2,中国中铁股份有限公司,10,AAA,02,2024-05-29,2.71,90
241035,G24三资1,三峡资本控股有限责任公司,3,,02,2024-06-18,2.22,90
241036,G24宁铁1,南京地铁集团有限公司,3,,02,2024-06-07,2.2,90
241037,陕煤KY08,陕西煤业化工集团有限责任公司,,AAA,02,2024-05-29,2.53,90
241038,24华电K1,中国华电集团有限公司,3,,02,2024-05-30,2.27,90
241039,24华电K2,中国华电集团有限公司,5,,02,2024-05-30,2.42,90
241040,24云资01,云南能投资本投资有限公司,3,,02,2024-05-31,3,90
241041,24沪城01,上海城建(集团)有限公司,5,,02,2024-05-30,2.4,90
241043,24国投04,国家开发投资集团有限公司,10,,02,2024-05-30,2.7,90
241044,24津投14,天津城市基础设施建设投资集团有限公司,3,AAA,02,2024-05-29,2.7,90
241045,24津投15,天津城市基础设施建设投资集团有限公司,5,AAA,02,2024-05-29,3.46,90
241047,24BEHLK1,北京控股有限公司,3,AAA,02,2024-06-04,2.24,90
241048,24BEHLK2,北京控股有限公司,10,AAA,02,2024-06-04,2.76,90
241050,G24HXY2B,华电新能源集团股份有限公司,,AAA,02,2024-05-31,2.47,90
241051,24信保Y2,江苏省信用再担保集团有限公司,,,02,2024-06-04,2.4,90
241052,24苏信01,江苏省国信集团有限公司,3,,02,2024-06-03,2.27,90
241053,24蓉投01,成都城建投资管理集团有限责任公司,5,,02,2024-07-11,2.3,90
241054,GK国能01,国家能源投资集团有限责任公司,3,,02,2024-05-30,2.14,90
241055,24科担01,北京中关村科技融资担保有限公司,3,AAA,02,2024-06-04,2.39,90
241056,24义乌G2,义乌市国有资本运营有限公司,3,AAA,02,2024-06-03,2.34,90
241057,24锡交Y3,无锡市交通产业集团有限公司,,AAA,02,2024-06-13,2.38,90
241058,24国创G2,昆山国创投资集团有限公司,5,,02,2024-05-30,2.55,90
241060,24黔高02,贵州高速公路集团有限公司,3,,02,2024-06-03,2.4,90
241061,赣交YK01,江西省交通投资集团有限责任公司,,,02,2024-06-06,2.47,90
241062,24鲁信02,山东省鲁信投资控股集团有限公司,5,,02,2024-06-14,2.39,90
241063,24国发03,苏州国际发展集团有限公司,3,,02,2024-06-12,2.15,90
241064,24溧新02,江苏溧高新控股集团有限公司,5,,02,2024-06-03,2.35,90
241065,24交租V1,中交融资租赁有限公司,3,,02,2024-06-13,2.25,90
241066,24大兴01,北京大兴发展国有资本投资运营集团有限公司,3,,02,2024-06-19,2.2,90
241067,24环球04,中国环球租赁有限公司,5,,02,2024-06-11,2.43,90
241068,24鄂旅03,湖北文化旅游集团有限公司,5,,02,2024-06-18,2.5,90
241069,24首钢03,首钢集团有限公司,5,AAA,02,2024-06-12,2.35,90
241070,24首钢04,首钢集团有限公司,10,AAA,02,2024-06-12,2.74,90
241071,24诸资03,诸暨市国有资产经营有限公司,5,,02,2024-06-20,2.3,90
241072,凯盛YK07,凯盛科技集团有限公司,,AAA,02,2024-06-12,2.3,90
241073,赣交KV01,江西省交通投资集团有限责任公司,3,,02,2024-06-13,2.15,90
241074,24三投01,三门峡市投资集团有限公司,5,,02,2024-06-17,2.78,90
241075,24新兴K1,厦门建发新兴产业股权投资有限责任公司,3,AAA,02,2024-06-11,2.47,90
241076,24新兴K2,厦门建发新兴产业股权投资有限责任公司,5,AAA,02,2024-06-11,2.78,90
241077,24张国G1,张家港市国有资本投资集团有限公司,5,AAA,02,2024-06-13,2.38,90
241080,24葛洲K3,中国葛洲坝集团有限公司,5,AAA,02,2024-06-13,2.3,90
241081,24葛洲K4,中国葛洲坝集团有限公司,10,AAA,02,2024-06-13,2.6,90
241082,24海宁G1,海宁市资产经营公司,5,,02,2024-06-13,2.48,90
241083,24广越Y3,广州越秀集团股份有限公司,,AAA,02,2024-06-11,2.3,90
241084,24广越Y4,广州越秀集团股份有限公司,,AAA,02,2024-06-11,2.8,90
241085,24首科K1,北京首都科技发展集团有限公司,5,AAA,02,2024-06-17,2.49,90
241086,24国金03,国金证券股份有限公司,3,AAA,02,2024-06-12,2.28,90
241088,24红狮K2,红狮控股集团有限公司,3,,02,2024-06-12,3.2,90
241089,24武经05,江苏武进经济发展集团有限公司,3,,02,2024-06-18,2.3,90
241090,24海润G2,江苏海润城市发展集团有限公司,3,,02,2024-06-24,2.32,90
241091,24翔业03,厦门翔业集团有限公司,3,,02,2024-06-18,2.2,90
241092,24铁工K3,中国中铁股份有限公司,5,AAA,02,2024-06-14,2.33,90
241093,24铁工K4,中国中铁股份有限公司,10,AAA,02,2024-06-14,2.6,90
241095,铁建YK09,中国铁建股份有限公司,,AAA,02,2024-06-12,2.3,90
241096,铁建YK10,中国铁建股份有限公司,,AAA,02,2024-06-12,2.43,90
241097,铁建YK11,中国铁建股份有限公司,,AAA,02,2024-06-12,2.7,90
241098,24长交G2,长兴交通投资集团有限公司,5,,02,2024-06-19,2.57,90
241100,GC核融04,中核融资租赁有限公司,3,,02,2024-06-14,2.24,90
241102,24首城02,北京首创城市发展集团有限公司,5,AAA,02,2024-06-14,2.48,90
241103,G24宁铁2,南京地铁集团有限公司,3,,02,2024-06-19,2.15,90
241105,24陕煤K2,陕西煤业化工集团有限责任公司,10,AAA,02,2024-06-13,2.66,90
241107,24渝富02,重庆渝富控股集团有限公司,30,AAA,02,2024-06-17,3.27,90
241108,24陆集01,上海陆家嘴(集团)有限公司,5,,02,2024-06-24,2.33,90
241109,24盛泽G1,江苏盛泽投资有限公司,5,,02,2024-06-25,2.52,90
241110,24苏交02,江苏交通控股有限公司,3,,02,2024-06-25,2.16,90
241111,24首农Y2,北京首农食品集团有限公司,,AAA,02,2024-06-24,2.28,90
241112,24津投17,天津城市基础设施建设投资集团有限公司,3,AAA,02,2024-06-20,2.44,90
241113,24津投18,天津城市基础设施建设投资集团有限公司,5,AAA,02,2024-06-20,2.87,90
241114,24津投19,天津城市基础设施建设投资集团有限公司,7,AAA,02,2024-06-20,3.4,90
241115,24产基01,湖南省财信产业基金管理有限公司,3,AAA,02,2024-06-14,2.33,90
241116,GK赣投01,江西省投资集团有限公司,5,,02,2024-06-20,2.38,90
241117,24路桥Y1,厦门路桥建设集团有限公司,,AAA,02,2024-06-19,2.41,90
241119,24泉发02,泉州发展集团有限公司,5,,02,2024-07-11,2.35,90
241120,陕煤KY09,陕西煤业化工集团有限责任公司,,AAA,02,2024-06-20,2.37,90
241121,24安租04,平安国际融资租赁有限公司,2,,02,2024-06-26,2.18,90
241122,24安租05,平安国际融资租赁有限公司,4,,02,2024-06-26,2.39,90
241125,24闽能02,福建省能源集团有限责任公司,10,,02,2024-06-26,2.59,90
241127,豫通Y10,河南交通投资集团有限公司,,AAA,02,2024-06-18,2.42,90
241128,24云港01,连云港港口集团有限公司,5,,02,2024-06-20,2.88,90
241130,24中保03,中国投融资担保股份有限公司,5,AAA,02,2024-06-20,2.35,90
241131,G24天成3,华能天成融资租赁有限公司,3,AAA,02,2024-06-25,2.25,90
241132,G24天成4,华能天成融资租赁有限公司,5,AAA,02,2024-06-25,2.39,90
241134,24中化07,中国中化股份有限公司,10,AAA,02,2024-06-20,2.59,90
241135,24中化08,中国中化股份有限公司,30,AAA,02,2024-06-20,2.98,90
241136,24建投01,南京江北新区建设投资集团有限公司,5,,02,2024-06-21,2.4,90
241137,24建发Y3,厦门建发股份有限公司,,,02,2024-06-26,2.94,90
241139,24漳九04,漳州市九龙江集团有限公司,10,AAA,02,2024-06-20,2.81,90
241140,24商城Y2,义乌中国小商品城控股集团有限公司,,AA+,02,2024-06-21,2.52,90
241141,兖矿KY01,兖矿能源集团股份有限公司,,AAA,02,2024-06-24,2.28,90
241142,24光证G2,光大证券股份有限公司,3,AAA,02,2024-06-26,2.18,90
241144,24陕资04,陕西金融资产管理股份有限公司,5,,02,2024-06-21,2.4,90
241145,电力YK01,国投电力控股股份有限公司,,AAA,02,2024-06-25,2.2,90
241146,24蜀道01,蜀道投资集团有限责任公司,10,AAA,02,2024-07-11,2.54,90
241147,24CMGK01,招商局集团有限公司,5,AAA,02,2024-06-24,2.2,90
241149,G24HXY3B,华电新能源集团股份有限公司,,AAA,02,2024-06-25,2.35,90
241150,24株国10,株洲市国有资产投资控股集团有限公司,5,,02,2024-06-20,3.07,90
241151,24航租02,中航国际融资租赁有限公司,3,AAA,02,2024-06-28,2.26,90
241152,24洪政02,南昌市政公用集团有限公司,5,,02,2024-07-19,2.32,90
241153,24赣投K1,江西省投资集团有限公司,10,AAA,02,2024-06-26,2.6,90
241154,24广越05,广州越秀集团股份有限公司,2,,02,2024-06-25,2.16,90
241155,24常经G1,常熟经开控股有限公司,5,,02,2024-07-01,2.38,90
241156,24鲁高K2,山东高速集团有限公司,20,AAA,02,2024-06-25,2.73,90
241157,华能YK09,中国华能集团有限公司,,AAA,02,2024-06-24,2.34,90
241158,华能YK10,中国华能集团有限公司,,AAA,02,2024-06-24,2.59,90
241159,24恒信G4,海通恒信国际融资租赁股份有限公司,5,AAA,02,2024-06-28,2.29,90
241160,24象金02,厦门象屿金象控股集团有限公司,5,AAA,02,2024-06-27,2.53,90
241161,24津投20,天津城市基础设施建设投资集团有限公司,3,AAA,02,2024-06-27,2.38,90
241162,24津投21,天津城市基础设施建设投资集团有限公司,5,AAA,02,2024-06-27,2.69,90
241163,24津投22,天津城市基础设施建设投资集团有限公司,7,AAA,02,2024-06-27,3.2,90
241165,24中关Y2,中关村发展集团股份有限公司,,AAA,02,2024-06-27,2.4,90
241166,GK国能02,国家能源投资集团有限责任公司,3,,02,2024-06-27,2.06,90
241167,24长轨02,长沙市轨道交通集团有限公司,5,,02,2024-06-27,2.17,90
241169,24虞国01,绍兴市上虞区国有资本投资运营有限公司,5,AAA,02,2024-06-27,2.25,90
241170,24皖投K1,安徽省投资集团控股有限公司,5,,02,2024-06-27,2.28,90
241171,GY豫通01,河南交通投资集团有限公司,,AAA,02,2024-07-01,2.8,90
241173,24长水02,长沙水业集团有限公司,5,,02,2024-07-17,2.32,90
241174,24渝交01,重庆城市交通开发投资(集团)有限公司,5,,02,2024-06-27,2.35,90
241175,24厦轨01,厦门轨道建设发展集团有限公司,5,,02,2024-06-28,2.17,90
241176,24特变K1,新疆特变电工集团有限公司,3,AA+,02,2024-07-03,2.5,90
241177,24蓉轨02,成都轨道交通集团有限公司,10,AAA,02,2024-07-22,2.55,90
241178,24株发01,株洲市城市建设发展集团有限公司,5,,02,2024-07-03,2.65,90
241181,24宏桥K1,山东宏桥新型材料有限公司,3,AA+,02,2024-07-08,3.08,90
241182,24建银02,中国建银投资有限责任公司,3,AAA,02,2024-07-17,2.15,90
241183,24建银03,中国建银投资有限责任公司,5,AAA,02,2024-07-17,2.28,90
241186,24财金05,山东省财金投资集团有限公司,7,AAA,02,2024-07-16,2.35,90
241187,24广越S1,广州越秀集团股份有限公司,0.58,,02,2024-07-04,2.05,90
241188,24溧新03,江苏溧高新控股集团有限公司,5,,02,2024-08-01,2.12,90
241189,24招证G2,招商证券股份有限公司,3,AAA,02,2024-07-04,2.15,90
241190,24招证G3,招商证券股份有限公司,4,AAA,02,2024-07-04,2.25,90
241191,24光明01,光明食品(集团)有限公司,3,,02,2024-07-11,2.15,90
241192,24光明02,光明食品(集团)有限公司,5,,02,2024-07-11,2.27,90
241193,24张江02,上海张江高科技园区开发股份有限公司,5,,02,2024-07-19,2.32,90
241194,24苏信02,江苏省国信集团有限公司,3,,02,2024-07-08,2.2,90
241195,24甬投01,宁波开发投资集团有限公司,5,AAA,02,2024-07-12,2.28,90
241196,24云信02,华创云信数字技术股份有限公司,3,AA+,02,2024-07-11,2.8,90
241197,24CTNY01,四川川投能源股份有限公司,5,,02,2024-07-15,2.29,90
241200,24BEHLK3,北京控股有限公司,5,AAA,02,2024-07-12,2.25,90
241201,24BEHLK4,北京控股有限公司,10,AAA,02,2024-07-12,2.54,90
241202,24中原02,中原证券股份有限公司,3,,02,2024-07-09,2.22,90
241205,GC华租Y5,华电融资租赁有限公司,,AAA,02,2024-08-07,2.16,90
241206,24海润G3,江苏海润城市发展集团有限公司,3,,02,2024-08-05,2.08,90
241207,24鲁金02,山东省金融资产管理股份有限公司,5,,02,2024-07-12,2.2,90
241208,24首钢05,首钢集团有限公司,3,AAA,02,2024-07-12,2.21,90
241209,24首钢06,首钢集团有限公司,10,AAA,02,2024-07-12,2.58,90
241211,24国投05,国家开发投资集团有限公司,15,,02,2024-07-10,2.49,90
241212,24融和K1,中电投融和融资租赁有限公司,3,,02,2024-07-23,2.17,90
241213,24融和K2,中电投融和融资租赁有限公司,5,,02,2024-07-23,2.3,90
241214,24金隅K1,北京金隅集团股份有限公司,5,,02,2024-07-11,2.35,90
241215,24金隅K2,北京金隅集团股份有限公司,10,,02,2024-07-11,2.67,90
241216,鄂交YK04,湖北交通投资集团有限公司,,AAA,02,2024-07-19,2.36,90
241218,凯盛YK09,凯盛科技集团有限公司,,AAA,02,2024-07-19,2.38,90
241219,GC三峡K3,中国长江三峡集团有限公司,10,AAA,02,2024-07-17,2.46,90
241220,GC三峡K4,中国长江三峡集团有限公司,20,AAA,02,2024-07-17,2.54,90
241221,24路投01,台州市路桥公共资产投资管理集团有限公司,3,,02,2024-07-17,2.32,90
241222,24安建Y2,安徽建工集团股份有限公司,,,02,2024-07-31,2.27,90
241223,24建材K3,中国建材股份有限公司,2,AAA,02,2024-07-11,2.11,90
241225,24建材K5,中国建材股份有限公司,5,AAA,02,2024-07-11,2.3,90
241226,24京投K3,北京市基础设施投资有限公司,10,AAA,02,2024-07-16,2.5,90
241227,24京投K4,北京市基础设施投资有限公司,30,AAA,02,2024-07-16,2.69,90
241228,24兴城06,成都兴城投资集团有限公司,5,AAA,02,2024-07-17,2.29,90
241229,24兴城07,成都兴城投资集团有限公司,10,AAA,02,2024-07-17,2.69,90
241230,24华资Y1,中国华电集团产融控股有限公司,,,02,2024-07-16,2.18,90
241231,24信投G5,中信建投证券股份有限公司,3,AAA,02,2024-07-22,2.13,90
241232,24信投G6,中信建投证券股份有限公司,5,AAA,02,2024-07-22,2.25,90
241234,24苏高G1,苏州苏高新科技产业发展有限公司,3,AAA,02,2024-07-18,2.19,90
241236,赣投YK04,江西省投资集团有限公司,,AAA,02,2024-07-17,2.37,90
241237,24申能01,申能(集团)有限公司,10,AAA,02,2024-07-18,2.45,90
241239,24建房01,建发房地产集团有限公司,6,AAA,02,2024-07-15,2.4,90
241242,24国丰04,烟台国丰投资控股集团有限公司,10,AAA,02,2024-07-16,2.62,90
241243,24港务02,厦门港务控股集团有限公司,5,,02,2024-07-17,2.25,90
241244,24港务03,厦门港务控股集团有限公司,10,,02,2024-07-17,2.57,90
241245,24外高01,上海外高桥集团股份有限公司,5,,02,2024-07-18,2.33,90
241246,24鲁信03,山东省鲁信投资控股集团有限公司,10,AAA,02,2024-07-17,2.8,90
241247,24中化09,中国中化股份有限公司,5,AAA,02,2024-07-23,2.2,90
241248,24中化10,中国中化股份有限公司,10,AAA,02,2024-07-23,2.5,90
241249,24南司01,重庆市南部新城产业投资集团有限公司,5,,02,2024-07-17,2.4,90
241250,24远发K2,中远海运发展股份有限公司,5,,02,2024-07-29,2.1,90
241251,24远发K3,中远海运发展股份有限公司,10,,02,2024-07-29,2.47,90
241252,24铁YK01,中国中铁股份有限公司,,AAA,02,2024-07-16,2.29,90
241253,24铁YK02,中国中铁股份有限公司,,AAA,02,2024-07-16,2.54,90
241254,24豫港02,河南航空港投资集团有限公司,5,,02,2024-07-18,2.66,90
241256,GK节能01,中国节能环保集团有限公司,5,AAA,02,2024-07-15,2.28,90
241257,GK节能02,中国节能环保集团有限公司,10,AAA,02,2024-07-15,2.65,90
241258,24中粮K1,中粮集团有限公司,3,AAA,02,2024-07-17,2,90
241259,24中粮K2,中粮集团有限公司,10,AAA,02,2024-07-17,2.45,90
241260,24国君G2,国泰海通证券股份有限公司,2.11,AAA,02,2024-07-16,2.07,90
241261,电力YK02,国投电力控股股份有限公司,,AAA,02,2024-07-16,2.2,90
241262,电力YK03,国投电力控股股份有限公司,,AAA,02,2024-07-16,2.3,90
241263,GC雅砻V1,雅砻江流域水电开发有限公司,10,AAA,02,2024-07-18,2.48,90
241264,24东方K1,浙江东方控股集团股份有限公司,5,,02,2024-08-07,2.23,90
241265,24建发Y4,厦门建发股份有限公司,,AAA,02,2024-07-22,2.38,90
241266,24建发Y5,厦门建发股份有限公司,,AAA,02,2024-07-22,2.75,90
241267,陕煤KY10,陕西煤业化工集团有限责任公司,,AAA,02,2024-07-18,2.3,90
241268,陕煤KY11,陕西煤业化工集团有限责任公司,,AAA,02,2024-07-18,2.68,90
241270,24中乡02,中国城乡控股集团有限公司,5,AAA,02,2024-07-22,2.34,90
241271,24华建04,华建国际实业深圳有限公司,4,AAA,02,2024-07-18,2.3,90
241272,24中航G3,中航证券有限公司,3,AAA,02,2024-07-25,2.15,90
241273,24中航G4,中航证券有限公司,5,AAA,02,2024-07-25,2.28,90
241275,豫通Y12,河南交通投资集团有限公司,,AAA,02,2024-07-17,2.39,90
241276,24广物01,广东省广物控股集团有限公司,3,AAA,02,2024-07-17,2.2,90
241277,24广物02,广东省广物控股集团有限公司,5,AAA,02,2024-07-17,2.4,90
241278,24恒健03,广东恒健投资控股有限公司,5,AAA,02,2024-07-18,2.29,90
241279,24恒健04,广东恒健投资控股有限公司,10,AAA,02,2024-07-18,2.52,90
241281,24金川03,金川集团股份有限公司,5,,02,2024-07-24,2.3,90
241282,24津投23,天津城市基础设施建设投资集团有限公司,3,AAA,02,2024-07-24,2.34,90
241283,24津投24,天津城市基础设施建设投资集团有限公司,5,AAA,02,2024-07-24,2.8,90
241284,24津投25,天津城市基础设施建设投资集团有限公司,10,AAA,02,2024-07-24,3.28,90
241285,24唐租V1,大唐融资租赁有限公司,3,,02,2024-07-19,2.25,90
241287,24浙资K1,浙江省国有资本运营有限公司,5,,02,2024-07-23,2.25,90
241288,24浙资K2,浙江省国有资本运营有限公司,10,,02,2024-07-23,2.58,90
241289,24建控债,陕西建工控股集团有限公司,5,,02,2024-08-20,3.8,90
241290,24西电K1,中国西电集团有限公司,3,AA+,02,2024-07-24,2.27,90
241291,24厦贸Y4,厦门国贸控股集团有限公司,,AAA,02,2024-07-18,2.53,90
241292,24厦贸Y5,厦门国贸控股集团有限公司,,AAA,02,2024-07-18,2.92,90
241293,24杭资K1,杭州市国有资本投资运营有限公司,10,,02,2024-07-25,2.58,90
241294,24济金04,济南金投控股集团有限公司,5,,02,2024-07-25,2.6,90
241296,24华新02,华电新能源集团股份有限公司,10,AAA,02,2024-07-19,2.55,90
241297,24渝东01,重庆市万州三峡平湖有限公司,5,,02,2024-07-23,2.59,90
241298,24小米K1,小米通讯技术有限公司,3,,02,2024-07-30,2,90
241300,24宁安02,南京安居建设集团有限责任公司,5,,02,2024-07-29,2.28,90
241301,24义市01,义乌市市场发展集团有限公司,5,,02,2024-07-22,2.39,90
241302,24创鸿G1,江苏创鸿资产管理有限公司,5,,02,2024-08-01,2.53,90
241303,24狮桥02,狮桥融资租赁(中国)有限公司,2,AA+,02,2024-07-31,2.37,90
241304,24陕增01,陕西信用增进投资股份有限公司,3,,02,2024-07-24,2.2,90
241305,24沪建Y3,上海建工集团股份有限公司,,AAA,02,2024-07-29,2.35,90
241306,24国机K2,中国机械工业集团有限公司,5,AAA,02,2024-07-24,2.25,90
241307,24国机K3,中国机械工业集团有限公司,10,AAA,02,2024-07-24,2.5,90
241308,GC申YKV2,申能股份有限公司,,AAA,02,2024-07-30,2.1,90
241309,GC申YKV3,申能股份有限公司,,AAA,02,2024-07-30,2.2,90
241310,24南控01,广东南海控股集团有限公司,5,,02,2024-08-12,2.2,90
241311,24光明03,光明食品(集团)有限公司,3,,02,2024-07-23,2.11,90
241313,24上金K1,上海汽车集团金控管理有限公司,3,AAA,02,2024-07-26,2.19,90
241314,24抚州02,抚州市市属国有资产投资控股集团有限公司,5,,02,2024-07-31,2.44,90
241315,24华港03,华远国际陆港集团有限公司,5,AAA,02,2024-07-29,2.25,90
241316,24东资02,东方资产管理(中国)有限公司,5,,02,2024-08-01,2.38,90
241318,24中煤K2,中国中煤能源股份有限公司,15,AAA,02,2024-07-22,2.58,90
241319,24天信Y1,天府信用增进股份有限公司,,AAA,02,2024-08-29,2.24,90
241320,24安租Y1,平安国际融资租赁有限公司,,AAA,02,2024-07-31,2.2,90
241321,24财团01,苏州中方财团控股股份有限公司,5,,02,2024-08-09,2.04,90
241322,24保置03,保利置业集团有限公司,5,AAA,02,2024-07-25,2.45,90
241323,24保置04,保利置业集团有限公司,7,AAA,02,2024-07-25,2.83,90
241324,兖矿KY02,兖矿能源集团股份有限公司,,AAA,02,2024-07-30,2.17,90
241325,24三投02,三门峡市投资集团有限公司,5,,02,2024-07-26,2.62,90
241326,24铁YK03,中国中铁股份有限公司,,AAA,02,2024-07-30,2.26,90
241327,24铁YK04,中国中铁股份有限公司,,AAA,02,2024-07-30,2.47,90
241328,24吉高02,吉林省高速公路集团有限公司,5,AAA,02,2024-07-29,2.23,90
241329,24邢路02,邢台路桥建设集团有限公司,5,,02,2024-07-31,2.72,90
241330,24沪房01,上海南房(集团)有限公司,3,,02,2024-08-14,2.09,90
241331,24陆集02,上海陆家嘴(集团)有限公司,5,,02,2024-08-08,2.1,90
241332,24恒健05,广东恒健投资控股有限公司,5,AAA,02,2024-07-31,2.2,90
241333,24恒信Z1,海通恒信国际融资租赁股份有限公司,5,AAA,02,2024-08-02,2.28,90
241334,24洪政03,南昌市政公用集团有限公司,10,AAA,02,2024-08-05,2.49,90
241335,24赣投K2,江西省投资集团有限公司,10,AAA,02,2024-07-31,2.52,90
241336,24财资02,湖南省财信资产管理有限公司,3,AAA,02,2024-07-29,2.15,90
241337,24鲁高K3,山东高速集团有限公司,3,,02,2024-07-31,2.11,90
241338,24国投06,国家开发投资集团有限公司,15,,02,2024-07-30,2.45,90
241340,24晋金01,山西金融投资控股集团有限公司,5,,02,2024-08-06,2.18,90
241341,GC核融05,中核融资租赁有限公司,3,,02,2024-07-31,2.14,90
241342,24金控01,绍兴市金融控股有限公司,5,,02,2024-09-23,2.5,90
241343,24国新01,中国国新控股有限责任公司,5,,02,2024-08-01,2.18,90
241344,24发展02,山东发展投资控股集团有限公司,5,AAA,02,2024-08-08,2.14,90
241345,24铁建K1,中国铁建股份有限公司,20,AAA,02,2024-08-01,2.49,90
241346,24铁建K2,中国铁建股份有限公司,30,AAA,02,2024-08-01,2.57,90
241347,一航YK02,中交第一航务工程局有限公司,,AAA,02,2024-07-31,2.15,90
241348,24中交K3,中国交通建设集团有限公司,5,AAA,02,2024-08-01,2.12,90
241349,24中交K4,中国交通建设集团有限公司,10,AAA,02,2024-08-01,2.37,90
241350,24华安G2,华安证券股份有限公司,3,AAA,02,2024-08-08,2.02,90
241351,24华安G3,华安证券股份有限公司,5,AAA,02,2024-08-08,2.13,90
241352,电力YK04,国投电力控股股份有限公司,,AAA,02,2024-08-01,2.19,90
241353,24兴资02,兴业资产管理有限公司,3,,02,2024-08-12,2.1,90
241354,24鲁金03,山东省金融资产管理股份有限公司,5,,02,2024-08-05,2.1,90
241355,24泰交G1,泰州市交通产业集团有限公司,5,,02,2024-08-05,2.15,90
241356,24紫金K2,紫金矿业集团股份有限公司,5,,02,2024-08-05,1.99,90
241357,24甬投02,宁波开发投资集团有限公司,5,,02,2024-08-12,2.12,90
241358,24椒江01,台州市椒江区国有资本运营集团有限公司,5,,02,2024-08-21,2,90
241359,24椒江02,台州市椒江区国有资本运营集团有限公司,5,,02,2024-08-21,2.18,90
241360,24苏资02,江苏资产管理有限公司,3,,02,2024-08-12,2.02,90
241361,24国发04,苏州国际发展集团有限公司,3,,02,2024-08-02,1.98,90
241362,24浙港K1,浙江省海港投资运营集团有限公司,5,,02,2024-08-08,2.14,90
241363,24浙港K2,浙江省海港投资运营集团有限公司,10,,02,2024-08-08,2.34,90
241365,24创元01,苏州创元投资发展(集团)有限公司,3,AAA,02,2024-09-02,2.09,90
241367,24兴城09,成都兴城投资集团有限公司,10,AAA,02,2024-08-13,2.38,90
241368,24豫投01,河南投资集团有限公司,10,AAA,02,2024-08-14,2.3,90
241369,24江建02,江门市交通建设投资集团有限公司,3,,02,2024-08-19,2.13,90
241370,焦煤YK01,山西焦煤集团有限责任公司,,AAA,02,2024-08-07,2.18,90
241372,24国联G2,无锡市国联发展(集团)有限公司,5,,02,2024-08-12,2.1,90
241373,24洪轨02,南昌轨道交通集团有限公司,10,AAA,02,2024-08-14,2.29,90
241374,24新金01,新疆金融投资(集团)有限责任公司,5,,02,2024-08-13,2.8,90
241375,24节能K1,中国节能环保集团有限公司,5,AAA,02,2024-08-15,2.1,90
241376,24青港01,山东港口青岛港集团有限公司,3,AAA,02,2024-08-14,1.98,90
241377,24东证02,东方证券股份有限公司,5,AAA,02,2024-08-13,2.05,90
241378,24节能K2,中国节能环保集团有限公司,10,AAA,02,2024-08-15,2.37,90
241379,24兖矿K3,兖矿能源集团股份有限公司,3,,02,2024-08-08,2.05,90
241380,24东证03,东方证券股份有限公司,10,AAA,02,2024-08-13,2.3,90
241381,焦煤YK02,山西焦煤集团有限责任公司,,AAA,02,2024-08-13,2.41,90
241382,24泉城01,泉州城建集团有限公司,5,,02,2024-08-13,2.09,90
241385,24蓉产03,成都产业投资集团有限公司,10,,02,2024-08-27,2.1,90
241387,24厦贸Y7,厦门国贸集团股份有限公司,,AAA,02,2024-08-08,2.54,90
241388,24控租01,国耀融汇融资租赁有限公司,3,,02,2024-08-09,2.15,90
241394,24国丰06,烟台国丰投资控股集团有限公司,10,AAA,02,2024-08-15,2.3,90
241395,24赣交K1,江西省交通投资集团有限责任公司,10,AAA,02,2024-08-13,2.3,90
241396,24浙控01,浙江省创新投资集团有限公司,3,,02,2024-08-16,1.89,90
241397,24宁证03,南京证券股份有限公司,3,AAA,02,2024-08-15,2.05,90
241398,24海康01,中电海康集团有限公司,3,,02,2024-08-26,2.1,90
241399,24新师02,新疆生产建设兵团第十二师国有资产投资发展集团有限公司,5,,02,2024-08-16,2.38,90
241400,24苏资G2,苏州资产管理有限公司,5,,02,2024-08-19,2.4,90
241401,24科发01,绵阳科技城发展投资(集团)有限公司,5,AA+,02,2024-08-14,2.39,90
241402,24桂北01,广西北部湾投资集团有限公司,5,AAA,02,2024-08-20,2.3,90
241403,24桂北02,广西北部湾投资集团有限公司,10,AAA,02,2024-08-20,2.53,90
241404,24红狮K3,红狮控股集团有限公司,3,,02,2024-08-15,2.4,90
241405,24红狮K4,红狮控股集团有限公司,3,,02,2024-08-15,2.88,90
241406,陕煤KY12,陕西煤业化工集团有限责任公司,,AAA,02,2024-08-13,2.1,90
241407,陕煤KY13,陕西煤业化工集团有限责任公司,,AAA,02,2024-08-13,2.34,90
241409,24安租07,平安国际融资租赁有限公司,5,,02,2024-08-16,2.38,90
241410,24电科01,中电科投资控股有限公司,5,,02,2024-08-28,2.2,90
241413,24兵装01,中国兵器装备集团有限公司,5,,02,2024-08-20,2.07,90
241414,24兵装02,中国兵器装备集团有限公司,10,,02,2024-08-20,2.3,90
241415,24海宁G2,海宁市资产经营公司,5,AAA,02,2024-08-15,2.21,90
241417,24建租02,中建投租赁股份有限公司,3,,02,2024-08-21,2.15,90
241419,24华新K1,华新建材集团股份有限公司,5,,02,2024-08-19,2.49,90
241420,24融和04,中电投融和融资租赁有限公司,3,,02,2024-08-16,2.05,90
241421,24融和05,中电投融和融资租赁有限公司,5,,02,2024-08-16,2.14,90
241422,24京资K1,北京市国有资产经营有限责任公司,5,AAA,02,2024-08-15,2.1,90
241423,24中信01,中国中信有限公司,5,AAA,02,2024-08-27,2.15,90
241424,24中信02,中国中信有限公司,20,AAA,02,2024-08-27,2.45,90
241425,24中泰04,中泰证券股份有限公司,3,AAA,02,2024-08-20,2.1,90
241426,金隅KY07,北京金隅集团股份有限公司,,AAA,02,2024-08-16,2.15,90
241427,金隅KY08,北京金隅集团股份有限公司,,AAA,02,2024-08-16,2.24,90
241428,核建YK03,中国核工业建设股份有限公司,,AAA,02,2024-08-19,2.15,90
241429,核建YK04,中国核工业建设股份有限公司,,AAA,02,2024-08-19,2.45,90
241430,GC华租03,华电融资租赁有限公司,3,AAA,02,2024-08-21,2.13,90
241431,GV天成01,华能天成融资租赁有限公司,3,AAA,02,2024-08-19,2.19,90
241433,24安租Y2,平安国际融资租赁有限公司,,AAA,02,2024-08-28,2.65,90
241434,24绿水01,广西绿城水务集团股份有限公司,3,,02,2024-08-15,2.2,90
241435,24绿水02,广西绿城水务集团股份有限公司,5,,02,2024-08-15,2.48,90
241437,24BEHLK5,北京控股有限公司,3,AAA,02,2024-08-19,1.95,90
241438,24BEHLK6,北京控股有限公司,10,AAA,02,2024-08-19,2.43,90
241439,24凯盛K1,凯盛科技集团有限公司,3,AAA,02,2024-08-16,2.15,90
241440,24建材K6,中国建材股份有限公司,3,AAA,02,2024-08-19,2.05,90
241441,24国券G1,国投证券股份有限公司,3,AAA,02,2024-08-19,2.08,90
241444,24铁YK05,中国中铁股份有限公司,,AAA,02,2024-08-21,2.23,90
241445,24铁YK06,中国中铁股份有限公司,,AAA,02,2024-08-21,2.43,90
241446,24冀通01,河北建投交通投资有限责任公司,10,,02,2024-08-19,2.65,90
241447,24浙港K3,浙江省海港投资运营集团有限公司,5,,02,2024-08-26,2.19,90
241448,24浙港K4,浙江省海港投资运营集团有限公司,10,,02,2024-08-26,2.4,90
241449,24唐新01,中国大唐集团新能源股份有限公司,3,AAA,02,2024-08-27,2.1,90
241450,24兴业05,兴业证券股份有限公司,3,AAA,02,2024-08-29,2.07,90
241451,24兴业06,兴业证券股份有限公司,5,AAA,02,2024-08-29,2.17,90
241452,24恒信K1,海通恒信国际融资租赁股份有限公司,5,,02,2024-08-29,2.2,90
241453,24建集Y4,厦门建发集团有限公司,,AAA,02,2024-08-22,2.75,90
241455,24亦庄06,北京亦庄国际投资发展有限公司,15,AAA,02,2024-08-21,2.49,90
241456,24武金01,武汉金融控股(集团)有限公司,5,,02,2024-08-23,2.45,90
241458,24闽能03,福建省能源集团有限责任公司,10,,02,2024-08-26,2.4,90
241459,24北城01,北京城建投资发展股份有限公司,2,,02,2024-09-11,2.23,90
241460,24筑城03,贵阳市城市建设投资集团有限公司,5,AAA,02,2024-08-19,2.78,90
241461,24筑城04,贵阳市城市建设投资集团有限公司,5,AAA,02,2024-08-19,3,90
241462,24松国01,上海松江国有资产投资经营管理集团有限公司,5,,02,2024-08-19,1.95,90
241463,24泰交G2,泰州市交通产业集团有限公司,5,,02,2024-08-26,2.18,90
241464,24浦土02,上海浦东土地控股(集团)有限公司,5,AAA,02,2024-08-26,2.25,90
241465,24美置01,美的置业集团有限公司,2,AAA,02,2024-08-22,2.8,90
241466,24美置02,美的置业集团有限公司,2,AAA,02,2024-08-22,3.6,90
241468,24国惠06,山东发展投资控股集团有限公司,5,,02,2024-08-22,2.25,90
241469,24国发05,苏州国际发展集团有限公司,3,,02,2024-08-23,1.96,90
241471,24中化11,中国中化股份有限公司,7,AAA,02,2024-08-27,2.3,90
241472,24中化12,中国中化股份有限公司,10,AAA,02,2024-08-27,2.45,90
241473,24交建K1,中国交通建设股份有限公司,2,AAA,02,2024-08-22,1.98,90
241474,24交建K2,中国交通建设股份有限公司,3,AAA,02,2024-08-22,2.05,90
241475,24皖交K1,安徽省交通控股集团有限公司,3,,02,2024-09-11,2,90
241478,24铁发02,山东铁路发展基金有限公司,10,,02,2024-08-27,2.55,90
241479,北水YK01,北控水务(中国)投资有限公司,,AAA,02,2024-08-28,2.13,90
241480,北水YK02,北控水务(中国)投资有限公司,,AAA,02,2024-08-28,2.25,90
241481,24皖投03,安徽省投资集团控股有限公司,5,,02,2024-08-29,2.12,90
241482,24皖投04,安徽省投资集团控股有限公司,10,,02,2024-08-29,2.47,90
241483,24大众01,大众交通(集团)股份有限公司,3,AAA,02,2024-08-27,2.19,90
241484,24路桥Y2,厦门路桥建设集团有限公司,,AAA,02,2024-08-27,2.25,90
241485,24隧道Y1,上海隧道工程股份有限公司,,AAA,02,2024-08-29,2.2,90
241486,24赣交K2,江西省交通投资集团有限责任公司,5,,02,2024-09-03,2.29,90
241487,24兴泰Y1,安徽省兴泰融资担保集团股份有限公司,,,02,2024-12-19,2.25,90
241488,24国管01,北京国有资本运营管理有限公司,3,AAA,02,2024-08-26,2,90
241489,24国管02,北京国有资本运营管理有限公司,3,AAA,02,2024-08-29,2.05,90
241490,24国管03,北京国有资本运营管理有限公司,5,AAA,02,2024-08-29,2.16,90
241491,24鲁资K1,山东省国有资产投资控股有限公司,5,,02,2024-08-29,2.15,90
241494,24控租02,国耀融汇融资租赁有限公司,3,,02,2024-08-28,2.19,90
241495,24晋交02,山西省交通开发投资集团有限公司,3,,02,2024-08-28,2.05,90
241496,焦煤YK03,山西焦煤集团有限责任公司,,AAA,02,2024-08-26,2.55,90
241498,24华租04,华电融资租赁有限公司,5,AAA,02,2024-08-23,2.29,90
241499,24财达01,财达证券股份有限公司,3,AAA,02,2024-08-29,2.16,90
241500,24光明04,光明食品(集团)有限公司,3,,02,2024-08-28,2.08,90
241501,24伟驰02,伟驰控股集团有限公司,5,AAA,02,2024-08-29,2.25,90
241502,24连金02,连云港市金融控股集团有限公司,3,,02,2024-08-26,2.15,90
241503,一航YK03,中交第一航务工程局有限公司,,AAA,02,2024-08-23,2.19,90
241505,24光证G3,光大证券股份有限公司,5,AAA,02,2024-08-27,2.17,90
241506,24桂垦01,广西国控资本运营集团有限责任公司,3,,02,2024-11-14,2.75,90
241507,24甘交02,甘肃省公路交通建设集团有限公司,5,,02,2024-08-23,2.48,90
241508,24东证04,东方证券股份有限公司,5,AAA,02,2024-08-28,2.18,90
241511,24东租01,东航国际融资租赁有限公司,3,,02,2024-08-29,2.24,90
241514,24黄海G1,江苏黄海金融控股集团有限公司,5,,02,2024-09-10,2.56,90
241516,24穗建03,广州市城市建设开发有限公司,6,AAA,02,2024-09-24,2.15,90
241517,24穗建04,广州市城市建设开发有限公司,10,AAA,02,2024-09-24,2.78,90
241519,24铁投Y1,中国铁建投资集团有限公司,,AAA,02,2024-08-29,2.49,90
241520,24铁投Y2,中国铁建投资集团有限公司,,AAA,02,2024-08-29,2.82,90
241522,24京投K6,北京市基础设施投资有限公司,30,AAA,02,2024-08-28,2.54,90
241523,24芜湖01,芜湖宜居投资集团有限公司,5,,02,2024-11-01,2.4,90
241525,焦煤YK04,山西焦煤集团有限责任公司,,AAA,02,2024-08-29,2.6,90
241526,24洛宏01,洛阳国宏投资控股集团有限公司,5,,02,2024-09-03,2.8,90
241528,24保置05,保利置业集团有限公司,5,AAA,02,2024-10-21,2.98,90
241530,24铁YK07,中国中铁股份有限公司,,AAA,02,2024-08-29,2.26,90
241531,24铁YK08,中国中铁股份有限公司,,AAA,02,2024-08-29,2.49,90
241532,24洪政04,南昌市政公用集团有限公司,5,,02,2024-08-27,2.22,90
241533,24远东四,远东国际融资租赁有限公司,3,AAA,02,2024-08-29,2.99,90
241534,24云资02,云南能投资本投资有限公司,3,,02,2024-09-27,2.85,90
241535,24山高K3,山东高速股份有限公司,5,,02,2024-09-02,2.33,90
241536,24产基02,湖南省财信产业基金管理有限公司,3,AAA,02,2024-08-29,2.18,90
241537,24鲁信04,山东省鲁信投资控股集团有限公司,15,AAA,02,2024-09-12,2.85,90
241538,GC建租01,中建投租赁股份有限公司,3,,02,2024-09-11,2.22,90
241540,24元禾K3,苏州元禾控股股份有限公司,5,,02,2024-09-06,2.35,90
241541,24常熟02,常熟市城市经营投资集团有限公司,5,AAA,02,2024-09-12,2.27,90
241544,24湛交01,湛江市交通投资集团有限公司,5,,02,2024-09-11,2.39,90
241545,24华电K3,中国华电集团有限公司,3,,02,2024-09-05,2.17,90
241546,24保利06,保利发展控股集团股份有限公司,5,AAA,02,2024-09-18,2.39,90
241547,24保利07,保利发展控股集团股份有限公司,7,AAA,02,2024-09-18,2.5,90
241548,八局YK01,中国建筑第八工程局有限公司,,AAA,02,2024-09-05,2.55,90
241549,24华电K4,中国华电集团有限公司,10,,02,2024-09-05,2.45,90
241550,24国租01,国新融资租赁有限公司,4,AAA,02,2024-09-04,2.15,90
241551,建材集K1,中国建材集团有限公司,3,,02,2024-09-23,2.12,90
241552,路建YK04,中交路桥建设有限公司,,AAA,02,2024-09-04,2.48,90
241553,24建房03,建发房地产集团有限公司,6,AAA,02,2024-09-11,2.53,90
241554,24建房04,建发房地产集团有限公司,8,AAA,02,2024-09-11,2.85,90
241555,24杭城01,杭州市城市建设投资集团有限公司,3,AAA,02,2024-09-06,2.05,90
241557,24蜀道02,蜀道投资集团有限责任公司,15,AAA,02,2024-09-19,2.62,90
241558,24江东03,江东控股集团有限责任公司,5,,02,2024-09-03,2.62,90
241559,24金坛G1,江苏金坛国发国际投资发展有限公司,5,,02,2024-09-10,2.55,90
241560,24国工K1,中国中材国际工程股份有限公司,5,AAA,02,2024-09-10,2.34,90
241562,豫通Y14,河南交通投资集团有限公司,,AAA,02,2024-09-10,2.37,90
241564,24兴杭01,闽西兴杭国有资产投资经营有限公司,3,AAA,02,2024-09-05,2.25,90
241565,铁建YK12,中国铁建股份有限公司,,AAA,02,2024-09-20,2.27,90
241566,铁建YK13,中国铁建股份有限公司,,AAA,02,2024-09-20,2.49,90
241569,24特YK01,特变电工股份有限公司,,AAA,02,2024-09-19,2.88,90
241570,24新兴K3,厦门建发新兴产业股权投资有限责任公司,3,AAA,02,2024-10-29,2.6,90
241572,24兵器K2,中国兵器工业集团有限公司,3,,02,2024-09-09,2.09,90
241573,24通用03,中国通用技术(集团)控股有限责任公司,3,,02,2024-12-09,1.99,90
241574,24建银04,中国建银投资有限责任公司,3,AAA,02,2024-09-23,2.1,90
241575,24建银05,中国建银投资有限责任公司,5,AAA,02,2024-09-23,2.23,90
241577,24珠江01,广州珠江实业集团有限公司,5,,02,2024-09-13,3.1,90
241578,24安租08,平安国际融资租赁有限公司,5,,02,2024-09-20,2.3,90
241579,24宁证04,南京证券股份有限公司,3,AAA,02,2024-09-19,2.12,90
241580,24川金02,四川金融控股集团有限公司,3,,02,2024-09-24,2,90
241581,24首农Y3,北京首农食品集团有限公司,,AAA,02,2024-09-25,2.23,90
241583,24甬城04,宁波城建投资集团有限公司,5,,02,2024-09-19,2.23,90
241584,24路桥K5,中电建路桥集团有限公司,5,,02,2024-09-19,2.32,90
241586,24舟城03,舟山海城建设投资集团有限公司,5,,02,2024-09-19,2.35,90
241587,24闽冶01,福建省冶金(控股)有限责任公司,5,,02,2024-09-23,2.27,90
241589,24诚通01,中国诚通控股集团有限公司,15,AAA,02,2024-09-19,2.6,90
241591,24榕资02,福州国有资本投资运营集团有限公司,3,,02,2024-09-18,2.02,90
241592,24榕资03,福州国有资本投资运营集团有限公司,5,,02,2024-09-18,2.25,90
241593,24中关03,中关村发展集团股份有限公司,7,AAA,02,2024-09-12,2.55,90
241594,24中关04,中关村发展集团股份有限公司,10,AAA,02,2024-09-12,2.73,90
241596,24云港02,连云港港口集团有限公司,5,,02,2024-09-19,2.7,90
241597,24豫港04,河南航空港投资集团有限公司,5,,02,2024-09-18,2.85,90
241598,24中化K1,中化国际控股股份有限公司,5,AAA,02,2024-10-21,2.6,90
241599,24长开G1,重庆长寿开发投资(集团)有限公司,5,,02,2024-09-11,2.57,90
241600,24长开G2,重庆长寿开发投资(集团)有限公司,5,,02,2024-09-11,3.09,90
241601,24联和K1,上海联和投资有限公司,10,AAA,02,2024-09-23,2.53,90
241602,建三YK02,中建三局集团有限公司,,AAA,02,2024-09-23,2.24,90
241603,24锡创01,无锡创业投资集团有限公司,5,AAA,02,2024-09-18,2.34,90
241604,24黔高03,贵州高速公路集团有限公司,3,AAA,02,2024-09-19,2.27,90
241605,24泉发03,泉州发展集团有限公司,5,AAA,02,2024-09-27,2.37,90
241607,路建YK05,中交路桥建设有限公司,,AAA,02,2024-09-23,2.33,90
241608,24控租03,国耀融汇融资租赁有限公司,4,,02,2024-09-20,2.25,90
241609,24江东04,江东控股集团有限责任公司,5,,02,2024-09-19,2.38,90
241611,24中信04,中国中信有限公司,20,AAA,02,2024-09-19,2.48,90
241612,24长产Y1,长江产业投资集团有限公司,,,02,2024-09-23,2.39,90
241616,华电YK09,中国华电集团有限公司,,AAA,02,2024-09-19,2.16,90
241617,华电YK10,中国华电集团有限公司,,AAA,02,2024-09-19,2.25,90
241621,延长KY12,陕西延长石油(集团)有限责任公司,,AAA,02,2024-09-19,2.26,90
241622,24平证03,平安证券股份有限公司,3,AAA,02,2024-09-20,2.12,90
241623,24平证04,平安证券股份有限公司,5,AAA,02,2024-09-20,2.22,90
241624,24鲁金K3,山东黄金矿业股份有限公司,3,AAA,02,2024-09-19,2.12,90
241625,24鲁金K4,山东黄金矿业股份有限公司,10,AAA,02,2024-09-19,2.5,90
241626,24华产Y2,中国华电集团产融控股有限公司,,AAA,02,2024-09-23,2.21,90
241627,24兴杭02,闽西兴杭国有资产投资经营有限公司,3,AAA,02,2024-09-19,2.19,90
241628,陕煤KY14,陕西煤业化工集团有限责任公司,,AAA,02,2024-09-26,2.29,90
241629,24铁工K5,中国中铁股份有限公司,5,AAA,02,2024-09-23,2.18,90
241630,24铁工K6,中国中铁股份有限公司,10,AAA,02,2024-09-23,2.35,90
241632,24唐租02,大唐融资租赁有限公司,3,,02,2024-09-23,2.22,90
241635,24三资01,三峡资本控股有限责任公司,3,AAA,02,2024-09-25,2.15,90
241636,24兖矿K4,兖矿能源集团股份有限公司,3,,02,2024-09-23,2.15,90
241637,24赣国控,江西省国有资本运营控股集团有限公司,3,,02,2024-09-23,2.2,90
241638,24赣交K3,江西省交通投资集团有限责任公司,3,,02,2024-09-18,2.15,90
241640,24隧道Y3,上海隧道工程股份有限公司,,AAA,02,2024-09-30,2.25,90
241641,24厦轨02,厦门轨道建设发展集团有限公司,5,,02,2024-09-23,2.18,90
241643,24交租01,中交融资租赁有限公司,3,,02,2024-09-24,2.2,90
241644,24交租02,中交融资租赁有限公司,5,,02,2024-09-24,2.33,90
241645,24邗江G1,扬州市邗江城市建设发展有限公司,10,,02,2024-10-09,2.4,90
241647,24济轨Y3,济南轨道交通集团有限公司,,,02,2024-09-30,2.35,90
241648,24海租02,海发宝诚融资租赁有限公司,3,,02,2024-09-25,2.25,90
241649,24杭城03,杭州市城市建设投资集团有限公司,3,AAA,02,2024-09-27,1.99,90
241650,24杭城04,杭州市城市建设投资集团有限公司,5,AAA,02,2024-09-27,2.14,90
241652,24建材K8,中国建材股份有限公司,5,AAA,02,2024-09-25,2.19,90
241653,24皖投05,安徽省投资集团控股有限公司,3,,02,2024-09-26,2.08,90
241654,24杭资02,杭州市国有资本投资运营有限公司,5,,02,2024-09-27,2.25,90
241655,24杭资03,杭州市国有资本投资运营有限公司,10,,02,2024-09-27,2.5,90
241656,24宁兴01,宁兴集团(宁波)有限公司,3,AAA,02,2024-09-27,2.05,90
241657,24景控01,景德镇市国资运营投资控股集团有限责任公司,3,,02,2024-09-26,2.83,90
241659,24杭金K1,杭州市金融投资集团有限公司,5,,02,2024-10-15,2.3,90
241660,24渝交02,重庆城市交通开发投资(集团)有限公司,10,,02,2024-09-27,2.52,90
241661,八局YK02,中国建筑第八工程局有限公司,,AAA,02,2024-09-26,2.2,90
241662,八局YK03,中国建筑第八工程局有限公司,,AAA,02,2024-09-26,2.38,90
241663,24国租02,国新融资租赁有限公司,4,AAA,02,2024-09-27,2.1,90
241664,24国租03,国新融资租赁有限公司,5,AAA,02,2024-09-27,2.15,90
241665,24淮安01,淮安开发控股有限公司,5,,02,2024-09-27,2.87,90
241666,24湖产G1,湖州市产业投资发展集团有限公司,7,,02,2024-10-09,2.6,90
241667,华电YK11,中国华电集团有限公司,,AAA,02,2024-09-30,2.15,90
241668,华电YK12,中国华电集团有限公司,,AAA,02,2024-09-30,2.24,90
241669,24能投03,云南省能源集团有限公司,3,,02,2024-09-27,2.4,90
241670,24铁发03,山东铁路发展基金有限公司,3,,02,2024-12-03,2.17,90
241671,24铁发04,山东铁路发展基金有限公司,5,,02,2024-12-03,2.36,90
241672,能建YK04,中国能源建设股份有限公司,,AAA,02,2024-10-10,2.27,90
241674,24京能K1,北京能源集团有限责任公司,3,,02,2024-09-26,2.07,90
241675,24台金01,台州市金融投资集团有限公司,3,,02,2024-10-18,2.56,90
241676,24铁工K7,中国中铁股份有限公司,5,AAA,02,2024-10-08,2.24,90
241678,24云交01,云南省交通投资建设集团有限公司,5,,02,2024-10-09,2.86,90
241681,延长KY14,陕西延长石油(集团)有限责任公司,,AAA,02,2024-10-08,2.22,90
241682,24中关05,中关村发展集团股份有限公司,3,,02,2024-10-17,2.47,90
241684,24南资01,南方工业资产管理有限责任公司,3,AA+,02,2024-10-10,2.23,90
241685,24武金03,武汉金融控股(集团)有限公司,3,,02,2024-10-30,2.8,90
241687,24铁投01,中国铁建投资集团有限公司,10,AAA,02,2024-10-22,2.4,90
241689,24SIG02K,上海国际集团有限公司,5,,02,2024-10-29,2.18,90
241690,24义乌G3,义乌市国有资本运营有限公司,3,AAA,02,2024-10-24,2.4,90
241692,24苏高02,苏州苏高新集团有限公司,3,,02,2024-09-30,2.05,90
241693,24华新Y1,华电新能源集团股份有限公司,,AAA,02,2024-10-08,2.26,90
241695,24临城G1,临沂城市建设投资集团有限公司,5,,02,2024-10-09,2.48,90
241696,24中泰05,中泰证券股份有限公司,5,AAA,02,2024-10-22,2.35,90
241697,24济发01,济宁能源发展集团有限公司,3,,02,2024-11-22,3.5,90
241698,铁建YK14,中国铁建股份有限公司,,AAA,02,2024-10-09,2.27,90
241700,24通城03,南通城市建设集团有限公司,5,,02,2024-10-10,2.18,90
241701,24相金K2,苏州市相城金融控股(集团)有限公司,5,,02,2024-10-28,2.48,90
241703,24常高G1,常高新集团有限公司,5,,02,2024-10-21,2.73,90
241704,24穗投03,广州产业投资控股集团有限公司,5,AAA,02,2024-10-17,2.4,90
241706,24穗投05,广州产业投资控股集团有限公司,5,AAA,02,2024-10-22,2.34,90
241707,24穗投06,广州产业投资控股集团有限公司,10,AAA,02,2024-10-22,2.6,90
241708,24宁铁01,南京地铁集团有限公司,3,,02,2024-10-23,2.17,90
241710,24亦庄07,北京亦庄国际投资发展有限公司,5,AAA,02,2024-10-15,2.65,90
241712,24东证06,东方证券股份有限公司,5,AAA,02,2024-10-22,2.28,90
241714,24浙控K1,浙江省创新投资集团有限公司,5,,02,2024-10-29,2.2,90
241715,24电YK01,新疆特变电工集团有限公司,,AA+,02,2024-11-20,3.09,90
241720,24电能Y1,中电建新能源集团股份有限公司,,AAA,02,2024-10-21,2.98,90
241722,24融和07,中电投融和融资租赁有限公司,3,,02,2024-10-29,2.3,90
241724,24泰交G3,泰州市交通产业集团有限公司,5,,02,2024-10-25,2.4,90
241725,24电建K2,中国电力建设股份有限公司,15,AAA,02,2024-10-30,2.7,90
241727,24豫港05,河南航空港投资集团有限公司,3,,02,2024-10-22,2.85,90
241728,24浦土03,上海浦东土地控股(集团)有限公司,5,AAA,02,2024-10-22,2.45,90
241729,24中煤01,中国中煤能源集团有限公司,10,AAA,02,2024-10-29,2.58,90
241732,24翔业04,厦门翔业集团有限公司,2,,02,2024-10-24,2.15,90
241733,24常投G1,常州投资集团有限公司,3,,02,2024-10-22,2.37,90
241734,24蜀道04,蜀道投资集团有限责任公司,10,AAA,02,2024-10-17,2.89,90
241735,24蜀道05,蜀道投资集团有限责任公司,7,AAA,02,2024-10-17,2.7,90
241736,24兴业07,兴业证券股份有限公司,3,AAA,02,2024-10-21,2.2,90
241737,24兴业08,兴业证券股份有限公司,5,AAA,02,2024-10-21,2.3,90
241738,24发展03,山东发展投资控股集团有限公司,3,AAA,02,2024-10-25,2.2,90
241740,北水YK03,北控水务(中国)投资有限公司,,AAA,02,2024-12-05,2.28,90
241741,北水YK04,北控水务(中国)投资有限公司,,AAA,02,2024-12-05,2.46,90
241743,24陕资06,陕西金融资产管理股份有限公司,5,,02,2024-10-30,2.59,90
241744,24红狮K5,红狮控股集团有限公司,4,,02,2024-10-23,3.7,90
241746,24联发01,联发集团有限公司,9,AAA,02,2024-10-31,2.98,90
241749,24渝富03,重庆渝富控股集团有限公司,5,,02,2024-10-30,2.41,90
241750,24唐租04,大唐融资租赁有限公司,2,,02,2024-10-23,2.29,90
241751,24杭金01,杭州市金融投资集团有限公司,3,,02,2024-10-23,2.28,90
241752,G24能资1,中国能源建设集团投资有限公司,3,AAA,02,2024-10-24,2.2,90
241756,24电能Y2,中电建新能源集团股份有限公司,,AAA,02,2024-10-29,2.48,90
241757,24银河G1,中国银河证券股份有限公司,3,AAA,02,2024-10-24,2.15,90
241758,24银河G2,中国银河证券股份有限公司,5,AAA,02,2024-10-24,2.25,90
241759,24招证G4,招商证券股份有限公司,3,AAA,02,2024-10-23,2.15,90
241762,24国券G3,国投证券股份有限公司,3,AAA,02,2024-10-25,2.15,90
241765,24唐新Y4,中国大唐集团新能源股份有限公司,,AAA,02,2024-10-25,2.3,90
241766,24建发G1,乌鲁木齐经济技术开发区建发国有资本投资运营(集团)有限公司,5,,02,2024-10-30,2.67,90
241768,24隧道Y4,上海隧道工程股份有限公司,,AAA,02,2024-10-28,2.3,90
241770,24华阳Y1,山西华阳集团新能股份有限公司,,AAA,02,2024-10-29,2.51,90
241771,24华阳Y2,山西华阳集团新能股份有限公司,,AAA,02,2024-10-29,2.95,90
241773,延长KY16,陕西延长石油(集团)有限责任公司,,AAA,02,2024-10-23,2.35,90
241774,24青城14,青岛城市建设投资(集团)有限责任公司,3,,02,2024-10-29,2.39,90
241776,24平证05,平安证券股份有限公司,3,AAA,02,2024-10-23,2.23,90
241778,24国证G1,国开证券股份有限公司,3,AAA,02,2024-10-30,2.19,90
241779,24国证G2,国开证券股份有限公司,5,AAA,02,2024-10-30,2.25,90
241780,24创元02,苏州创元投资发展(集团)有限公司,3,,02,2024-11-04,2.43,90
241781,24东方03,浙江东方控股集团股份有限公司,3,,02,2024-11-04,2.25,90
241782,鲁高KY08,山东高速集团有限公司,,AAA,02,2024-10-24,2.33,90
241783,24财金06,山东省财金投资集团有限公司,5,AAA,02,2024-10-29,2.28,90
241784,24安租09,平安国际融资租赁有限公司,2,,02,2024-10-30,2.61,90
241785,24安租10,平安国际融资租赁有限公司,2,,02,2024-11-27,2.49,90
241786,交投YK01,中交投资有限公司,,AAA,02,2024-10-24,2.41,90
241787,交投YK02,中交投资有限公司,,AAA,02,2024-10-24,2.53,90
241788,24安租Y3,平安国际融资租赁有限公司,,AAA,02,2024-11-05,2.9,90
241789,24铁基02,安徽省铁路发展基金股份有限公司,5,,02,2024-10-25,2.39,90
241791,豫通Y16,河南交通投资集团有限公司,,AAA,02,2024-10-28,2.49,90
241793,24安控08,浙江安吉国控建设发展集团有限公司,5,,02,2024-10-28,3.36,90
241794,24赣交K4,江西省交通投资集团有限责任公司,3,,02,2024-10-28,2.2,90
241799,24甬投Y2,宁波开发投资集团有限公司,,,02,2024-10-31,2.57,90
241801,24国租04,国新融资租赁有限公司,4,AAA,02,2024-10-30,2.26,90
241802,G24国租1,国新融资租赁有限公司,5,AAA,02,2024-10-29,2.26,90
241805,24海尔03,海尔集团(青岛)金盈控股有限公司,3,,02,2024-10-30,2.57,90
241808,24山能Y2,山东能源集团有限公司,,AAA,02,2024-11-25,2.32,90
241809,24杭城05,杭州市城市建设投资集团有限公司,5,AAA,02,2024-10-30,2.2,90
241811,24中化Y2,中国中化股份有限公司,,AAA,02,2024-10-29,2.5,90
241812,24宁证05,南京证券股份有限公司,1.03,AAA,02,2024-10-30,2.1,90
241813,24中兵03,中兵投资管理有限责任公司,5,,02,2024-11-04,2.33,90
241815,24远东五,远东国际融资租赁有限公司,2,AAA,02,2024-10-29,3.05,90
241816,24创鸿G2,江苏创鸿资产管理有限公司,3,,02,2024-11-20,2.68,90
241817,24中煤02,中国中煤能源集团有限公司,3,AAA,02,2024-10-29,2.2,90
241819,24安控10,厦门安居控股集团有限公司,5,,02,2024-11-13,2.6,90
241820,24同辐K1,中国同辐股份有限公司,3,AAA,02,2024-10-30,2.25,90
241821,华能YK11,中国华能集团有限公司,,AAA,02,2024-10-30,2.26,90
241823,24青信09,青岛国信发展(集团)有限责任公司,3,,02,2024-10-31,2.35,90
241824,24青信10,青岛国信发展(集团)有限责任公司,5,,02,2024-10-31,2.48,90
241826,24国投08,国家开发投资集团有限公司,15,,02,2024-10-29,2.57,90
241827,24赣交K5,江西省交通投资集团有限责任公司,3,,02,2024-10-31,2.24,90
241828,GC核融06,中核融资租赁有限公司,3,,02,2024-11-27,2.24,90
241830,24中泰06,中泰证券股份有限公司,3,AAA,02,2024-11-11,2.26,90
241832,24中信06,中国中信有限公司,10,AAA,02,2024-10-30,2.58,90
241834,24通城04,南通城市建设集团有限公司,5,,02,2024-11-05,2.27,90
241835,24蓉金Y1,成都交子金融控股集团有限公司,,,02,2024-11-07,2.57,90
241837,24京投K7,北京市基础设施投资有限公司,3,,02,2024-10-30,2.24,90
241838,24交投K1,中交投资有限公司,5,AAA,02,2024-10-30,2.53,90
241841,24淮河S1,淮河能源控股集团有限责任公司,1,,02,2024-11-19,2.06,90
241842,24穗投09,广州产业投资控股集团有限公司,5,AAA,02,2024-10-29,2.34,90
241843,24穗投10,广州产业投资控股集团有限公司,10,AAA,02,2024-10-29,2.63,90
241844,24信达04,信达证券股份有限公司,1.02,AAA,02,2024-11-12,2,90
241845,24希望01,新希望五新实业集团有限公司,2,AAA,02,2024-11-29,4,90
241846,24五资02,五矿资本控股有限公司,3,AAA,02,2024-10-30,2.35,90
241847,华电YK13,中国华电集团有限公司,,AAA,02,2024-11-13,2.3,90
241848,华电YK14,中国华电集团有限公司,,AAA,02,2024-11-13,2.4,90
241849,24华新Y3,华电新能源集团股份有限公司,,AAA,02,2024-11-07,2.57,90
241851,铁建YK16,中国铁建股份有限公司,,AAA,02,2024-10-31,2.35,90
241852,铁建YK17,中国铁建股份有限公司,,AAA,02,2024-10-31,2.5,90
241854,G24天成5,华能天成融资租赁有限公司,3,AAA,02,2024-11-06,2.4,90
241857,24沪建Y4,上海建工集团股份有限公司,,AAA,02,2024-11-13,2.68,90
241858,陕煤KY15,陕西煤业化工集团有限责任公司,,AAA,02,2024-11-01,2.7,90
241859,24如皋01,如皋市城市产业发展集团有限公司,5,,02,2024-11-06,2.45,90
241861,核建YK05,中国核工业建设股份有限公司,,AAA,02,2024-11-05,2.58,90
241863,24常新G4,常州东方新城建设集团有限公司,3,,02,2024-11-05,2.45,90
241865,24张江03,上海张江高科技园区开发股份有限公司,3,,02,2024-11-13,2.29,90
241866,24杭城建,杭州市城市建设发展集团有限公司,5,AAA,02,2024-11-25,2.35,90
241867,延长KY17,陕西延长石油(集团)有限责任公司,,AAA,02,2024-11-04,2.37,90
241868,延长KY18,陕西延长石油(集团)有限责任公司,,AAA,02,2024-11-04,2.54,90
241869,24豫港06,河南航空港投资集团有限公司,3,,02,2024-11-05,3.17,90
241870,24浙资K3,浙江省国有资本运营有限公司,5,,02,2024-11-11,2.38,90
241871,24浙资K4,浙江省国有资本运营有限公司,10,,02,2024-11-11,2.77,90
241872,24鲁高K4,山东高速集团有限公司,5,,02,2024-11-01,2.47,90
241873,24建房05,建发房地产集团有限公司,6,AAA,02,2024-11-28,2.75,90
241875,建材K9,中国建材股份有限公司,3,AAA,02,2024-11-07,2.3,90
241877,24国联03,国联民生证券股份有限公司,3,AAA,02,2024-11-18,2.2,90
241880,能建YK06,中国能源建设股份有限公司,,AAA,02,2024-11-07,2.54,90
241882,24北汽02,北京汽车集团有限公司,3,,02,2024-11-29,2.42,90
241883,24中化15,中国中化股份有限公司,5,AAA,02,2024-11-11,2.43,90
241884,24中化16,中国中化股份有限公司,10,AAA,02,2024-11-11,2.75,90
241885,河钢KV01,河钢集团有限公司,3,AAA,02,2024-11-08,2.9,90
241886,中水务Y1,中国水务投资集团有限公司,,AAA,02,2024-11-08,2.47,90
241887,中水务Y2,中国水务投资集团有限公司,,AAA,02,2024-11-08,2.89,90
241889,24鲁信Y1,山东省鲁信投资控股集团有限公司,,,02,2024-11-20,2.35,90
241892,24浦创K1,上海浦东科创集团有限公司,5,,02,2024-11-20,2.15,90
241893,24国联G3,无锡市国联发展(集团)有限公司,5,,02,2024-11-14,2.25,90
241894,24狮桥03,狮桥融资租赁(中国)有限公司,2,AA+,02,2024-11-13,3.2,90
241895,24西基01,西安城市基础设施建设投资集团有限公司,10,AAA,02,2024-11-19,3.27,90
241896,24西基02,西安城市基础设施建设投资集团有限公司,15,AAA,02,2024-11-19,3.39,90
241898,24国金04,国金证券股份有限公司,3,AAA,02,2024-11-12,2.28,90
241901,24沪国K2,上海国有资产经营有限公司,3,,02,2024-11-25,2.15,90
241902,24浙控02,浙江省创新投资集团有限公司,3,,02,2024-11-20,2.1,90
241904,24青信11,青岛国信发展(集团)有限责任公司,3,,02,2024-11-11,2.4,90
241906,24洪政05,南昌市政公用集团有限公司,5,,02,2024-11-13,2.46,90
241907,24能投04,云南省能源集团有限公司,3,,02,2024-11-12,3.15,90
241908,24海鸿G1,江苏海鸿投资控股集团有限公司,5,,02,2024-11-14,2.88,90
241910,24信投G8,中信建投证券股份有限公司,2,AAA,02,2024-11-20,2.05,90
241911,24信投G9,中信建投证券股份有限公司,3,AAA,02,2024-11-20,2.12,90
241912,24中公01,中交一公局集团有限公司,5,,02,2024-11-13,2.43,90
241914,鄂交YK05,湖北交通投资集团有限公司,,AAA,02,2024-11-18,2.5,90
241921,24苏高G3,苏州苏高新科技产业发展有限公司,3,AAA,02,2024-11-18,2.28,90
241923,铁建YK19,中国铁建股份有限公司,,AAA,02,2024-11-14,2.26,90
241924,铁建YK20,中国铁建股份有限公司,,AAA,02,2024-11-14,2.45,90
241926,24兴业09,兴业证券股份有限公司,3,AAA,02,2024-11-20,2.17,90
241927,24兴业10,兴业证券股份有限公司,5,AAA,02,2024-11-20,2.29,90
241928,24武铁Y1,武汉地铁集团有限公司,,AAA,02,2024-11-19,2.38,90
241929,24武铁01,武汉地铁集团有限公司,10,,02,2024-11-21,2.6,90
241930,24南控K1,广东南海控股集团有限公司,5,,02,2024-11-28,2.17,90
241931,24南控K2,广东南海控股集团有限公司,5,,02,2024-11-28,2.4,90
241932,24晋中01,晋中市公用基础设施投资控股(集团)有限公司,3,,02,2024-11-26,2.55,90
241934,长电SK02,中国长江电力股份有限公司,0.5,A-1,02,2024-11-18,1.94,90
241935,24长电K2,中国长江电力股份有限公司,10,AAA,02,2024-11-18,2.46,90
241936,三航YK01,中交第三航务工程局有限公司,,AAA,02,2024-11-20,2.34,90
241937,24远东六,远东国际融资租赁有限公司,2,AAA,02,2024-11-18,3,90
241938,24昌投G1,昌吉州国有资产投资经营集团有限公司,5,,02,2024-11-28,2.51,90
241939,24江东05,江东控股集团有限责任公司,5,AA+,02,2024-11-21,2.59,90
241943,24光证G4,光大证券股份有限公司,2,AAA,02,2024-11-19,2.08,90
241944,24光证G5,光大证券股份有限公司,3,AAA,02,2024-11-19,2.17,90
241945,24海润G4,江苏海润城市发展集团有限公司,3,,02,2024-11-20,2.43,90
241946,24济金05,济南金投控股集团有限公司,5,,02,2024-11-20,2.58,90
241948,24上控01,上饶投资控股集团有限公司,3,,02,2024-11-21,2.58,90
241949,24津投26,天津城市基础设施建设投资集团有限公司,2,AAA,02,2024-11-18,2.5,90
241950,24华鑫01,华鑫证券有限责任公司,1.52,,02,2024-11-25,2.3,90
241952,24常高Y2,常高新集团有限公司,,AAA,02,2024-12-02,2.65,90
241953,24金控G1,江苏金坛投资控股有限公司,5,,02,2024-11-19,2.78,90
241954,24湘担Y1,湖南省融资担保集团有限公司,,AAA,02,2024-11-27,2.59,90
241955,24东证08,东方证券股份有限公司,3,AAA,02,2024-11-26,2.15,90
241956,24济轨Y5,济南轨道交通集团有限公司,,,02,2024-11-25,2.35,90
241957,24济轨Y6,济南轨道交通集团有限公司,,,02,2024-11-25,2.6,90
241959,24相城01,苏州市相城城市建设投资(集团)有限公司,5,AAA,02,2024-12-17,2.14,90
241960,24中机K1,中国机械科学研究总院集团有限公司,5,AAA,02,2024-12-16,2.13,90
241961,24安租11,平安国际融资租赁有限公司,4,,02,2024-11-26,2.97,90
241962,24首农Y4,北京首农食品集团有限公司,,AAA,02,2024-11-26,2.29,90
241963,24联发03,联发集团有限公司,8,AAA,02,2024-11-26,2.95,90
241966,延长KY20,陕西延长石油(集团)有限责任公司,,AAA,02,2024-11-20,2.38,90
241967,24华产02,中国华电集团产融控股有限公司,3,,02,2024-11-27,2.23,90
241968,交投YK03,中交投资有限公司,,AAA,02,2024-11-25,2.35,90
241969,交投YK04,中交投资有限公司,,AAA,02,2024-11-25,2.59,90
241970,GK三峰R1,重庆三峰环境集团股份有限公司,3,,02,2024-11-26,2.26,90
241972,24华阳Y4,山西华阳集团新能股份有限公司,,AAA,02,2024-11-28,2.71,90
241973,24鲁高K5,山东高速集团有限公司,3,,02,2024-11-20,2.19,90
241974,24华综01,珠海华发综合发展有限公司,5,AAA,02,2024-11-28,2.33,90
241975,24电建K4,中国电力建设股份有限公司,15,AAA,02,2024-11-21,2.65,90
241976,24电建K5,中国电力建设股份有限公司,30,AAA,02,2024-11-21,2.99,90
241977,24苏交V3,苏州交通投资集团有限责任公司,3,,02,2024-11-27,2.05,90
241978,24产业K1,广东南海产业集团有限公司,5,,02,2024-11-28,2.18,90
241979,24产业K2,广东南海产业集团有限公司,5,,02,2024-11-28,2.6,90
241980,24八局K2,中国建筑第八工程局有限公司,10,AAA,02,2024-11-28,2.69,90
241981,24平证07,平安证券股份有限公司,3,AAA,02,2024-11-25,2.21,90
241983,24豫港07,河南航空港投资集团有限公司,3,,02,2024-11-25,2.79,90
241985,24洪政债,南昌市政公用集团有限公司,3,,02,2024-11-27,2.2,90
241986,24蚌投01,蚌埠投资集团有限公司,3,AA+,02,2024-11-28,2.4,90
241987,24隧道Y6,上海隧道工程股份有限公司,,AAA,02,2024-11-26,2.28,90
241988,24HBST02,湖北省科技投资集团有限公司,3,,02,2024-11-26,2.2,90
241989,24HBST03,湖北省科技投资集团有限公司,5,,02,2024-11-26,2.35,90
241990,24蜀道06,蜀道投资集团有限责任公司,5,,02,2024-11-25,2.38,90
241991,24蜀道07,蜀道投资集团有限责任公司,7,,02,2024-11-25,2.63,90
241992,24镇投G1,镇江产业投资控股集团有限公司,5,,02,2024-12-03,2.68,90
241995,24浦集03,上海浦东发展(集团)有限公司,5,,02,2024-11-27,2.17,90
241996,24国金05,国金证券股份有限公司,3,AAA,02,2024-12-11,2.06,90
241997,24吴城G1,苏州市吴中城市建设投资集团有限公司,5,,02,2024-11-26,2.46,90
241998,24财达02,财达证券股份有限公司,3,AAA,02,2024-11-27,2.29,90
241999,24中化Y3,中国中化股份有限公司,,AAA,02,2024-11-28,2.48,90
242000,24方正G5,方正证券股份有限公司,3,AAA,02,2024-11-28,2.29,90
242002,24青信K1,青岛国信发展(集团)有限责任公司,3,,02,2024-12-02,2.23,90
242003,24青信K2,青岛国信发展(集团)有限责任公司,5,,02,2024-12-02,2.4,90
242004,24国保03,国新商业保理有限公司,2,,02,2024-11-27,2.27,90
242005,24国保04,国新商业保理有限公司,3,,02,2024-11-27,2.38,90
242006,路建YK06,中交路桥建设有限公司,,AAA,02,2024-12-02,2.35,90
242007,风电WK01,中节能风力发电股份有限公司,4,,02,2024-11-29,2.17,90
242008,风电WK02,中节能风力发电股份有限公司,5,,02,2024-11-29,2.25,90
242009,24赣交K6,江西省交通投资集团有限责任公司,3,,02,2024-11-28,2.15,90
242010,24赣交K7,江西省交通投资集团有限责任公司,5,,02,2024-11-28,2.27,90
242011,24榕资04,福州国有资本投资运营集团有限公司,3,,02,2024-11-28,2.15,90
242012,24温工G1,温州市工业与能源发展集团有限公司,3,,02,2024-11-28,2.22,90
242013,24CEE高K,中国电气装备集团有限公司,3,AAA,02,2024-12-03,2.08,90
242014,24盛泽G2,江苏盛泽投资有限公司,3,,02,2024-11-29,2.3,90
242015,24信达05,信达证券股份有限公司,3,AAA,02,2024-11-28,2.26,90
242016,24南租01,南航国际融资租赁有限公司,2,,02,2024-12-03,2.39,90
242019,24苏农03,苏州市农业发展集团有限公司,3,,02,2024-11-29,2.18,90
242020,24渝高01,重庆高速公路集团有限公司,5,AAA,02,2024-11-28,2.32,90
242021,24京资K2,北京市国有资产经营有限责任公司,3,AAA,02,2024-11-29,2.1,90
242022,24京资K3,北京市国有资产经营有限责任公司,10,AAA,02,2024-11-29,2.48,90
242023,铁建YK22,中国铁建股份有限公司,,AAA,02,2024-11-26,2.22,90
242024,铁建YK23,中国铁建股份有限公司,,AAA,02,2024-11-26,2.4,90
242027,24津投27,天津城市基础设施建设投资集团有限公司,3,AAA,02,2024-11-26,2.68,90
242028,24信投10,中信建投证券股份有限公司,2,AAA,02,2024-12-11,1.91,90
242029,24信投11,中信建投证券股份有限公司,5,AAA,02,2024-12-11,2.1,90
242030,24紫金Y3,南京紫金投资集团有限责任公司,,,02,2024-12-02,2.29,90
242031,24紫金Y4,南京紫金投资集团有限责任公司,,,02,2024-12-02,2.45,90
242032,24宁港01,宁波舟山港集团有限公司,3,,02,2024-12-09,2.12,90
242033,24宁港02,宁波舟山港集团有限公司,5,,02,2024-12-09,2.24,90
242034,24中公Y3,中交一公局集团有限公司,,AAA,02,2024-12-04,2.29,90
242035,24中公Y4,中交一公局集团有限公司,,AAA,02,2024-12-04,2.5,90
242038,24国惠07,山东发展投资控股集团有限公司,3,,02,2024-11-28,2.3,90
242039,24泰交G4,泰州市交通产业集团有限公司,5,,02,2024-12-06,2.25,90
242040,鲁高KY09,山东高速集团有限公司,,AAA,02,2024-12-10,2.16,90
242042,24产基03,湖南省财信产业基金管理有限公司,3,AAA,02,2024-11-28,2.25,90
242044,24冀通03,河北建投交通投资有限责任公司,10,,02,2024-12-05,2.62,90
242045,24中财G3,中国中金财富证券有限公司,3,AAA,02,2024-12-05,2.1,90
242046,24中财G4,中国中金财富证券有限公司,5,AAA,02,2024-12-05,2.25,90
242048,鄂交YK06,湖北交通投资集团有限公司,,AAA,02,2024-12-06,2.35,90
242049,24京投K8,北京市基础设施投资有限公司,3,AAA,02,2024-12-02,2.09,90
242050,24深高03,深圳高速公路集团股份有限公司,5,AAA,02,2024-12-05,2.2,90
242051,24株发02,株洲市城市建设发展集团有限公司,3,,02,2024-12-05,2.34,90
242053,24电租Y1,中国电建集团租赁有限公司,,AA+,02,2024-12-09,2.8,90
242054,24电租Y2,中国电建集团租赁有限公司,,AA+,02,2024-12-09,3,90
242056,陕煤KY16,陕西煤业化工集团有限责任公司,,AAA,02,2024-12-04,2.2,90
242057,陕煤KY17,陕西煤业化工集团有限责任公司,,AAA,02,2024-12-04,2.4,90
242059,24扬子Y2,南京扬子国资投资集团有限责任公司,,,02,2024-12-18,2.2,90
242060,24创控K1,昆山创业控股集团有限公司,3,,02,2024-12-03,2.05,90
242063,24交YK01,中国交通建设股份有限公司,,AAA,02,2024-12-05,2.13,90
242064,24交YK02,中国交通建设股份有限公司,,AAA,02,2024-12-05,2.17,90
242065,24龙川G3,扬州龙川控股集团有限责任公司,5,AAA,02,2024-12-13,2.36,90
242066,24能化02,福建省能源石化集团有限责任公司,5,,02,2024-12-25,2.15,90
242067,24津投28,天津城市基础设施建设投资集团有限公司,2,AAA,02,2024-12-05,2.25,90
242069,金隅KY09,北京金隅集团股份有限公司,,AAA,02,2024-12-05,2.22,90
242070,金隅KY10,北京金隅集团股份有限公司,,AAA,02,2024-12-05,2.3,90
242071,24上控02,上饶投资控股集团有限公司,3,,02,2024-12-10,2.28,90
242072,24温工G2,温州市工业与能源发展集团有限公司,3,,02,2024-12-09,2.2,90
242074,24山能04,山东能源集团有限公司,5,,02,2024-12-06,2.29,90
242075,24建租04,中建投租赁股份有限公司,3,,02,2024-12-17,2.1,90
242076,24晋中03,晋中市公用基础设施投资控股(集团)有限公司,5,,02,2024-12-11,2.25,90
242077,24皖控02,安徽省国有资本运营控股集团有限公司,5,,02,2024-12-13,2,90
242079,24中化Y4,中国中化股份有限公司,,AAA,02,2024-12-16,2.25,90
242081,24永钢G1,江苏永钢集团有限公司,2,,02,2024-12-19,3.6,90
242082,24河钢K2,河钢集团有限公司,3,,02,2024-12-12,2.32,90
242083,GK三峰02,重庆三峰环境集团股份有限公司,3,,02,2024-12-16,2.02,90
242084,24红塔01,红塔证券股份有限公司,3,AAA,02,2024-12-12,2.07,90
242085,24宁铁02,南京地铁集团有限公司,3,,02,2024-12-13,1.94,90
242086,交筑YK07,中交建筑集团有限公司,,AAA,02,2024-12-12,2.19,90
242087,24保利08,保利发展控股集团股份有限公司,5,AAA,02,2024-12-10,2.27,90
242088,24保利09,保利发展控股集团股份有限公司,7,AAA,02,2024-12-10,2.57,90
242089,24唐租05,大唐融资租赁有限公司,2,,02,2024-12-16,2.03,90
242090,24唐租06,大唐融资租赁有限公司,3,,02,2024-12-16,2.15,90
242091,24新业02,新疆新业国有资产经营(集团)有限责任公司,3,,02,2024-12-23,2.47,90
242093,24义市02,义乌市市场发展集团有限公司,5,AAA,02,2024-12-18,2.22,90
242094,24泰达03,天津泰达投资控股(集团)有限公司,5,,02,2024-12-12,2.85,90
242095,24穗投11,广州产业投资控股集团有限公司,5,AAA,02,2024-12-11,2.1,90
242096,24穗投12,广州产业投资控股集团有限公司,10,AAA,02,2024-12-11,2.38,90
242097,通号YK01,中国铁路通信信号股份有限公司,,AAA,02,2024-12-12,2.2,90
242098,通号YK02,中国铁路通信信号股份有限公司,,AAA,02,2024-12-12,2.4,90
242099,G24天成7,华能天成融资租赁有限公司,2,AAA,02,2024-12-13,1.98,90
242100,G24天成8,华能天成融资租赁有限公司,3,AAA,02,2024-12-13,2.05,90
242102,24山能Y4,山东能源集团有限公司,,AAA,02,2024-12-18,2.07,90
242103,24中粮K3,中粮集团有限公司,3,,02,2024-12-17,1.89,90
242104,24中粮K4,中粮集团有限公司,5,,02,2024-12-17,2.03,90
242106,24安租13,平安国际融资租赁有限公司,4,,02,2024-12-18,2.55,90
242107,24国宏02,洛阳国宏投资控股集团有限公司,5,,02,2024-12-18,2.35,90
242108,24洪政08,南昌市政公用集团有限公司,5,,02,2024-12-13,2.2,90
242110,延长KY22,陕西延长石油(集团)有限责任公司,,AAA,02,2024-12-12,2.16,90
242111,24华新Y5,华电新能源集团股份有限公司,,AAA,02,2024-12-20,2,90
242112,24华新Y6,华电新能源集团股份有限公司,,AAA,02,2024-12-20,2.14,90
242113,24浦土04,上海浦东土地控股(集团)有限公司,3,AAA,02,2024-12-24,2,90
242114,24天地一,天地源股份有限公司,3,AA+,02,2024-12-13,4.93,90
242119,24南控K3,广东南海控股集团有限公司,5,,02,2024-12-20,2.05,90
242120,24信达06,信达证券股份有限公司,2,AAA,02,2024-12-17,1.96,90
242121,24皖通01,安徽皖通高速公路股份有限公司,3,,02,2024-12-17,1.65,90
242123,G24青信1,青岛国信发展(集团)有限责任公司,3,,02,2024-12-18,2,90
242124,G24青信2,青岛国信发展(集团)有限责任公司,5,,02,2024-12-18,2.2,90
242125,24国券G5,国投证券股份有限公司,3,AAA,02,2024-12-17,1.9,90
242126,三航YK02,中交第三航务工程局有限公司,,AAA,02,2024-12-16,2.06,90
242127,24中信07,中国中信有限公司,5,AAA,02,2024-12-18,2,90
242128,24中信08,中国中信有限公司,10,AAA,02,2024-12-18,2.19,90
242131,24方正G6,方正证券股份有限公司,3,AAA,02,2024-12-23,2.03,90
242133,24浙商G3,浙江省浙商资产管理股份有限公司,5,,02,2024-12-25,2.03,90
242136,24济金07,济南金投控股集团有限公司,5,,02,2024-12-20,2.28,90
242137,24济金08,济南金投控股集团有限公司,5,,02,2024-12-20,2.61,90
242138,24中公Y5,中交一公局集团有限公司,,AAA,02,2024-12-19,2.08,90
242139,24闽金01,福建省金融投资有限责任公司,3,,02,2024-12-18,1.93,90
242140,24闽金02,福建省金融投资有限责任公司,5,,02,2024-12-18,2.05,90
242141,鄂交YK07,湖北交通投资集团有限公司,,AAA,02,2024-12-30,2.03,90
242142,鄂交YK08,湖北交通投资集团有限公司,,AAA,02,2024-12-30,2.15,90
242143,24路桥K7,中电建路桥集团有限公司,5,,02,2024-12-24,2.1,90
242144,24路桥K8,中电建路桥集团有限公司,10,,02,2024-12-24,2.57,90
242145,24济建Y1,济南城市建设集团有限公司,,,02,2024-12-19,2.13,90
242146,24济建Y2,济南城市建设集团有限公司,,,02,2024-12-19,2.34,90
242147,24国管04,北京国有资本运营管理有限公司,3,AAA,02,2024-12-19,1.85,90
242148,24国管05,北京国有资本运营管理有限公司,5,AAA,02,2024-12-19,1.97,90
242149,24信达07,信达证券股份有限公司,1.02,AAA,02,2024-12-20,1.72,90
242150,24贸资01,厦门国贸资本集团有限公司,5,AAA,02,2024-12-19,2.25,90
242151,24鲁资K2,山东省国有资产投资控股有限公司,3,,02,2024-12-23,1.9,90
242152,24铁沪Y1,中铁上海工程局集团有限公司,,,02,2024-12-17,2.25,90
242153,24铁沪Y2,中铁上海工程局集团有限公司,,,02,2024-12-17,2.38,90
242155,24珠江02,广州珠江实业集团有限公司,2,,02,2024-12-19,2.8,90
242156,24远东七,远东国际融资租赁有限公司,2,AAA,02,2024-12-23,2.5,90
242157,24保利10,保利发展控股集团股份有限公司,5,AAA,02,2024-12-19,2.2,90
242158,24保利11,保利发展控股集团股份有限公司,7,AAA,02,2024-12-19,2.49,90
242160,24中建YK,中建科技集团有限公司,,,02,2024-12-23,2.32,90
242161,24张经Y1,张家港经开区控股集团有限公司,,,02,2024-12-27,2.45,90
242162,24环球05,中国环球租赁有限公司,5,,02,2024-12-25,2.13,90
242163,24金隅K3,北京金隅集团股份有限公司,5,,02,2024-12-20,1.99,90
242164,24铝集01,中国铝业集团有限公司,5,,02,2024-12-26,1.99,90
242165,24延长K1,陕西延长石油(集团)有限责任公司,5,AAA,02,2024-12-23,1.92,90
242166,24河钢K3,河钢集团有限公司,5,,02,2024-12-25,2.45,90
242167,24平证09,平安证券股份有限公司,3,AAA,02,2024-12-25,1.92,90
242168,24中化Y5,中国中化股份有限公司,,AAA,02,2024-12-24,2.13,90
242169,24路桥K9,中电建路桥集团有限公司,5,,02,2024-12-26,2.13,90
242170,24路K10,中电建路桥集团有限公司,10,,02,2024-12-26,2.57,90
242171,24广越06,广州越秀集团股份有限公司,5,AAA,02,2024-12-26,1.9,90
242172,24广越07,广州越秀集团股份有限公司,10,AAA,02,2024-12-26,2.3,90
242179,24株国14,株洲市国有资产投资控股集团有限公司,5,,02,2024-12-26,2.75,90
242180,24长交G3,长兴交通投资集团有限公司,5,,02,2024-12-26,2.07,90
242182,中煤能K2,中国中煤能源集团有限公司,10,AAA,02,2024-12-25,2.26,90
242184,24豫港10,河南航空港投资集团有限公司,5,,02,2024-12-27,2.82,90
242185,24漳九05,漳州市九龙江集团有限公司,5,AAA,02,2024-12-26,2.1,90
242186,24漳九06,漳州市九龙江集团有限公司,10,AAA,02,2024-12-26,2.59,90
242188,24渝康01,华润渝康资产管理有限公司,5,AAA,02,2024-12-31,2.2,90
242189,24国创Y1,昆山国创投资集团有限公司,,,02,2024-12-23,2.48,90
242190,24三局Y1,中交第三公路工程局有限公司,,AA+,02,2024-12-30,2.49,90
242191,24浙能K1,浙江省能源集团有限公司,5,,02,2024-12-26,1.99,90
242192,24浙能K2,浙江省能源集团有限公司,15,,02,2024-12-26,2.27,90
242194,24DJYK02,中国电力建设股份有限公司,,AAA,02,2024-12-26,2.37,90
242197,24二局Y1,中交第二公路工程局有限公司,,AAA,02,2024-12-30,1.99,90
242201,24上航Y1,中交上海航道局有限公司,,AAA,02,2024-12-25,2.1,90
243001,24工银亚洲债01,中国工商银行(亚洲)有限公司,3,AAA,07,2024-09-13,2.05,0
270000,23赣交01,江西省交通投资集团有限责任公司,5,AAA,03,2023-05-09,3.2,30
270001,23云岩债,贵阳云岩贵中土地开发基本建设投资管理集团有限公司,7,AA+,03,2023-05-04,7,30
270002,23望经01,望城经开区投资建设集团有限公司,7,AA+,03,2023-05-04,4.27,30
270004,23临投01,临沂投资发展集团有限公司,7,AA+,03,2023-05-09,6.3,30
270005,23建城一,建湖县城市建设投资集团有限公司,7,AAA,03,2023-05-05,6,30
270006,23望投02,长沙市望城区城市建设投资集团有限公司,7,AA+,03,2023-05-08,4.2,30
270007,23萧开02,杭州萧山经济技术开发区国有资产经营有限公司,7,AAA,03,2023-05-09,3.38,30
270008,23铜梁02,重庆市铜梁区金龙城市建设发展(集团)有限公司,7,AAA,03,2023-07-12,5.3,0
270009,23姚集01,余姚经济开发区建设投资发展有限公司,4,AAA,03,2023-05-08,3.76,0
270011,23渝城投,重庆市城市建设投资(集团)有限公司,10,AAA,03,2023-05-08,3.34,30
270012,23宜科01,江苏宜兴环保科技工业园发展集团有限公司,7,AAA,03,2023-05-11,3.42,0
270013,23湔投01,成都湔江投资集团有限公司,7,AA+,03,2023-05-17,5.4,30
270014,23建元01,苏州新建元控股集团有限公司,7,AAA,03,2023-05-16,3.6,30
270015,23中原债,郑州中原发展投资(集团)有限公司,5,AA+,03,2023-05-10,4.85,0
270016,23槐荫债,济南槐荫城市建设投资集团有限公司,7,AA+,03,2023-05-11,4.6,30
270017,23建房G1,建发房地产集团有限公司,10,AAA,03,2023-05-08,4.12,30
270018,23渝隆01,重庆渝隆资产经营(集团)有限公司,7,AAA,03,2023-06-09,3.7,0
270019,23渝隆02,重庆渝隆资产经营(集团)有限公司,7,AAA,03,2023-06-09,4.23,0
270020,23合盛01,景德镇合盛产业投资发展有限公司,7,AAA,03,2023-05-10,7.2,0
270021,23商都01,洛阳商都城市投资控股集团有限公司,7,AAA,03,2023-06-13,6.5,30
270022,23首集01,北京首都创业集团有限公司,3,AAA,03,2023-05-12,3.2,30
270023,23交投01,泰兴市交通产业(集团)有限公司,7,AAA,03,2023-05-12,4.1,0
270024,23新泰01,新泰市统筹城乡发展集团有限公司,7,AA,03,2023-05-18,7.5,30
270025,23新泰02,新泰市统筹城乡发展集团有限公司,7,AAA,03,2023-05-18,6.8,30
270027,23兴工01,兰考县兴工财政投资有限公司,7,AA+,03,2023-05-11,5.95,30
270028,23枣阳01,枣阳市城市建设投资经营有限公司,7,AAA,03,2023-06-07,6,30
270030,23铜示01,安徽省铜陵市承接产业转移示范园区建设投资有限责任公司,7,AAA,03,2023-05-29,4.1,30
270031,23汉江02,汉江国有资本投资集团有限公司,5,AAA,03,2023-06-29,3.83,30
270032,23广益02,成都东方广益投资有限公司,7,AAA,03,2023-06-27,4.01,30
270033,23盐城01,盐城市城市资产投资集团有限公司,7,AAA,03,2023-06-12,4.85,30
270034,23慢城债,江苏高淳国际慢城文化旅游产业投资集团有限公司,7,AAA,03,2023-09-05,3.57,0
270035,23国丰01,烟台国丰投资控股集团有限公司,5,AAA,03,2023-06-19,3.5,30
270036,23临财02,淄博市临淄区九合财金控股有限公司,7,AAA,03,2023-06-12,5.78,30
270037,23长微01,重庆长寿经济技术开发区开发投资集团有限公司,5,AAA,03,2023-06-27,6.45,0
270038,23山高02,山东高速集团有限公司,5,AAA,03,2023-07-14,3.03,30
270039,23于都01,于都县城市资本投资管理有限公司,7,AAA,03,2023-06-20,4.97,30
270040,23于都02,于都县城市资本投资管理有限公司,7,AAA,03,2023-06-20,4.93,30
270041,23双溪04,江苏双溪实业有限公司,7,AAA,03,2023-06-26,5.8,30
270042,23金松01,湖北松滋金松投资控股集团有限公司,7,AAA,03,2023-07-03,7.5,30
270043,23望经02,望城经开区投资建设集团有限公司,7,AA+,03,2023-06-19,4.1,30
270044,23渝垫01,重庆渝垫国有资产经营集团有限公司,7,AA,03,2023-06-20,6.8,30
270045,23德城01,德安县城市发展有限公司,7,AAA,03,2023-07-18,4.95,0
270046,23德城02,德安县城市发展有限公司,7,AAA,03,2023-07-18,4.9,0
270047,23众联01,张家口众联国控资产管理集团有限公司,4,AAA,03,2023-07-05,6.3,0
270048,23城西债,安庆市城西建设投资有限公司,7,AAA,03,2023-07-03,4.5,30
270049,23开元债,南通开元投资开发集团有限公司,7,AAA,03,2023-06-28,3.8,30
270050,23孝长02,孝感市长兴投资有限公司,7,AAA,03,2023-07-11,4.94,30
270051,23泗县债,泗县城市建设投资有限公司,7,AAA,03,2023-06-29,5.18,30
270052,23延经01,延安经济技术开发建设投资有限公司,7,AAA,03,2023-08-28,6.48,30
270053,23张投债,张家界市交通建设投资集团有限公司,7,AAA,03,2023-06-29,6.5,30
270054,23双溪05,江苏双溪实业有限公司,7,AAA,03,2023-06-29,5.7,30
270055,G23厦01,厦门轨道建设发展集团有限公司,5,AAA,03,2023-07-03,3.08,0
270056,23泰财源,泰安市泰山区财源投资集团有限公司,7,AAA,03,2023-07-25,5.5,30
270057,23国贸01,浙江省国际贸易集团有限公司,7,AAA,03,2023-07-04,3.5,30
270058,23东广01,成都东方广益投资有限公司,7,AAA,03,2023-07-19,3.5,30
270059,23绍旅02,绍兴市文化旅游集团有限公司,7,AA+,03,2023-07-05,3.96,0
270060,23西南01,四川西南发展控股集团有限公司,7,AA+,03,2023-07-21,4.8,30
270061,23隆科01,成都隆科城乡发展集团有限公司,7,AAA,03,2023-07-18,4.4,30
270063,23嘉科02,嘉兴科技城投资发展集团有限公司,7,AA+,03,2023-07-06,3.9,0
270064,23青田债,青田县国有资产控股集团有限公司,5,AAA,03,2023-07-06,3.35,0
270065,23綦东债,重庆市綦江区东部新城开发建设有限公司,7,AAA,03,2023-07-20,6.8,30
270066,23弋投01,江西省弋投建设(集团)有限公司,7,AAA,03,2023-07-07,5.8,30
270067,23弋投02,江西省弋投建设(集团)有限公司,7,AAA,03,2023-07-07,5.06,30
270068,23一诺债,南通一诺城镇建设开发有限公司,7,AAA,03,2023-07-12,3.73,30
270069,23任城01,山东任城融鑫发展有限公司,7,AAA,03,2023-07-25,6.5,30
270070,23任城02,山东任城融鑫发展有限公司,7,AA+,03,2023-07-26,7,30
270071,23富春债,杭州富春山居集团有限公司,10,AA+,03,2023-07-11,3.87,30
270072,23桓金01,桓台县金海公有资产经营有限公司,7,AAA,03,2023-07-17,5.8,30
270073,23双溪06,江苏双溪实业有限公司,7,AAA,03,2023-07-17,5.36,30
270074,23宁控01,宁海县国有资产投资控股集团有限公司,7,AA+,03,2023-07-21,4,30
270075,23苏高01,苏州苏高新集团有限公司,7,AAA,03,2023-07-21,3.38,30
270076,23五河02,五河县城市建设投资经营有限责任公司,7,AAA,03,2023-07-24,4.19,30
270078,23仙桃01,仙桃市城市建设投资开发有限公司,7,AAA,03,2023-09-05,4.18,30
270079,23仙桃02,仙桃市城市建设投资开发有限公司,7,AAA,03,2023-09-04,4.5,30
270080,23香发02,成都香城城市发展有限公司,7,AA+,03,2023-07-24,5,30
270081,23鑫通02,洛阳鑫通经济发展投资有限公司,7,AAA,03,2023-07-25,6,30
270082,23句农债,江苏句容新农控股集团有限公司,7,AAA,03,2023-08-04,4,30
270083,23鄂交02,湖北交通投资集团有限公司,10,AAA,03,2023-07-31,3.5,30
270084,23开资01,开化县国有资产经营有限责任公司,7,AAA,03,2023-08-03,3.35,30
270085,23临城投,杭州市临安区城市发展投资集团有限公司,7,AA+,03,2023-08-18,3.48,30
270086,23仪征开,仪征经济开发集团有限公司,7,AAA,03,2023-08-03,3.85,30
270087,23京投03,北京市基础设施投资有限公司,3,AAA,03,2023-07-31,2.7,30
270088,23兴工02,兰考县兴工财政投资有限公司,7,AA+,03,2023-07-27,6.5,30
270089,23嘉塍债,嘉兴市嘉塍发展投资集团有限公司,7,AA+,03,2023-08-03,3.75,30
270090,23宿州01,宿州市高新建设投资集团有限公司,5,AAA,03,2023-08-04,4,30
270091,23天新01,成都天府新区投资集团有限公司,5,AAA,03,2023-08-03,3.3,30
270092,23富开债,杭州富阳开发区建设投资集团有限公司,7,AA+,03,2023-08-10,3.85,30
270093,23余发02,余干县发展控股集团有限公司,7,AAA,03,2023-08-11,4.88,30
270094,23滕州债,滕州市城市国有资产经营有限公司,7,AAA,03,2023-08-21,6.49,30
270095,23休宁债,休宁县齐云城市建设投资有限责任公司,7,AAA,03,2023-08-25,4.15,30
270096,23明城01,三明市城市建设投资集团有限公司,7,AAA,03,2023-08-21,3.28,30
270097,23当建债,当涂县城乡建设投资有限责任公司,7,AAA,03,2023-09-04,3.82,30
270098,23咸安债,咸宁市咸安区经济发展(集团)有限公司,7,AAA,03,2023-09-06,4.6,30
270099,G23濉溪,濉溪建设投资控股集团有限公司,7,AAA,03,2023-08-25,3.9,0
270100,23枣阳02,枣阳市城市建设投资经营有限公司,7,AAA,03,2023-09-28,5.1,30
270101,23荆投01,荆楚文化产业投资集团有限公司,7,AAA,03,2023-09-06,3.78,30
270102,23城厢01,莆田市城厢区城乡建设投资集团有限公司,5,AAA,03,2023-08-21,4.24,30
270104,23孝昌01,孝昌县顺和开发投资有限责任公司,7,AAA,03,2023-08-28,5,30
270105,23吕四债,江苏吕四港集团有限公司,7,AAA,03,2023-08-31,3.6,30
270106,23陆嘴02,上海陆家嘴(集团)有限公司,4,AAA,03,2023-08-31,2.73,30
270107,23萍创债,萍乡创新发展投资集团有限公司,7,AAA,03,2023-09-11,5.37,30
270108,23济轨Y1,济南轨道交通集团有限公司,,AAA,03,2023-09-04,3.86,30
270109,23成华02,成都成华棚户区惠民改造建设有限责任公司,7,AAA,03,2023-09-04,3.59,0
270110,23定远01,定远县城乡发展投资集团有限公司,7,AAA,03,2023-09-08,3.69,30
270111,23炬能02,鹰潭炬能投资集团有限公司,7,AA+,03,2023-09-06,5,30
270112,23望江01,望江县新型城镇化建设开发有限公司,7,AAA,03,2023-09-21,4.19,30
270113,23航发02,西安航天城市发展控股集团有限公司,7,AAA,03,2023-09-04,6,0
270114,23湖城债,湖州市城市投资发展集团有限公司,7,AAA,03,2023-09-19,3.6,30
270116,23四宜债,安徽省四宜建设投资集团有限公司,7,AAA,03,2023-09-12,4.02,0
270117,23舜源01,湖南舜源发展集团有限公司,7,AAA,03,2023-09-14,4.88,30
270118,23临兰01,临沂市兰山区城市开发建设投资集团有限公司,7,AA+,03,2023-09-15,5,30
270119,23浔城债,湖州南浔城市投资发展集团有限公司,7,AAA,03,2023-09-19,3.59,0
270120,23金投02,湖北松滋金松投资控股集团有限公司,7,AAA,03,2023-10-12,6.97,30
270121,23遂发债,遂宁发展投资集团有限公司,7,AAA,03,2023-09-27,5.29,30
270122,G23枝江2,枝江市国有资产管理有限公司,7,AAA,03,2023-09-21,4.45,0
270123,23江南债,安徽省江南产业集中区建设投资发展(集团)有限公司,5,AAA,03,2023-09-22,3.63,0
270124,23金寨01,安徽金寨国有投资控股集团有限公司,5,AAA,03,2023-10-09,3.57,0
270125,23阜兴债,阜阳兴达盛发展有限公司,7,AAA,03,2023-09-28,4,30
270126,23润企02,睢宁县润企投资有限公司,7,AAA,03,2023-09-27,5,30
270127,23荆投02,荆楚文化产业投资集团有限公司,7,AAA,03,2023-10-12,5.3,30
270130,23邛建01,邛崃市建设投资集团有限公司,7,AAA,03,2023-10-12,5,30
270131,23邛建02,邛崃市建设投资集团有限公司,7,AA+,03,2023-10-12,5.3,30
270132,23惠汇01,无锡惠鑫汇资产经营管理有限公司,7,AAA,03,2023-10-17,3.63,30
270133,23惠汇02,无锡惠鑫汇资产经营管理有限公司,7,AAA,03,2023-10-17,4.18,30
270137,23宿城01,江苏宿城国有资产经营管理有限公司,5,AAA,03,2023-10-25,3.47,0
270139,23武商01,武汉国有资本投资运营集团有限公司,5,AAA,03,2023-10-20,3.75,30
271000,G23三峡1,中国长江三峡集团有限公司,10,AAA,03,2023-10-31,3.25,30
271001,G23三峡2,中国长江三峡集团有限公司,20,AAA,03,2023-10-31,3.35,30
271002,23蓉产01,成都产业投资集团有限公司,5,,03,2023-10-31,3.18,30
271003,23国贸02,浙江省国际贸易集团有限公司,3,,03,2023-11-06,3.2,30
271008,23淄金债,淄博市财金控股集团有限公司,7,AAA,03,2023-12-12,5.12,30
271028,23曹国05,曹妃甸国控投资集团有限公司,5,AAA,03,2023-12-28,4.33,0
271029,23汴微02,开封市发展投资集团有限公司,5,AA+,03,2023-12-28,3.95,0
271037,24隆科01,成都隆科城乡发展集团有限公司,7,AAA,03,2024-02-06,3.33,30
271053,23建房G2,建发房地产集团有限公司,10,AAA,03,2023-11-28,4.08,30
271056,23宝开01,宝应县开发投资有限公司,7,AAA,03,2023-12-14,3.5,0
271059,G23西城1,杭州西湖城市建设投资集团有限公司,7,AA+,03,2023-12-21,3.45,30
271063,23西发01,西安经发集团有限责任公司,7,AAA,03,2023-12-08,4.18,30
271064,23西发02,西安经发集团有限责任公司,5,AAA,03,2023-12-08,4.5,30
271066,23萍创03,萍乡创新发展投资集团有限公司,7,,03,2024-01-03,4.51,30
271071,23浏发03,浏阳市城乡发展集团有限责任公司,7,AA+,03,2023-12-27,3.59,30
271073,G24厦轨1,厦门轨道建设发展集团有限公司,10,AAA,03,2024-01-25,3.04,30
271075,24嘉兴01,嘉兴滨海控股集团有限公司,7,AA+,03,2024-01-31,3.23,30
271078,23东车01,东阳市城市建设投资集团有限公司,7,AA+,03,2024-01-03,3.4,0
271087,23桂北05,广西北部湾投资集团有限公司,5,AAA,03,2024-01-05,3.23,30
271091,24长金债,浙江长兴创新投资集团有限公司,5,,03,2024-01-19,3.1,0
271093,24淮联01,淮安市国有联合投资发展集团有限公司,7,AAA,03,2024-01-10,3.26,30
271098,24平财01,平邑财金投资集团有限公司,7,AA+,03,2024-01-23,4.8,30
271099,24良渚债,杭州良渚文化城集团有限公司,7,,03,2024-05-21,2.75,30
271100,24金发01,湖南金阳新城建设发展集团有限公司,7,AA+,03,2024-01-29,3.15,0
271101,24泉翼01,泉州市南翼投资集团有限公司,7,AA+,03,2024-01-30,3,30
271102,24瑞金01,瑞金市国控建设投资有限公司,7,AAA,03,2024-04-25,2.74,30
271103,24瑞金02,瑞金市国控建设投资有限公司,7,AAA,03,2024-04-25,2.7,30
271106,24合盛01,景德镇合盛产业投资发展有限公司,7,AAA,03,2024-02-06,3.5,30
271107,24赣交01,江西省交通投资集团有限责任公司,10,AAA,03,2024-01-19,3.05,30
271111,G24南湖1,嘉兴市南湖城市建设投资集团有限公司,7,AA+,03,2024-01-30,3.25,30
271112,G24航建1,西安航空城建设发展(集团)有限公司,7,AAA,03,2024-02-07,3.25,30
271113,24绍交01,绍兴市交通控股集团有限公司,7,,03,2024-04-17,2.69,30
271114,24镜湖债,绍兴市镜湖开发集团有限公司,10,AAA,03,2024-11-13,2.67,30
271115,24鹤投01,鹤壁投资集团有限公司,7,AAA,03,2024-03-04,3.62,30
271117,G24萧交1,杭州萧山交通投资集团有限公司,7,AA+,03,2024-05-06,2.53,30
271118,24新锦01,杭州市临安区新锦产业发展集团有限公司,7,AA+,03,2024-06-19,2.22,30
271119,G24温岭1,温岭市国有资产投资集团有限公司,7,AA+,03,2024-02-07,2.98,30
271120,24龙游01,龙游县国有资产经营有限公司,7,AAA,03,2024-05-14,2.63,30
271121,24安通01,安吉县交通投资发展集团有限公司,7,AAA,03,2024-02-07,2.96,30
271125,24永业01,兴宁市永业基础设施建设投资有限公司,7,AAA,03,2024-04-30,3.06,30
271126,24湔投01,成都湔江投资集团有限公司,7,AA+,03,2024-05-16,3,30
271127,24蓉产01,成都产业投资集团有限公司,7,,03,2024-02-06,2.83,30
271128,24城厢01,莆田市城厢区城乡建设投资集团有限公司,5,AAA,03,2024-07-16,2.67,30
271129,24青信03,青岛国信发展(集团)有限责任公司,5,AAA,03,2024-02-19,2.83,30
271131,24东车01,东阳市城市建设投资集团有限公司,7,AA+,03,2024-02-08,3.15,0
271134,24电建01,中国电力建设股份有限公司,10,AAA,03,2024-02-08,2.86,30
271135,24萍创债,萍乡创新发展投资集团有限公司,7,,03,2024-03-13,3.3,30
271136,24钟投债,钟祥市城市建设投资公司,5,AAA,03,2024-04-09,3,0
271137,24湖城债,湖州市城市投资发展集团有限公司,7,AAA,03,2024-03-11,2.73,30
271138,24扬州债,扬州市城建国有资产控股(集团)有限责任公司,10,AAA,03,2024-03-05,2.97,30
271140,24扬子03,南京扬子国资投资集团有限责任公司,5,AAA,03,2024-03-07,2.69,30
271141,24南园债,南安市园区开发建设集团有限责任公司,3,,03,2024-04-03,3,0
271142,24唐控01,唐山控股发展集团股份有限公司,7,AA+,03,2024-03-18,4,30
271148,24川桥01,四川路桥建设集团股份有限公司,5,,03,2024-04-18,2.68,30
271149,24赣交02,江西省交通投资集团有限责任公司,10,AAA,03,2024-03-19,2.79,30
271150,24嘉塍债,嘉兴市嘉塍发展投资集团有限公司,7,AA+,03,2024-05-07,2.67,30
271151,24济高01,济南高新控股集团有限公司,10,,03,2024-04-08,3.05,30
271155,24河投债,遂宁市河东开发建设投资有限公司,7,AA,03,2024-04-26,3.95,30
271156,24虞开01,绍兴市上虞杭州湾经开区控股集团有限公司,7,AA+,03,2024-04-16,2.84,30
271157,G24厦轨2,厦门轨道建设发展集团有限公司,5,AAA,03,2024-04-24,2.49,30
271159,24库停01,库尔勒城市建设(集团)有限责任公司,7,AA+,03,2024-04-15,3.72,0
271160,24德达01,德州德达投资控股集团有限公司,10,AAA,03,2024-04-11,3.04,30
271163,24河钢01,河钢集团有限公司,5,AAA,03,2024-04-15,2.92,30
271168,24慢城01,江苏高淳国际慢城文化旅游产业投资集团有限公司,7,AAA,03,2024-05-17,2.59,0
271169,24长产02,长江产业投资集团有限公司,10,AAA,03,2024-04-26,2.82,30
271171,24雄集01,中国雄安集团有限公司,3,AAA,03,2024-05-13,2.3,30
271172,24蓉产02,成都产业投资集团有限公司,10,,03,2024-07-10,2.3,30
271175,24众联01,张家口众联国控资产管理集团有限公司,4,AAA,03,2024-08-05,2.5,0
271179,24仙投01,福建省九仙产业投资发展集团有限公司,7,AAA,03,2024-08-14,2.39,30
271180,24长产03,长江产业投资集团有限公司,10,,03,2024-07-29,2.61,30
271182,24山高01,山东高速集团有限公司,20,AAA,03,2024-08-05,2.48,30
271184,24海淀02,北京市海淀区国有资本运营有限公司,5,AAA,03,2024-09-23,2.35,30
271185,24国晟01,洛阳国晟投资控股集团有限公司,7,,03,2024-12-26,3.03,30
271186,24通商01,宁波通商控股集团有限公司,10,AAA,03,2024-11-12,2.68,30
271188,24安义01,安义县城市建设投资发展集团有限公司,7,AAA,03,2024-09-18,2.55,30
271190,24皖能01,安徽省能源集团有限公司,5,,03,2024-09-27,2.19,30
271191,24赣投01,江西省投资集团有限公司,5,AAA,03,2024-10-23,2.38,30
271192,24浦集02,上海浦东发展(集团)有限公司,5,,03,2024-10-18,2.35,30
271193,24中原债,郑州中原发展投资(集团)有限公司,5,,03,2024-10-22,2.98,0
271194,24山能01,山东能源集团有限公司,3,,03,2024-10-31,2.35,30
271195,24山能02,山东能源集团有限公司,5,,03,2024-10-31,2.52,30
271196,24金发03,湖南金阳新城建设发展集团有限公司,7,AA+,03,2024-11-20,3.1,0
271197,24苏交03,江苏交通控股有限公司,5,,03,2024-10-31,2.39,30
271198,24长融债,浙江长兴创新投资集团有限公司,5,,03,2024-12-03,2.4,0
271201,G24扬州3,扬州市城建国有资产控股(集团)有限责任公司,10,AAA,03,2024-12-13,2.6,30
271203,24雄集02,中国雄安集团有限公司,3,AAA,03,2024-12-02,2.11,30
524000,24资产05,深圳资产管理有限公司,3,AAA,02,2024-11-15,2.35,190
524001,24资产06,深圳资产管理有限公司,5,AAA,02,2024-11-15,2.6,190
524002,24华能资01,华能资本服务有限公司,3,AAA,02,2024-11-27,2.24,190
524003,24华能资02,华能资本服务有限公司,5,AAA,02,2024-11-27,2.38,190
524004,24湘路D1,湖南省高速公路集团有限公司,0.67,,02,2024-11-25,2.02,190
524005,24成交KY02,成都交通投资集团有限公司,,AAA,02,2024-11-19,2.29,190
524006,24成交KY03,成都交通投资集团有限公司,,AAA,02,2024-11-19,2.49,190
524007,24东北05,东北证券股份有限公司,3,AAA,02,2024-11-20,2.3,190
524008,24西部05,西部证券股份有限公司,3,AAA,02,2024-11-21,2.19,190
524011,24深业05,深业集团有限公司,5,,02,2024-12-02,2.45,190
524012,24川投K2,四川省投资集团有限责任公司,5,,02,2024-11-25,2.36,190
524013,24招租01,招商局融资租赁有限公司,3,,02,2024-11-22,2.2,190
524014,24龙投控01,深圳市龙华投资控股(集团)有限公司,5,AA+,02,2024-11-25,2.09,190
524015,24蓉金K1,成都交子金融控股集团有限公司,5,,02,2024-11-27,2.38,190
524016,24蓉轨Y2,成都轨道交通集团有限公司,,AAA,02,2024-11-28,2.45,190
524017,24川高V1,四川高速公路建设开发集团有限公司,10,AAA,02,2024-11-28,2.71,190
524018,24浙建Y1,浙江省建设投资集团股份有限公司,,AA+,02,2024-11-26,2.88,190
524019,24深担02,深圳担保集团有限公司,3,AAA,02,2024-11-27,2.18,190
524021,24格力06,珠海格力集团有限公司,3,,02,2024-11-25,2.32,190
524022,24深环01,深圳市环境水务集团有限公司,10,AAA,02,2024-11-29,2.67,190
524023,24福投09,福建省投资开发集团有限责任公司,3,,02,2024-11-28,2.13,190
524024,24深投11,深圳市投资控股有限公司,3,AAA,02,2024-11-28,2.05,190
524025,24深投12,深圳市投资控股有限公司,15,AAA,02,2024-11-28,2.58,190
524026,24金街09,金融街控股股份有限公司,5,AAA,02,2024-12-04,2.77,190
524027,24资产07,深圳资产管理有限公司,3,AAA,02,2024-11-29,2.2,190
524028,24资产08,深圳资产管理有限公司,5,AAA,02,2024-11-29,2.55,190
524029,24广发12,广发证券股份有限公司,2,AAA,02,2024-12-04,2.07,190
524030,24广发13,广发证券股份有限公司,3,AAA,02,2024-12-04,2.14,190
524031,24鞍矿K2,鞍钢集团矿业有限公司,5,,02,2024-11-29,2.28,190
524032,24深能Y2,深圳能源集团股份有限公司,,AAA,02,2024-11-29,2.39,190
524033,24润置01,华润置地控股有限公司,3,AAA,02,2024-12-05,2.3,190
524034,24润置02,华润置地控股有限公司,10,AAA,02,2024-12-05,2.95,190
524036,24顺控05,广东顺德控股集团有限公司,5,,02,2024-12-04,2.33,190
524037,24中海03,中海企业发展集团有限公司,5,AAA,02,2024-12-05,2.35,190
524038,24中海04,中海企业发展集团有限公司,10,AAA,02,2024-12-05,2.7,190
524041,24格力07,珠海格力集团有限公司,3,,02,2024-12-05,2.29,190
524042,24蓉金05,成都交子金融控股集团有限公司,5,,02,2024-12-11,2.18,190
524043,24兴城YK05,成都兴城投资集团有限公司,,,02,2024-12-06,2.27,190
524044,24兴城YK06,成都兴城投资集团有限公司,,,02,2024-12-06,2.44,190
524045,24岸资01,武汉市江岸国有资产经营管理有限责任公司,5,,02,2024-12-11,2.18,190
524046,24皮城01,海宁中国皮革城股份有限公司,3,,02,2024-12-13,2.3,190
524048,24工控K7,广州工业投资控股集团有限公司,7,AAA,02,2024-12-09,2.59,190
524050,24鞍钢集K6,鞍钢集团有限公司,5,,02,2024-12-06,2.39,190
524051,24申宏03,申万宏源集团股份有限公司,2,AAA,02,2024-12-06,2.06,190
524053,24山证05,山西证券股份有限公司,3,,02,2024-12-11,2.03,190
524054,24深环水02,深圳市环境水务集团有限公司,10,AAA,02,2024-12-13,2.48,190
524056,24川高KY02,四川高速公路建设开发集团有限公司,,AAA,02,2024-12-13,2.27,190
524060,24东财证券11,东方财富证券股份有限公司,2,AAA,02,2024-12-16,1.99,190
524061,24东财证券12,东方财富证券股份有限公司,5,AAA,02,2024-12-16,2.18,190
524062,24华股04,华西证券股份有限公司,3,AAA,02,2024-12-18,2,190
524063,24润药Y1,华润医药商业集团有限公司,,AAA,02,2024-12-18,2.15,190
524064,24润药Y2,华润医药商业集团有限公司,,AAA,02,2024-12-18,2.26,190
524065,24锡公Y2,无锡市市政公用产业集团有限公司,,,02,2024-12-20,2.24,190
524066,24粤航06,广东省港航集团有限公司,5,,02,2024-12-20,2.05,190
524067,24川生K1,四川省生态环保产业集团有限责任公司,3,AAA,02,2024-12-18,2.18,190
524069,24工控资本02,广州工控资本管理有限公司,3,,02,2024-12-26,2.27,190
524070,24山路02,山东高速路桥集团股份有限公司,3,AAA,02,2024-12-23,2.08,190
524075,24深环水03,深圳市环境水务集团有限公司,10,AAA,02,2024-12-25,2.28,190
524076,24龙岗01,深圳市龙岗区城市建设投资集团有限公司,5,AAA,02,2024-12-27,1.82,190
524078,24铁隧Y1,中铁隧道局集团有限公司,,,02,2024-12-31,2.19,190
524079,24铁隧Y2,中铁隧道局集团有限公司,,,02,2024-12-31,2.23,190
524080,24广建03,广东省建筑工程集团控股有限公司,3,,02,2024-12-27,1.93,190
524081,24格力08,珠海格力集团有限公司,5,,02,2024-12-27,2.16,190
524082,24粤科01,广东省粤科金融集团有限公司,3,,02,2024-12-30,1.84,190
524083,24越资Y1,广州越秀资本控股集团股份有限公司,,AAA,02,2024-12-31,2.1,190
524084,24广发14,广发证券股份有限公司,1.53,AAA,02,2024-12-30,1.8,190
821001,24京资01,北京市国有资产经营有限责任公司,3,,03,2024-01-15,2.55,30
821002,24京投01,北京市基础设施投资有限公司,3,AAA,03,2024-01-15,2.52,30
821003,24智都01,广州智都投资控股集团有限公司,7,AA+,03,2024-01-15,3.3,30
821004,S24国管1,北京国有资本运营管理有限公司,0.08,,02,2024-04-22,1.71,90
821005,S24京能1,北京能源集团有限责任公司,0.08,,02,2024-07-16,1.68,90
821006,24智都02,广州智都投资控股集团有限公司,7,AA+,03,2024-08-06,2.25,30
821007,24京建01,北京建工集团有限责任公司,10,AAA,03,2024-08-13,2.3,30
821008,24京投02,北京市基础设施投资有限公司,5,AAA,03,2024-08-23,2.1,30
821009,S24首农1,北京首农食品集团有限公司,0.08,,02,2024-12-02,1.66,90
